!MOLECULE
 CN v=0
!MOLECULAR WEIGHT
26.0
!NUMBER OF ENERGY LEVELS
73
! LEVEL + ENERGY(CM-1) + WEIGHT + N    J     F
     1       0.0000       4.0    0.00  0.50  1.50
     2       0.0007       2.0    0.00  0.50  0.50
     3       3.7741       2.0    1.00  0.50  0.50
     4       3.7757       4.0    1.00  0.50  1.50
     5       3.7857       6.0    1.00  1.50  2.50
     6       3.7862       4.0    1.00  1.50  1.50
     7       3.7866       2.0    1.00  1.50  0.50
     8      11.3348       2.0    2.00  1.50  0.50
     9      11.3353       4.0    2.00  1.50  1.50
    10      11.3362       6.0    2.00  1.50  2.50
    11      11.3534       8.0    2.00  2.50  3.50
    12      11.3540       6.0    2.00  2.50  2.50
    13      11.3544       4.0    2.00  2.50  1.50
    14      22.6771       4.0    3.00  2.50  1.50
    15      22.6777       6.0    3.00  2.50  2.50
    16      22.6784       8.0    3.00  2.50  3.50
    17      22.7028      10.0    3.00  3.50  4.50
    18      22.7034       8.0    3.00  3.50  3.50
    19      22.7039       6.0    3.00  3.50  2.50
    20      37.8006       6.0    4.00  3.50  2.50
    21      37.8012       8.0    4.00  3.50  3.50
    22      37.8019      10.0    4.00  3.50  4.50
    23      37.8335      12.0    4.00  4.50  5.50
    24      37.8341      10.0    4.00  4.50  4.50
    25      37.8346       8.0    4.00  4.50  3.50
    26      56.7047       8.0    5.00  4.50  3.50
    27      56.7053      10.0    5.00  4.50  4.50
    28      56.7060      12.0    5.00  4.50  5.50
    29      56.7448      14.0    5.00  5.50  6.50
    30      56.7454      12.0    5.00  5.50  5.50
    31      56.7459      10.0    5.00  5.50  4.50
    32      79.3887      10.0    6.00  5.50  4.50
    33      79.3892      12.0    6.00  5.50  5.50
    34      79.3899      14.0    6.00  5.50  6.50
    35      79.4360      16.0    6.00  6.50  7.50
    36      79.4366      14.0    6.00  6.50  6.50
    37      79.4371      12.0    6.00  6.50  5.50
    38     105.8515      12.0    7.00  6.50  5.50
    39     105.8521      14.0    7.00  6.50  6.50
    40     105.8527      16.0    7.00  6.50  7.50
    41     105.9061      18.0    7.00  7.50  8.50
    42     105.9066      16.0    7.00  7.50  7.50
    43     105.9072      14.0    7.00  7.50  6.50
    44     136.0922      14.0    8.00  7.50  6.50
    45     136.0928      16.0    8.00  7.50  7.50
    46     136.0934      18.0    8.00  7.50  8.50
    47     136.1540      20.0    8.00  8.50  9.50
    48     136.1546      18.0    8.00  8.50  8.50
    49     136.1551      16.0    8.00  8.50  7.50
    50     170.1096      16.0    9.00  8.50  7.50
    51     170.1101      18.0    9.00  8.50  8.50
    52     170.1107      20.0    9.00  8.50  9.50
    53     170.1786      22.0    9.00  9.50 10.50
    54     170.1791      20.0    9.00  9.50  9.50
    55     170.1797      18.0    9.00  9.50  8.50
    56     207.9021      18.0   10.00  9.50  8.50
    57     207.9026      20.0   10.00  9.50  9.50
    58     207.9033      22.0   10.00  9.50 10.50
    59     207.9784      24.0   10.00 10.50 11.50
    60     207.9789      22.0   10.00 10.50 10.50
    61     207.9795      20.0   10.00 10.50  9.50
    62     249.4683      20.0   11.00 10.50  9.50
    63     249.4689      22.0   11.00 10.50 10.50
    64     249.4695      24.0   11.00 10.50 11.50
    65     249.5519      26.0   11.00 11.50 12.50
    66     249.5524      24.0   11.00 11.50 11.50
    67     249.5530      22.0   11.00 11.50 10.50
    68     294.8066      22.0   12.00 11.50 10.50
    69     294.8071      24.0   12.00 11.50 11.50
    70     294.8078      26.0   12.00 11.50 12.50
    71     294.8973      28.0   12.00 12.50 13.50
    72     294.8979      26.0   12.00 12.50 12.50
    73     294.8984      24.0   12.00 12.50 11.50
!NUMBER OF RADIATIVE TRANSITIONS
   218
!TRANS + UP + LOW + EINSTEIN_A[s-1] + FREQ[GHz] + E_u[K]
     1       3    1   0.105E-04     113.14416     5.430
     2       3    2   0.129E-05     113.12337     5.430
     3       4    1   0.668E-05     113.19128     5.432
     4       4    2   0.514E-05     113.17049     5.432
     5       5    1   0.119E-04     113.49097     5.447
     6       6    1   0.519E-05     113.50891     5.448
     7       6    2   0.674E-05     113.48812     5.448
     8       7    1   0.130E-05     113.52043     5.448
     9       7    2   0.106E-04     113.49964     5.448
    10       8    3   0.846E-04     226.66369    16.308
    11       8    4   0.107E-04     226.61657    16.308
    12       8    6   0.823E-05     226.29894    16.308
    13       8    7   0.103E-04     226.28742    16.308
    14       9    3   0.527E-04     226.67931    16.309
    15       9    4   0.426E-04     226.63219    16.309
    16       9    5   0.455E-05     226.33250    16.309
    17       9    6   0.990E-05     226.31454    16.309
    18       9    7   0.417E-05     226.30304    16.309
    19      10    4   0.947E-04     226.65956    16.310
    20      10    5   0.161E-04     226.35987    16.310
    21      10    6   0.316E-05     226.34193    16.310
    22      11    5   0.114E-03     226.87478    16.335
    23      12    4   0.145E-08     227.19182    16.336
    24      12    5   0.181E-04     226.89213    16.336
    25      12    6   0.962E-04     226.87419    16.336
    26      13    5   0.113E-05     226.90536    16.337
    27      13    6   0.273E-04     226.88742    16.336
    28      13    7   0.859E-04     226.87590    16.337
    29      14    8   0.289E-03     340.03541    32.628
    30      14    9   0.927E-04     340.01963    32.628
    31      14   10   0.389E-05     339.99226    32.628
    32      14   12   0.433E-05     339.46000    32.628
    33      14   13   0.226E-04     339.44678    32.628
    34      15    9   0.323E-03     340.03541    32.628
    35      15   10   0.620E-04     340.00813    32.628
    36      15   11   0.299E-05     339.49321    32.628
    37      15   12   0.212E-04     339.47590    32.628
    38      15   13   0.295E-05     339.46264    32.628
    39      16   10   0.384E-03     340.03155    32.629
    40      16   11   0.254E-04     339.51664    32.629
    41      16   12   0.233E-05     339.49929    32.629
    42      17   11   0.413E-03     340.24777    32.665
    43      18   11   0.335E-04     340.26495    32.665
    44      18   12   0.380E-03     340.24777    32.665
    45      19   11   0.927E-06     340.27912    32.666
    46      19   12   0.448E-04     340.26177    32.666
    47      19   13   0.367E-03     340.24854    32.666
    48      20   14   0.869E-03     453.39147    54.387
    49      20   15   0.107E-03     453.37560    54.387
    50      20   16   0.224E-05     453.35218    54.387
    51      20   18   0.292E-05     452.60386    54.387
    52      20   19   0.327E-04     452.58969    54.387
    53      21   15   0.897E-03     453.39161    54.388
    54      21   16   0.802E-04     453.36819    54.388
    55      21   17   0.223E-05     452.63697    54.388
    56      21   18   0.314E-04     452.61987    54.388
    57      21   19   0.225E-05     452.60570    54.388
    58      22   16   0.977E-03     453.38992    54.389
    59      22   17   0.345E-04     452.65870    54.389
    60      22   18   0.186E-05     452.64161    54.389
    61      23   17   0.102E-02     453.60668    54.434
    62      24   17   0.499E-04     453.62363    54.435
    63      24   18   0.965E-03     453.60654    54.435
    64      25   17   0.777E-06     453.63840    54.436
    65      25   18   0.624E-04     453.62131    54.436
    66      25   19   0.952E-03     453.60713    54.436
    67      26   20   0.186E-02     566.73075    81.586
    68      26   21   0.123E-03     566.71474    81.586
    69      26   22   0.154E-05     566.69300    81.586
    70      26   24   0.220E-05     565.72807    81.586
    71      26   25   0.422E-04     565.71331    81.586
    72      27   21   0.188E-02     566.73084    81.587
    73      27   22   0.981E-04     566.70911    81.587
    74      27   23   0.178E-05     565.76113    81.587
    75      27   24   0.411E-04     565.74418    81.587
    76      27   25   0.181E-05     565.72941    81.587
    77      28   22   0.198E-02     566.72990    81.588
    78      28   23   0.435E-04     565.78192    81.588
    79      28   24   0.154E-05     565.76498    81.588
    80      29   23   0.203E-02     566.94689    81.644
    81      30   23   0.668E-04     566.96375    81.644
    82      30   24   0.196E-02     566.94680    81.645
    83      31   23   0.666E-06     566.97893    81.645
    84      31   24   0.802E-04     566.96198    81.645
    85      31   25   0.195E-02     566.94721    81.645
    86      32   26   0.336E-02     680.04738   114.223
    87      32   27   0.139E-03     680.03127   114.223
    88      32   28   0.116E-05     680.01048   114.223
    89      32   30   0.176E-05     678.82865   114.223
    90      32   31   0.514E-04     678.81347   114.223
    91      33   27   0.338E-02     680.04744   114.224
    92      33   28   0.116E-03     680.02664   114.224
    93      33   29   0.148E-05     678.86167   114.224
    94      33   30   0.505E-04     678.84482   114.224
    95      33   31   0.151E-05     678.82964   114.224
    96      34   28   0.350E-02     680.04685   114.225
    97      34   29   0.525E-04     678.88188   114.225
    98      34   30   0.132E-05     678.86502   114.225
    99      35   29   0.356E-02     680.26397   114.291
   100      36   29   0.839E-04     680.28076   114.292
   101      36   30   0.347E-02     680.26390   114.292
   102      37   29   0.581E-06     680.29624   114.293
   103      37   30   0.979E-04     680.27938   114.293
   104      37   31   0.346E-02     680.26420   114.293
   105      38   32   0.548E-02     793.33649   152.298
   106      38   33   0.156E-03     793.32032   152.298
   107      38   34   0.932E-06     793.30012   152.298
   108      38   36   0.147E-05     791.90124   152.298
   109      38   37   0.605E-04     791.88576   152.298
   110      39   33   0.551E-02     793.33654   152.298
   111      39   34   0.134E-03     793.31633   152.299
   112      39   35   0.127E-05     791.93424   152.299
   113      39   36   0.597E-04     791.91745   152.299
   114      39   37   0.130E-05     791.90197   152.299
   115      40   34   0.564E-02     793.33613   152.299
   116      40   35   0.615E-04     791.95404   152.299
   117      40   36   0.115E-05     791.93725   152.300
   118      41   35   0.571E-02     793.55333   152.376
   119      42   35   0.101E-03     793.57007   152.377
   120      42   36   0.561E-02     793.55328   152.377
   121      43   35   0.515E-06     793.58578   152.378
   122      43   36   0.116E-03     793.56899   152.378
   123      43   37   0.559E-02     793.55351   152.378
   124      44   38   0.834E-02     906.59340   195.808
   125      44   39   0.173E-03     906.57718   195.808
   126      44   40   0.775E-06     906.55739   195.808
   127      44   42   0.126E-05     904.94135   195.808
   128      44   43   0.695E-04     904.92564   195.808
   129      45   39   0.836E-02     906.59343   195.808
   130      45   40   0.152E-03     906.57364   195.808
   131      45   41   0.111E-05     904.97435   195.808
   132      45   42   0.688E-04     904.95761   195.808
   133      45   43   0.114E-05     904.94190   195.808
   134      46   40   0.851E-02     906.59313   195.809
   135      46   41   0.704E-04     904.99384   195.809
   136      46   42   0.102E-05     904.97710   195.809
   137      47   41   0.859E-02     906.81039   195.897
   138      48   41   0.119E-03     906.82709   195.897
   139      48   42   0.847E-02     906.81035   195.897
   140      49   41   0.462E-06     906.84298   195.898
   141      49   42   0.133E-03     906.82624   195.898
   142      49   43   0.845E-02     906.81053   195.898
   143      50   44   0.120E-01    1019.81346   244.751
   144      50   45   0.191E-03    1019.79721   244.751
   145      50   46   0.663E-06    1019.77771   244.751
   146      50   48   0.110E-05    1017.94446   244.751
   147      50   49   0.785E-04    1017.92858   244.751
   148      51   45   0.120E-01    1019.81349   244.752
   149      51   46   0.169E-03    1019.79400   244.752
   150      51   47   0.985E-06    1017.97745   244.752
   151      51   48   0.779E-04    1017.96075   244.752
   152      51   49   0.101E-05    1017.94486   244.752
   153      52   46   0.122E-01    1019.81326   244.753
   154      52   47   0.793E-04    1017.99672   244.753
   155      52   48   0.921E-06    1017.98001   244.753
   156      53   47   0.123E-01    1020.03055   244.851
   157      54   47   0.136E-03    1020.04722   244.851
   158      54   48   0.122E-01    1020.03052   244.851
   159      55   47   0.419E-06    1020.06326   244.852
   160      55   48   0.151E-03    1020.04655   244.852
   161      55   49   0.122E-01    1020.03066   244.852
   162      56   50   0.166E-01    1132.99206   299.127
   163      56   51   0.208E-03    1132.97578   299.127
   164      56   52   0.579E-06    1132.95652   299.127
   165      56   54   0.981E-06    1130.90601   299.127
   166      56   55   0.874E-04    1130.88998   299.127
   167      57   51   0.167E-01    1132.99209   299.127
   168      57   52   0.187E-03    1132.97283   299.127
   169      57   53   0.886E-06    1130.93899   299.128
   170      57   54   0.869E-04    1130.92232   299.127
   171      57   55   0.911E-06    1130.90629   299.128
   172      58   52   0.169E-01    1132.99191   299.128
   173      58   53   0.882E-04    1130.95808   299.128
   174      58   54   0.837E-06    1130.94141   299.128
   175      59   53   0.170E-01    1133.20922   299.236
   176      60   53   0.154E-03    1133.22586   299.237
   177      60   54   0.168E-01    1133.20919   299.237
   178      61   53   0.383E-06    1133.24202   299.238
   179      61   54   0.169E-03    1133.22535   299.238
   180      61   55   0.168E-01    1133.20931   299.238
   181      62   56   0.223E-01    1246.12460   358.932
   182      62   57   0.225E-03    1246.10829   358.932
   183      62   58   0.513E-06    1246.08921   358.932
   184      62   60   0.882E-06    1243.82142   358.932
   185      62   61   0.963E-04    1243.80527   358.932
   186      63   57   0.223E-01    1246.12462   358.932
   187      63   58   0.205E-03    1246.10554   358.932
   188      63   59   0.805E-06    1243.85440   358.932
   189      63   60   0.958E-04    1243.83775   358.932
   190      63   61   0.828E-06    1243.82160   358.932
   191      64   58   0.225E-01    1246.12448   358.933
   192      64   59   0.970E-04    1243.87334   358.933
   193      64   60   0.766E-06    1243.85669   358.933
   194      65   59   0.227E-01    1246.34180   359.052
   195      66   59   0.171E-03    1246.35842   359.053
   196      66   60   0.225E-01    1246.34178   359.053
   197      67   59   0.353E-06    1246.37468   359.053
   198      67   60   0.187E-03    1246.35803   359.053
   199      67   61   0.225E-01    1246.34188   359.053
   200      68   62   0.291E-01    1359.20647   424.164
   201      68   63   0.243E-03    1359.19014   424.164
   202      68   64   0.460E-06    1359.17120   424.164
   203      68   66   0.802E-06    1356.68612   424.164
   204      68   67   0.105E-03    1356.66986   424.164
   205      69   63   0.292E-01    1359.20649   424.164
   206      69   64   0.223E-03    1359.18755   424.164
   207      69   65   0.738E-06    1356.71909   424.165
   208      69   66   0.105E-03    1356.70247   424.164
   209      69   67   0.759E-06    1356.68622   424.165
   210      70   64   0.294E-01    1359.20637   424.165
   211      70   65   0.106E-03    1356.73791   424.165
   212      70   66   0.707E-06    1356.72129   424.165
   213      71   65   0.295E-01    1359.42370   424.294
   214      72   65   0.189E-03    1359.44030   424.295
   215      72   66   0.293E-01    1359.42368   424.295
   216      73   65   0.327E-06    1359.45664   424.296
   217      73   66   0.204E-03    1359.44002   424.296
   218      73   67   0.293E-01    1359.42376   424.296
!NUMBER OF COLL PARTNERS
2
!COLLISIONS BETWEEN
3 CN-ortho H2 (from Kalugina & Lique MNRAS 2015)
!NUMBER OF COLLISIONAL TRANSITIONS
2628
! NUMBER OF TEMPERATURES
11
! TEMPERATURES
	5.0 	10.0 	20.0 	30.0 	40.0 	50.0 	60.0 	70.0 	80.0 	90.0 	100.0
! TRANS + UP + LOW + RATES [cm3 s-1]
1 2   1   3.08E-10  3.10E-10  3.18E-10  3.50E-10  3.96E-10  4.44E-10  4.92E-10  5.38E-10  5.78E-10  6.16E-10  6.50E-10
2 3   1   1.03e-10  1.03e-10  9.97e-11  9.71e-11  9.50e-11  9.33e-11  9.17e-11  9.01e-11  8.87e-11  8.73e-11  8.60e-11
3 3   2   3.05e-11  3.06e-11  3.08e-11  3.09e-11  3.09e-11  3.07e-11  3.05e-11  3.02e-11  2.99e-11  2.96e-11  2.93e-11
4 4   1   8.22e-11  8.22e-11  8.07e-11  7.95e-11  7.84e-11  7.73e-11  7.63e-11  7.53e-11  7.43e-11  7.33e-11  7.23e-11
5 4   2   5.17e-11  5.16e-11  4.98e-11  4.85e-11  4.75e-11  4.66e-11  4.58e-11  4.51e-11  4.44e-11  4.37e-11  4.30e-11
6 4   3   1.39e-10  1.42e-10  1.51e-10  1.68e-10  1.92e-10  2.18e-10  2.43e-10  2.66e-10  2.87e-10  3.06e-10  3.23e-10
7 5   1   1.17e-10  1.17e-10  1.13e-10  1.11e-10  1.09e-10  1.07e-10  1.06e-10  1.04e-10  1.02e-10  1.01e-10  9.95e-11
8 5   2   1.69e-11  1.70e-11  1.71e-11  1.71e-11  1.69e-11  1.68e-11  1.66e-11  1.64e-11  1.62e-11  1.60e-11  1.58e-11
9 5   3   6.66e-11  6.76e-11  6.78e-11  7.12e-11  7.78e-11  8.55e-11  9.33e-11  1.01e-10  1.08e-10  1.14e-10  1.20e-10
10 5   4   1.28e-10  1.30e-10  1.29e-10  1.36e-10  1.50e-10  1.65e-10  1.80e-10  1.95e-10  2.08e-10  2.21e-10  2.32e-10
11 6   1   7.08e-11  7.08e-11  6.94e-11  6.83e-11  6.72e-11  6.63e-11  6.54e-11  6.44e-11  6.35e-11  6.27e-11  6.18e-11
12 6   2   6.31e-11  6.30e-11  6.11e-11  5.97e-11  5.87e-11  5.77e-11  5.68e-11  5.59e-11  5.51e-11  5.43e-11  5.35e-11
13 6   3   6.37e-11  6.45e-11  6.43e-11  6.78e-11  7.44e-11  8.20e-11  8.97e-11  9.70e-11  1.04e-10  1.10e-10  1.16e-10
14 6   4   1.31e-10  1.33e-10  1.33e-10  1.40e-10  1.53e-10  1.68e-10  1.84e-10  1.98e-10  2.12e-10  2.25e-10  2.36e-10
15 6   5   2.01E-10  2.06E-10  2.13E-10  2.33E-10  2.63E-10  2.94E-10  3.24E-10  3.54E-10  3.81E-10  4.05E-10  4.28E-10
16 7   1   4.31e-11  4.32e-11  4.31e-11  4.26e-11  4.22e-11  4.17e-11  4.12e-11  4.07e-11  4.02e-11  3.97e-11  3.92e-11
17 7   2   9.08e-11  9.06e-11  8.75e-11  8.54e-11  8.37e-11  8.22e-11  8.09e-11  7.96e-11  7.84e-11  7.72e-11  7.61e-11
18 7   3   6.20e-11  6.26e-11  6.21e-11  6.58e-11  7.24e-11  8.00e-11  8.76e-11  9.48e-11  1.01e-10  1.08e-10  1.13e-10
19 7   4   1.33e-10  1.35e-10  1.35e-10  1.42e-10  1.55e-10  1.70e-10  1.86e-10  2.01e-10  2.14e-10  2.27e-10  2.38e-10
20 7   5   7.23E-11  7.38E-11  7.71E-11  8.40E-11  9.45E-11  1.06E-10  1.17E-10  1.28E-10  1.37E-10  1.46E-10  1.54E-10
21 7   6   2.88E-10  2.92E-10  3.04E-10  3.32E-10  3.72E-10  4.18E-10  4.62E-10  5.04E-10  5.42E-10  5.78E-10  6.08E-10
22 8   1   1.76e-11  1.75e-11  1.69e-11  1.66e-11  1.66e-11  1.69e-11  1.74e-11  1.81e-11  1.88e-11  1.96e-11  2.04e-11
23 8   2   2.35e-12  2.36e-12  2.33e-12  2.25e-12  2.21e-12  2.21e-12  2.25e-12  2.30e-12  2.37e-12  2.44e-12  2.52e-12
24 8   3   3.54e-11  3.54e-11  3.48e-11  3.36e-11  3.25e-11  3.16e-11  3.08e-11  3.01e-11  2.95e-11  2.89e-11  2.85e-11
25 8   4   4.13e-11  4.14e-11  4.14e-11  4.03e-11  3.91e-11  3.80e-11  3.70e-11  3.62e-11  3.55e-11  3.48e-11  3.42e-11
26 8   5   7.00e-11  7.07e-11  7.25e-11  7.16e-11  7.03e-11  6.91e-11  6.80e-11  6.70e-11  6.61e-11  6.52e-11  6.44e-11
27 8   6   2.96e-11  2.97e-11  2.98e-11  2.91e-11  2.84e-11  2.77e-11  2.70e-11  2.65e-11  2.60e-11  2.55e-11  2.51e-11
28 8   7   8.02e-12  8.04e-12  8.23e-12  8.16e-12  8.03e-12  7.89e-12  7.76e-12  7.63e-12  7.52e-12  7.41e-12  7.31e-12
29 9   1   1.50e-11  1.50e-11  1.45e-11  1.41e-11  1.42e-11  1.44e-11  1.48e-11  1.54e-11  1.60e-11  1.66e-11  1.73e-11
30 9   2   4.93e-12  4.92e-12  4.78e-12  4.66e-12  4.64e-12  4.71e-12  4.83e-12  4.99e-12  5.18e-12  5.38e-12  5.59e-12
31 9   3   2.95e-11  2.95e-11  2.91e-11  2.82e-11  2.73e-11  2.65e-11  2.59e-11  2.53e-11  2.48e-11  2.43e-11  2.39e-11
32 9   4   4.72e-11  4.72e-11  4.70e-11  4.57e-11  4.43e-11  4.30e-11  4.19e-11  4.10e-11  4.02e-11  3.94e-11  3.87e-11
33 9   5   6.08e-11  6.13e-11  6.25e-11  6.16e-11  6.03e-11  5.92e-11  5.81e-11  5.72e-11  5.63e-11  5.55e-11  5.48e-11
34 9   6   3.20e-11  3.23e-11  3.31e-11  3.28e-11  3.22e-11  3.17e-11  3.12e-11  3.07e-11  3.03e-11  2.99e-11  2.95e-11
35 9   7   1.48e-11  1.48e-11  1.49e-11  1.46e-11  1.42e-11  1.38e-11  1.35e-11  1.32e-11  1.30e-11  1.27e-11  1.25e-11
36 9   8   1.50e-10  1.54e-10  1.68e-10  1.86e-10  2.11e-10  2.38e-10  2.64e-10  2.89e-10  3.11e-10  3.32e-10  3.51e-10
37 10  1   1.07e-11  1.07e-11  1.04e-11  1.01e-11  1.01e-11  1.03e-11  1.05e-11  1.09e-11  1.13e-11  1.17e-11  1.22e-11
38 10  2   9.22e-12  9.19e-12  8.86e-12  8.68e-12  8.70e-12  8.87e-12  9.14e-12  9.48e-12  9.86e-12  1.03e-11  1.07e-11
39 10  3   1.96e-11  1.97e-11  1.97e-11  1.92e-11  1.87e-11  1.82e-11  1.77e-11  1.73e-11  1.70e-11  1.66e-11  1.63e-11
40 10  4   5.71e-11  5.70e-11  5.64e-11  5.47e-11  5.29e-11  5.14e-11  5.01e-11  4.90e-11  4.80e-11  4.71e-11  4.63e-11
41 10  5   4.38e-11  4.40e-11  4.47e-11  4.40e-11  4.31e-11  4.22e-11  4.14e-11  4.07e-11  4.00e-11  3.94e-11  3.88e-11
42 10  6   4.05e-11  4.08e-11  4.17e-11  4.10e-11  4.02e-11  3.95e-11  3.88e-11  3.81e-11  3.75e-11  3.70e-11  3.65e-11
43 10  7   2.33e-11  2.36e-11  2.42e-11  2.39e-11  2.34e-11  2.30e-11  2.27e-11  2.23e-11  2.20e-11  2.17e-11  2.15e-11
44 10  8   3.12e-11  3.22e-11  3.50e-11  3.82e-11  4.26e-11  4.74e-11  5.22e-11  5.66e-11  6.07e-11  6.45e-11  6.79e-11
45 10  9   1.48e-10  1.52e-10  1.65e-10  1.83e-10  2.06e-10  2.32e-10  2.57e-10  2.80e-10  3.02e-10  3.22e-10  3.39e-10
46 11  1   1.79e-11  1.78e-11  1.71e-11  1.67e-11  1.67e-11  1.69e-11  1.74e-11  1.80e-11  1.87e-11  1.95e-11  2.03e-11
47 11  2   2.06e-12  2.09e-12  2.16e-12  2.14e-12  2.15e-12  2.19e-12  2.25e-12  2.32e-12  2.41e-12  2.50e-12  2.60e-12
48 11  3   1.99e-11  2.01e-11  2.06e-11  2.04e-11  2.00e-11  1.97e-11  1.94e-11  1.91e-11  1.89e-11  1.87e-11  1.84e-11
49 11  4   3.14e-11  3.16e-11  3.23e-11  3.19e-11  3.13e-11  3.07e-11  3.02e-11  2.97e-11  2.92e-11  2.88e-11  2.84e-11
50 11  5   1.01e-10  1.01e-10  1.01e-10  9.81e-11  9.53e-11  9.28e-11  9.06e-11  8.87e-11  8.70e-11  8.54e-11  8.40e-11
51 11  6   2.73e-11  2.74e-11  2.78e-11  2.73e-11  2.67e-11  2.61e-11  2.56e-11  2.51e-11  2.47e-11  2.43e-11  2.40e-11
52 11  7   4.83e-12  4.89e-12  5.11e-12  5.07e-12  5.00e-12  4.92e-12  4.85e-12  4.79e-12  4.72e-12  4.66e-12  4.61e-12
53 11  8   5.08e-12  5.31e-12  5.63e-12  5.35e-12  5.20e-12  5.17e-12  5.23e-12  5.33e-12  5.46e-12  5.61e-12  5.76e-12
54 11  9   2.27e-11  2.35e-11  2.48e-11  2.53e-11  2.66e-11  2.83e-11  3.02e-11  3.20e-11  3.38e-11  3.55e-11  3.70e-11
55 11  10  6.97e-11  7.16e-11  7.55e-11  8.03e-11  8.80e-11  9.68e-11  1.06e-10  1.14e-10  1.22e-10  1.29e-10  1.36e-10
56 12  1   1.15e-11  1.14e-11  1.11e-11  1.09e-11  1.09e-11  1.11e-11  1.14e-11  1.18e-11  1.22e-11  1.27e-11  1.33e-11
57 12  2   8.48e-12  8.45e-12  8.11e-12  7.92e-12  7.92e-12  8.05e-12  8.28e-12  8.57e-12  8.91e-12  9.27e-12  9.65e-12
58 12  3   1.60e-11  1.61e-11  1.65e-11  1.62e-11  1.59e-11  1.57e-11  1.54e-11  1.51e-11  1.49e-11  1.47e-11  1.45e-11
59 12  4   3.53e-11  3.56e-11  3.65e-11  3.60e-11  3.54e-11  3.48e-11  3.42e-11  3.37e-11  3.32e-11  3.28e-11  3.23e-11
60 12  5   5.05e-11  5.07e-11  5.12e-11  5.01e-11  4.89e-11  4.78e-11  4.68e-11  4.59e-11  4.51e-11  4.43e-11  4.36e-11
61 12  6   5.72e-11  5.72e-11  5.68e-11  5.52e-11  5.36e-11  5.21e-11  5.09e-11  4.98e-11  4.88e-11  4.80e-11  4.72e-11
62 12  7   2.54e-11  2.55e-11  2.57e-11  2.51e-11  2.45e-11  2.39e-11  2.34e-11  2.29e-11  2.25e-11  2.22e-11  2.18e-11
63 12  8   1.97e-11  2.03e-11  2.14e-11  2.24e-11  2.41e-11  2.61e-11  2.82e-11  3.03e-11  3.22e-11  3.39e-11  3.55e-11
64 12  9   3.80e-11  3.90e-11  4.12e-11  4.38e-11  4.81e-11  5.30e-11  5.79e-11  6.25e-11  6.69e-11  7.08e-11  7.45e-11
65 12  10  3.98e-11  4.11e-11  4.33e-11  4.47e-11  4.76e-11  5.12e-11  5.49e-11  5.86e-11  6.21e-11  6.53e-11  6.83e-11
66 12  11  1.40E-10  1.44E-10  1.57E-10  1.72E-10  1.92E-10  2.15E-10  2.37E-10  2.57E-10  2.77E-10  2.95E-10  3.11E-10
67 13  1   6.87e-12  6.90e-12  6.87e-12  6.76e-12  6.77e-12  6.89e-12  7.08e-12  7.33e-12  7.61e-12  7.91e-12  8.23e-12
68 13  2   1.31e-11  1.30e-11  1.24e-11  1.20e-11  1.20e-11  1.22e-11  1.26e-11  1.30e-11  1.35e-11  1.41e-11  1.47e-11
69 13  3   1.32e-11  1.32e-11  1.35e-11  1.33e-11  1.30e-11  1.28e-11  1.25e-11  1.23e-11  1.20e-11  1.18e-11  1.16e-11
70 13  4   3.81e-11  3.85e-11  3.95e-11  3.90e-11  3.83e-11  3.77e-11  3.71e-11  3.66e-11  3.61e-11  3.56e-11  3.52e-11
71 13  5   2.17e-11  2.19e-11  2.25e-11  2.22e-11  2.18e-11  2.14e-11  2.10e-11  2.07e-11  2.04e-11  2.01e-11  1.98e-11
72 13  6   5.93e-11  5.95e-11  5.96e-11  5.82e-11  5.67e-11  5.53e-11  5.40e-11  5.29e-11  5.20e-11  5.11e-11  5.03e-11
73 13  7   5.21e-11  5.20e-11  5.16e-11  5.00e-11  4.85e-11  4.71e-11  4.60e-11  4.50e-11  4.41e-11  4.33e-11  4.25e-11
74 13  8   3.33e-11  3.42e-11  3.61e-11  3.89e-11  4.33e-11  4.82e-11  5.30e-11  5.75e-11  6.17e-11  6.55e-11  6.89e-11
75 13  9   4.38e-11  4.51e-11  4.75e-11  5.00e-11  5.43e-11  5.93e-11  6.44e-11  6.93e-11  7.38e-11  7.79e-11  8.17e-11
76 13  10  2.03e-11  2.11e-11  2.24e-11  2.19e-11  2.22e-11  2.28e-11  2.37e-11  2.47e-11  2.57e-11  2.67e-11  2.77e-11
77 13  11  2.30E-11  2.38E-11  2.62E-11  2.80E-11  3.10E-11  3.40E-11  3.72E-11  4.02E-11  4.30E-11  4.56E-11  4.80E-11
78 13  12  1.89E-10  1.95E-10  2.12E-10  2.33E-10  2.61E-10  2.91E-10  3.21E-10  3.50E-10  3.77E-10  4.01E-10  4.22E-10
79 14  1   5.62e-12  5.69e-12  6.12e-12  6.22e-12  6.29e-12  6.39e-12  6.51e-12  6.65e-12  6.80e-12  6.95e-12  7.10e-12
80 14  2   5.57e-13  5.73e-13  6.44e-13  6.64e-13  6.80e-13  6.96e-13  7.14e-13  7.32e-13  7.51e-13  7.69e-13  7.87e-13
81 14  3   5.97e-12  6.16e-12  7.46e-12  7.91e-12  8.19e-12  8.46e-12  8.75e-12  9.08e-12  9.44e-12  9.82e-12  1.02e-11
82 14  4   6.62e-12  6.78e-12  7.68e-12  7.86e-12  7.95e-12  8.09e-12  8.29e-12  8.53e-12  8.81e-12  9.13e-12  9.46e-12
83 14  5   8.50e-12  8.58e-12  8.72e-12  8.36e-12  8.07e-12  7.92e-12  7.90e-12  7.97e-12  8.11e-12  8.30e-12  8.54e-12
84 14  6   4.48e-12  4.56e-12  5.06e-12  5.12e-12  5.13e-12  5.18e-12  5.27e-12  5.40e-12  5.56e-12  5.73e-12  5.92e-12
85 14  7   1.18e-12  1.21e-12  1.37e-12  1.42e-12  1.44e-12  1.48e-12  1.52e-12  1.56e-12  1.62e-12  1.68e-12  1.74e-12
86 14  8   4.46e-11  4.47e-11  4.55e-11  4.50e-11  4.41e-11  4.32e-11  4.23e-11  4.14e-11  4.07e-11  4.00e-11  3.93e-11
87 14  9   5.75e-11  5.77e-11  5.87e-11  5.81e-11  5.70e-11  5.58e-11  5.46e-11  5.36e-11  5.25e-11  5.16e-11  5.07e-11
88 14  10  2.96e-11  2.98e-11  3.07e-11  3.05e-11  3.00e-11  2.94e-11  2.89e-11  2.84e-11  2.79e-11  2.74e-11  2.70e-11
89 14  11  1.65e-11  1.67e-11  1.68e-11  1.65e-11  1.61e-11  1.58e-11  1.56e-11  1.55e-11  1.53e-11  1.53e-11  1.52e-11
90 14  12  2.73e-11  2.74e-11  2.78e-11  2.74e-11  2.69e-11  2.63e-11  2.58e-11  2.53e-11  2.48e-11  2.44e-11  2.40e-11
91 14  13  1.49e-11  1.50e-11  1.54e-11  1.53e-11  1.51e-11  1.48e-11  1.45e-11  1.42e-11  1.40e-11  1.37e-11  1.35e-11
92 15  1   4.55e-12  4.60e-12  4.97e-12  5.06e-12  5.12e-12  5.20e-12  5.30e-12  5.42e-12  5.54e-12  5.66e-12  5.78e-12
93 15  2   1.63e-12  1.65e-12  1.79e-12  1.83e-12  1.85e-12  1.89e-12  1.92e-12  1.97e-12  2.01e-12  2.06e-12  2.10e-12
94 15  3   4.70e-12  4.84e-12  5.73e-12  6.02e-12  6.18e-12  6.36e-12  6.56e-12  6.79e-12  7.04e-12  7.32e-12  7.60e-12
95 15  4   7.88e-12  8.10e-12  9.40e-12  9.75e-12  9.96e-12  1.02e-11  1.05e-11  1.08e-11  1.12e-11  1.16e-11  1.21e-11
96 15  5   7.73e-12  7.83e-12  8.24e-12  8.07e-12  7.91e-12  7.86e-12  7.90e-12  8.02e-12  8.20e-12  8.43e-12  8.69e-12
97 15  6   3.99e-12  4.03e-12  4.17e-12  4.05e-12  3.96e-12  3.92e-12  3.93e-12  3.99e-12  4.08e-12  4.19e-12  4.32e-12
98 15  7   2.44e-12  2.49e-12  2.75e-12  2.78e-12  2.78e-12  2.80e-12  2.85e-12  2.92e-12  3.00e-12  3.09e-12  3.19e-12
99 15  8   2.57e-11  2.58e-11  2.63e-11  2.60e-11  2.55e-11  2.50e-11  2.45e-11  2.40e-11  2.35e-11  2.31e-11  2.27e-11
100 15  9   5.21e-11  5.23e-11  5.34e-11  5.28e-11  5.18e-11  5.07e-11  4.97e-11  4.87e-11  4.79e-11  4.71e-11  4.63e-11
101 15  10  5.38e-11  5.41e-11  5.53e-11  5.48e-11  5.38e-11  5.27e-11  5.16e-11  5.06e-11  4.97e-11  4.88e-11  4.80e-11
102 15  11  2.67e-11  2.68e-11  2.72e-11  2.67e-11  2.62e-11  2.57e-11  2.52e-11  2.48e-11  2.44e-11  2.41e-11  2.38e-11
103 15  12  1.39e-11  1.40e-11  1.43e-11  1.42e-11  1.40e-11  1.37e-11  1.35e-11  1.33e-11  1.32e-11  1.31e-11  1.29e-11
104 15  13  1.82e-11  1.83e-11  1.85e-11  1.83e-11  1.79e-11  1.76e-11  1.72e-11  1.69e-11  1.66e-11  1.63e-11  1.60e-11
105 15  14  1.26e-10  1.29e-10  1.43e-10  1.59e-10  1.80e-10  2.03e-10  2.24e-10  2.44e-10  2.63e-10  2.80e-10  2.95e-10
106 16  1   3.05e-12  3.09e-12  3.36e-12  3.43e-12  3.47e-12  3.53e-12  3.61e-12  3.69e-12  3.77e-12  3.86e-12  3.94e-12
107 16  2   3.13e-12  3.17e-12  3.41e-12  3.46e-12  3.50e-12  3.55e-12  3.62e-12  3.70e-12  3.78e-12  3.86e-12  3.94e-12
108 16  3   2.93e-12  2.99e-12  3.32e-12  3.36e-12  3.37e-12  3.41e-12  3.48e-12  3.58e-12  3.69e-12  3.81e-12  3.94e-12
109 16  4   9.66e-12  9.94e-12  1.18e-11  1.24e-11  1.28e-11  1.31e-11  1.36e-11  1.40e-11  1.46e-11  1.51e-11  1.57e-11
110 16  5   5.88e-12  5.97e-12  6.51e-12  6.53e-12  6.51e-12  6.55e-12  6.65e-12  6.80e-12  6.98e-12  7.20e-12  7.44e-12
111 16  6   5.39e-12  5.46e-12  5.71e-12  5.58e-12  5.45e-12  5.41e-12  5.43e-12  5.50e-12  5.62e-12  5.77e-12  5.95e-12
112 16  7   2.89e-12  2.91e-12  2.93e-12  2.80e-12  2.69e-12  2.63e-12  2.61e-12  2.63e-12  2.67e-12  2.73e-12  2.81e-12
113 16  8   7.78e-12  7.85e-12  8.14e-12  8.09e-12  7.97e-12  7.83e-12  7.69e-12  7.55e-12  7.43e-12  7.31e-12  7.20e-12
114 16  9   3.09e-11  3.11e-11  3.18e-11  3.15e-11  3.10e-11  3.04e-11  2.98e-11  2.92e-11  2.87e-11  2.82e-11  2.77e-11
115 16  10  9.29e-11  9.33e-11  9.50e-11  9.40e-11  9.22e-11  9.02e-11  8.84e-11  8.66e-11  8.50e-11  8.35e-11  8.22e-11
116 16  11  3.05e-11  3.07e-11  3.12e-11  3.09e-11  3.04e-11  2.98e-11  2.92e-11  2.87e-11  2.82e-11  2.77e-11  2.73e-11
117 16  12  2.00e-11  2.01e-11  2.04e-11  2.00e-11  1.96e-11  1.93e-11  1.89e-11  1.86e-11  1.83e-11  1.81e-11  1.78e-11
118 16  13  8.27e-12  8.34e-12  8.41e-12  8.23e-12  8.05e-12  7.92e-12  7.81e-12  7.73e-12  7.67e-12  7.63e-12  7.59e-12
119 16  14  1.34e-11  1.38e-11  1.51e-11  1.61e-11  1.75e-11  1.91e-11  2.07e-11  2.22e-11  2.36e-11  2.49e-11  2.61e-11
120 16  15  1.06e-10  1.09e-10  1.21e-10  1.34e-10  1.51e-10  1.69e-10  1.87e-10  2.03e-10  2.19e-10  2.32e-10  2.45e-10
121 17  1   5.72e-12  5.77e-12  6.15e-12  6.23e-12  6.29e-12  6.38e-12  6.50e-12  6.64e-12  6.78e-12  6.93e-12  7.08e-12
122 17  2   4.60e-13  4.86e-13  6.19e-13  6.59e-13  6.83e-13  7.05e-13  7.26e-13  7.48e-13  7.69e-13  7.90e-13  8.10e-13
123 17  3   2.21e-12  2.22e-12  2.20e-12  2.07e-12  1.98e-12  1.92e-12  1.90e-12  1.91e-12  1.94e-12  1.98e-12  2.04e-12
124 17  4   3.95e-12  3.99e-12  4.12e-12  3.99e-12  3.87e-12  3.81e-12  3.81e-12  3.84e-12  3.91e-12  4.00e-12  4.11e-12
125 17  5   1.64e-11  1.68e-11  1.94e-11  2.00e-11  2.04e-11  2.08e-11  2.14e-11  2.20e-11  2.28e-11  2.36e-11  2.45e-11
126 17  6   3.67e-12  3.73e-12  4.01e-12  3.98e-12  3.94e-12  3.95e-12  3.99e-12  4.08e-12  4.18e-12  4.31e-12  4.46e-12
127 17  7   5.28e-13  5.37e-13  5.74e-13  5.62e-13  5.51e-13  5.46e-13  5.49e-13  5.57e-13  5.70e-13  5.86e-13  6.05e-13
128 17  8   2.75e-12  2.78e-12  2.86e-12  2.81e-12  2.76e-12  2.73e-12  2.71e-12  2.70e-12  2.70e-12  2.71e-12  2.71e-12
129 17  9   1.01e-11  1.02e-11  1.04e-11  1.02e-11  9.99e-12  9.81e-12  9.65e-12  9.51e-12  9.40e-12  9.30e-12  9.21e-12
130 17  10  2.17e-11  2.18e-11  2.21e-11  2.18e-11  2.13e-11  2.09e-11  2.05e-11  2.01e-11  1.98e-11  1.94e-11  1.91e-11
131 17  11  1.25e-10  1.25e-10  1.28e-10  1.26e-10  1.24e-10  1.21e-10  1.19e-10  1.16e-10  1.14e-10  1.12e-10  1.10e-10
132 17  12  2.75e-11  2.77e-11  2.83e-11  2.80e-11  2.75e-11  2.70e-11  2.65e-11  2.60e-11  2.55e-11  2.51e-11  2.47e-11
133 17  13  3.70e-12  3.74e-12  3.91e-12  3.89e-12  3.84e-12  3.78e-12  3.73e-12  3.68e-12  3.63e-12  3.59e-12  3.55e-12
134 17  14  2.05e-12  2.15e-12  2.24e-12  1.99e-12  1.80e-12  1.68e-12  1.62e-12  1.58e-12  1.57e-12  1.57e-12  1.59e-12
135 17  15  1.03e-11  1.06e-11  1.11e-11  1.10e-11  1.12e-11  1.16e-11  1.21e-11  1.26e-11  1.32e-11  1.37e-11  1.42e-11
136 17  16  4.29e-11  4.40e-11  4.72e-11  5.05e-11  5.53e-11  6.07e-11  6.61e-11  7.12e-11  7.60e-11  8.04e-11  8.44e-11
137 18  1   3.66e-12  3.72e-12  4.04e-12  4.12e-12  4.18e-12  4.25e-12  4.34e-12  4.43e-12  4.53e-12  4.64e-12  4.74e-12
138 18  2   2.52e-12  2.54e-12  2.72e-12  2.76e-12  2.79e-12  2.84e-12  2.89e-12  2.95e-12  3.02e-12  3.08e-12  3.15e-12
139 18  3   2.01e-12  2.03e-12  2.08e-12  2.01e-12  1.94e-12  1.91e-12  1.91e-12  1.93e-12  1.96e-12  2.01e-12  2.06e-12
140 18  4   4.15e-12  4.18e-12  4.24e-12  4.06e-12  3.91e-12  3.83e-12  3.81e-12  3.83e-12  3.90e-12  3.99e-12  4.10e-12
141 18  5   7.99e-12  8.16e-12  9.07e-12  9.19e-12  9.23e-12  9.33e-12  9.50e-12  9.75e-12  1.01e-11  1.04e-11  1.08e-11
142 18  6   9.27e-12  9.53e-12  1.13e-11  1.18e-11  1.21e-11  1.24e-11  1.28e-11  1.32e-11  1.37e-11  1.42e-11  1.47e-11
143 18  7   3.33e-12  3.38e-12  3.64e-12  3.63e-12  3.60e-12  3.60e-12  3.65e-12  3.73e-12  3.83e-12  3.95e-12  4.08e-12
144 18  8   7.73e-12  7.76e-12  7.83e-12  7.70e-12  7.54e-12  7.39e-12  7.24e-12  7.11e-12  6.98e-12  6.87e-12  6.76e-12
145 18  9   1.02e-11  1.02e-11  1.04e-11  1.03e-11  1.01e-11  9.93e-12  9.77e-12  9.62e-12  9.49e-12  9.37e-12  9.27e-12
146 18  10  1.67e-11  1.68e-11  1.70e-11  1.68e-11  1.64e-11  1.61e-11  1.59e-11  1.56e-11  1.54e-11  1.52e-11  1.50e-11
147 18  11  4.39e-11  4.41e-11  4.51e-11  4.46e-11  4.38e-11  4.29e-11  4.21e-11  4.13e-11  4.06e-11  3.99e-11  3.93e-11
148 18  12  8.19e-11  8.22e-11  8.38e-11  8.30e-11  8.14e-11  7.97e-11  7.80e-11  7.65e-11  7.51e-11  7.38e-11  7.26e-11
149 18  13  3.00e-11  3.02e-11  3.08e-11  3.05e-11  2.99e-11  2.93e-11  2.88e-11  2.82e-11  2.77e-11  2.73e-11  2.68e-11
150 18  14  1.07e-11  1.10e-11  1.15e-11  1.16e-11  1.20e-11  1.25e-11  1.32e-11  1.39e-11  1.45e-11  1.52e-11  1.58e-11
151 18  15  2.84e-11  2.92e-11  3.16e-11  3.43e-11  3.81e-11  4.23e-11  4.64e-11  5.03e-11  5.39e-11  5.72e-11  6.02e-11
152 18  16  1.61e-11  1.66e-11  1.75e-11  1.76e-11  1.82e-11  1.91e-11  2.02e-11  2.13e-11  2.23e-11  2.33e-11  2.43e-11
153 18  17  9.40E-11  9.68E-11  1.06E-10  1.17E-10  1.31E-10  1.46E-10  1.61E-10  1.75E-10  1.88E-10  1.99E-10  2.10E-10
154 19  1   2.06e-12  2.12e-12  2.41e-12  2.49e-12  2.54e-12  2.59e-12  2.65e-12  2.72e-12  2.79e-12  2.85e-12  2.92e-12
155 19  2   4.12e-12  4.14e-12  4.36e-12  4.40e-12  4.43e-12  4.49e-12  4.57e-12  4.66e-12  4.76e-12  4.87e-12  4.97e-12
156 19  3   1.85e-12  1.87e-12  1.99e-12  1.95e-12  1.92e-12  1.90e-12  1.91e-12  1.93e-12  1.97e-12  2.02e-12  2.07e-12
157 19  4   4.31e-12  4.34e-12  4.33e-12  4.11e-12  3.94e-12  3.85e-12  3.82e-12  3.84e-12  3.90e-12  3.99e-12  4.10e-12
158 19  5   3.20e-12  3.26e-12  3.54e-12  3.52e-12  3.49e-12  3.50e-12  3.55e-12  3.62e-12  3.72e-12  3.83e-12  3.96e-12
159 19  6   8.97e-12  9.17e-12  1.03e-11  1.05e-11  1.05e-11  1.07e-11  1.09e-11  1.12e-11  1.16e-11  1.20e-11  1.24e-11
160 19  7   8.41e-12  8.64e-12  1.02e-11  1.06e-11  1.09e-11  1.12e-11  1.15e-11  1.19e-11  1.24e-11  1.28e-11  1.33e-11
161 19  8   8.17e-12  8.19e-12  8.31e-12  8.22e-12  8.07e-12  7.90e-12  7.73e-12  7.58e-12  7.43e-12  7.29e-12  7.16e-12
162 19  9   1.57e-11  1.57e-11  1.59e-11  1.56e-11  1.53e-11  1.50e-11  1.47e-11  1.44e-11  1.42e-11  1.39e-11  1.37e-11
163 19  10  1.07e-11  1.09e-11  1.11e-11  1.09e-11  1.07e-11  1.05e-11  1.04e-11  1.03e-11  1.03e-11  1.02e-11  1.02e-11
164 19  11  1.08e-11  1.10e-11  1.13e-11  1.13e-11  1.11e-11  1.09e-11  1.07e-11  1.06e-11  1.04e-11  1.03e-11  1.02e-11
165 19  12  5.27e-11  5.30e-11  5.40e-11  5.34e-11  5.24e-11  5.14e-11  5.04e-11  4.94e-11  4.85e-11  4.77e-11  4.69e-11
166 19  13  9.23e-11  9.26e-11  9.44e-11  9.34e-11  9.15e-11  8.96e-11  8.78e-11  8.61e-11  8.45e-11  8.30e-11  8.16e-11
167 19  14  3.14e-11  3.22e-11  3.47e-11  3.76e-11  4.18e-11  4.62e-11  5.07e-11  5.48e-11  5.87e-11  6.22e-11  6.54e-11
168 19  15  1.86e-11  1.92e-11  2.02e-11  2.06e-11  2.16e-11  2.29e-11  2.44e-11  2.58e-11  2.72e-11  2.85e-11  2.97e-11
169 19  16  5.24e-12  5.47e-12  5.71e-12  5.25e-12  4.95e-12  4.81e-12  4.77e-12  4.80e-12  4.87e-12  4.97e-12  5.08e-12
170 19  17  9.24E-12  9.55E-12  1.05E-11  1.10E-11  1.19E-11  1.29E-11  1.39E-11  1.48E-11  1.58E-11  1.66E-11  1.73E-11
171 19  18  1.19E-10  1.23E-10  1.35E-10  1.49E-10  1.67E-10  1.87E-10  2.05E-10  2.23E-10  2.40E-10  2.55E-10  2.68E-10
172 20  1   8.52e-13  8.90e-13  1.07e-12  1.09e-12  1.10e-12  1.13e-12  1.18e-12  1.26e-12  1.36e-12  1.48e-12  1.61e-12
173 20  2   5.23e-14  5.50e-14  6.92e-14  7.39e-14  7.85e-14  8.46e-14  9.25e-14  1.02e-13  1.13e-13  1.26e-13  1.39e-13
174 20  3   2.09e-12  2.09e-12  2.18e-12  2.19e-12  2.20e-12  2.21e-12  2.23e-12  2.26e-12  2.29e-12  2.33e-12  2.37e-12
175 20  4   2.10e-12  2.12e-12  2.29e-12  2.33e-12  2.34e-12  2.35e-12  2.37e-12  2.40e-12  2.43e-12  2.47e-12  2.50e-12
176 20  5   4.17e-12  4.18e-12  4.31e-12  4.40e-12  4.49e-12  4.60e-12  4.72e-12  4.86e-12  5.00e-12  5.15e-12  5.29e-12
177 20  6   1.60e-12  1.61e-12  1.72e-12  1.74e-12  1.75e-12  1.76e-12  1.77e-12  1.79e-12  1.81e-12  1.84e-12  1.87e-12
178 20  7   3.69e-13  3.71e-13  3.92e-13  3.97e-13  3.98e-13  4.01e-13  4.05e-13  4.10e-13  4.17e-13  4.24e-13  4.31e-13
179 20  8   8.86e-12  9.06e-12  1.05e-11  1.11e-11  1.16e-11  1.20e-11  1.24e-11  1.29e-11  1.33e-11  1.38e-11  1.43e-11
180 20  9   9.95e-12  1.01e-11  1.12e-11  1.15e-11  1.18e-11  1.20e-11  1.23e-11  1.27e-11  1.31e-11  1.35e-11  1.39e-11
181 20  10  4.22e-12  4.28e-12  4.47e-12  4.42e-12  4.39e-12  4.39e-12  4.43e-12  4.49e-12  4.59e-12  4.70e-12  4.83e-12
182 20  11  2.24e-12  2.25e-12  2.08e-12  1.90e-12  1.77e-12  1.70e-12  1.67e-12  1.68e-12  1.70e-12  1.74e-12  1.80e-12
183 20  12  3.95e-12  3.98e-12  4.00e-12  3.90e-12  3.82e-12  3.79e-12  3.79e-12  3.83e-12  3.89e-12  3.97e-12  4.07e-12
184 20  13  2.55e-12  2.58e-12  2.77e-12  2.82e-12  2.86e-12  2.90e-12  2.96e-12  3.03e-12  3.12e-12  3.21e-12  3.30e-12
185 20  14  8.85e-11  8.85e-11  8.88e-11  8.85e-11  8.77e-11  8.66e-11  8.54e-11  8.42e-11  8.30e-11  8.18e-11  8.07e-11
186 20  15  5.43e-11  5.45e-11  5.48e-11  5.45e-11  5.39e-11  5.31e-11  5.23e-11  5.15e-11  5.07e-11  5.00e-11  4.93e-11
187 20  16  1.33e-11  1.34e-11  1.36e-11  1.35e-11  1.33e-11  1.31e-11  1.30e-11  1.28e-11  1.26e-11  1.25e-11  1.23e-11
188 20  17  4.39e-12  4.43e-12  4.33e-12  4.16e-12  4.04e-12  3.97e-12  3.92e-12  3.89e-12  3.87e-12  3.87e-12  3.87e-12
189 20  18  1.47e-11  1.48e-11  1.46e-11  1.43e-11  1.41e-11  1.38e-11  1.36e-11  1.34e-11  1.32e-11  1.31e-11  1.29e-11
190 20  19  1.62e-11  1.62e-11  1.62e-11  1.60e-11  1.59e-11  1.56e-11  1.54e-11  1.52e-11  1.49e-11  1.47e-11  1.45e-11
191 21  1   6.58e-13  6.88e-13  8.31e-13  8.46e-13  8.54e-13  8.79e-13  9.24e-13  9.87e-13  1.07e-12  1.16e-12  1.26e-12
192 21  2   2.46e-13  2.57e-13  3.11e-13  3.18e-13  3.22e-13  3.33e-13  3.51e-13  3.76e-13  4.07e-13  4.43e-13  4.84e-13
193 21  3   1.55e-12  1.56e-12  1.64e-12  1.66e-12  1.66e-12  1.67e-12  1.69e-12  1.71e-12  1.73e-12  1.76e-12  1.79e-12
194 21  4   2.64e-12  2.66e-12  2.82e-12  2.86e-12  2.87e-12  2.89e-12  2.91e-12  2.95e-12  2.99e-12  3.03e-12  3.09e-12
195 21  5   3.35e-12  3.36e-12  3.50e-12  3.56e-12  3.62e-12  3.68e-12  3.76e-12  3.84e-12  3.94e-12  4.03e-12  4.13e-12
196 21  6   1.87e-12  1.87e-12  1.92e-12  1.96e-12  2.00e-12  2.05e-12  2.11e-12  2.17e-12  2.24e-12  2.31e-12  2.38e-12
197 21  7   9.29e-13  9.36e-13  9.96e-13  1.01e-12  1.02e-12  1.02e-12  1.03e-12  1.04e-12  1.05e-12  1.07e-12  1.08e-12
198 21  8   3.83e-12  3.88e-12  4.13e-12  4.18e-12  4.20e-12  4.25e-12  4.32e-12  4.41e-12  4.52e-12  4.65e-12  4.78e-12
199 21  9   9.99e-12  1.02e-11  1.18e-11  1.25e-11  1.29e-11  1.34e-11  1.39e-11  1.43e-11  1.49e-11  1.54e-11  1.59e-11
200 21  10  9.22e-12  9.37e-12  1.02e-11  1.04e-11  1.06e-11  1.08e-11  1.10e-11  1.13e-11  1.16e-11  1.19e-11  1.23e-11
201 21  11  3.92e-12  3.95e-12  3.89e-12  3.73e-12  3.62e-12  3.56e-12  3.55e-12  3.58e-12  3.64e-12  3.72e-12  3.82e-12
202 21  12  2.18e-12  2.20e-12  2.30e-12  2.31e-12  2.32e-12  2.34e-12  2.39e-12  2.45e-12  2.52e-12  2.61e-12  2.70e-12
203 21  13  2.64e-12  2.66e-12  2.66e-12  2.58e-12  2.52e-12  2.49e-12  2.49e-12  2.51e-12  2.55e-12  2.60e-12  2.66e-12
204 21  14  3.16e-11  3.17e-11  3.19e-11  3.17e-11  3.13e-11  3.09e-11  3.04e-11  2.99e-11  2.95e-11  2.90e-11  2.86e-11
205 21  15  7.84e-11  7.83e-11  7.86e-11  7.84e-11  7.77e-11  7.68e-11  7.58e-11  7.47e-11  7.37e-11  7.27e-11  7.17e-11
206 21  16  4.61e-11  4.63e-11  4.66e-11  4.63e-11  4.58e-11  4.52e-11  4.45e-11  4.38e-11  4.32e-11  4.26e-11  4.20e-11
207 21  17  1.29e-11  1.29e-11  1.28e-11  1.25e-11  1.22e-11  1.20e-11  1.19e-11  1.17e-11  1.15e-11  1.14e-11  1.13e-11
208 21  18  1.14e-11  1.14e-11  1.14e-11  1.13e-11  1.12e-11  1.10e-11  1.09e-11  1.07e-11  1.06e-11  1.04e-11  1.03e-11
209 21  19  1.10e-11  1.11e-11  1.10e-11  1.08e-11  1.06e-11  1.04e-11  1.02e-11  1.01e-11  9.93e-12  9.80e-12  9.68e-12
210 21  20  9.11e-11  9.35e-11  1.03e-10  1.15e-10  1.29e-10  1.44e-10  1.59e-10  1.72e-10  1.85e-10  1.96e-10  2.07e-10
211 22  1   4.09e-13  4.28e-13  5.19e-13  5.32e-13  5.40e-13  5.60e-13  5.91e-13  6.35e-13  6.88e-13  7.50e-13  8.20e-13
212 22  2   4.95e-13  5.17e-13  6.23e-13  6.32e-13  6.36e-13  6.53e-13  6.83e-13  7.28e-13  7.85e-13  8.51e-13  9.27e-13
213 22  3   8.58e-13  8.71e-13  9.52e-13  9.72e-13  9.78e-13  9.84e-13  9.93e-13  1.00e-12  1.02e-12  1.03e-12  1.04e-12
214 22  4   3.33e-12  3.35e-12  3.51e-12  3.55e-12  3.56e-12  3.57e-12  3.60e-12  3.65e-12  3.70e-12  3.77e-12  3.83e-12
215 22  5   2.19e-12  2.20e-12  2.32e-12  2.35e-12  2.37e-12  2.40e-12  2.44e-12  2.48e-12  2.53e-12  2.58e-12  2.63e-12
216 22  6   2.46e-12  2.47e-12  2.57e-12  2.62e-12  2.66e-12  2.71e-12  2.77e-12  2.83e-12  2.90e-12  2.97e-12  3.05e-12
217 22  7   1.49e-12  1.50e-12  1.54e-12  1.57e-12  1.60e-12  1.64e-12  1.69e-12  1.75e-12  1.80e-12  1.86e-12  1.91e-12
218 22  8   8.38e-13  8.48e-13  8.51e-13  8.15e-13  7.88e-13  7.72e-13  7.68e-13  7.71e-13  7.81e-13  7.95e-13  8.13e-13
219 22  9   4.47e-12  4.52e-12  4.77e-12  4.77e-12  4.76e-12  4.79e-12  4.85e-12  4.94e-12  5.05e-12  5.18e-12  5.33e-12
220 22  10  1.77e-11  1.81e-11  2.05e-11  2.15e-11  2.22e-11  2.28e-11  2.35e-11  2.43e-11  2.51e-11  2.60e-11  2.69e-11
221 22  11  4.84e-12  4.89e-12  5.08e-12  5.07e-12  5.06e-12  5.08e-12  5.14e-12  5.24e-12  5.36e-12  5.50e-12  5.65e-12
222 22  12  2.88e-12  2.90e-12  2.84e-12  2.71e-12  2.62e-12  2.57e-12  2.56e-12  2.57e-12  2.61e-12  2.67e-12  2.74e-12
223 22  13  1.02e-12  1.02e-12  9.34e-13  8.39e-13  7.77e-13  7.42e-13  7.26e-13  7.25e-13  7.36e-13  7.55e-13  7.83e-13
224 22  14  4.89e-12  4.94e-12  5.04e-12  5.00e-12  4.94e-12  4.87e-12  4.81e-12  4.75e-12  4.70e-12  4.64e-12  4.59e-12
225 22  15  2.96e-11  2.97e-11  2.99e-11  2.97e-11  2.94e-11  2.90e-11  2.85e-11  2.81e-11  2.77e-11  2.73e-11  2.69e-11
226 22  16  1.22e-10  1.22e-10  1.22e-10  1.22e-10  1.21e-10  1.19e-10  1.17e-10  1.16e-10  1.14e-10  1.12e-10  1.11e-10
227 22  17  2.24e-11  2.25e-11  2.23e-11  2.21e-11  2.18e-11  2.14e-11  2.11e-11  2.08e-11  2.05e-11  2.02e-11  1.99e-11
228 22  18  1.03e-11  1.03e-11  1.02e-11  9.99e-12  9.80e-12  9.63e-12  9.48e-12  9.35e-12  9.24e-12  9.13e-12  9.03e-12
229 22  19  2.63e-12  2.66e-12  2.60e-12  2.50e-12  2.43e-12  2.38e-12  2.35e-12  2.33e-12  2.32e-12  2.32e-12  2.32e-12
230 22  20  5.61e-12  5.88e-12  6.89e-12  7.30e-12  7.80e-12  8.37e-12  8.95e-12  9.52e-12  1.01e-11  1.06e-11  1.10e-11
231 22  21  7.65e-11  7.85e-11  8.69e-11  9.63e-11  1.08e-10  1.21e-10  1.33e-10  1.44e-10  1.54e-10  1.64e-10  1.73e-10
232 23  1   8.53e-13  8.90e-13  1.06e-12  1.08e-12  1.08e-12  1.11e-12  1.17e-12  1.24e-12  1.34e-12  1.46e-12  1.59e-12
233 23  2   5.07e-14  5.57e-14  8.14e-14  8.88e-14  9.41e-14  1.01e-13  1.09e-13  1.19e-13  1.31e-13  1.45e-13  1.60e-13
234 23  3   1.17e-12  1.17e-12  1.19e-12  1.21e-12  1.23e-12  1.27e-12  1.31e-12  1.35e-12  1.40e-12  1.45e-12  1.49e-12
235 23  4   1.67e-12  1.68e-12  1.77e-12  1.81e-12  1.84e-12  1.87e-12  1.91e-12  1.95e-12  1.99e-12  2.04e-12  2.09e-12
236 23  5   5.90e-12  5.93e-12  6.21e-12  6.29e-12  6.31e-12  6.35e-12  6.42e-12  6.51e-12  6.61e-12  6.73e-12  6.85e-12
237 23  6   1.38e-12  1.39e-12  1.48e-12  1.51e-12  1.54e-12  1.56e-12  1.59e-12  1.62e-12  1.66e-12  1.70e-12  1.74e-12
238 23  7   2.05e-13  2.09e-13  2.30e-13  2.39e-13  2.47e-13  2.55e-13  2.63e-13  2.72e-13  2.82e-13  2.91e-13  3.01e-13
239 23  8   2.96e-13  2.97e-13  2.63e-13  2.27e-13  2.05e-13  1.92e-13  1.87e-13  1.87e-13  1.92e-13  2.00e-13  2.11e-13
240 23  9   1.16e-12  1.16e-12  1.07e-12  9.70e-13  9.02e-13  8.61e-13  8.40e-13  8.34e-13  8.40e-13  8.55e-13  8.78e-13
241 23  10  2.99e-12  3.00e-12  2.96e-12  2.84e-12  2.76e-12  2.72e-12  2.71e-12  2.72e-12  2.76e-12  2.81e-12  2.87e-12
242 23  11  2.30e-11  2.35e-11  2.62e-11  2.72e-11  2.80e-11  2.87e-11  2.95e-11  3.04e-11  3.14e-11  3.24e-11  3.35e-11
243 23  12  3.89e-12  3.93e-12  4.07e-12  4.02e-12  3.98e-12  3.98e-12  4.01e-12  4.07e-12  4.16e-12  4.26e-12  4.38e-12
244 23  13  4.10e-13  4.15e-13  4.13e-13  3.91e-13  3.76e-13  3.67e-13  3.65e-13  3.67e-13  3.72e-13  3.81e-13  3.92e-13
245 23  14  1.08e-12  1.09e-12  1.07e-12  1.02e-12  9.91e-13  9.74e-13  9.67e-13  9.66e-13  9.71e-13  9.79e-13  9.90e-13
246 23  15  5.56e-12  5.59e-12  5.52e-12  5.38e-12  5.27e-12  5.18e-12  5.11e-12  5.05e-12  4.99e-12  4.95e-12  4.91e-12
247 23  16  1.62e-11  1.62e-11  1.60e-11  1.58e-11  1.55e-11  1.53e-11  1.50e-11  1.48e-11  1.46e-11  1.44e-11  1.42e-11
248 23  17  1.42e-10  1.43e-10  1.43e-10  1.43e-10  1.41e-10  1.39e-10  1.37e-10  1.35e-10  1.33e-10  1.31e-10  1.30e-10
249 23  18  2.38e-11  2.39e-11  2.41e-11  2.39e-11  2.36e-11  2.32e-11  2.29e-11  2.26e-11  2.22e-11  2.19e-11  2.16e-11
250 23  19  2.30e-12  2.32e-12  2.37e-12  2.34e-12  2.31e-12  2.28e-12  2.26e-12  2.23e-12  2.21e-12  2.19e-12  2.17e-12
251 23  20  5.73e-13  6.50e-13  8.92e-13  8.15e-13  7.25e-13  6.58e-13  6.11e-13  5.79e-13  5.58e-13  5.46e-13  5.40e-13
252 23  21  4.37e-12  4.65e-12  5.56e-12  5.54e-12  5.54e-12  5.63e-12  5.78e-12  5.95e-12  6.13e-12  6.32e-12  6.51e-12
253 23  22  2.84e-11  2.92e-11  3.22e-11  3.46e-11  3.79e-11  4.14e-11  4.50e-11  4.83e-11  5.14e-11  5.43e-11  5.69e-11
254 24  1   5.47e-13  5.73e-13  6.95e-13  7.10e-13  7.18e-13  7.41e-13  7.80e-13  8.34e-13  9.02e-13  9.81e-13  1.07e-12
255 24  2   3.57e-13  3.73e-13  4.47e-13  4.54e-13  4.58e-13  4.72e-13  4.95e-13  5.29e-13  5.71e-13  6.20e-13  6.76e-13
256 24  3   8.99e-13  9.04e-13  9.42e-13  9.61e-13  9.78e-13  9.97e-13  1.02e-12  1.04e-12  1.07e-12  1.10e-12  1.13e-12
257 24  4   1.95e-12  1.96e-12  2.02e-12  2.06e-12  2.10e-12  2.14e-12  2.20e-12  2.26e-12  2.32e-12  2.39e-12  2.45e-12
258 24  5   3.09e-12  3.11e-12  3.29e-12  3.34e-12  3.37e-12  3.41e-12  3.46e-12  3.52e-12  3.59e-12  3.66e-12  3.74e-12
259 24  6   3.21e-12  3.22e-12  3.37e-12  3.40e-12  3.41e-12  3.43e-12  3.47e-12  3.51e-12  3.57e-12  3.63e-12  3.70e-12
260 24  7   1.19e-12  1.20e-12  1.27e-12  1.29e-12  1.31e-12  1.33e-12  1.35e-12  1.37e-12  1.40e-12  1.43e-12  1.46e-12
261 24  8   8.76e-13  8.76e-13  8.18e-13  7.52e-13  7.06e-13  6.77e-13  6.62e-13  6.55e-13  6.57e-13  6.64e-13  6.76e-13
262 24  9   1.50e-12  1.51e-12  1.51e-12  1.46e-12  1.43e-12  1.42e-12  1.43e-12  1.45e-12  1.47e-12  1.51e-12  1.55e-12
263 24  10  2.08e-12  2.08e-12  1.97e-12  1.82e-12  1.73e-12  1.67e-12  1.65e-12  1.64e-12  1.66e-12  1.69e-12  1.73e-12
264 24  11  7.45e-12  7.56e-12  8.06e-12  8.14e-12  8.18e-12  8.27e-12  8.41e-12  8.60e-12  8.82e-12  9.07e-12  9.34e-12
265 24  12  1.57e-11  1.61e-11  1.82e-11  1.92e-11  1.99e-11  2.05e-11  2.11e-11  2.18e-11  2.26e-11  2.34e-11  2.42e-11
266 24  13  4.14e-12  4.19e-12  4.35e-12  4.31e-12  4.27e-12  4.28e-12  4.31e-12  4.38e-12  4.48e-12  4.59e-12  4.71e-12
267 24  14  5.58e-12  5.60e-12  5.53e-12  5.41e-12  5.31e-12  5.22e-12  5.14e-12  5.07e-12  5.01e-12  4.95e-12  4.90e-12
268 24  15  8.71e-12  8.72e-12  8.63e-12  8.51e-12  8.38e-12  8.25e-12  8.12e-12  7.99e-12  7.87e-12  7.76e-12  7.65e-12
269 24  16  8.52e-12  8.56e-12  8.45e-12  8.26e-12  8.11e-12  7.97e-12  7.85e-12  7.75e-12  7.66e-12  7.58e-12  7.51e-12
270 24  17  3.53e-11  3.55e-11  3.57e-11  3.54e-11  3.50e-11  3.45e-11  3.40e-11  3.35e-11  3.30e-11  3.25e-11  3.21e-11
271 24  18  1.06e-10  1.07e-10  1.07e-10  1.07e-10  1.06e-10  1.04e-10  1.03e-10  1.01e-10  9.99e-11  9.85e-11  9.71e-11
272 24  19  2.68e-11  2.69e-11  2.70e-11  2.68e-11  2.65e-11  2.61e-11  2.57e-11  2.53e-11  2.49e-11  2.46e-11  2.42e-11
273 24  20  4.82e-12  5.11e-12  6.04e-12  6.06e-12  6.12e-12  6.26e-12  6.46e-12  6.68e-12  6.91e-12  7.14e-12  7.37e-12
274 24  21  2.19e-11  2.24e-11  2.44e-11  2.66e-11  2.96e-11  3.27e-11  3.58e-11  3.87e-11  4.14e-11  4.38e-11  4.61e-11
275 24  22  6.59e-12  6.97e-12  8.20e-12  8.29e-12  8.46e-12  8.74e-12  9.08e-12  9.45e-12  9.83e-12  1.02e-11  1.05e-11
276 24  23  6.64E-11  6.83E-11  7.58E-11  8.35E-11  9.32E-11  1.04E-10  1.14E-10  1.24E-10  1.32E-10  1.40E-10  1.48E-10
277 25  1   2.96e-13  3.13e-13  3.96e-13  4.10e-13  4.20e-13  4.37e-13  4.64e-13  4.99e-13  5.42e-13  5.93e-13  6.49e-13
278 25  2   6.08e-13  6.32e-13  7.47e-13  7.54e-13  7.57e-13  7.75e-13  8.11e-13  8.64e-13  9.30e-13  1.01e-12  1.10e-12
279 25  3   6.74e-13  6.82e-13  7.42e-13  7.61e-13  7.68e-13  7.74e-13  7.82e-13  7.91e-13  8.02e-13  8.14e-13  8.26e-13
280 25  4   2.17e-12  2.18e-12  2.22e-12  2.26e-12  2.31e-12  2.37e-12  2.44e-12  2.51e-12  2.59e-12  2.67e-12  2.75e-12
281 25  5   1.32e-12  1.33e-12  1.43e-12  1.47e-12  1.49e-12  1.52e-12  1.56e-12  1.59e-12  1.63e-12  1.67e-12  1.72e-12
282 25  6   3.28e-12  3.30e-12  3.47e-12  3.52e-12  3.55e-12  3.58e-12  3.63e-12  3.68e-12  3.75e-12  3.81e-12  3.89e-12
283 25  7   2.88e-12  2.89e-12  3.02e-12  3.05e-12  3.05e-12  3.07e-12  3.09e-12  3.13e-12  3.18e-12  3.23e-12  3.28e-12
284 25  8   1.24e-12  1.25e-12  1.26e-12  1.24e-12  1.23e-12  1.22e-12  1.23e-12  1.24e-12  1.26e-12  1.29e-12  1.32e-12
285 25  9   1.95e-12  1.95e-12  1.87e-12  1.77e-12  1.69e-12  1.64e-12  1.62e-12  1.62e-12  1.64e-12  1.66e-12  1.69e-12
286 25  10  1.26e-12  1.26e-12  1.15e-12  1.03e-12  9.50e-13  9.05e-13  8.84e-13  8.82e-13  8.95e-13  9.19e-13  9.53e-13
287 25  11  1.69e-12  1.71e-12  1.76e-12  1.72e-12  1.69e-12  1.68e-12  1.69e-12  1.71e-12  1.75e-12  1.79e-12  1.84e-12
288 25  12  8.66e-12  8.78e-12  9.40e-12  9.53e-12  9.60e-12  9.72e-12  9.89e-12  1.01e-11  1.04e-11  1.07e-11  1.10e-11
289 25  13  1.70e-11  1.73e-11  1.95e-11  2.04e-11  2.10e-11  2.16e-11  2.23e-11  2.30e-11  2.38e-11  2.46e-11  2.54e-11
290 25  14  1.04e-11  1.04e-11  1.03e-11  1.02e-11  1.00e-11  9.88e-12  9.72e-12  9.56e-12  9.40e-12  9.26e-12  9.11e-12
291 25  15  9.29e-12  9.32e-12  9.21e-12  9.02e-12  8.86e-12  8.71e-12  8.58e-12  8.46e-12  8.35e-12  8.24e-12  8.15e-12
292 25  16  3.10e-12  3.13e-12  3.08e-12  2.97e-12  2.89e-12  2.84e-12  2.81e-12  2.80e-12  2.79e-12  2.79e-12  2.80e-12
293 25  17  5.54e-12  5.58e-12  5.67e-12  5.61e-12  5.54e-12  5.47e-12  5.40e-12  5.34e-12  5.28e-12  5.22e-12  5.17e-12
294 25  18  4.19e-11  4.21e-11  4.23e-11  4.20e-11  4.15e-11  4.09e-11  4.03e-11  3.97e-11  3.91e-11  3.85e-11  3.80e-11
295 25  19  1.21e-10  1.21e-10  1.22e-10  1.21e-10  1.20e-10  1.19e-10  1.17e-10  1.15e-10  1.13e-10  1.12e-10  1.10e-10
296 25  20  2.43e-11  2.50e-11  2.73e-11  2.96e-11  3.26e-11  3.59e-11  3.91e-11  4.22e-11  4.50e-11  4.76e-11  5.00e-11
297 25  21  7.71e-12  8.12e-12  9.46e-12  9.63e-12  9.90e-12  1.03e-11  1.08e-11  1.12e-11  1.17e-11  1.22e-11  1.26e-11
298 25  22  1.25e-12  1.40e-12  1.85e-12  1.73e-12  1.59e-12  1.49e-12  1.43e-12  1.40e-12  1.38e-12  1.38e-12  1.39e-12
299 25  23  3.96E-12  4.16E-12  4.92E-12  5.18E-12  5.49E-12  5.87E-12  6.26E-12  6.65E-12  7.01E-12  7.35E-12  7.67E-12
300 25  24  8.10E-11  8.33E-11  9.24E-11  1.02E-10  1.14E-10  1.26E-10  1.39E-10  1.51E-10  1.61E-10  1.71E-10  1.80E-10
301 26  1   2.91e-13  2.99e-13  3.60e-13  3.94e-13  4.24e-13  4.59e-13  4.98e-13  5.41e-13  5.88e-13  6.38e-13  6.90e-13
302 26  2   1.72e-14  1.87e-14  2.75e-14  3.21e-14  3.61e-14  4.02e-14  4.47e-14  4.95e-14  5.46e-14  5.99e-14  6.54e-14
303 26  3   2.86e-13  2.96e-13  3.86e-13  4.30e-13  4.60e-13  4.93e-13  5.33e-13  5.79e-13  6.33e-13  6.94e-13  7.61e-13
304 26  4   2.91e-13  3.03e-13  3.86e-13  4.23e-13  4.50e-13  4.80e-13  5.17e-13  5.62e-13  6.13e-13  6.71e-13  7.35e-13
305 26  5   5.21e-13  5.29e-13  5.80e-13  5.93e-13  6.05e-13  6.24e-13  6.54e-13  6.93e-13  7.41e-13  7.97e-13  8.61e-13
306 26  6   2.16e-13  2.23e-13  2.77e-13  2.99e-13  3.15e-13  3.34e-13  3.57e-13  3.85e-13  4.19e-13  4.56e-13  4.98e-13
307 26  7   4.91e-14  5.08e-14  6.41e-14  7.06e-14  7.55e-14  8.11e-14  8.78e-14  9.57e-14  1.05e-13  1.15e-13  1.26e-13
308 26  8   3.29e-12  3.27e-12  3.20e-12  3.19e-12  3.20e-12  3.22e-12  3.25e-12  3.29e-12  3.34e-12  3.39e-12  3.45e-12
309 26  9   4.01e-12  3.99e-12  3.97e-12  3.98e-12  3.99e-12  4.02e-12  4.06e-12  4.11e-12  4.17e-12  4.23e-12  4.30e-12
310 26  10  1.88e-12  1.89e-12  1.93e-12  1.94e-12  1.96e-12  1.98e-12  2.01e-12  2.05e-12  2.09e-12  2.13e-12  2.17e-12
311 26  11  1.08e-12  1.08e-12  1.09e-12  1.10e-12  1.12e-12  1.15e-12  1.19e-12  1.23e-12  1.27e-12  1.32e-12  1.38e-12
312 26  12  1.97e-12  1.96e-12  1.94e-12  1.94e-12  1.95e-12  1.97e-12  2.00e-12  2.03e-12  2.07e-12  2.11e-12  2.15e-12
313 26  13  1.04e-12  1.04e-12  1.03e-12  1.03e-12  1.03e-12  1.04e-12  1.05e-12  1.06e-12  1.08e-12  1.09e-12  1.11e-12
314 26  14  1.84e-11  1.87e-11  2.09e-11  2.18e-11  2.25e-11  2.32e-11  2.39e-11  2.47e-11  2.55e-11  2.64e-11  2.73e-11
315 26  15  9.32e-12  9.46e-12  1.01e-11  1.02e-11  1.03e-11  1.05e-11  1.07e-11  1.09e-11  1.12e-11  1.15e-11  1.19e-11
316 26  16  1.95e-12  1.98e-12  2.03e-12  1.96e-12  1.92e-12  1.90e-12  1.90e-12  1.92e-12  1.96e-12  2.00e-12  2.05e-12
317 26  17  6.73e-13  6.78e-13  6.22e-13  5.49e-13  5.00e-13  4.72e-13  4.57e-13  4.52e-13  4.56e-13  4.65e-13  4.79e-13
318 26  18  2.18e-12  2.20e-12  2.17e-12  2.06e-12  1.98e-12  1.94e-12  1.93e-12  1.94e-12  1.97e-12  2.00e-12  2.05e-12
319 26  19  2.77e-12  2.81e-12  2.94e-12  2.94e-12  2.94e-12  2.96e-12  3.00e-12  3.06e-12  3.13e-12  3.21e-12  3.30e-12
320 26  20  1.10e-10  1.10e-10  1.14e-10  1.16e-10  1.17e-10  1.17e-10  1.16e-10  1.14e-10  1.13e-10  1.12e-10  1.10e-10
321 26  21  3.98e-11  4.00e-11  4.17e-11  4.24e-11  4.25e-11  4.22e-11  4.18e-11  4.13e-11  4.08e-11  4.02e-11  3.97e-11
322 26  22  5.77e-12  5.82e-12  6.15e-12  6.21e-12  6.19e-12  6.14e-12  6.07e-12  6.01e-12  5.95e-12  5.89e-12  5.83e-12
323 26  23  1.30e-12  1.32e-12  1.35e-12  1.31e-12  1.28e-12  1.25e-12  1.23e-12  1.22e-12  1.21e-12  1.21e-12  1.21e-12
324 26  24  7.14e-12  7.17e-12  7.37e-12  7.35e-12  7.27e-12  7.18e-12  7.09e-12  7.00e-12  6.92e-12  6.84e-12  6.77e-12
325 26  25  1.31e-11  1.31e-11  1.35e-11  1.36e-11  1.36e-11  1.35e-11  1.33e-11  1.32e-11  1.30e-11  1.28e-11  1.27e-11
326 27  1   2.21e-13  2.27e-13  2.77e-13  3.04e-13  3.28e-13  3.55e-13  3.86e-13  4.20e-13  4.57e-13  4.96e-13  5.37e-13
327 27  2   8.73e-14  9.00e-14  1.11e-13  1.22e-13  1.32e-13  1.43e-13  1.56e-13  1.70e-13  1.85e-13  2.01e-13  2.18e-13
328 27  3   2.09e-13  2.17e-13  2.81e-13  3.11e-13  3.32e-13  3.55e-13  3.83e-13  4.16e-13  4.55e-13  4.99e-13  5.47e-13
329 27  4   3.67e-13  3.82e-13  4.91e-13  5.42e-13  5.78e-13  6.18e-13  6.67e-13  7.24e-13  7.91e-13  8.67e-13  9.50e-13
330 27  5   4.24e-13  4.34e-13  4.99e-13  5.22e-13  5.40e-13  5.64e-13  5.96e-13  6.37e-13  6.85e-13  7.42e-13  8.05e-13
331 27  6   2.32e-13  2.36e-13  2.57e-13  2.62e-13  2.68e-13  2.77e-13  2.91e-13  3.09e-13  3.32e-13  3.57e-13  3.87e-13
332 27  7   1.29e-13  1.34e-13  1.65e-13  1.78e-13  1.88e-13  1.98e-13  2.12e-13  2.28e-13  2.47e-13  2.69e-13  2.93e-13
333 27  8   1.54e-12  1.54e-12  1.55e-12  1.55e-12  1.56e-12  1.57e-12  1.59e-12  1.61e-12  1.63e-12  1.65e-12  1.68e-12
334 27  9   3.74e-12  3.71e-12  3.65e-12  3.65e-12  3.66e-12  3.68e-12  3.73e-12  3.78e-12  3.84e-12  3.90e-12  3.97e-12
335 27  10  3.91e-12  3.90e-12  3.91e-12  3.92e-12  3.94e-12  3.97e-12  4.02e-12  4.07e-12  4.14e-12  4.20e-12  4.27e-12
336 27  11  1.98e-12  1.97e-12  1.97e-12  1.97e-12  1.99e-12  2.02e-12  2.05e-12  2.09e-12  2.14e-12  2.19e-12  2.24e-12
337 27  12  7.58e-13  7.57e-13  7.64e-13  7.70e-13  7.78e-13  7.92e-13  8.10e-13  8.31e-13  8.55e-13  8.81e-13  9.09e-13
338 27  13  1.35e-12  1.34e-12  1.34e-12  1.33e-12  1.34e-12  1.36e-12  1.37e-12  1.40e-12  1.42e-12  1.45e-12  1.48e-12
339 27  14  4.44e-12  4.50e-12  4.70e-12  4.65e-12  4.62e-12  4.62e-12  4.67e-12  4.74e-12  4.84e-12  4.96e-12  5.08e-12
340 27  15  1.71e-11  1.75e-11  1.96e-11  2.06e-11  2.13e-11  2.20e-11  2.27e-11  2.35e-11  2.43e-11  2.51e-11  2.60e-11
341 27  16  8.07e-12  8.20e-12  8.74e-12  8.80e-12  8.85e-12  8.95e-12  9.10e-12  9.31e-12  9.54e-12  9.81e-12  1.01e-11
342 27  17  1.98e-12  1.99e-12  1.95e-12  1.84e-12  1.76e-12  1.72e-12  1.70e-12  1.71e-12  1.73e-12  1.76e-12  1.81e-12
343 27  18  2.07e-12  2.10e-12  2.22e-12  2.24e-12  2.25e-12  2.28e-12  2.32e-12  2.37e-12  2.43e-12  2.50e-12  2.58e-12
344 27  19  1.57e-12  1.59e-12  1.56e-12  1.47e-12  1.41e-12  1.38e-12  1.37e-12  1.37e-12  1.39e-12  1.41e-12  1.45e-12
345 27  20  2.57e-11  2.58e-11  2.70e-11  2.74e-11  2.74e-11  2.72e-11  2.69e-11  2.66e-11  2.63e-11  2.59e-11  2.56e-11
346 27  21  9.61e-11  9.60e-11  9.93e-11  1.02e-10  1.02e-10  1.02e-10  1.01e-10  1.00e-10  9.90e-11  9.79e-11  9.67e-11
347 27  22  3.38e-11  3.39e-11  3.54e-11  3.60e-11  3.60e-11  3.58e-11  3.54e-11  3.50e-11  3.46e-11  3.42e-11  3.37e-11
348 27  23  6.16e-12  6.20e-12  6.37e-12  6.34e-12  6.26e-12  6.18e-12  6.10e-12  6.02e-12  5.96e-12  5.90e-12  5.84e-12
349 27  24  9.67e-12  9.66e-12  9.93e-12  1.01e-11  1.01e-11  9.99e-12  9.88e-12  9.77e-12  9.64e-12  9.52e-12  9.39e-12
350 27  25  5.71e-12  5.74e-12  5.89e-12  5.88e-12  5.82e-12  5.74e-12  5.67e-12  5.60e-12  5.53e-12  5.47e-12  5.42e-12
351 27  26  6.24e-11  6.33e-11  7.18e-11  8.19e-11  9.29e-11  1.04e-10  1.14e-10  1.24e-10  1.32e-10  1.40e-10  1.48e-10
352 28  1   1.36e-13  1.40e-13  1.75e-13  1.94e-13  2.11e-13  2.29e-13  2.50e-13  2.73e-13  2.98e-13  3.24e-13  3.51e-13
353 28  2   1.73e-13  1.77e-13  2.13e-13  2.32e-13  2.50e-13  2.69e-13  2.92e-13  3.17e-13  3.45e-13  3.74e-13  4.04e-13
354 28  3   1.16e-13  1.21e-13  1.52e-13  1.65e-13  1.75e-13  1.86e-13  2.00e-13  2.18e-13  2.37e-13  2.60e-13  2.84e-13
355 28  4   4.61e-13  4.78e-13  6.20e-13  6.87e-13  7.35e-13  7.87e-13  8.49e-13  9.23e-13  1.01e-12  1.11e-12  1.21e-12
356 28  5   2.82e-13  2.90e-13  3.48e-13  3.73e-13  3.91e-13  4.13e-13  4.41e-13  4.75e-13  5.15e-13  5.61e-13  6.12e-13
357 28  6   3.17e-13  3.24e-13  3.69e-13  3.84e-13  3.96e-13  4.12e-13  4.35e-13  4.64e-13  4.98e-13  5.38e-13  5.83e-13
358 28  7   1.87e-13  1.89e-13  2.03e-13  2.06e-13  2.08e-13  2.14e-13  2.23e-13  2.35e-13  2.51e-13  2.69e-13  2.90e-13
359 28  8   3.52e-13  3.54e-13  3.70e-13  3.76e-13  3.82e-13  3.88e-13  3.96e-13  4.05e-13  4.15e-13  4.25e-13  4.35e-13
360 28  9   1.87e-12  1.87e-12  1.89e-12  1.91e-12  1.92e-12  1.94e-12  1.96e-12  1.99e-12  2.02e-12  2.06e-12  2.09e-12
361 28  10  6.97e-12  6.93e-12  6.84e-12  6.84e-12  6.85e-12  6.90e-12  6.97e-12  7.06e-12  7.16e-12  7.27e-12  7.39e-12
362 28  11  2.17e-12  2.16e-12  2.15e-12  2.15e-12  2.16e-12  2.18e-12  2.21e-12  2.24e-12  2.28e-12  2.32e-12  2.36e-12
363 28  12  1.47e-12  1.46e-12  1.46e-12  1.46e-12  1.47e-12  1.49e-12  1.52e-12  1.55e-12  1.59e-12  1.63e-12  1.67e-12
364 28  13  4.52e-13  4.52e-13  4.59e-13  4.65e-13  4.75e-13  4.90e-13  5.08e-13  5.29e-13  5.52e-13  5.77e-13  6.03e-13
365 28  14  5.19e-13  5.26e-13  5.17e-13  4.82e-13  4.57e-13  4.42e-13  4.36e-13  4.35e-13  4.40e-13  4.47e-13  4.58e-13
366 28  15  4.22e-12  4.27e-12  4.44e-12  4.38e-12  4.33e-12  4.33e-12  4.36e-12  4.43e-12  4.52e-12  4.62e-12  4.74e-12
367 28  16  2.49e-11  2.54e-11  2.81e-11  2.92e-11  3.00e-11  3.08e-11  3.17e-11  3.27e-11  3.37e-11  3.48e-11  3.60e-11
368 28  17  3.76e-12  3.80e-12  3.93e-12  3.88e-12  3.84e-12  3.85e-12  3.89e-12  3.95e-12  4.04e-12  4.14e-12  4.25e-12
369 28  18  1.51e-12  1.52e-12  1.48e-12  1.38e-12  1.32e-12  1.28e-12  1.27e-12  1.27e-12  1.29e-12  1.31e-12  1.34e-12
370 28  19  3.54e-13  3.57e-13  3.23e-13  2.81e-13  2.53e-13  2.37e-13  2.28e-13  2.25e-13  2.26e-13  2.31e-13  2.38e-13
371 28  20  2.49e-12  2.52e-12  2.67e-12  2.69e-12  2.68e-12  2.65e-12  2.63e-12  2.60e-12  2.58e-12  2.56e-12  2.53e-12
372 28  21  2.30e-11  2.31e-11  2.42e-11  2.46e-11  2.46e-11  2.44e-11  2.41e-11  2.38e-11  2.36e-11  2.33e-11  2.30e-11
373 28  22  1.30e-10  1.30e-10  1.35e-10  1.38e-10  1.38e-10  1.38e-10  1.37e-10  1.35e-10  1.34e-10  1.32e-10  1.31e-10
374 28  23  1.55e-11  1.56e-11  1.60e-11  1.61e-11  1.61e-11  1.59e-11  1.58e-11  1.56e-11  1.54e-11  1.52e-11  1.50e-11
375 28  24  5.14e-12  5.16e-12  5.30e-12  5.28e-12  5.22e-12  5.15e-12  5.08e-12  5.02e-12  4.96e-12  4.91e-12  4.87e-12
376 28  25  8.68e-13  8.79e-13  9.02e-13  8.76e-13  8.50e-13  8.31e-13  8.19e-13  8.11e-13  8.07e-13  8.05e-13  8.06e-13
377 28  26  2.73e-12  2.84e-12  3.46e-12  3.74e-12  3.98e-12  4.23e-12  4.48e-12  4.72e-12  4.95e-12  5.17e-12  5.37e-12
378 28  27  5.33e-11  5.42e-11  6.15e-11  7.01e-11  7.94e-11  8.86e-11  9.74e-11  1.05e-10  1.13e-10  1.20e-10  1.26e-10
379 29  1   2.96e-13  3.03e-13  3.63e-13  3.96e-13  4.26e-13  4.59e-13  4.98e-13  5.41e-13  5.88e-13  6.38e-13  6.90e-13
380 29  2   1.25e-14  1.41e-14  2.51e-14  3.06e-14  3.50e-14  3.94e-14  4.41e-14  4.91e-14  5.43e-14  5.99e-14  6.56e-14
381 29  3   1.42e-13  1.43e-13  1.49e-13  1.49e-13  1.50e-13  1.53e-13  1.59e-13  1.67e-13  1.77e-13  1.90e-13  2.04e-13
382 29  4   2.10e-13  2.15e-13  2.42e-13  2.50e-13  2.57e-13  2.66e-13  2.80e-13  2.97e-13  3.18e-13  3.43e-13  3.71e-13
383 29  5   8.09e-13  8.37e-13  1.06e-12  1.16e-12  1.23e-12  1.31e-12  1.41e-12  1.53e-12  1.67e-12  1.82e-12  1.99e-12
384 29  6   1.77e-13  1.83e-13  2.16e-13  2.28e-13  2.38e-13  2.50e-13  2.66e-13  2.86e-13  3.09e-13  3.36e-13  3.66e-13
385 29  7   2.40e-14  2.48e-14  2.91e-14  3.05e-14  3.17e-14  3.33e-14  3.53e-14  3.78e-14  4.08e-14  4.43e-14  4.82e-14
386 29  8   9.18e-14  9.31e-14  1.00e-13  1.04e-13  1.09e-13  1.15e-13  1.23e-13  1.32e-13  1.41e-13  1.51e-13  1.62e-13
387 29  9   5.49e-13  5.48e-13  5.50e-13  5.54e-13  5.62e-13  5.75e-13  5.91e-13  6.10e-13  6.31e-13  6.53e-13  6.76e-13
388 29  10  1.44e-12  1.43e-12  1.42e-12  1.42e-12  1.43e-12  1.44e-12  1.46e-12  1.48e-12  1.51e-12  1.54e-12  1.57e-12
389 29  11  9.30e-12  9.25e-12  9.17e-12  9.17e-12  9.20e-12  9.26e-12  9.36e-12  9.49e-12  9.63e-12  9.78e-12  9.94e-12
390 29  12  1.72e-12  1.72e-12  1.75e-12  1.76e-12  1.78e-12  1.80e-12  1.82e-12  1.86e-12  1.89e-12  1.93e-12  1.97e-12
391 29  13  1.70e-13  1.72e-13  1.83e-13  1.88e-13  1.93e-13  1.98e-13  2.04e-13  2.10e-13  2.18e-13  2.25e-13  2.32e-13
392 29  14  1.34e-13  1.35e-13  1.18e-13  9.83e-14  8.54e-14  7.77e-14  7.36e-14  7.20e-14  7.25e-14  7.46e-14  7.82e-14
393 29  15  6.37e-13  6.41e-13  5.87e-13  5.20e-13  4.76e-13  4.48e-13  4.33e-13  4.26e-13  4.27e-13  4.32e-13  4.42e-13
394 29  16  2.23e-12  2.25e-12  2.22e-12  2.12e-12  2.05e-12  2.01e-12  2.00e-12  2.01e-12  2.04e-12  2.07e-12  2.11e-12
395 29  17  2.86e-11  2.91e-11  3.21e-11  3.32e-11  3.41e-11  3.50e-11  3.60e-11  3.71e-11  3.82e-11  3.94e-11  4.07e-11
396 29  18  3.40e-12  3.45e-12  3.55e-12  3.48e-12  3.43e-12  3.42e-12  3.44e-12  3.48e-12  3.55e-12  3.63e-12  3.72e-12
397 29  19  2.61e-13  2.64e-13  2.59e-13  2.40e-13  2.27e-13  2.19e-13  2.16e-13  2.16e-13  2.18e-13  2.22e-13  2.28e-13
398 29  20  3.89e-13  3.97e-13  4.10e-13  3.92e-13  3.77e-13  3.67e-13  3.61e-13  3.59e-13  3.59e-13  3.61e-13  3.65e-13
399 29  21  2.89e-12  2.91e-12  2.99e-12  2.96e-12  2.92e-12  2.88e-12  2.84e-12  2.81e-12  2.78e-12  2.76e-12  2.74e-12
400 29  22  1.14e-11  1.14e-11  1.17e-11  1.18e-11  1.17e-11  1.16e-11  1.14e-11  1.13e-11  1.11e-11  1.10e-11  1.08e-11
401 29  23  1.43e-10  1.43e-10  1.48e-10  1.51e-10  1.52e-10  1.51e-10  1.50e-10  1.49e-10  1.47e-10  1.45e-10  1.43e-10
402 29  24  1.82e-11  1.83e-11  1.91e-11  1.94e-11  1.94e-11  1.92e-11  1.90e-11  1.88e-11  1.86e-11  1.83e-11  1.81e-11
403 29  25  1.28e-12  1.29e-12  1.37e-12  1.38e-12  1.37e-12  1.36e-12  1.34e-12  1.33e-12  1.32e-12  1.31e-12  1.30e-12
404 29  26  2.48e-13  2.81e-13  4.13e-13  3.91e-13  3.49e-13  3.13e-13  2.85e-13  2.65e-13  2.50e-13  2.39e-13  2.31e-13
405 29  27  2.34e-12  2.47e-12  3.08e-12  3.14e-12  3.14e-12  3.15e-12  3.19e-12  3.24e-12  3.31e-12  3.38e-12  3.45e-12
406 29  28  1.93e-11  1.97e-11  2.24e-11  2.49e-11  2.75e-11  3.01e-11  3.26e-11  3.50e-11  3.72e-11  3.92e-11  4.10e-11
407 30  1   1.89e-13  1.95e-13  2.40e-13  2.64e-13  2.85e-13  3.10e-13  3.37e-13  3.67e-13  3.99e-13  4.34e-13  4.70e-13
408 30  2   1.19e-13  1.22e-13  1.48e-13  1.62e-13  1.75e-13  1.89e-13  2.06e-13  2.24e-13  2.43e-13  2.64e-13  2.86e-13
409 30  3   1.13e-13  1.15e-13  1.27e-13  1.30e-13  1.33e-13  1.37e-13  1.44e-13  1.52e-13  1.63e-13  1.75e-13  1.89e-13
410 30  4   2.39e-13  2.43e-13  2.64e-13  2.69e-13  2.73e-13  2.82e-13  2.94e-13  3.12e-13  3.33e-13  3.57e-13  3.86e-13
411 30  5   4.24e-13  4.38e-13  5.37e-13  5.80e-13  6.11e-13  6.47e-13  6.93e-13  7.48e-13  8.13e-13  8.87e-13  9.69e-13
412 30  6   4.35e-13  4.51e-13  5.80e-13  6.42e-13  6.85e-13  7.33e-13  7.90e-13  8.58e-13  9.37e-13  1.03e-12  1.12e-12
413 30  7   1.51e-13  1.56e-13  1.84e-13  1.95e-13  2.03e-13  2.14e-13  2.28e-13  2.45e-13  2.65e-13  2.88e-13  3.13e-13
414 30  8   4.51e-13  4.49e-13  4.45e-13  4.44e-13  4.48e-13  4.54e-13  4.63e-13  4.73e-13  4.85e-13  4.97e-13  5.09e-13
415 30  9   6.27e-13  6.26e-13  6.29e-13  6.32e-13  6.37e-13  6.46e-13  6.57e-13  6.71e-13  6.86e-13  7.03e-13  7.20e-13
416 30  10  1.00e-12  1.00e-12  9.99e-13  1.00e-12  1.01e-12  1.03e-12  1.05e-12  1.08e-12  1.11e-12  1.14e-12  1.17e-12
417 30  11  3.39e-12  3.38e-12  3.40e-12  3.41e-12  3.43e-12  3.47e-12  3.51e-12  3.57e-12  3.63e-12  3.70e-12  3.76e-12
418 30  12  6.02e-12  5.98e-12  5.89e-12  5.89e-12  5.90e-12  5.94e-12  6.00e-12  6.08e-12  6.17e-12  6.26e-12  6.36e-12
419 30  13  1.79e-12  1.79e-12  1.81e-12  1.82e-12  1.83e-12  1.85e-12  1.88e-12  1.91e-12  1.94e-12  1.98e-12  2.02e-12
420 30  14  6.15e-13  6.18e-13  5.70e-13  5.10e-13  4.69e-13  4.43e-13  4.29e-13  4.23e-13  4.23e-13  4.28e-13  4.36e-13
421 30  15  1.32e-12  1.34e-12  1.35e-12  1.31e-12  1.29e-12  1.28e-12  1.28e-12  1.29e-12  1.31e-12  1.34e-12  1.37e-12
422 30  16  1.07e-12  1.07e-12  1.01e-12  9.16e-13  8.55e-13  8.18e-13  7.99e-13  7.93e-13  7.97e-13  8.09e-13  8.27e-13
423 30  17  6.22e-12  6.31e-12  6.67e-12  6.68e-12  6.69e-12  6.75e-12  6.86e-12  7.00e-12  7.17e-12  7.35e-12  7.56e-12
424 30  18  2.23e-11  2.27e-11  2.53e-11  2.64e-11  2.73e-11  2.81e-11  2.90e-11  2.99e-11  3.09e-11  3.19e-11  3.29e-11
425 30  19  3.74e-12  3.79e-12  3.91e-12  3.84e-12  3.79e-12  3.78e-12  3.81e-12  3.86e-12  3.93e-12  4.02e-12  4.12e-12
426 30  20  3.09e-12  3.11e-12  3.20e-12  3.18e-12  3.13e-12  3.09e-12  3.05e-12  3.01e-12  2.98e-12  2.95e-12  2.93e-12
427 30  21  7.33e-12  7.33e-12  7.51e-12  7.58e-12  7.55e-12  7.48e-12  7.38e-12  7.28e-12  7.18e-12  7.08e-12  6.98e-12
428 30  22  4.24e-12  4.27e-12  4.38e-12  4.36e-12  4.30e-12  4.24e-12  4.18e-12  4.13e-12  4.09e-12  4.05e-12  4.02e-12
429 30  23  2.59e-11  2.60e-11  2.71e-11  2.75e-11  2.75e-11  2.73e-11  2.70e-11  2.67e-11  2.64e-11  2.61e-11  2.57e-11
430 30  24  1.16e-10  1.16e-10  1.20e-10  1.23e-10  1.23e-10  1.23e-10  1.22e-10  1.21e-10  1.20e-10  1.18e-10  1.17e-10
431 30  25  2.05e-11  2.06e-11  2.15e-11  2.18e-11  2.18e-11  2.16e-11  2.14e-11  2.11e-11  2.09e-11  2.06e-11  2.03e-11
432 30  26  2.59e-12  2.73e-12  3.37e-12  3.46e-12  3.47e-12  3.50e-12  3.56e-12  3.63e-12  3.71e-12  3.80e-12  3.89e-12
433 30  27  1.60e-11  1.62e-11  1.82e-11  2.05e-11  2.29e-11  2.54e-11  2.78e-11  3.00e-11  3.20e-11  3.38e-11  3.54e-11
434 30  28  3.35e-12  3.51e-12  4.31e-12  4.47e-12  4.55e-12  4.65e-12  4.78e-12  4.92e-12  5.07e-12  5.22e-12  5.36e-12
435 30  29  4.68E-11  4.75E-11  5.40E-11  6.14E-11  6.92E-11  7.71E-11  8.45E-11  9.14E-11  9.78E-11  1.03E-10  1.09E-10
436 31  1   9.89e-14  1.03e-13  1.35e-13  1.52e-13  1.67e-13  1.83e-13  2.00e-13  2.19e-13  2.39e-13  2.61e-13  2.83e-13
437 31  2   2.10e-13  2.14e-13  2.52e-13  2.74e-13  2.94e-13  3.16e-13  3.42e-13  3.71e-13  4.03e-13  4.37e-13  4.72e-13
438 31  3   8.84e-14  9.10e-14  1.08e-13  1.15e-13  1.19e-13  1.24e-13  1.31e-13  1.40e-13  1.51e-13  1.63e-13  1.77e-13
439 31  4   2.64e-13  2.67e-13  2.83e-13  2.85e-13  2.88e-13  2.95e-13  3.07e-13  3.24e-13  3.45e-13  3.70e-13  3.98e-13
440 31  5   1.77e-13  1.83e-13  2.19e-13  2.33e-13  2.44e-13  2.57e-13  2.74e-13  2.95e-13  3.20e-13  3.48e-13  3.80e-13
441 31  6   4.42e-13  4.57e-13  5.64e-13  6.10e-13  6.44e-13  6.83e-13  7.32e-13  7.92e-13  8.61e-13  9.40e-13  1.03e-12
442 31  7   3.91e-13  4.05e-13  5.19e-13  5.73e-13  6.11e-13  6.53e-13  7.04e-13  7.64e-13  8.34e-13  9.13e-13  1.00e-12
443 31  8   5.78e-13  5.75e-13  5.70e-13  5.68e-13  5.69e-13  5.72e-13  5.76e-13  5.83e-13  5.90e-13  5.97e-13  6.05e-13
444 31  9   9.76e-13  9.72e-13  9.62e-13  9.61e-13  9.66e-13  9.77e-13  9.92e-13  1.01e-12  1.03e-12  1.05e-12  1.07e-12
445 31  10  5.26e-13  5.27e-13  5.41e-13  5.50e-13  5.63e-13  5.82e-13  6.05e-13  6.32e-13  6.61e-13  6.93e-13  7.26e-13
446 31  11  8.23e-13  8.25e-13  8.48e-13  8.59e-13  8.70e-13  8.85e-13  9.03e-13  9.23e-13  9.45e-13  9.68e-13  9.91e-13
447 31  12  3.80e-12  3.79e-12  3.80e-12  3.81e-12  3.83e-12  3.87e-12  3.92e-12  3.98e-12  4.04e-12  4.11e-12  4.18e-12
448 31  13  6.57e-12  6.53e-12  6.45e-12  6.45e-12  6.46e-12  6.51e-12  6.57e-12  6.66e-12  6.75e-12  6.86e-12  6.96e-12
449 31  14  1.48e-12  1.49e-12  1.49e-12  1.44e-12  1.40e-12  1.38e-12  1.38e-12  1.39e-12  1.41e-12  1.44e-12  1.47e-12
450 31  15  1.12e-12  1.13e-12  1.07e-12  9.81e-13  9.19e-13  8.82e-13  8.64e-13  8.58e-13  8.63e-13  8.75e-13  8.93e-13
451 31  16  4.02e-13  4.05e-13  3.64e-13  3.14e-13  2.81e-13  2.61e-13  2.51e-13  2.47e-13  2.48e-13  2.53e-13  2.62e-13
452 31  17  8.90e-13  9.02e-13  9.15e-13  8.82e-13  8.59e-13  8.49e-13  8.50e-13  8.58e-13  8.73e-13  8.92e-13  9.16e-13
453 31  18  7.19e-12  7.30e-12  7.73e-12  7.75e-12  7.78e-12  7.86e-12  7.98e-12  8.15e-12  8.35e-12  8.57e-12  8.81e-12
454 31  19  2.42e-11  2.46e-11  2.73e-11  2.83e-11  2.91e-11  2.99e-11  3.08e-11  3.18e-11  3.28e-11  3.38e-11  3.49e-11
455 31  20  8.95e-12  8.95e-12  9.17e-12  9.24e-12  9.20e-12  9.10e-12  8.99e-12  8.87e-12  8.75e-12  8.63e-12  8.52e-12
456 31  21  4.76e-12  4.78e-12  4.91e-12  4.89e-12  4.83e-12  4.76e-12  4.70e-12  4.65e-12  4.60e-12  4.55e-12  4.51e-12
457 31  22  9.69e-13  9.83e-13  1.01e-12  9.83e-13  9.54e-13  9.33e-13  9.20e-13  9.12e-13  9.09e-13  9.09e-13  9.12e-13
458 31  23  2.76e-12  2.78e-12  2.93e-12  2.96e-12  2.95e-12  2.92e-12  2.89e-12  2.86e-12  2.83e-12  2.81e-12  2.78e-12
459 31  24  3.01e-11  3.02e-11  3.16e-11  3.20e-11  3.20e-11  3.18e-11  3.15e-11  3.11e-11  3.07e-11  3.03e-11  3.00e-11
460 31  25  1.30e-10  1.30e-10  1.34e-10  1.37e-10  1.38e-10  1.37e-10  1.36e-10  1.35e-10  1.33e-10  1.32e-10  1.30e-10
461 31  26  1.76e-11  1.79e-11  2.02e-11  2.26e-11  2.51e-11  2.76e-11  3.00e-11  3.22e-11  3.43e-11  3.62e-11  3.79e-11
462 31  27  3.86e-12  4.03e-12  4.91e-12  5.11e-12  5.23e-12  5.38e-12  5.54e-12  5.72e-12  5.91e-12  6.09e-12  6.26e-12
463 31  28  4.74e-13  5.29e-13  7.49e-13  7.21e-13  6.61e-13  6.11e-13  5.74e-13  5.47e-13  5.29e-13  5.17e-13  5.10e-13
464 31  29  2.02E-12  2.10E-12  2.58E-12  2.77E-12  2.94E-12  3.11E-12  3.28E-12  3.44E-12  3.61E-12  3.77E-12  3.91E-12
465 31  30  5.53E-11  5.62E-11  6.38E-11  7.25E-11  8.18E-11  9.12E-11  1.00E-10  1.08E-10  1.16E-10  1.22E-10  1.28E-10
466 32  1   5.02e-14  5.11e-14  6.00e-14  6.54e-14  7.12e-14  7.89e-14  8.89e-14  1.01e-13  1.17e-13  1.34e-13  1.54e-13
467 32  2   3.03e-15  3.25e-15  4.56e-15  5.25e-15  5.94e-15  6.78e-15  7.81e-15  9.05e-15  1.05e-14  1.22e-14  1.41e-14
468 32  3   1.27e-13  1.29e-13  1.41e-13  1.50e-13  1.60e-13  1.72e-13  1.85e-13  1.99e-13  2.15e-13  2.31e-13  2.48e-13
469 32  4   1.18e-13  1.21e-13  1.40e-13  1.53e-13  1.65e-13  1.77e-13  1.91e-13  2.06e-13  2.23e-13  2.40e-13  2.57e-13
470 32  5   2.31e-13  2.35e-13  2.66e-13  2.91e-13  3.18e-13  3.47e-13  3.81e-13  4.17e-13  4.56e-13  4.97e-13  5.40e-13
471 32  6   9.04e-14  9.22e-14  1.06e-13  1.15e-13  1.23e-13  1.33e-13  1.43e-13  1.54e-13  1.66e-13  1.78e-13  1.92e-13
472 32  7   1.99e-14  2.03e-14  2.34e-14  2.54e-14  2.73e-14  2.94e-14  3.18e-14  3.43e-14  3.71e-14  4.00e-14  4.30e-14
473 32  8   5.26e-13  5.32e-13  6.07e-13  6.63e-13  7.17e-13  7.75e-13  8.42e-13  9.17e-13  1.00e-12  1.09e-12  1.19e-12
474 32  9   5.98e-13  6.05e-13  6.77e-13  7.26e-13  7.73e-13  8.28e-13  8.91e-13  9.64e-13  1.05e-12  1.14e-12  1.23e-12
475 32  10  2.51e-13  2.55e-13  2.82e-13  2.97e-13  3.11e-13  3.28e-13  3.50e-13  3.75e-13  4.04e-13  4.36e-13  4.71e-13
476 32  11  1.33e-13  1.34e-13  1.40e-13  1.41e-13  1.44e-13  1.50e-13  1.58e-13  1.69e-13  1.82e-13  1.97e-13  2.15e-13
477 32  12  2.59e-13  2.61e-13  2.77e-13  2.86e-13  2.96e-13  3.10e-13  3.28e-13  3.50e-13  3.75e-13  4.03e-13  4.35e-13
478 32  13  1.56e-13  1.57e-13  1.72e-13  1.82e-13  1.93e-13  2.06e-13  2.21e-13  2.38e-13  2.58e-13  2.79e-13  3.03e-13
479 32  14  7.12e-12  7.13e-12  7.08e-12  7.02e-12  7.00e-12  7.04e-12  7.10e-12  7.17e-12  7.26e-12  7.36e-12  7.46e-12
480 32  15  4.17e-12  4.19e-12  4.21e-12  4.18e-12  4.18e-12  4.21e-12  4.25e-12  4.30e-12  4.36e-12  4.42e-12  4.48e-12
481 32  16  9.72e-13  9.78e-13  1.00e-12  1.00e-12  1.01e-12  1.02e-12  1.04e-12  1.06e-12  1.08e-12  1.10e-12  1.12e-12
482 32  17  3.36e-13  3.38e-13  3.42e-13  3.42e-13  3.46e-13  3.53e-13  3.64e-13  3.76e-13  3.91e-13  4.07e-13  4.24e-13
483 32  18  1.19e-12  1.19e-12  1.19e-12  1.18e-12  1.18e-12  1.19e-12  1.21e-12  1.23e-12  1.25e-12  1.28e-12  1.30e-12
484 32  19  1.28e-12  1.29e-12  1.28e-12  1.27e-12  1.27e-12  1.27e-12  1.29e-12  1.30e-12  1.32e-12  1.33e-12  1.35e-12
485 32  20  2.88e-11  2.88e-11  3.04e-11  3.11e-11  3.17e-11  3.23e-11  3.32e-11  3.41e-11  3.51e-11  3.61e-11  3.72e-11
486 32  21  8.30e-12  8.31e-12  8.50e-12  8.43e-12  8.40e-12  8.45e-12  8.56e-12  8.72e-12  8.91e-12  9.13e-12  9.37e-12
487 32  22  1.05e-12  1.06e-12  1.04e-12  9.91e-13  9.55e-13  9.37e-13  9.33e-13  9.39e-13  9.52e-13  9.71e-13  9.94e-13
488 32  23  2.60e-13  2.64e-13  2.41e-13  2.07e-13  1.84e-13  1.70e-13  1.62e-13  1.57e-13  1.56e-13  1.58e-13  1.61e-13
489 32  24  1.30e-12  1.30e-12  1.24e-12  1.15e-12  1.09e-12  1.06e-12  1.05e-12  1.05e-12  1.06e-12  1.07e-12  1.10e-12
490 32  25  2.71e-12  2.70e-12  2.71e-12  2.66e-12  2.63e-12  2.62e-12  2.65e-12  2.69e-12  2.74e-12  2.80e-12  2.87e-12
491 32  26  1.15e-10  1.18e-10  1.32e-10  1.36e-10  1.37e-10  1.37e-10  1.36e-10  1.34e-10  1.33e-10  1.32e-10  1.30e-10
492 32  27  2.79e-11  2.87e-11  3.24e-11  3.31e-11  3.31e-11  3.28e-11  3.25e-11  3.21e-11  3.17e-11  3.13e-11  3.09e-11
493 32  28  2.76e-12  2.85e-12  3.22e-12  3.25e-12  3.22e-12  3.18e-12  3.14e-12  3.10e-12  3.07e-12  3.04e-12  3.01e-12
494 32  29  4.66e-13  4.84e-13  5.33e-13  5.13e-13  4.91e-13  4.75e-13  4.64e-13  4.56e-13  4.51e-13  4.49e-13  4.48e-13
495 32  30  3.63e-12  3.74e-12  4.14e-12  4.13e-12  4.06e-12  3.99e-12  3.93e-12  3.87e-12  3.82e-12  3.78e-12  3.74e-12
496 32  31  9.69e-12  9.95e-12  1.11e-11  1.13e-11  1.12e-11  1.11e-11  1.10e-11  1.08e-11  1.07e-11  1.06e-11  1.04e-11
497 33  1   3.78e-14  3.86e-14  4.56e-14  4.99e-14  5.45e-14  6.05e-14  6.83e-14  7.79e-14  8.96e-14  1.03e-13  1.19e-13
498 33  2   1.55e-14  1.58e-14  1.89e-14  2.07e-14  2.27e-14  2.52e-14  2.85e-14  3.26e-14  3.75e-14  4.32e-14  4.97e-14
499 33  3   8.88e-14  9.01e-14  1.01e-13  1.09e-13  1.16e-13  1.25e-13  1.34e-13  1.45e-13  1.56e-13  1.68e-13  1.81e-13
500 33  4   1.57e-13  1.59e-13  1.80e-13  1.95e-13  2.09e-13  2.24e-13  2.42e-13  2.60e-13  2.81e-13  3.02e-13  3.25e-13
501 33  5   1.83e-13  1.86e-13  2.12e-13  2.31e-13  2.50e-13  2.72e-13  2.96e-13  3.23e-13  3.51e-13  3.81e-13  4.12e-13
502 33  6   1.03e-13  1.05e-13  1.19e-13  1.30e-13  1.42e-13  1.56e-13  1.71e-13  1.88e-13  2.06e-13  2.26e-13  2.46e-13
503 33  7   5.56e-14  5.67e-14  6.50e-14  7.05e-14  7.57e-14  8.14e-14  8.76e-14  9.44e-14  1.02e-13  1.09e-13  1.18e-13
504 33  8   2.06e-13  2.08e-13  2.28e-13  2.39e-13  2.51e-13  2.66e-13  2.83e-13  3.04e-13  3.27e-13  3.53e-13  3.81e-13
505 33  9   5.91e-13  5.98e-13  6.84e-13  7.48e-13  8.08e-13  8.74e-13  9.49e-13  1.03e-12  1.13e-12  1.23e-12  1.34e-12
506 33  10  5.79e-13  5.86e-13  6.54e-13  6.99e-13  7.42e-13  7.92e-13  8.51e-13  9.19e-13  9.95e-13  1.08e-12  1.17e-12
507 33  11  2.61e-13  2.63e-13  2.78e-13  2.86e-13  2.96e-13  3.09e-13  3.27e-13  3.49e-13  3.74e-13  4.03e-13  4.35e-13
508 33  12  1.11e-13  1.12e-13  1.23e-13  1.31e-13  1.40e-13  1.50e-13  1.62e-13  1.76e-13  1.92e-13  2.10e-13  2.30e-13
509 33  13  1.76e-13  1.77e-13  1.87e-13  1.92e-13  1.98e-13  2.07e-13  2.18e-13  2.32e-13  2.49e-13  2.67e-13  2.87e-13
510 33  14  1.98e-12  1.99e-12  2.02e-12  2.01e-12  2.01e-12  2.02e-12  2.04e-12  2.07e-12  2.10e-12  2.13e-12  2.16e-12
511 33  15  6.54e-12  6.54e-12  6.49e-12  6.43e-12  6.42e-12  6.45e-12  6.50e-12  6.58e-12  6.66e-12  6.75e-12  6.85e-12
512 33  16  3.75e-12  3.76e-12  3.79e-12  3.77e-12  3.77e-12  3.79e-12  3.83e-12  3.88e-12  3.94e-12  4.00e-12  4.06e-12
513 33  17  1.09e-12  1.09e-12  1.10e-12  1.09e-12  1.09e-12  1.10e-12  1.12e-12  1.14e-12  1.16e-12  1.19e-12  1.22e-12
514 33  18  8.61e-13  8.63e-13  8.63e-13  8.56e-13  8.55e-13  8.59e-13  8.67e-13  8.77e-13  8.90e-13  9.04e-13  9.18e-13
515 33  19  8.55e-13  8.57e-13  8.58e-13  8.51e-13  8.52e-13  8.60e-13  8.72e-13  8.87e-13  9.05e-13  9.24e-13  9.43e-13
516 33  20  4.25e-12  4.25e-12  4.26e-12  4.15e-12  4.07e-12  4.05e-12  4.07e-12  4.11e-12  4.19e-12  4.27e-12  4.38e-12
517 33  21  2.67e-11  2.68e-11  2.83e-11  2.91e-11  2.97e-11  3.04e-11  3.12e-11  3.21e-11  3.31e-11  3.41e-11  3.51e-11
518 33  22  7.19e-12  7.20e-12  7.35e-12  7.27e-12  7.24e-12  7.27e-12  7.36e-12  7.49e-12  7.65e-12  7.84e-12  8.05e-12
519 33  23  1.16e-12  1.16e-12  1.10e-12  1.02e-12  9.64e-13  9.33e-13  9.19e-13  9.18e-13  9.25e-13  9.40e-13  9.60e-13
520 33  24  2.13e-12  2.13e-12  2.15e-12  2.13e-12  2.12e-12  2.13e-12  2.16e-12  2.20e-12  2.25e-12  2.30e-12  2.36e-12
521 33  25  9.81e-13  9.81e-13  9.32e-13  8.61e-13  8.14e-13  7.87e-13  7.75e-13  7.74e-13  7.80e-13  7.92e-13  8.09e-13
522 33  26  1.92e-11  1.97e-11  2.23e-11  2.27e-11  2.27e-11  2.25e-11  2.22e-11  2.20e-11  2.17e-11  2.14e-11  2.11e-11
523 33  27  1.02e-10  1.05e-10  1.17e-10  1.21e-10  1.22e-10  1.22e-10  1.21e-10  1.20e-10  1.19e-10  1.18e-10  1.16e-10
524 33  28  2.40e-11  2.47e-11  2.79e-11  2.85e-11  2.85e-11  2.83e-11  2.80e-11  2.76e-11  2.73e-11  2.69e-11  2.66e-11
525 33  29  3.17e-12  3.26e-12  3.61e-12  3.60e-12  3.53e-12  3.47e-12  3.41e-12  3.36e-12  3.32e-12  3.28e-12  3.25e-12
526 33  30  7.60e-12  7.80e-12  8.69e-12  8.87e-12  8.86e-12  8.79e-12  8.69e-12  8.58e-12  8.47e-12  8.36e-12  8.26e-12
527 33  31  3.03e-12  3.12e-12  3.45e-12  3.44e-12  3.39e-12  3.33e-12  3.27e-12  3.23e-12  3.18e-12  3.15e-12  3.12e-12
528 33  32  5.06e-11  5.13e-11  5.63e-11  6.30e-11  7.05e-11  7.81e-11  8.54e-11  9.21e-11  9.82e-11  1.04e-10  1.09e-10
529 34  1   2.30e-14  2.37e-14  2.87e-14  3.16e-14  3.47e-14  3.87e-14  4.38e-14  5.02e-14  5.78e-14  6.66e-14  7.68e-14
530 34  2   3.02e-14  3.07e-14  3.59e-14  3.90e-14  4.25e-14  4.70e-14  5.29e-14  6.03e-14  6.93e-14  7.98e-14  9.18e-14
531 34  3   4.34e-14  4.47e-14  5.40e-14  5.95e-14  6.44e-14  6.95e-14  7.51e-14  8.10e-14  8.74e-14  9.41e-14  1.01e-13
532 34  4   2.02e-13  2.05e-13  2.27e-13  2.44e-13  2.61e-13  2.80e-13  3.01e-13  3.24e-13  3.50e-13  3.77e-13  4.05e-13
533 34  5   1.17e-13  1.20e-13  1.37e-13  1.49e-13  1.61e-13  1.74e-13  1.88e-13  2.04e-13  2.21e-13  2.39e-13  2.57e-13
534 34  6   1.40e-13  1.42e-13  1.62e-13  1.76e-13  1.91e-13  2.08e-13  2.27e-13  2.47e-13  2.69e-13  2.93e-13  3.17e-13
535 34  7   8.44e-14  8.58e-14  9.70e-14  1.06e-13  1.16e-13  1.28e-13  1.40e-13  1.54e-13  1.69e-13  1.84e-13  2.01e-13
536 34  8   3.73e-14  3.80e-14  4.20e-14  4.33e-14  4.45e-14  4.62e-14  4.86e-14  5.16e-14  5.51e-14  5.91e-14  6.36e-14
537 34  9   2.46e-13  2.49e-13  2.73e-13  2.86e-13  2.99e-13  3.15e-13  3.35e-13  3.59e-13  3.86e-13  4.17e-13  4.50e-13
538 34  10  1.09e-12  1.11e-12  1.25e-12  1.36e-12  1.46e-12  1.57e-12  1.70e-12  1.85e-12  2.01e-12  2.19e-12  2.38e-12
539 34  11  3.07e-13  3.09e-13  3.34e-13  3.50e-13  3.68e-13  3.89e-13  4.15e-13  4.46e-13  4.80e-13  5.19e-13  5.62e-13
540 34  12  1.90e-13  1.91e-13  2.01e-13  2.06e-13  2.12e-13  2.21e-13  2.33e-13  2.48e-13  2.66e-13  2.86e-13  3.09e-13
541 34  13  5.09e-14  5.13e-14  5.34e-14  5.35e-14  5.43e-14  5.61e-14  5.91e-14  6.32e-14  6.83e-14  7.44e-14  8.15e-14
542 34  14  2.25e-13  2.27e-13  2.38e-13  2.40e-13  2.44e-13  2.48e-13  2.54e-13  2.61e-13  2.68e-13  2.76e-13  2.84e-13
543 34  15  1.93e-12  1.94e-12  1.97e-12  1.96e-12  1.97e-12  1.98e-12  2.00e-12  2.03e-12  2.06e-12  2.09e-12  2.13e-12
544 34  16  1.01e-11  1.01e-11  1.01e-11  1.00e-11  9.99e-12  1.00e-11  1.01e-11  1.02e-11  1.04e-11  1.05e-11  1.07e-11
545 34  17  1.83e-12  1.84e-12  1.83e-12  1.82e-12  1.82e-12  1.82e-12  1.84e-12  1.87e-12  1.89e-12  1.92e-12  1.95e-12
546 34  18  8.20e-13  8.22e-13  8.25e-13  8.19e-13  8.21e-13  8.30e-13  8.43e-13  8.60e-13  8.79e-13  8.99e-13  9.21e-13
547 34  19  1.54e-13  1.55e-13  1.58e-13  1.58e-13  1.61e-13  1.65e-13  1.71e-13  1.78e-13  1.86e-13  1.95e-13  2.04e-13
548 34  20  3.20e-13  3.23e-13  3.10e-13  2.82e-13  2.63e-13  2.52e-13  2.46e-13  2.45e-13  2.46e-13  2.50e-13  2.55e-13
549 34  21  3.87e-12  3.88e-12  3.88e-12  3.77e-12  3.69e-12  3.67e-12  3.68e-12  3.72e-12  3.79e-12  3.86e-12  3.96e-12
550 34  22  3.39e-11  3.40e-11  3.58e-11  3.64e-11  3.71e-11  3.78e-11  3.87e-11  3.98e-11  4.09e-11  4.21e-11  4.33e-11
551 34  23  3.21e-12  3.21e-12  3.19e-12  3.11e-12  3.06e-12  3.04e-12  3.06e-12  3.10e-12  3.16e-12  3.23e-12  3.31e-12
552 34  24  9.06e-13  9.08e-13  8.59e-13  7.90e-13  7.44e-13  7.17e-13  7.05e-13  7.02e-13  7.07e-13  7.18e-13  7.33e-13
553 34  25  1.50e-13  1.52e-13  1.38e-13  1.17e-13  1.02e-13  9.34e-14  8.82e-14  8.54e-14  8.45e-14  8.51e-14  8.69e-14
554 34  26  1.32e-12  1.37e-12  1.55e-12  1.55e-12  1.53e-12  1.51e-12  1.49e-12  1.47e-12  1.46e-12  1.44e-12  1.43e-12
555 34  27  1.71e-11  1.76e-11  1.99e-11  2.03e-11  2.02e-11  2.00e-11  1.98e-11  1.96e-11  1.93e-11  1.91e-11  1.88e-11
556 34  28  1.27e-10  1.30e-10  1.46e-10  1.50e-10  1.51e-10  1.51e-10  1.50e-10  1.49e-10  1.47e-10  1.45e-10  1.44e-10
557 34  29  1.07e-11  1.10e-11  1.23e-11  1.25e-11  1.24e-11  1.23e-11  1.21e-11  1.20e-11  1.18e-11  1.17e-11  1.15e-11
558 34  30  2.71e-12  2.80e-12  3.09e-12  3.08e-12  3.03e-12  2.97e-12  2.93e-12  2.88e-12  2.85e-12  2.81e-12  2.79e-12
559 34  31  3.33e-13  3.46e-13  3.81e-13  3.66e-13  3.51e-13  3.39e-13  3.31e-13  3.26e-13  3.22e-13  3.21e-13  3.20e-13
560 34  32  1.69e-12  1.76e-12  2.07e-12  2.19e-12  2.29e-12  2.39e-12  2.50e-12  2.61e-12  2.71e-12  2.81e-12  2.91e-12
561 34  33  4.40e-11  4.46e-11  4.91e-11  5.49e-11  6.14e-11  6.79e-11  7.42e-11  8.00e-11  8.53e-11  9.02e-11  9.46e-11
562 35  1   5.12e-14  5.21e-14  6.02e-14  6.51e-14  7.07e-14  7.83e-14  8.83e-14  1.01e-13  1.16e-13  1.33e-13  1.54e-13
563 35  2   2.04e-15  2.30e-15  4.05e-15  4.96e-15  5.78e-15  6.70e-15  7.80e-15  9.12e-15  1.07e-14  1.25e-14  1.45e-14
564 35  3   6.47e-14  6.55e-14  7.29e-14  7.92e-14  8.67e-14  9.54e-14  1.05e-13  1.16e-13  1.28e-13  1.40e-13  1.53e-13
565 35  4   8.81e-14  9.01e-14  1.04e-13  1.14e-13  1.24e-13  1.35e-13  1.47e-13  1.60e-13  1.75e-13  1.90e-13  2.05e-13
566 35  5   3.51e-13  3.57e-13  3.97e-13  4.26e-13  4.56e-13  4.90e-13  5.29e-13  5.72e-13  6.18e-13  6.67e-13  7.18e-13
567 35  6   7.27e-14  7.44e-14  8.68e-14  9.51e-14  1.03e-13  1.13e-13  1.23e-13  1.34e-13  1.46e-13  1.58e-13  1.71e-13
568 35  7   9.84e-15  1.01e-14  1.24e-14  1.40e-14  1.56e-14  1.73e-14  1.92e-14  2.13e-14  2.35e-14  2.58e-14  2.83e-14
569 35  8   8.70e-15  8.90e-15  9.61e-15  9.64e-15  9.87e-15  1.04e-14  1.13e-14  1.25e-14  1.40e-14  1.58e-14  1.80e-14
570 35  9   5.83e-14  5.86e-14  5.96e-14  5.88e-14  5.90e-14  6.04e-14  6.30e-14  6.66e-14  7.12e-14  7.67e-14  8.30e-14
571 35  10  1.83e-13  1.83e-13  1.88e-13  1.90e-13  1.94e-13  2.01e-13  2.11e-13  2.23e-13  2.38e-13  2.55e-13  2.74e-13
572 35  11  1.43e-12  1.45e-12  1.62e-12  1.74e-12  1.86e-12  2.00e-12  2.17e-12  2.35e-12  2.56e-12  2.79e-12  3.03e-12
573 35  12  2.21e-13  2.24e-13  2.43e-13  2.51e-13  2.61e-13  2.74e-13  2.91e-13  3.12e-13  3.35e-13  3.62e-13  3.90e-13
574 35  13  1.82e-14  1.86e-14  2.07e-14  2.12e-14  2.19e-14  2.28e-14  2.41e-14  2.58e-14  2.77e-14  3.00e-14  3.26e-14
575 35  14  3.83e-14  3.88e-14  4.07e-14  4.14e-14  4.28e-14  4.51e-14  4.81e-14  5.16e-14  5.56e-14  6.00e-14  6.48e-14
576 35  15  3.05e-13  3.06e-13  3.08e-13  3.06e-13  3.08e-13  3.13e-13  3.21e-13  3.31e-13  3.43e-13  3.55e-13  3.67e-13
577 35  16  1.14e-12  1.14e-12  1.14e-12  1.12e-12  1.11e-12  1.12e-12  1.13e-12  1.15e-12  1.17e-12  1.19e-12  1.21e-12
578 35  17  1.19e-11  1.19e-11  1.18e-11  1.17e-11  1.16e-11  1.17e-11  1.18e-11  1.19e-11  1.21e-11  1.23e-11  1.25e-11
579 35  18  1.61e-12  1.62e-12  1.64e-12  1.63e-12  1.63e-12  1.65e-12  1.67e-12  1.69e-12  1.72e-12  1.76e-12  1.79e-12
580 35  19  1.15e-13  1.16e-13  1.21e-13  1.22e-13  1.24e-13  1.27e-13  1.30e-13  1.34e-13  1.39e-13  1.44e-13  1.48e-13
581 35  20  6.39e-14  6.61e-14  5.92e-14  4.74e-14  3.97e-14  3.48e-14  3.19e-14  3.02e-14  2.95e-14  2.96e-14  3.03e-14
582 35  21  3.95e-13  3.97e-13  3.58e-13  3.09e-13  2.77e-13  2.57e-13  2.46e-13  2.40e-13  2.39e-13  2.41e-13  2.46e-13
583 35  22  1.85e-12  1.85e-12  1.77e-12  1.66e-12  1.59e-12  1.55e-12  1.53e-12  1.54e-12  1.55e-12  1.58e-12  1.61e-12
584 35  23  3.68e-11  3.69e-11  3.86e-11  3.90e-11  3.96e-11  4.03e-11  4.13e-11  4.24e-11  4.36e-11  4.49e-11  4.63e-11
585 35  24  3.09e-12  3.10e-12  3.07e-12  2.96e-12  2.88e-12  2.86e-12  2.86e-12  2.89e-12  2.94e-12  3.01e-12  3.08e-12
586 35  25  1.74e-13  1.76e-13  1.68e-13  1.52e-13  1.41e-13  1.35e-13  1.32e-13  1.31e-13  1.31e-13  1.33e-13  1.36e-13
587 35  26  1.61e-13  1.69e-13  1.85e-13  1.74e-13  1.64e-13  1.57e-13  1.52e-13  1.50e-13  1.49e-13  1.48e-13  1.49e-13
588 35  27  1.59e-12  1.64e-12  1.80e-12  1.78e-12  1.73e-12  1.69e-12  1.66e-12  1.64e-12  1.62e-12  1.61e-12  1.60e-12
589 35  28  8.00e-12  8.22e-12  9.09e-12  9.15e-12  9.06e-12  8.95e-12  8.83e-12  8.72e-12  8.60e-12  8.50e-12  8.39e-12
590 35  29  1.35e-10  1.38e-10  1.55e-10  1.59e-10  1.59e-10  1.59e-10  1.58e-10  1.56e-10  1.55e-10  1.53e-10  1.51e-10
591 35  30  1.36e-11  1.40e-11  1.58e-11  1.60e-11  1.59e-11  1.58e-11  1.56e-11  1.54e-11  1.52e-11  1.50e-11  1.49e-11
592 35  31  7.39e-13  7.64e-13  8.60e-13  8.59e-13  8.45e-13  8.32e-13  8.21e-13  8.12e-13  8.04e-13  7.97e-13  7.91e-13
593 35  32  1.43e-13  1.62e-13  2.33e-13  2.18e-13  1.93e-13  1.70e-13  1.53e-13  1.40e-13  1.29e-13  1.22e-13  1.16e-13
594 35  33  1.60e-12  1.68e-12  1.99e-12  2.00e-12  1.97e-12  1.94e-12  1.94e-12  1.95e-12  1.96e-12  1.99e-12  2.01e-12
595 35  34  1.60e-11  1.62e-11  1.78e-11  1.94e-11  2.13e-11  2.31e-11  2.49e-11  2.66e-11  2.81e-11  2.96e-11  3.09e-11
596 36  1   3.31e-14  3.38e-14  4.03e-14  4.42e-14  4.84e-14  5.38e-14  6.07e-14  6.94e-14  7.98e-14  9.20e-14  1.06e-13
597 36  2   2.02e-14  2.06e-14  2.42e-14  2.64e-14  2.88e-14  3.19e-14  3.60e-14  4.11e-14  4.72e-14  5.44e-14  6.26e-14
598 36  3   4.88e-14  4.98e-14  5.71e-14  6.26e-14  6.82e-14  7.45e-14  8.15e-14  8.90e-14  9.71e-14  1.06e-13  1.15e-13
599 36  4   1.04e-13  1.06e-13  1.21e-13  1.32e-13  1.44e-13  1.58e-13  1.73e-13  1.89e-13  2.07e-13  2.25e-13  2.45e-13
600 36  5   1.84e-13  1.87e-13  2.13e-13  2.32e-13  2.50e-13  2.70e-13  2.93e-13  3.17e-13  3.44e-13  3.71e-13  4.01e-13
601 36  6   1.90e-13  1.92e-13  2.13e-13  2.29e-13  2.45e-13  2.63e-13  2.83e-13  3.05e-13  3.29e-13  3.55e-13  3.82e-13
602 36  7   6.08e-14  6.22e-14  7.23e-14  7.92e-14  8.59e-14  9.32e-14  1.01e-13  1.10e-13  1.19e-13  1.29e-13  1.39e-13
603 36  8   4.80e-14  4.81e-14  4.86e-14  4.80e-14  4.80e-14  4.89e-14  5.06e-14  5.29e-14  5.59e-14  5.95e-14  6.36e-14
604 36  9   8.50e-14  8.53e-14  8.95e-14  9.19e-14  9.51e-14  9.96e-14  1.05e-13  1.13e-13  1.21e-13  1.31e-13  1.42e-13
605 36  10  1.17e-13  1.17e-13  1.20e-13  1.20e-13  1.22e-13  1.26e-13  1.31e-13  1.39e-13  1.48e-13  1.59e-13  1.71e-13
606 36  11  4.96e-13  5.01e-13  5.55e-13  5.88e-13  6.21e-13  6.60e-13  7.07e-13  7.62e-13  8.23e-13  8.92e-13  9.66e-13
607 36  12  9.51e-13  9.62e-13  1.09e-12  1.19e-12  1.28e-12  1.38e-12  1.49e-12  1.63e-12  1.77e-12  1.93e-12  2.10e-12
608 36  13  2.27e-13  2.30e-13  2.50e-13  2.60e-13  2.70e-13  2.84e-13  3.02e-13  3.22e-13  3.46e-13  3.73e-13  4.02e-13
609 36  14  3.05e-13  3.06e-13  3.08e-13  3.06e-13  3.08e-13  3.13e-13  3.19e-13  3.28e-13  3.37e-13  3.47e-13  3.58e-13
610 36  15  6.41e-13  6.43e-13  6.42e-13  6.34e-13  6.32e-13  6.34e-13  6.38e-13  6.45e-13  6.53e-13  6.62e-13  6.72e-13
611 36  16  5.36e-13  5.37e-13  5.40e-13  5.37e-13  5.39e-13  5.47e-13  5.57e-13  5.71e-13  5.86e-13  6.02e-13  6.19e-13
612 36  17  3.03e-12  3.04e-12  3.06e-12  3.05e-12  3.05e-12  3.07e-12  3.11e-12  3.15e-12  3.20e-12  3.25e-12  3.31e-12
613 36  18  8.82e-12  8.83e-12  8.78e-12  8.70e-12  8.69e-12  8.73e-12  8.80e-12  8.90e-12  9.01e-12  9.13e-12  9.26e-12
614 36  19  1.74e-12  1.75e-12  1.77e-12  1.77e-12  1.77e-12  1.79e-12  1.81e-12  1.84e-12  1.87e-12  1.90e-12  1.93e-12
615 36  20  4.09e-13  4.09e-13  3.70e-13  3.23e-13  2.91e-13  2.72e-13  2.60e-13  2.55e-13  2.53e-13  2.55e-13  2.60e-13
616 36  21  1.27e-12  1.26e-12  1.23e-12  1.18e-12  1.15e-12  1.13e-12  1.13e-12  1.14e-12  1.15e-12  1.17e-12  1.19e-12
617 36  22  6.33e-13  6.34e-13  5.83e-13  5.20e-13  4.77e-13  4.51e-13  4.37e-13  4.30e-13  4.30e-13  4.35e-13  4.43e-13
618 36  23  5.56e-12  5.57e-12  5.66e-12  5.58e-12  5.53e-12  5.54e-12  5.60e-12  5.70e-12  5.82e-12  5.96e-12  6.11e-12
619 36  24  3.11e-11  3.12e-11  3.29e-11  3.36e-11  3.42e-11  3.50e-11  3.59e-11  3.69e-11  3.79e-11  3.91e-11  4.02e-11
620 36  25  3.42e-12  3.42e-12  3.41e-12  3.30e-12  3.23e-12  3.20e-12  3.20e-12  3.24e-12  3.29e-12  3.36e-12  3.44e-12
621 36  26  1.73e-12  1.78e-12  1.97e-12  1.95e-12  1.90e-12  1.87e-12  1.83e-12  1.81e-12  1.78e-12  1.77e-12  1.75e-12
622 36  27  5.78e-12  5.93e-12  6.59e-12  6.70e-12  6.67e-12  6.60e-12  6.52e-12  6.43e-12  6.34e-12  6.25e-12  6.17e-12
623 36  28  2.25e-12  2.32e-12  2.56e-12  2.54e-12  2.49e-12  2.44e-12  2.40e-12  2.37e-12  2.34e-12  2.31e-12  2.29e-12
624 36  29  1.87e-11  1.93e-11  2.17e-11  2.21e-11  2.21e-11  2.19e-11  2.17e-11  2.14e-11  2.12e-11  2.09e-11  2.07e-11
625 36  30  1.15e-10  1.18e-10  1.33e-10  1.37e-10  1.38e-10  1.38e-10  1.37e-10  1.35e-10  1.34e-10  1.33e-10  1.31e-10
626 36  31  1.52e-11  1.57e-11  1.77e-11  1.80e-11  1.80e-11  1.78e-11  1.76e-11  1.74e-11  1.71e-11  1.69e-11  1.67e-11
627 36  32  1.77e-12  1.85e-12  2.18e-12  2.19e-12  2.16e-12  2.15e-12  2.15e-12  2.16e-12  2.19e-12  2.21e-12  2.25e-12
628 36  33  1.38e-11  1.39e-11  1.51e-11  1.67e-11  1.85e-11  2.03e-11  2.20e-11  2.37e-11  2.51e-11  2.65e-11  2.77e-11
629 36  34  2.20e-12  2.30e-12  2.69e-12  2.74e-12  2.74e-12  2.76e-12  2.80e-12  2.85e-12  2.90e-12  2.96e-12  3.03e-12
630 36  35  3.91E-11  3.97E-11  4.35E-11  4.86E-11  5.42E-11  5.99E-11  6.53E-11  7.03E-11  7.49E-11  7.91E-11  8.30E-11
631 37  1   1.74e-14  1.80e-14  2.29e-14  2.57e-14  2.84e-14  3.19e-14  3.63e-14  4.17e-14  4.81e-14  5.57e-14  6.43e-14
632 37  2   3.59e-14  3.64e-14  4.17e-14  4.50e-14  4.87e-14  5.38e-14  6.05e-14  6.88e-14  7.89e-14  9.07e-14  1.04e-13
633 37  3   3.51e-14  3.61e-14  4.32e-14  4.76e-14  5.15e-14  5.56e-14  6.01e-14  6.49e-14  7.01e-14  7.56e-14  8.13e-14
634 37  4   1.18e-13  1.20e-13  1.35e-13  1.47e-13  1.61e-13  1.77e-13  1.94e-13  2.13e-13  2.34e-13  2.55e-13  2.78e-13
635 37  5   7.66e-14  7.84e-14  9.18e-14  1.01e-13  1.10e-13  1.20e-13  1.31e-13  1.43e-13  1.56e-13  1.70e-13  1.84e-13
636 37  6   1.88e-13  1.91e-13  2.17e-13  2.35e-13  2.53e-13  2.73e-13  2.95e-13  3.19e-13  3.44e-13  3.72e-13  4.00e-13
637 37  7   1.69e-13  1.71e-13  1.90e-13  2.04e-13  2.18e-13  2.33e-13  2.51e-13  2.71e-13  2.92e-13  3.14e-13  3.37e-13
638 37  8   7.80e-14  7.82e-14  8.11e-14  8.29e-14  8.53e-14  8.89e-14  9.35e-14  9.92e-14  1.06e-13  1.13e-13  1.21e-13
639 37  9   1.14e-13  1.15e-13  1.17e-13  1.18e-13  1.19e-13  1.22e-13  1.28e-13  1.34e-13  1.42e-13  1.52e-13  1.63e-13
640 37  10  5.71e-14  5.77e-14  6.00e-14  5.99e-14  6.08e-14  6.29e-14  6.63e-14  7.10e-14  7.70e-14  8.41e-14  9.23e-14
641 37  11  1.13e-13  1.15e-13  1.27e-13  1.33e-13  1.39e-13  1.46e-13  1.56e-13  1.67e-13  1.80e-13  1.94e-13  2.10e-13
642 37  12  5.48e-13  5.54e-13  6.13e-13  6.51e-13  6.88e-13  7.32e-13  7.85e-13  8.46e-13  9.15e-13  9.91e-13  1.07e-12
643 37  13  1.01e-12  1.02e-12  1.16e-12  1.25e-12  1.34e-12  1.44e-12  1.56e-12  1.70e-12  1.85e-12  2.01e-12  2.19e-12
644 37  14  7.46e-13  7.47e-13  7.45e-13  7.36e-13  7.34e-13  7.36e-13  7.41e-13  7.49e-13  7.58e-13  7.68e-13  7.79e-13
645 37  15  5.74e-13  5.75e-13  5.77e-13  5.73e-13  5.74e-13  5.81e-13  5.90e-13  6.03e-13  6.17e-13  6.32e-13  6.48e-13
646 37  16  1.63e-13  1.64e-13  1.68e-13  1.69e-13  1.72e-13  1.77e-13  1.84e-13  1.92e-13  2.01e-13  2.12e-13  2.23e-13
647 37  17  4.72e-13  4.75e-13  4.87e-13  4.88e-13  4.92e-13  4.98e-13  5.07e-13  5.17e-13  5.29e-13  5.41e-13  5.54e-13
648 37  18  3.41e-12  3.42e-12  3.45e-12  3.43e-12  3.43e-12  3.46e-12  3.49e-12  3.54e-12  3.59e-12  3.65e-12  3.71e-12
649 37  19  9.71e-12  9.72e-12  9.68e-12  9.60e-12  9.59e-12  9.64e-12  9.72e-12  9.83e-12  9.96e-12  1.01e-11  1.02e-11
650 37  20  1.46e-12  1.45e-12  1.40e-12  1.33e-12  1.29e-12  1.26e-12  1.25e-12  1.26e-12  1.27e-12  1.29e-12  1.32e-12
651 37  21  6.88e-13  6.89e-13  6.35e-13  5.69e-13  5.24e-13  4.97e-13  4.83e-13  4.76e-13  4.77e-13  4.82e-13  4.91e-13
652 37  22  1.62e-13  1.66e-13  1.49e-13  1.25e-13  1.08e-13  9.81e-14  9.20e-14  8.88e-14  8.76e-14  8.81e-14  8.99e-14
653 37  23  5.38e-13  5.41e-13  5.32e-13  5.03e-13  4.83e-13  4.73e-13  4.70e-13  4.73e-13  4.79e-13  4.88e-13  5.00e-13
654 37  24  6.35e-12  6.36e-12  6.47e-12  6.38e-12  6.34e-12  6.35e-12  6.42e-12  6.53e-12  6.67e-12  6.83e-12  7.01e-12
655 37  25  3.32e-11  3.33e-11  3.50e-11  3.56e-11  3.62e-11  3.69e-11  3.78e-11  3.88e-11  3.99e-11  4.11e-11  4.23e-11
656 37  26  6.87e-12  7.06e-12  7.84e-12  7.94e-12  7.89e-12  7.80e-12  7.70e-12  7.59e-12  7.49e-12  7.39e-12  7.29e-12
657 37  27  2.52e-12  2.60e-12  2.87e-12  2.85e-12  2.80e-12  2.75e-12  2.70e-12  2.66e-12  2.63e-12  2.60e-12  2.58e-12
658 37  28  3.61e-13  3.76e-13  4.15e-13  3.98e-13  3.81e-13  3.68e-13  3.59e-13  3.53e-13  3.50e-13  3.48e-13  3.48e-13
659 37  29  1.47e-12  1.52e-12  1.71e-12  1.72e-12  1.71e-12  1.68e-12  1.66e-12  1.64e-12  1.62e-12  1.61e-12  1.59e-12
660 37  30  2.14e-11  2.20e-11  2.48e-11  2.53e-11  2.53e-11  2.51e-11  2.48e-11  2.45e-11  2.42e-11  2.39e-11  2.37e-11
661 37  31  1.26e-10  1.30e-10  1.46e-10  1.50e-10  1.51e-10  1.50e-10  1.49e-10  1.48e-10  1.46e-10  1.45e-10  1.43e-10
662 37  32  1.50e-11  1.52e-11  1.66e-11  1.82e-11  2.00e-11  2.18e-11  2.35e-11  2.52e-11  2.67e-11  2.80e-11  2.93e-11
663 37  33  2.50e-12  2.60e-12  3.03e-12  3.09e-12  3.10e-12  3.14e-12  3.19e-12  3.25e-12  3.32e-12  3.39e-12  3.47e-12
664 37  34  2.48e-13  2.77e-13  3.85e-13  3.64e-13  3.29e-13  2.98e-13  2.75e-13  2.57e-13  2.44e-13  2.34e-13  2.27e-13
665 37  35  1.30E-12  1.35E-12  1.59E-12  1.68E-12  1.75E-12  1.83E-12  1.91E-12  1.99E-12  2.05E-12  2.13E-12  2.20E-12
666 37  36  4.52E-11  4.57E-11  5.03E-11  5.61E-11  6.27E-11  6.92E-11  7.55E-11  8.13E-11  8.67E-11  9.16E-11  9.60E-11
667 38  1   2.45e-14  2.48e-14  2.83e-14  3.13e-14  3.49e-14  3.92e-14  4.45e-14  5.06e-14  5.75e-14  6.53e-14  7.38e-14
668 38  2   1.00e-15  1.11e-15  1.83e-15  2.28e-15  2.71e-15  3.18e-15  3.72e-15  4.33e-15  5.01e-15  5.77e-15  6.60e-15
669 38  3   2.64e-14  2.64e-14  2.87e-14  3.12e-14  3.45e-14  3.87e-14  4.39e-14  5.03e-14  5.78e-14  6.65e-14  7.63e-14
670 38  4   2.36e-14  2.39e-14  2.76e-14  3.05e-14  3.38e-14  3.79e-14  4.30e-14  4.92e-14  5.64e-14  6.48e-14  7.43e-14
671 38  5   3.49e-14  3.52e-14  3.86e-14  4.12e-14  4.43e-14  4.86e-14  5.41e-14  6.08e-14  6.88e-14  7.82e-14  8.88e-14
672 38  6   1.81e-14  1.82e-14  2.01e-14  2.19e-14  2.39e-14  2.66e-14  3.00e-14  3.42e-14  3.91e-14  4.47e-14  5.11e-14
673 38  7   4.12e-15  4.18e-15  4.79e-15  5.29e-15  5.85e-15  6.57e-15  7.46e-15  8.53e-15  9.79e-15  1.13e-14  1.29e-14
674 38  8   2.23e-13  2.24e-13  2.38e-13  2.50e-13  2.64e-13  2.81e-13  3.00e-13  3.21e-13  3.43e-13  3.67e-13  3.92e-13
675 38  9   2.62e-13  2.64e-13  2.84e-13  3.00e-13  3.19e-13  3.40e-13  3.64e-13  3.90e-13  4.18e-13  4.47e-13  4.77e-13
676 38  10  1.19e-13  1.20e-13  1.32e-13  1.41e-13  1.51e-13  1.63e-13  1.75e-13  1.89e-13  2.04e-13  2.19e-13  2.35e-13
677 38  11  7.21e-14  7.27e-14  7.91e-14  8.49e-14  9.16e-14  9.95e-14  1.09e-13  1.19e-13  1.30e-13  1.42e-13  1.55e-13
678 38  12  1.28e-13  1.29e-13  1.38e-13  1.46e-13  1.56e-13  1.67e-13  1.79e-13  1.93e-13  2.08e-13  2.23e-13  2.39e-13
679 38  13  6.70e-14  6.76e-14  7.29e-14  7.72e-14  8.19e-14  8.74e-14  9.35e-14  1.00e-13  1.07e-13  1.15e-13  1.22e-13
680 38  14  1.41e-12  1.41e-12  1.51e-12  1.59e-12  1.69e-12  1.80e-12  1.93e-12  2.07e-12  2.24e-12  2.41e-12  2.60e-12
681 38  15  7.02e-13  7.07e-13  7.62e-13  7.96e-13  8.34e-13  8.81e-13  9.37e-13  1.00e-12  1.08e-12  1.16e-12  1.24e-12
682 38  16  1.37e-13  1.40e-13  1.54e-13  1.59e-13  1.65e-13  1.73e-13  1.83e-13  1.95e-13  2.09e-13  2.24e-13  2.41e-13
683 38  17  4.08e-14  4.16e-14  4.47e-14  4.51e-14  4.58e-14  4.73e-14  4.97e-14  5.29e-14  5.68e-14  6.15e-14  6.68e-14
684 38  18  1.65e-13  1.66e-13  1.77e-13  1.80e-13  1.85e-13  1.93e-13  2.03e-13  2.15e-13  2.29e-13  2.46e-13  2.64e-13
685 38  19  2.16e-13  2.17e-13  2.29e-13  2.37e-13  2.47e-13  2.60e-13  2.75e-13  2.94e-13  3.15e-13  3.38e-13  3.63e-13
686 38  20  1.03e-11  1.04e-11  1.04e-11  1.03e-11  1.02e-11  1.02e-11  1.03e-11  1.04e-11  1.05e-11  1.06e-11  1.07e-11
687 38  21  3.67e-12  3.68e-12  3.73e-12  3.70e-12  3.68e-12  3.69e-12  3.71e-12  3.75e-12  3.79e-12  3.84e-12  3.89e-12
688 38  22  5.28e-13  5.31e-13  5.46e-13  5.45e-13  5.46e-13  5.50e-13  5.57e-13  5.66e-13  5.77e-13  5.89e-13  6.02e-13
689 38  23  1.24e-13  1.24e-13  1.28e-13  1.27e-13  1.28e-13  1.30e-13  1.34e-13  1.38e-13  1.43e-13  1.49e-13  1.55e-13
690 38  24  7.03e-13  7.05e-13  7.12e-13  7.04e-13  7.02e-13  7.05e-13  7.13e-13  7.24e-13  7.37e-13  7.52e-13  7.67e-13
691 38  25  1.24e-12  1.24e-12  1.25e-12  1.24e-12  1.23e-12  1.23e-12  1.23e-12  1.24e-12  1.26e-12  1.27e-12  1.29e-12
692 38  26  3.77e-11  3.78e-11  3.92e-11  3.95e-11  3.98e-11  4.03e-11  4.10e-11  4.19e-11  4.29e-11  4.40e-11  4.51e-11
693 38  27  6.68e-12  6.73e-12  6.99e-12  6.91e-12  6.84e-12  6.84e-12  6.90e-12  6.99e-12  7.12e-12  7.27e-12  7.44e-12
694 38  28  5.36e-13  5.47e-13  5.68e-13  5.43e-13  5.22e-13  5.11e-13  5.07e-13  5.09e-13  5.14e-13  5.23e-13  5.35e-13
695 38  29  9.42e-14  9.85e-14  9.72e-14  8.40e-14  7.47e-14  6.87e-14  6.50e-14  6.31e-14  6.23e-14  6.25e-14  6.35e-14
696 38  30  6.93e-13  7.06e-13  7.15e-13  6.70e-13  6.36e-13  6.15e-13  6.05e-13  6.03e-13  6.08e-13  6.16e-13  6.28e-13
697 38  31  2.30e-12  2.31e-12  2.36e-12  2.31e-12  2.27e-12  2.26e-12  2.27e-12  2.29e-12  2.33e-12  2.37e-12  2.42e-12
698 38  32  1.11e-10  1.15e-10  1.37e-10  1.44e-10  1.47e-10  1.47e-10  1.47e-10  1.46e-10  1.45e-10  1.43e-10  1.42e-10
699 38  33  1.94e-11  2.01e-11  2.40e-11  2.50e-11  2.52e-11  2.52e-11  2.50e-11  2.47e-11  2.45e-11  2.42e-11  2.40e-11
700 38  34  1.35e-12  1.41e-12  1.69e-12  1.74e-12  1.74e-12  1.73e-12  1.71e-12  1.70e-12  1.68e-12  1.67e-12  1.65e-12
701 38  35  1.62e-13  1.70e-13  2.03e-13  2.02e-13  1.97e-13  1.92e-13  1.88e-13  1.86e-13  1.84e-13  1.84e-13  1.84e-13
702 38  36  1.85e-12  1.92e-12  2.26e-12  2.32e-12  2.30e-12  2.28e-12  2.25e-12  2.22e-12  2.20e-12  2.17e-12  2.16e-12
703 38  37  7.00e-12  7.25e-12  8.55e-12  8.87e-12  8.92e-12  8.88e-12  8.80e-12  8.71e-12  8.62e-12  8.52e-12  8.42e-12
704 39  1   1.80e-14  1.83e-14  2.12e-14  2.36e-14  2.64e-14  2.97e-14  3.38e-14  3.85e-14  4.38e-14  4.98e-14  5.63e-14
705 39  2   7.50e-15  7.64e-15  8.94e-15  1.00e-14  1.12e-14  1.27e-14  1.44e-14  1.64e-14  1.87e-14  2.13e-14  2.41e-14
706 39  3   1.80e-14  1.81e-14  2.01e-14  2.20e-14  2.43e-14  2.73e-14  3.10e-14  3.54e-14  4.07e-14  4.68e-14  5.37e-14
707 39  4   3.20e-14  3.23e-14  3.62e-14  3.97e-14  4.39e-14  4.93e-14  5.59e-14  6.40e-14  7.35e-14  8.45e-14  9.69e-14
708 39  5   3.09e-14  3.11e-14  3.42e-14  3.68e-14  4.00e-14  4.41e-14  4.94e-14  5.58e-14  6.35e-14  7.24e-14  8.25e-14
709 39  6   1.50e-14  1.52e-14  1.69e-14  1.81e-14  1.95e-14  2.14e-14  2.38e-14  2.68e-14  3.03e-14  3.44e-14  3.92e-14
710 39  7   1.12e-14  1.13e-14  1.24e-14  1.34e-14  1.47e-14  1.63e-14  1.84e-14  2.09e-14  2.39e-14  2.73e-14  3.12e-14
711 39  8   9.03e-14  9.11e-14  9.93e-14  1.06e-13  1.13e-13  1.21e-13  1.30e-13  1.39e-13  1.49e-13  1.60e-13  1.71e-13
712 39  9   2.52e-13  2.53e-13  2.69e-13  2.84e-13  3.00e-13  3.20e-13  3.42e-13  3.66e-13  3.92e-13  4.19e-13  4.48e-13
713 39  10  2.61e-13  2.63e-13  2.85e-13  3.02e-13  3.21e-13  3.43e-13  3.68e-13  3.95e-13  4.23e-13  4.54e-13  4.85e-13
714 39  11  1.33e-13  1.34e-13  1.44e-13  1.53e-13  1.64e-13  1.76e-13  1.89e-13  2.05e-13  2.21e-13  2.38e-13  2.56e-13
715 39  12  4.47e-14  4.52e-14  4.98e-14  5.33e-14  5.72e-14  6.17e-14  6.69e-14  7.26e-14  7.89e-14  8.57e-14  9.30e-14
716 39  13  8.93e-14  8.99e-14  9.62e-14  1.02e-13  1.09e-13  1.16e-13  1.25e-13  1.35e-13  1.45e-13  1.56e-13  1.67e-13
717 39  14  2.67e-13  2.71e-13  2.94e-13  3.04e-13  3.15e-13  3.29e-13  3.47e-13  3.69e-13  3.94e-13  4.21e-13  4.51e-13
718 39  15  1.35e-12  1.35e-12  1.44e-12  1.53e-12  1.62e-12  1.73e-12  1.86e-12  2.00e-12  2.16e-12  2.33e-12  2.52e-12
719 39  16  6.32e-13  6.37e-13  6.87e-13  7.18e-13  7.51e-13  7.93e-13  8.43e-13  9.02e-13  9.68e-13  1.04e-12  1.12e-12
720 39  17  1.52e-13  1.54e-13  1.64e-13  1.67e-13  1.71e-13  1.78e-13  1.87e-13  1.98e-13  2.12e-13  2.27e-13  2.44e-13
721 39  18  1.57e-13  1.57e-13  1.66e-13  1.72e-13  1.80e-13  1.90e-13  2.03e-13  2.17e-13  2.33e-13  2.51e-13  2.70e-13
722 39  19  1.13e-13  1.14e-13  1.22e-13  1.24e-13  1.27e-13  1.31e-13  1.38e-13  1.46e-13  1.56e-13  1.67e-13  1.79e-13
723 39  20  1.89e-12  1.90e-12  1.93e-12  1.91e-12  1.91e-12  1.91e-12  1.93e-12  1.95e-12  1.97e-12  2.00e-12  2.03e-12
724 39  21  9.37e-12  9.40e-12  9.44e-12  9.33e-12  9.27e-12  9.27e-12  9.31e-12  9.39e-12  9.48e-12  9.59e-12  9.70e-12
725 39  22  3.26e-12  3.28e-12  3.32e-12  3.29e-12  3.28e-12  3.29e-12  3.31e-12  3.34e-12  3.38e-12  3.43e-12  3.47e-12
726 39  23  6.34e-13  6.36e-13  6.43e-13  6.36e-13  6.35e-13  6.38e-13  6.46e-13  6.56e-13  6.69e-13  6.83e-13  6.98e-13
727 39  24  9.11e-13  9.14e-13  9.20e-13  9.08e-13  9.01e-13  9.00e-13  9.03e-13  9.10e-13  9.19e-13  9.29e-13  9.40e-13
728 39  25  5.22e-13  5.24e-13  5.29e-13  5.24e-13  5.22e-13  5.25e-13  5.31e-13  5.40e-13  5.50e-13  5.61e-13  5.74e-13
729 39  26  3.42e-12  3.47e-12  3.60e-12  3.51e-12  3.44e-12  3.41e-12  3.41e-12  3.44e-12  3.49e-12  3.56e-12  3.64e-12
730 39  27  3.57e-11  3.57e-11  3.70e-11  3.74e-11  3.78e-11  3.83e-11  3.90e-11  3.99e-11  4.08e-11  4.19e-11  4.30e-11
731 39  28  5.84e-12  5.89e-12  6.11e-12  6.04e-12  5.98e-12  5.97e-12  6.01e-12  6.10e-12  6.21e-12  6.34e-12  6.49e-12
732 39  29  6.18e-13  6.30e-13  6.38e-13  5.96e-13  5.64e-13  5.45e-13  5.35e-13  5.33e-13  5.36e-13  5.44e-13  5.54e-13
733 39  30  1.93e-12  1.94e-12  1.98e-12  1.95e-12  1.93e-12  1.93e-12  1.94e-12  1.97e-12  2.00e-12  2.04e-12  2.08e-12
734 39  31  5.35e-13  5.47e-13  5.53e-13  5.16e-13  4.88e-13  4.70e-13  4.62e-13  4.60e-13  4.62e-13  4.68e-13  4.77e-13
735 39  32  1.38e-11  1.44e-11  1.71e-11  1.79e-11  1.80e-11  1.79e-11  1.78e-11  1.76e-11  1.74e-11  1.72e-11  1.70e-11
736 39  33  1.01e-10  1.05e-10  1.25e-10  1.31e-10  1.34e-10  1.34e-10  1.34e-10  1.33e-10  1.32e-10  1.31e-10  1.30e-10
737 39  34  1.69e-11  1.76e-11  2.10e-11  2.19e-11  2.21e-11  2.20e-11  2.18e-11  2.16e-11  2.14e-11  2.12e-11  2.09e-11
738 39  35  1.63e-12  1.69e-12  1.99e-12  2.04e-12  2.03e-12  2.00e-12  1.98e-12  1.95e-12  1.93e-12  1.91e-12  1.90e-12
739 39  36  5.80e-12  6.00e-12  7.08e-12  7.37e-12  7.42e-12  7.40e-12  7.34e-12  7.26e-12  7.18e-12  7.10e-12  7.02e-12
740 39  37  1.58e-12  1.65e-12  1.94e-12  1.99e-12  1.97e-12  1.95e-12  1.93e-12  1.90e-12  1.88e-12  1.86e-12  1.85e-12
741 39  38  3.89e-11  3.94e-11  4.32e-11  4.85e-11  5.43e-11  6.00e-11  6.54e-11  7.05e-11  7.50e-11  7.92e-11  8.30e-11
742 40  1   1.05e-14  1.08e-14  1.30e-14  1.47e-14  1.65e-14  1.88e-14  2.14e-14  2.45e-14  2.80e-14  3.18e-14  3.61e-14
743 40  2   1.50e-14  1.52e-14  1.71e-14  1.89e-14  2.10e-14  2.36e-14  2.68e-14  3.04e-14  3.46e-14  3.92e-14  4.43e-14
744 40  3   8.24e-15  8.43e-15  1.01e-14  1.13e-14  1.26e-14  1.41e-14  1.60e-14  1.83e-14  2.10e-14  2.41e-14  2.76e-14
745 40  4   4.18e-14  4.19e-14  4.61e-14  5.04e-14  5.57e-14  6.24e-14  7.09e-14  8.11e-14  9.32e-14  1.07e-13  1.23e-13
746 40  5   2.18e-14  2.20e-14  2.45e-14  2.66e-14  2.91e-14  3.23e-14  3.64e-14  4.14e-14  4.73e-14  5.41e-14  6.18e-14
747 40  6   2.33e-14  2.34e-14  2.57e-14  2.76e-14  2.99e-14  3.29e-14  3.68e-14  4.15e-14  4.71e-14  5.37e-14  6.11e-14
748 40  7   1.21e-14  1.22e-14  1.33e-14  1.42e-14  1.52e-14  1.66e-14  1.84e-14  2.06e-14  2.33e-14  2.64e-14  2.99e-14
749 40  8   1.80e-14  1.83e-14  2.08e-14  2.26e-14  2.45e-14  2.66e-14  2.89e-14  3.14e-14  3.41e-14  3.69e-14  3.99e-14
750 40  9   1.11e-13  1.12e-13  1.23e-13  1.32e-13  1.41e-13  1.51e-13  1.62e-13  1.75e-13  1.88e-13  2.02e-13  2.16e-13
751 40  10  4.74e-13  4.77e-13  5.09e-13  5.37e-13  5.69e-13  6.06e-13  6.48e-13  6.94e-13  7.43e-13  7.94e-13  8.48e-13
752 40  11  1.41e-13  1.42e-13  1.53e-13  1.62e-13  1.73e-13  1.84e-13  1.98e-13  2.12e-13  2.28e-13  2.45e-13  2.62e-13
753 40  12  9.87e-14  9.93e-14  1.07e-13  1.13e-13  1.21e-13  1.30e-13  1.41e-13  1.52e-13  1.64e-13  1.77e-13  1.91e-13
754 40  13  2.74e-14  2.77e-14  3.04e-14  3.28e-14  3.57e-14  3.90e-14  4.29e-14  4.73e-14  5.22e-14  5.75e-14  6.32e-14
755 40  14  2.10e-14  2.17e-14  2.50e-14  2.57e-14  2.63e-14  2.73e-14  2.87e-14  3.05e-14  3.26e-14  3.51e-14  3.79e-14
756 40  15  2.60e-13  2.64e-13  2.88e-13  2.97e-13  3.08e-13  3.21e-13  3.39e-13  3.60e-13  3.84e-13  4.11e-13  4.41e-13
757 40  16  1.97e-12  1.97e-12  2.11e-12  2.23e-12  2.35e-12  2.50e-12  2.68e-12  2.88e-12  3.10e-12  3.35e-12  3.61e-12
758 40  17  2.98e-13  2.99e-13  3.16e-13  3.27e-13  3.39e-13  3.56e-13  3.76e-13  4.01e-13  4.29e-13  4.60e-13  4.94e-13
759 40  18  1.08e-13  1.10e-13  1.17e-13  1.19e-13  1.22e-13  1.26e-13  1.32e-13  1.40e-13  1.50e-13  1.60e-13  1.72e-13
760 40  19  1.58e-14  1.62e-14  1.75e-14  1.75e-14  1.77e-14  1.82e-14  1.91e-14  2.04e-14  2.20e-14  2.40e-14  2.63e-14
761 40  20  1.35e-13  1.37e-13  1.44e-13  1.45e-13  1.46e-13  1.48e-13  1.52e-13  1.56e-13  1.60e-13  1.65e-13  1.70e-13
762 40  21  1.75e-12  1.76e-12  1.80e-12  1.78e-12  1.78e-12  1.78e-12  1.80e-12  1.82e-12  1.84e-12  1.87e-12  1.90e-12
763 40  22  1.26e-11  1.27e-11  1.28e-11  1.26e-11  1.25e-11  1.25e-11  1.26e-11  1.27e-11  1.28e-11  1.30e-11  1.31e-11
764 40  23  1.52e-12  1.53e-12  1.54e-12  1.52e-12  1.51e-12  1.51e-12  1.52e-12  1.53e-12  1.55e-12  1.57e-12  1.60e-12
765 40  24  4.84e-13  4.86e-13  4.91e-13  4.87e-13  4.86e-13  4.89e-13  4.95e-13  5.03e-13  5.14e-13  5.25e-13  5.37e-13
766 40  25  5.96e-14  6.02e-14  6.21e-14  6.22e-14  6.29e-14  6.44e-14  6.64e-14  6.89e-14  7.19e-14  7.52e-14  7.88e-14
767 40  26  1.68e-13  1.74e-13  1.81e-13  1.66e-13  1.55e-13  1.49e-13  1.45e-13  1.44e-13  1.44e-13  1.46e-13  1.49e-13
768 40  27  3.10e-12  3.14e-12  3.26e-12  3.18e-12  3.11e-12  3.07e-12  3.08e-12  3.10e-12  3.15e-12  3.21e-12  3.28e-12
769 40  28  4.17e-11  4.17e-11  4.33e-11  4.36e-11  4.39e-11  4.45e-11  4.52e-11  4.62e-11  4.73e-11  4.84e-11  4.97e-11
770 40  29  2.54e-12  2.56e-12  2.61e-12  2.54e-12  2.50e-12  2.48e-12  2.48e-12  2.51e-12  2.54e-12  2.59e-12  2.65e-12
771 40  30  4.90e-13  5.00e-13  5.06e-13  4.70e-13  4.43e-13  4.27e-13  4.18e-13  4.16e-13  4.18e-13  4.24e-13  4.32e-13
772 40  31  5.73e-14  6.02e-14  5.92e-14  5.03e-14  4.41e-14  4.00e-14  3.76e-14  3.62e-14  3.56e-14  3.56e-14  3.61e-14
773 40  32  6.85e-13  7.15e-13  8.60e-13  8.84e-13  8.82e-13  8.73e-13  8.64e-13  8.56e-13  8.48e-13  8.42e-13  8.36e-13
774 40  33  1.24e-11  1.29e-11  1.54e-11  1.60e-11  1.61e-11  1.60e-11  1.59e-11  1.57e-11  1.56e-11  1.54e-11  1.52e-11
775 40  34  1.19e-10  1.23e-10  1.46e-10  1.54e-10  1.57e-10  1.57e-10  1.57e-10  1.56e-10  1.54e-10  1.53e-10  1.51e-10
776 40  35  7.47e-12  7.73e-12  9.12e-12  9.46e-12  9.50e-12  9.45e-12  9.37e-12  9.27e-12  9.17e-12  9.07e-12  8.96e-12
777 40  36  1.42e-12  1.48e-12  1.75e-12  1.78e-12  1.77e-12  1.75e-12  1.73e-12  1.71e-12  1.69e-12  1.67e-12  1.66e-12
778 40  37  1.21e-13  1.28e-13  1.52e-13  1.51e-13  1.47e-13  1.44e-13  1.41e-13  1.39e-13  1.38e-13  1.38e-13  1.38e-13
779 40  38  9.25e-13  9.67e-13  1.18e-12  1.26e-12  1.33e-12  1.39e-12  1.46e-12  1.52e-12  1.57e-12  1.63e-12  1.68e-12
780 40  39  3.44e-11  3.48e-11  3.82e-11  4.28e-11  4.79e-11  5.30e-11  5.78e-11  6.22e-11  6.62e-11  6.99e-11  7.32e-11
781 41  1   2.48e-14  2.52e-14  2.87e-14  3.17e-14  3.53e-14  3.97e-14  4.49e-14  5.11e-14  5.80e-14  6.58e-14  7.43e-14
782 41  2   6.77e-16  7.67e-16  1.42e-15  1.86e-15  2.28e-15  2.73e-15  3.26e-15  3.85e-15  4.52e-15  5.27e-15  6.09e-15
783 41  3   8.56e-15  8.63e-15  9.36e-15  9.87e-15  1.05e-14  1.14e-14  1.26e-14  1.41e-14  1.59e-14  1.80e-14  2.04e-14
784 41  4   1.46e-14  1.48e-14  1.63e-14  1.74e-14  1.87e-14  2.05e-14  2.29e-14  2.57e-14  2.91e-14  3.30e-14  3.74e-14
785 41  5   7.05e-14  7.08e-14  7.82e-14  8.53e-14  9.39e-14  1.05e-13  1.19e-13  1.36e-13  1.56e-13  1.79e-13  2.05e-13
786 41  6   1.21e-14  1.23e-14  1.42e-14  1.56e-14  1.71e-14  1.90e-14  2.14e-14  2.43e-14  2.77e-14  3.16e-14  3.61e-14
787 41  7   1.31e-15  1.35e-15  1.69e-15  1.90e-15  2.10e-15  2.35e-15  2.66e-15  3.03e-15  3.46e-15  3.96e-15  4.53e-15
788 41  8   4.26e-15  4.36e-15  5.16e-15  5.81e-15  6.56e-15  7.45e-15  8.50e-15  9.72e-15  1.11e-14  1.27e-14  1.44e-14
789 41  9   3.17e-14  3.19e-14  3.46e-14  3.70e-14  4.00e-14  4.34e-14  4.75e-14  5.19e-14  5.68e-14  6.21e-14  6.77e-14
790 41  10  8.91e-14  8.96e-14  9.63e-14  1.02e-13  1.09e-13  1.17e-13  1.25e-13  1.35e-13  1.45e-13  1.56e-13  1.67e-13
791 41  11  6.31e-13  6.35e-13  6.80e-13  7.19e-13  7.62e-13  8.13e-13  8.69e-13  9.32e-13  9.98e-13  1.07e-12  1.14e-12
792 41  12  1.06e-13  1.07e-13  1.17e-13  1.25e-13  1.34e-13  1.44e-13  1.55e-13  1.67e-13  1.80e-13  1.93e-13  2.08e-13
793 41  13  9.10e-15  9.25e-15  1.06e-14  1.16e-14  1.27e-14  1.39e-14  1.53e-14  1.68e-14  1.84e-14  2.01e-14  2.19e-14
794 41  14  3.05e-15  3.18e-15  3.58e-15  3.55e-15  3.58e-15  3.73e-15  4.01e-15  4.42e-15  4.95e-15  5.61e-15  6.40e-15
795 41  15  2.81e-14  2.88e-14  3.08e-14  3.06e-14  3.06e-14  3.13e-14  3.25e-14  3.43e-14  3.67e-14  3.95e-14  4.27e-14
796 41  16  1.47e-13  1.48e-13  1.55e-13  1.56e-13  1.58e-13  1.63e-13  1.70e-13  1.79e-13  1.90e-13  2.02e-13  2.16e-13
797 41  17  2.27e-12  2.27e-12  2.44e-12  2.56e-12  2.70e-12  2.87e-12  3.08e-12  3.30e-12  3.56e-12  3.84e-12  4.14e-12
798 41  18  2.14e-13  2.17e-13  2.36e-13  2.44e-13  2.52e-13  2.63e-13  2.77e-13  2.94e-13  3.14e-13  3.36e-13  3.60e-13
799 41  19  1.10e-14  1.14e-14  1.30e-14  1.34e-14  1.37e-14  1.43e-14  1.50e-14  1.60e-14  1.71e-14  1.85e-14  2.00e-14
800 41  20  1.52e-14  1.55e-14  1.67e-14  1.71e-14  1.76e-14  1.85e-14  1.96e-14  2.09e-14  2.24e-14  2.41e-14  2.60e-14
801 41  21  1.80e-13  1.81e-13  1.85e-13  1.84e-13  1.85e-13  1.88e-13  1.92e-13  1.97e-13  2.03e-13  2.10e-13  2.17e-13
802 41  22  9.22e-13  9.24e-13  9.29e-13  9.16e-13  9.10e-13  9.10e-13  9.16e-13  9.26e-13  9.38e-13  9.51e-13  9.66e-13
803 41  23  1.40e-11  1.40e-11  1.41e-11  1.39e-11  1.39e-11  1.39e-11  1.39e-11  1.41e-11  1.42e-11  1.44e-11  1.45e-11
804 41  24  1.44e-12  1.45e-12  1.47e-12  1.46e-12  1.46e-12  1.47e-12  1.48e-12  1.50e-12  1.52e-12  1.54e-12  1.57e-12
805 41  25  7.55e-14  7.62e-14  7.97e-14  8.03e-14  8.12e-14  8.26e-14  8.45e-14  8.69e-14  8.95e-14  9.24e-14  9.55e-14
806 41  26  2.62e-14  2.80e-14  2.71e-14  2.19e-14  1.82e-14  1.59e-14  1.44e-14  1.35e-14  1.30e-14  1.29e-14  1.30e-14
807 41  27  2.07e-13  2.14e-13  2.12e-13  1.87e-13  1.68e-13  1.56e-13  1.49e-13  1.46e-13  1.44e-13  1.45e-13  1.48e-13
808 41  28  1.38e-12  1.39e-12  1.40e-12  1.34e-12  1.28e-12  1.25e-12  1.24e-12  1.24e-12  1.25e-12  1.27e-12  1.29e-12
809 41  29  4.38e-11  4.39e-11  4.55e-11  4.59e-11  4.61e-11  4.67e-11  4.74e-11  4.84e-11  4.96e-11  5.08e-11  5.21e-11
810 41  30  2.49e-12  2.52e-12  2.62e-12  2.54e-12  2.48e-12  2.45e-12  2.45e-12  2.47e-12  2.50e-12  2.55e-12  2.61e-12
811 41  31  9.82e-14  1.02e-13  1.06e-13  9.71e-14  9.05e-14  8.63e-14  8.41e-14  8.33e-14  8.35e-14  8.46e-14  8.63e-14
812 41  32  5.84e-14  6.21e-14  7.47e-14  7.32e-14  7.03e-14  6.80e-14  6.65e-14  6.56e-14  6.53e-14  6.54e-14  6.58e-14
813 41  33  8.42e-13  8.78e-13  1.04e-12  1.05e-12  1.04e-12  1.02e-12  1.01e-12  9.98e-13  9.88e-13  9.80e-13  9.74e-13
814 41  34  5.63e-12  5.83e-12  6.86e-12  7.09e-12  7.10e-12  7.05e-12  6.98e-12  6.90e-12  6.82e-12  6.74e-12  6.66e-12
815 41  35  1.24e-10  1.28e-10  1.53e-10  1.61e-10  1.63e-10  1.64e-10  1.63e-10  1.62e-10  1.61e-10  1.59e-10  1.58e-10
816 41  36  1.00e-11  1.04e-11  1.24e-11  1.29e-11  1.30e-11  1.29e-11  1.28e-11  1.27e-11  1.25e-11  1.24e-11  1.23e-11
817 41  37  4.09e-13  4.27e-13  5.13e-13  5.27e-13  5.25e-13  5.20e-13  5.15e-13  5.10e-13  5.05e-13  5.01e-13  4.98e-13
818 41  38  5.61e-14  6.48e-14  9.90e-14  9.49e-14  8.55e-14  7.67e-14  6.96e-14  6.40e-14  5.96e-14  5.62e-14  5.37e-14
819 41  39  8.67e-13  9.21e-13  1.16e-12  1.19e-12  1.18e-12  1.18e-12  1.18e-12  1.18e-12  1.19e-12  1.21e-12  1.22e-12
820 41  40  1.22e-11  1.24e-11  1.37e-11  1.51e-11  1.65e-11  1.80e-11  1.94e-11  2.07e-11  2.19e-11  2.29e-11  2.39e-11
821 42  1   1.60e-14  1.62e-14  1.89e-14  2.11e-14  2.37e-14  2.68e-14  3.04e-14  3.47e-14  3.95e-14  4.49e-14  5.09e-14
822 42  2   9.54e-15  9.70e-15  1.12e-14  1.24e-14  1.39e-14  1.57e-14  1.78e-14  2.02e-14  2.30e-14  2.61e-14  2.96e-14
823 42  3   7.63e-15  7.69e-15  8.44e-15  8.98e-15  9.66e-15  1.06e-14  1.17e-14  1.32e-14  1.49e-14  1.69e-14  1.91e-14
824 42  4   1.56e-14  1.57e-14  1.72e-14  1.83e-14  1.96e-14  2.14e-14  2.38e-14  2.67e-14  3.01e-14  3.41e-14  3.87e-14
825 42  5   3.49e-14  3.52e-14  3.95e-14  4.32e-14  4.75e-14  5.30e-14  5.99e-14  6.82e-14  7.81e-14  8.95e-14  1.02e-13
826 42  6   3.87e-14  3.89e-14  4.26e-14  4.66e-14  5.14e-14  5.76e-14  6.53e-14  7.47e-14  8.58e-14  9.85e-14  1.13e-13
827 42  7   1.03e-14  1.04e-14  1.19e-14  1.30e-14  1.43e-14  1.58e-14  1.78e-14  2.02e-14  2.31e-14  2.64e-14  3.01e-14
828 42  8   2.62e-14  2.63e-14  2.81e-14  2.98e-14  3.19e-14  3.44e-14  3.73e-14  4.04e-14  4.38e-14  4.74e-14  5.12e-14
829 42  9   3.80e-14  3.84e-14  4.19e-14  4.47e-14  4.78e-14  5.14e-14  5.55e-14  6.00e-14  6.48e-14  7.00e-14  7.55e-14
830 42  10  6.09e-14  6.13e-14  6.61e-14  7.04e-14  7.56e-14  8.16e-14  8.85e-14  9.61e-14  1.04e-13  1.13e-13  1.23e-13
831 42  11  2.34e-13  2.36e-13  2.55e-13  2.72e-13  2.89e-13  3.10e-13  3.33e-13  3.58e-13  3.84e-13  4.12e-13  4.42e-13
832 42  12  4.05e-13  4.08e-13  4.35e-13  4.59e-13  4.85e-13  5.17e-13  5.52e-13  5.91e-13  6.33e-13  6.76e-13  7.22e-13
833 42  13  1.06e-13  1.07e-13  1.17e-13  1.25e-13  1.34e-13  1.44e-13  1.55e-13  1.67e-13  1.79e-13  1.93e-13  2.07e-13
834 42  14  2.80e-14  2.85e-14  3.05e-14  3.03e-14  3.03e-14  3.09e-14  3.20e-14  3.37e-14  3.59e-14  3.85e-14  4.15e-14
835 42  15  9.20e-14  9.24e-14  9.58e-14  9.70e-14  9.90e-14  1.02e-13  1.07e-13  1.13e-13  1.20e-13  1.28e-13  1.36e-13
836 42  16  5.84e-14  5.93e-14  6.27e-14  6.27e-14  6.32e-14  6.48e-14  6.75e-14  7.12e-14  7.57e-14  8.11e-14  8.72e-14
837 42  17  5.04e-13  5.09e-13  5.49e-13  5.73e-13  5.98e-13  6.30e-13  6.69e-13  7.16e-13  7.68e-13  8.25e-13  8.87e-13
838 42  18  1.76e-12  1.76e-12  1.88e-12  1.99e-12  2.10e-12  2.24e-12  2.40e-12  2.59e-12  2.79e-12  3.01e-12  3.25e-12
839 42  19  2.29e-13  2.32e-13  2.52e-13  2.60e-13  2.69e-13  2.81e-13  2.96e-13  3.14e-13  3.35e-13  3.59e-13  3.84e-13
840 42  20  1.90e-13  1.91e-13  1.95e-13  1.94e-13  1.94e-13  1.97e-13  2.01e-13  2.06e-13  2.12e-13  2.18e-13  2.26e-13
841 42  21  6.19e-13  6.21e-13  6.22e-13  6.12e-13  6.07e-13  6.05e-13  6.07e-13  6.11e-13  6.16e-13  6.23e-13  6.30e-13
842 42  22  3.08e-13  3.09e-13  3.14e-13  3.12e-13  3.12e-13  3.15e-13  3.20e-13  3.27e-13  3.35e-13  3.44e-13  3.54e-13
843 42  23  2.62e-12  2.63e-12  2.67e-12  2.64e-12  2.63e-12  2.64e-12  2.66e-12  2.69e-12  2.72e-12  2.76e-12  2.80e-12
844 42  24  1.13e-11  1.13e-11  1.14e-11  1.13e-11  1.12e-11  1.12e-11  1.12e-11  1.13e-11  1.14e-11  1.16e-11  1.17e-11
845 42  25  1.57e-12  1.58e-12  1.60e-12  1.59e-12  1.59e-12  1.59e-12  1.61e-12  1.62e-12  1.65e-12  1.67e-12  1.70e-12
846 42  26  2.19e-13  2.26e-13  2.24e-13  1.99e-13  1.79e-13  1.67e-13  1.60e-13  1.56e-13  1.55e-13  1.56e-13  1.59e-13
847 42  27  1.06e-12  1.07e-12  1.08e-12  1.04e-12  1.01e-12  9.92e-13  9.86e-13  9.90e-13  1.00e-12  1.01e-12  1.03e-12
848 42  28  3.30e-13  3.39e-13  3.38e-13  3.05e-13  2.81e-13  2.65e-13  2.56e-13  2.52e-13  2.51e-13  2.54e-13  2.58e-13
849 42  29  4.58e-12  4.62e-12  4.79e-12  4.73e-12  4.67e-12  4.66e-12  4.69e-12  4.75e-12  4.83e-12  4.94e-12  5.05e-12
850 42  30  3.91e-11  3.91e-11  4.06e-11  4.10e-11  4.13e-11  4.18e-11  4.26e-11  4.35e-11  4.45e-11  4.57e-11  4.68e-11
851 42  31  2.74e-12  2.78e-12  2.88e-12  2.81e-12  2.74e-12  2.71e-12  2.71e-12  2.73e-12  2.77e-12  2.82e-12  2.88e-12
852 42  32  9.20e-13  9.59e-13  1.13e-12  1.15e-12  1.14e-12  1.12e-12  1.10e-12  1.09e-12  1.08e-12  1.07e-12  1.06e-12
853 42  33  4.44e-12  4.59e-12  5.39e-12  5.60e-12  5.62e-12  5.59e-12  5.54e-12  5.47e-12  5.41e-12  5.34e-12  5.28e-12
854 42  34  1.17e-12  1.22e-12  1.44e-12  1.47e-12  1.46e-12  1.44e-12  1.42e-12  1.40e-12  1.39e-12  1.37e-12  1.36e-12
855 42  35  1.34e-11  1.39e-11  1.66e-11  1.73e-11  1.75e-11  1.74e-11  1.73e-11  1.71e-11  1.69e-11  1.68e-11  1.66e-11
856 42  36  1.10e-10  1.14e-10  1.35e-10  1.43e-10  1.45e-10  1.46e-10  1.45e-10  1.44e-10  1.43e-10  1.42e-10  1.40e-10
857 42  37  1.11e-11  1.15e-11  1.37e-11  1.43e-11  1.44e-11  1.43e-11  1.42e-11  1.41e-11  1.39e-11  1.38e-11  1.36e-11
858 42  38  9.55e-13  1.01e-12  1.27e-12  1.30e-12  1.30e-12  1.30e-12  1.30e-12  1.31e-12  1.32e-12  1.33e-12  1.35e-12
859 42  39  1.10e-11  1.11e-11  1.21e-11  1.34e-11  1.49e-11  1.63e-11  1.77e-11  1.89e-11  2.01e-11  2.11e-11  2.21e-11
860 42  40  1.19e-12  1.25e-12  1.54e-12  1.60e-12  1.62e-12  1.64e-12  1.67e-12  1.70e-12  1.73e-12  1.76e-12  1.80e-12
861 42  41  3.07E-11  3.12E-11  3.42E-11  3.83E-11  4.28E-11  4.73E-11  5.14E-11  5.54E-11  5.88E-11  6.21E-11  6.50E-11
862 43  1   8.13e-15  8.36e-15  1.03e-14  1.18e-14  1.34e-14  1.54e-14  1.76e-14  2.02e-14  2.32e-14  2.65e-14  3.01e-14
863 43  2   1.74e-14  1.76e-14  1.98e-14  2.18e-14  2.41e-14  2.71e-14  3.06e-14  3.47e-14  3.94e-14  4.46e-14  5.03e-14
864 43  3   6.80e-15  6.86e-15  7.62e-15  8.20e-15  8.89e-15  9.78e-15  1.09e-14  1.23e-14  1.39e-14  1.58e-14  1.80e-14
865 43  4   1.64e-14  1.65e-14  1.80e-14  1.91e-14  2.04e-14  2.22e-14  2.46e-14  2.75e-14  3.10e-14  3.52e-14  3.99e-14
866 43  5   1.33e-14  1.35e-14  1.56e-14  1.72e-14  1.89e-14  2.10e-14  2.38e-14  2.70e-14  3.09e-14  3.54e-14  4.05e-14
867 43  6   3.61e-14  3.63e-14  4.05e-14  4.42e-14  4.86e-14  5.42e-14  6.13e-14  6.99e-14  8.00e-14  9.17e-14  1.05e-13
868 43  7   3.45e-14  3.46e-14  3.80e-14  4.14e-14  4.56e-14  5.11e-14  5.79e-14  6.62e-14  7.60e-14  8.73e-14  1.00e-13
869 43  8   3.61e-14  3.63e-14  3.90e-14  4.13e-14  4.38e-14  4.68e-14  5.01e-14  5.36e-14  5.74e-14  6.14e-14  6.55e-14
870 43  9   5.87e-14  5.90e-14  6.31e-14  6.70e-14  7.15e-14  7.67e-14  8.27e-14  8.93e-14  9.63e-14  1.04e-13  1.11e-13
871 43  10  3.03e-14  3.06e-14  3.39e-14  3.67e-14  4.00e-14  4.39e-14  4.85e-14  5.36e-14  5.93e-14  6.55e-14  7.23e-14
872 43  11  5.74e-14  5.80e-14  6.39e-14  6.86e-14  7.37e-14  7.95e-14  8.59e-14  9.30e-14  1.01e-13  1.09e-13  1.17e-13
873 43  12  2.53e-13  2.55e-13  2.76e-13  2.93e-13  3.12e-13  3.34e-13  3.58e-13  3.85e-13  4.13e-13  4.43e-13  4.74e-13
874 43  13  4.35e-13  4.38e-13  4.68e-13  4.94e-13  5.23e-13  5.57e-13  5.96e-13  6.38e-13  6.83e-13  7.30e-13  7.80e-13
875 43  14  1.00e-13  1.01e-13  1.05e-13  1.06e-13  1.07e-13  1.11e-13  1.16e-13  1.22e-13  1.29e-13  1.37e-13  1.46e-13
876 43  15  6.25e-14  6.34e-14  6.69e-14  6.69e-14  6.75e-14  6.92e-14  7.20e-14  7.57e-14  8.04e-14  8.59e-14  9.21e-14
877 43  16  1.58e-14  1.62e-14  1.76e-14  1.75e-14  1.76e-14  1.81e-14  1.90e-14  2.04e-14  2.21e-14  2.41e-14  2.66e-14
878 43  17  6.87e-14  6.98e-14  7.67e-14  7.94e-14  8.23e-14  8.61e-14  9.11e-14  9.71e-14  1.04e-13  1.12e-13  1.20e-13
879 43  18  5.63e-13  5.67e-13  6.12e-13  6.38e-13  6.67e-13  7.03e-13  7.47e-13  7.99e-13  8.57e-13  9.21e-13  9.90e-13
880 43  19  1.86e-12  1.87e-12  2.00e-12  2.10e-12  2.22e-12  2.36e-12  2.53e-12  2.72e-12  2.93e-12  3.16e-12  3.41e-12
881 43  20  7.21e-13  7.23e-13  7.25e-13  7.15e-13  7.09e-13  7.08e-13  7.12e-13  7.18e-13  7.26e-13  7.35e-13  7.45e-13
882 43  21  3.37e-13  3.39e-13  3.43e-13  3.40e-13  3.40e-13  3.43e-13  3.48e-13  3.55e-13  3.64e-13  3.73e-13  3.83e-13
883 43  22  5.90e-14  5.97e-14  6.20e-14  6.24e-14  6.32e-14  6.49e-14  6.72e-14  7.01e-14  7.34e-14  7.71e-14  8.11e-14
884 43  23  2.84e-13  2.85e-13  2.93e-13  2.92e-13  2.93e-13  2.95e-13  3.00e-13  3.05e-13  3.11e-13  3.18e-13  3.25e-13
885 43  24  2.93e-12  2.94e-12  2.98e-12  2.96e-12  2.95e-12  2.95e-12  2.97e-12  3.00e-12  3.04e-12  3.08e-12  3.13e-12
886 43  25  1.23e-11  1.23e-11  1.24e-11  1.22e-11  1.22e-11  1.22e-11  1.22e-11  1.23e-11  1.25e-11  1.26e-11  1.27e-11
887 43  26  1.19e-12  1.20e-12  1.21e-12  1.16e-12  1.11e-12  1.09e-12  1.08e-12  1.08e-12  1.09e-12  1.11e-12  1.13e-12
888 43  27  3.61e-13  3.71e-13  3.70e-13  3.35e-13  3.09e-13  2.93e-13  2.84e-13  2.79e-13  2.79e-13  2.81e-13  2.86e-13
889 43  28  6.02e-14  6.34e-14  6.20e-14  5.21e-14  4.51e-14  4.06e-14  3.78e-14  3.62e-14  3.55e-14  3.54e-14  3.59e-14
890 43  29  2.99e-13  3.06e-13  3.17e-13  3.02e-13  2.90e-13  2.83e-13  2.81e-13  2.82e-13  2.85e-13  2.89e-13  2.96e-13
891 43  30  5.17e-12  5.22e-12  5.41e-12  5.34e-12  5.28e-12  5.26e-12  5.30e-12  5.37e-12  5.47e-12  5.58e-12  5.71e-12
892 43  31  4.10e-11  4.10e-11  4.25e-11  4.29e-11  4.31e-11  4.36e-11  4.44e-11  4.53e-11  4.64e-11  4.75e-11  4.88e-11
893 43  32  5.09e-12  5.27e-12  6.20e-12  6.41e-12  6.43e-12  6.39e-12  6.33e-12  6.25e-12  6.18e-12  6.11e-12  6.03e-12
894 43  33  1.31e-12  1.36e-12  1.61e-12  1.64e-12  1.63e-12  1.60e-12  1.58e-12  1.56e-12  1.55e-12  1.53e-12  1.52e-12
895 43  34  1.28e-13  1.35e-13  1.61e-13  1.60e-13  1.56e-13  1.52e-13  1.49e-13  1.47e-13  1.46e-13  1.46e-13  1.46e-13
896 43  35  7.78e-13  8.11e-13  9.72e-13  1.00e-12  1.00e-12  9.94e-13  9.85e-13  9.75e-13  9.66e-13  9.58e-13  9.50e-13
897 43  36  1.52e-11  1.57e-11  1.88e-11  1.96e-11  1.97e-11  1.97e-11  1.95e-11  1.93e-11  1.91e-11  1.89e-11  1.87e-11
898 43  37  1.18e-10  1.23e-10  1.46e-10  1.54e-10  1.56e-10  1.57e-10  1.56e-10  1.55e-10  1.54e-10  1.52e-10  1.51e-10
899 43  38  1.17e-11  1.19e-11  1.30e-11  1.44e-11  1.58e-11  1.73e-11  1.86e-11  1.99e-11  2.11e-11  2.21e-11  2.31e-11
900 43  39  1.34e-12  1.41e-12  1.72e-12  1.79e-12  1.82e-12  1.84e-12  1.88e-12  1.91e-12  1.95e-12  1.99e-12  2.03e-12
901 43  40  9.45e-14  1.07e-13  1.57e-13  1.53e-13  1.41e-13  1.29e-13  1.20e-13  1.13e-13  1.08e-13  1.04e-13  1.01e-13
902 43  41  7.25E-13  7.60E-13  9.30E-13  9.96E-13  1.05E-12  1.09E-12  1.14E-12  1.19E-12  1.23E-12  1.27E-12  1.31E-12
903 43  42  3.49E-11  3.53E-11  3.89E-11  4.34E-11  4.86E-11  5.36E-11  5.84E-11  6.29E-11  6.69E-11  7.06E-11  7.39E-11
904 44  1   3.83e-15  3.85e-15  4.22e-15  4.64e-15  5.21e-15  6.01e-15  7.07e-15  8.43e-15  1.01e-14  1.22e-14  1.46e-14
905 44  2   1.56e-16  1.74e-16  2.93e-16  3.65e-16  4.36e-16  5.20e-16  6.25e-16  7.55e-16  9.12e-16  1.10e-15  1.32e-15
906 44  3   1.17e-14  1.16e-14  1.23e-14  1.33e-14  1.46e-14  1.61e-14  1.79e-14  2.01e-14  2.25e-14  2.53e-14  2.83e-14
907 44  4   1.14e-14  1.14e-14  1.25e-14  1.37e-14  1.50e-14  1.67e-14  1.87e-14  2.10e-14  2.36e-14  2.65e-14  2.97e-14
908 44  5   2.03e-14  2.03e-14  2.22e-14  2.45e-14  2.74e-14  3.09e-14  3.50e-14  3.98e-14  4.52e-14  5.13e-14  5.80e-14
909 44  6   8.84e-15  8.82e-15  9.49e-15  1.03e-14  1.13e-14  1.26e-14  1.41e-14  1.58e-14  1.77e-14  1.99e-14  2.23e-14
910 44  7   1.71e-15  1.72e-15  1.96e-15  2.17e-15  2.40e-15  2.68e-15  3.01e-15  3.39e-15  3.82e-15  4.29e-15  4.82e-15
911 44  8   5.28e-14  5.26e-14  5.50e-14  5.88e-14  6.39e-14  7.05e-14  7.88e-14  8.87e-14  1.00e-13  1.13e-13  1.28e-13
912 44  9   5.58e-14  5.57e-14  5.91e-14  6.32e-14  6.85e-14  7.53e-14  8.38e-14  9.40e-14  1.06e-13  1.19e-13  1.35e-13
913 44  10  2.10e-14  2.11e-14  2.32e-14  2.49e-14  2.70e-14  2.96e-14  3.29e-14  3.68e-14  4.13e-14  4.65e-14  5.24e-14
914 44  11  1.05e-14  1.06e-14  1.13e-14  1.20e-14  1.28e-14  1.40e-14  1.54e-14  1.72e-14  1.94e-14  2.20e-14  2.49e-14
915 44  12  2.25e-14  2.24e-14  2.35e-14  2.48e-14  2.66e-14  2.89e-14  3.18e-14  3.54e-14  3.96e-14  4.44e-14  4.99e-14
916 44  13  1.44e-14  1.43e-14  1.51e-14  1.61e-14  1.74e-14  1.90e-14  2.11e-14  2.36e-14  2.65e-14  2.99e-14  3.36e-14
917 44  14  5.70e-13  5.66e-13  5.82e-13  6.05e-13  6.33e-13  6.68e-13  7.07e-13  7.50e-13  7.97e-13  8.46e-13  8.98e-13
918 44  15  3.27e-13  3.25e-13  3.37e-13  3.52e-13  3.70e-13  3.91e-13  4.15e-13  4.42e-13  4.70e-13  5.00e-13  5.32e-13
919 44  16  7.51e-14  7.50e-14  7.92e-14  8.36e-14  8.85e-14  9.43e-14  1.01e-13  1.08e-13  1.16e-13  1.24e-13  1.33e-13
920 44  17  2.74e-14  2.74e-14  2.88e-14  3.05e-14  3.25e-14  3.50e-14  3.79e-14  4.12e-14  4.48e-14  4.88e-14  5.30e-14
921 44  18  9.50e-14  9.45e-14  9.77e-14  1.02e-13  1.08e-13  1.14e-13  1.22e-13  1.30e-13  1.39e-13  1.49e-13  1.59e-13
922 44  19  1.01e-13  1.01e-13  1.04e-13  1.08e-13  1.14e-13  1.20e-13  1.27e-13  1.35e-13  1.44e-13  1.53e-13  1.62e-13
923 44  20  2.61e-12  2.58e-12  2.60e-12  2.67e-12  2.78e-12  2.92e-12  3.09e-12  3.28e-12  3.50e-12  3.74e-12  4.00e-12
924 44  21  7.49e-13  7.44e-13  7.60e-13  7.80e-13  8.06e-13  8.41e-13  8.85e-13  9.38e-13  9.98e-13  1.06e-12  1.14e-12
925 44  22  8.77e-14  8.79e-14  9.23e-14  9.46e-14  9.72e-14  1.01e-13  1.06e-13  1.12e-13  1.19e-13  1.27e-13  1.36e-13
926 44  23  1.73e-14  1.74e-14  1.82e-14  1.82e-14  1.84e-14  1.89e-14  1.97e-14  2.08e-14  2.22e-14  2.38e-14  2.57e-14
927 44  24  1.14e-13  1.13e-13  1.16e-13  1.17e-13  1.20e-13  1.24e-13  1.29e-13  1.36e-13  1.44e-13  1.54e-13  1.64e-13
928 44  25  2.53e-13  2.51e-13  2.52e-13  2.56e-13  2.63e-13  2.73e-13  2.87e-13  3.03e-13  3.22e-13  3.43e-13  3.65e-13
929 44  26  1.27e-11  1.27e-11  1.29e-11  1.28e-11  1.27e-11  1.27e-11  1.27e-11  1.28e-11  1.29e-11  1.30e-11  1.32e-11
930 44  27  3.07e-12  3.07e-12  3.12e-12  3.11e-12  3.09e-12  3.09e-12  3.11e-12  3.13e-12  3.16e-12  3.20e-12  3.24e-12
931 44  28  3.03e-13  3.04e-13  3.14e-13  3.15e-13  3.15e-13  3.17e-13  3.20e-13  3.25e-13  3.31e-13  3.38e-13  3.45e-13
932 44  29  5.23e-14  5.25e-14  5.43e-14  5.44e-14  5.47e-14  5.55e-14  5.68e-14  5.85e-14  6.04e-14  6.26e-14  6.50e-14
933 44  30  4.27e-13  4.27e-13  4.34e-13  4.32e-13  4.30e-13  4.32e-13  4.36e-13  4.42e-13  4.50e-13  4.58e-13  4.68e-13
934 44  31  1.10e-12  1.10e-12  1.11e-12  1.10e-12  1.10e-12  1.09e-12  1.10e-12  1.11e-12  1.12e-12  1.13e-12  1.14e-12
935 44  32  4.96e-11  4.91e-11  4.84e-11  4.80e-11  4.79e-11  4.80e-11  4.85e-11  4.92e-11  5.01e-11  5.11e-11  5.22e-11
936 44  33  6.00e-12  5.98e-12  5.96e-12  5.84e-12  5.74e-12  5.71e-12  5.72e-12  5.77e-12  5.85e-12  5.96e-12  6.08e-12
937 44  34  3.33e-13  3.38e-13  3.43e-13  3.27e-13  3.14e-13  3.06e-13  3.02e-13  3.02e-13  3.05e-13  3.09e-13  3.15e-13
938 44  35  4.40e-14  4.61e-14  4.55e-14  3.92e-14  3.47e-14  3.18e-14  3.00e-14  2.90e-14  2.85e-14  2.85e-14  2.88e-14
939 44  36  4.42e-13  4.47e-13  4.48e-13  4.20e-13  3.98e-13  3.84e-13  3.77e-13  3.75e-13  3.76e-13  3.81e-13  3.87e-13
940 44  37  2.13e-12  2.12e-12  2.09e-12  2.03e-12  1.99e-12  1.96e-12  1.96e-12  1.97e-12  2.00e-12  2.03e-12  2.07e-12
941 44  38  9.66e-11  1.01e-10  1.32e-10  1.44e-10  1.49e-10  1.51e-10  1.51e-10  1.51e-10  1.50e-10  1.49e-10  1.48e-10
942 44  39  1.26e-11  1.32e-11  1.73e-11  1.86e-11  1.91e-11  1.92e-11  1.92e-11  1.91e-11  1.89e-11  1.88e-11  1.86e-11
943 44  40  6.56e-13  6.93e-13  9.08e-13  9.69e-13  9.86e-13  9.87e-13  9.84e-13  9.78e-13  9.72e-13  9.66e-13  9.61e-13
944 44  41  6.11e-14  6.51e-14  8.36e-14  8.64e-14  8.57e-14  8.46e-14  8.36e-14  8.30e-14  8.27e-14  8.27e-14  8.29e-14
945 44  42  9.19e-13  9.71e-13  1.26e-12  1.33e-12  1.35e-12  1.34e-12  1.33e-12  1.32e-12  1.31e-12  1.31e-12  1.30e-12
946 44  43  4.64e-12  4.88e-12  6.33e-12  6.81e-12  6.96e-12  6.99e-12  6.97e-12  6.93e-12  6.87e-12  6.82e-12  6.75e-12
947 45  1   2.80e-15  2.82e-15  3.15e-15  3.49e-15  3.94e-15  4.55e-15  5.36e-15  6.39e-15  7.68e-15  9.23e-15  1.11e-14
948 45  2   1.19e-15  1.20e-15  1.36e-15  1.52e-15  1.71e-15  1.98e-15  2.34e-15  2.79e-15  3.35e-15  4.03e-15  4.83e-15
949 45  3   8.15e-15  8.13e-15  8.75e-15  9.50e-15  1.04e-14  1.15e-14  1.29e-14  1.45e-14  1.62e-14  1.82e-14  2.04e-14
950 45  4   1.49e-14  1.49e-14  1.61e-14  1.75e-14  1.92e-14  2.13e-14  2.38e-14  2.67e-14  2.99e-14  3.36e-14  3.76e-14
951 45  5   1.66e-14  1.65e-14  1.80e-14  1.98e-14  2.19e-14  2.45e-14  2.76e-14  3.12e-14  3.54e-14  3.99e-14  4.50e-14
952 45  6   8.57e-15  8.61e-15  9.61e-15  1.07e-14  1.20e-14  1.36e-14  1.55e-14  1.77e-14  2.02e-14  2.30e-14  2.60e-14
953 45  7   5.70e-15  5.67e-15  6.06e-15  6.58e-15  7.21e-15  7.99e-15  8.92e-15  1.00e-14  1.12e-14  1.26e-14  1.41e-14
954 45  8   1.62e-14  1.62e-14  1.76e-14  1.88e-14  2.03e-14  2.22e-14  2.46e-14  2.74e-14  3.07e-14  3.45e-14  3.87e-14
955 45  9   5.93e-14  5.90e-14  6.19e-14  6.62e-14  7.20e-14  7.96e-14  8.89e-14  1.00e-13  1.13e-13  1.28e-13  1.45e-13
956 45  10  5.43e-14  5.42e-14  5.78e-14  6.19e-14  6.71e-14  7.38e-14  8.20e-14  9.20e-14  1.04e-13  1.17e-13  1.32e-13
957 45  11  2.28e-14  2.27e-14  2.40e-14  2.53e-14  2.71e-14  2.94e-14  3.25e-14  3.61e-14  4.05e-14  4.55e-14  5.11e-14
958 45  12  9.45e-15  9.46e-15  1.02e-14  1.09e-14  1.19e-14  1.31e-14  1.47e-14  1.65e-14  1.87e-14  2.13e-14  2.41e-14
959 45  13  1.51e-14  1.51e-14  1.58e-14  1.67e-14  1.78e-14  1.93e-14  2.13e-14  2.36e-14  2.64e-14  2.96e-14  3.32e-14
960 45  14  1.35e-13  1.35e-13  1.41e-13  1.48e-13  1.56e-13  1.65e-13  1.76e-13  1.87e-13  2.00e-13  2.13e-13  2.27e-13
961 45  15  5.34e-13  5.31e-13  5.45e-13  5.66e-13  5.92e-13  6.24e-13  6.61e-13  7.02e-13  7.45e-13  7.92e-13  8.40e-13
962 45  16  3.02e-13  3.01e-13  3.13e-13  3.27e-13  3.44e-13  3.64e-13  3.86e-13  4.11e-13  4.38e-13  4.66e-13  4.96e-13
963 45  17  9.01e-14  8.96e-14  9.28e-14  9.72e-14  1.02e-13  1.09e-13  1.16e-13  1.24e-13  1.33e-13  1.43e-13  1.53e-13
964 45  18  6.64e-14  6.61e-14  6.84e-14  7.14e-14  7.49e-14  7.91e-14  8.39e-14  8.93e-14  9.51e-14  1.01e-13  1.08e-13
965 45  19  6.72e-14  6.68e-14  6.91e-14  7.23e-14  7.62e-14  8.10e-14  8.64e-14  9.25e-14  9.91e-14  1.06e-13  1.13e-13
966 45  20  2.87e-13  2.86e-13  2.98e-13  3.04e-13  3.12e-13  3.23e-13  3.39e-13  3.57e-13  3.78e-13  4.02e-13  4.29e-13
967 45  21  2.49e-12  2.46e-12  2.47e-12  2.54e-12  2.65e-12  2.78e-12  2.95e-12  3.14e-12  3.35e-12  3.58e-12  3.82e-12
968 45  22  6.70e-13  6.66e-13  6.81e-13  6.99e-13  7.22e-13  7.53e-13  7.93e-13  8.40e-13  8.93e-13  9.53e-13  1.02e-12
969 45  23  1.03e-13  1.03e-13  1.06e-13  1.07e-13  1.09e-13  1.12e-13  1.17e-13  1.24e-13  1.31e-13  1.40e-13  1.49e-13
970 45  24  2.02e-13  2.00e-13  2.00e-13  2.04e-13  2.10e-13  2.18e-13  2.30e-13  2.43e-13  2.58e-13  2.75e-13  2.93e-13
971 45  25  7.83e-14  7.82e-14  8.04e-14  8.12e-14  8.26e-14  8.51e-14  8.88e-14  9.36e-14  9.92e-14  1.06e-13  1.13e-13
972 45  26  1.65e-12  1.65e-12  1.68e-12  1.68e-12  1.67e-12  1.67e-12  1.68e-12  1.70e-12  1.72e-12  1.74e-12  1.76e-12
973 45  27  1.17e-11  1.17e-11  1.18e-11  1.18e-11  1.17e-11  1.17e-11  1.17e-11  1.18e-11  1.18e-11  1.20e-11  1.21e-11
974 45  28  2.74e-12  2.74e-12  2.79e-12  2.78e-12  2.77e-12  2.77e-12  2.78e-12  2.80e-12  2.83e-12  2.87e-12  2.90e-12
975 45  29  3.85e-13  3.85e-13  3.92e-13  3.90e-13  3.89e-13  3.90e-13  3.94e-13  4.00e-13  4.07e-13  4.15e-13  4.24e-13
976 45  30  8.70e-13  8.68e-13  8.79e-13  8.72e-13  8.65e-13  8.62e-13  8.64e-13  8.69e-13  8.76e-13  8.84e-13  8.93e-13
977 45  31  3.24e-13  3.24e-13  3.30e-13  3.28e-13  3.27e-13  3.29e-13  3.32e-13  3.37e-13  3.43e-13  3.50e-13  3.57e-13
978 45  32  3.09e-12  3.09e-12  3.11e-12  3.02e-12  2.94e-12  2.90e-12  2.90e-12  2.91e-12  2.94e-12  2.99e-12  3.05e-12
979 45  33  4.75e-11  4.70e-11  4.63e-11  4.60e-11  4.59e-11  4.61e-11  4.66e-11  4.73e-11  4.81e-11  4.91e-11  5.01e-11
980 45  34  5.31e-12  5.29e-12  5.28e-12  5.17e-12  5.08e-12  5.05e-12  5.06e-12  5.10e-12  5.18e-12  5.27e-12  5.37e-12
981 45  35  3.96e-13  4.02e-13  4.02e-13  3.76e-13  3.56e-13  3.43e-13  3.36e-13  3.34e-13  3.35e-13  3.39e-13  3.45e-13
982 45  36  1.87e-12  1.86e-12  1.83e-12  1.78e-12  1.75e-12  1.74e-12  1.74e-12  1.75e-12  1.77e-12  1.80e-12  1.84e-12
983 45  37  3.47e-13  3.52e-13  3.53e-13  3.30e-13  3.11e-13  3.00e-13  2.93e-13  2.91e-13  2.92e-13  2.95e-13  3.00e-13
984 45  38  9.21e-12  9.69e-12  1.27e-11  1.37e-11  1.40e-11  1.40e-11  1.40e-11  1.39e-11  1.38e-11  1.37e-11  1.36e-11
985 45  39  8.95e-11  9.38e-11  1.22e-10  1.33e-10  1.38e-10  1.40e-10  1.40e-10  1.40e-10  1.39e-10  1.38e-10  1.37e-10
986 45  40  1.11e-11  1.17e-11  1.53e-11  1.65e-11  1.69e-11  1.70e-11  1.70e-11  1.69e-11  1.68e-11  1.67e-11  1.65e-11
987 45  41  8.19e-13  8.65e-13  1.12e-12  1.18e-12  1.20e-12  1.19e-12  1.19e-12  1.18e-12  1.17e-12  1.16e-12  1.15e-12
988 45  42  4.00e-12  4.20e-12  5.46e-12  5.88e-12  6.02e-12  6.05e-12  6.03e-12  6.00e-12  5.95e-12  5.90e-12  5.84e-12
989 45  43  8.04e-13  8.49e-13  1.10e-12  1.16e-12  1.18e-12  1.17e-12  1.17e-12  1.16e-12  1.15e-12  1.14e-12  1.13e-12
990 45  44  3.10e-11  3.12e-11  3.38e-11  3.80e-11  4.26e-11  4.72e-11  5.14e-11  5.54e-11  5.89e-11  6.22e-11  6.51e-11
991 46  1   1.62e-15  1.65e-15  1.94e-15  2.19e-15  2.49e-15  2.89e-15  3.42e-15  4.09e-15  4.91e-15  5.91e-15  7.09e-15
992 46  2   2.37e-15  2.37e-15  2.58e-15  2.82e-15  3.16e-15  3.64e-15  4.28e-15  5.10e-15  6.11e-15  7.35e-15  8.81e-15
993 46  3   4.18e-15  4.19e-15  4.67e-15  5.17e-15  5.73e-15  6.39e-15  7.17e-15  8.07e-15  9.08e-15  1.02e-14  1.15e-14
994 46  4   1.89e-14  1.88e-14  2.01e-14  2.18e-14  2.39e-14  2.64e-14  2.95e-14  3.31e-14  3.71e-14  4.16e-14  4.66e-14
995 46  5   1.06e-14  1.06e-14  1.16e-14  1.27e-14  1.41e-14  1.57e-14  1.76e-14  1.99e-14  2.24e-14  2.52e-14  2.83e-14
996 46  6   1.29e-14  1.29e-14  1.40e-14  1.54e-14  1.70e-14  1.91e-14  2.16e-14  2.44e-14  2.76e-14  3.12e-14  3.52e-14
997 46  7   7.31e-15  7.32e-15  8.05e-15  8.93e-15  1.00e-14  1.13e-14  1.29e-14  1.47e-14  1.67e-14  1.90e-14  2.15e-14
998 46  8   2.16e-15  2.21e-15  2.61e-15  2.86e-15  3.11e-15  3.41e-15  3.78e-15  4.22e-15  4.74e-15  5.33e-15  6.00e-15
999 46  9   1.92e-14  1.93e-14  2.10e-14  2.26e-14  2.44e-14  2.67e-14  2.96e-14  3.30e-14  3.70e-14  4.15e-14  4.67e-14
1000 46  10  1.08e-13  1.08e-13  1.14e-13  1.22e-13  1.32e-13  1.45e-13  1.62e-13  1.82e-13  2.06e-13  2.32e-13  2.62e-13
1001 46  11  2.77e-14  2.76e-14  2.91e-14  3.09e-14  3.32e-14  3.63e-14  4.02e-14  4.49e-14  5.03e-14  5.66e-14  6.37e-14
1002 46  12  1.62e-14  1.62e-14  1.71e-14  1.80e-14  1.92e-14  2.09e-14  2.30e-14  2.56e-14  2.86e-14  3.21e-14  3.61e-14
1003 46  13  3.45e-15  3.47e-15  3.80e-15  4.03e-15  4.31e-15  4.70e-15  5.21e-15  5.85e-15  6.63e-15  7.55e-15  8.63e-15
1004 46  14  1.26e-14  1.27e-14  1.39e-14  1.49e-14  1.60e-14  1.73e-14  1.88e-14  2.04e-14  2.21e-14  2.40e-14  2.59e-14
1005 46  15  1.35e-13  1.34e-13  1.41e-13  1.48e-13  1.56e-13  1.66e-13  1.76e-13  1.88e-13  2.01e-13  2.15e-13  2.29e-13
1006 46  16  8.25e-13  8.19e-13  8.43e-13  8.78e-13  9.20e-13  9.70e-13  1.03e-12  1.09e-12  1.16e-12  1.23e-12  1.31e-12
1007 46  17  1.47e-13  1.46e-13  1.51e-13  1.58e-13  1.65e-13  1.75e-13  1.86e-13  1.98e-13  2.11e-13  2.24e-13  2.38e-13
1008 46  18  6.60e-14  6.56e-14  6.80e-14  7.12e-14  7.52e-14  8.00e-14  8.55e-14  9.17e-14  9.84e-14  1.06e-13  1.13e-13
1009 46  19  1.06e-14  1.06e-14  1.13e-14  1.21e-14  1.30e-14  1.41e-14  1.54e-14  1.69e-14  1.86e-14  2.05e-14  2.25e-14
1010 46  20  1.32e-14  1.35e-14  1.52e-14  1.56e-14  1.59e-14  1.65e-14  1.73e-14  1.83e-14  1.95e-14  2.10e-14  2.26e-14
1011 46  21  2.68e-13  2.68e-13  2.79e-13  2.85e-13  2.92e-13  3.03e-13  3.17e-13  3.34e-13  3.54e-13  3.77e-13  4.02e-13
1012 46  22  3.16e-12  3.13e-12  3.15e-12  3.25e-12  3.37e-12  3.54e-12  3.74e-12  3.98e-12  4.24e-12  4.53e-12  4.84e-12
1013 46  23  3.04e-13  3.02e-13  3.04e-13  3.09e-13  3.17e-13  3.29e-13  3.45e-13  3.65e-13  3.87e-13  4.12e-13  4.39e-13
1014 46  24  7.30e-14  7.29e-14  7.51e-14  7.57e-14  7.70e-14  7.94e-14  8.28e-14  8.73e-14  9.26e-14  9.87e-14  1.05e-13
1015 46  25  6.70e-15  6.81e-15  7.25e-15  7.18e-15  7.19e-15  7.36e-15  7.67e-15  8.13e-15  8.72e-15  9.43e-15  1.03e-14
1016 46  26  8.36e-14  8.42e-14  8.84e-14  8.93e-14  9.01e-14  9.14e-14  9.33e-14  9.56e-14  9.83e-14  1.01e-13  1.04e-13
1017 46  27  1.52e-12  1.52e-12  1.55e-12  1.55e-12  1.54e-12  1.54e-12  1.55e-12  1.57e-12  1.58e-12  1.61e-12  1.63e-12
1018 46  28  1.45e-11  1.45e-11  1.47e-11  1.46e-11  1.45e-11  1.45e-11  1.45e-11  1.46e-11  1.47e-11  1.49e-11  1.50e-11
1019 46  29  1.25e-12  1.25e-12  1.27e-12  1.26e-12  1.25e-12  1.25e-12  1.25e-12  1.26e-12  1.28e-12  1.29e-12  1.31e-12
1020 46  30  2.98e-13  2.98e-13  3.04e-13  3.02e-13  3.02e-13  3.03e-13  3.06e-13  3.11e-13  3.17e-13  3.24e-13  3.31e-13
1021 46  31  2.63e-14  2.65e-14  2.75e-14  2.77e-14  2.80e-14  2.85e-14  2.94e-14  3.04e-14  3.16e-14  3.30e-14  3.45e-14
1022 46  32  1.06e-13  1.09e-13  1.13e-13  1.05e-13  9.77e-14  9.32e-14  9.08e-14  8.98e-14  9.00e-14  9.10e-14  9.27e-14
1023 46  33  2.80e-12  2.80e-12  2.82e-12  2.74e-12  2.67e-12  2.63e-12  2.62e-12  2.63e-12  2.66e-12  2.71e-12  2.76e-12
1024 46  34  5.30e-11  5.25e-11  5.18e-11  5.14e-11  5.12e-11  5.13e-11  5.18e-11  5.26e-11  5.35e-11  5.46e-11  5.57e-11
1025 46  35  2.27e-12  2.26e-12  2.23e-12  2.16e-12  2.11e-12  2.09e-12  2.08e-12  2.09e-12  2.12e-12  2.15e-12  2.19e-12
1026 46  36  3.17e-13  3.22e-13  3.23e-13  3.01e-13  2.83e-13  2.73e-13  2.67e-13  2.65e-13  2.65e-13  2.68e-13  2.73e-13
1027 46  37  2.79e-14  2.94e-14  2.89e-14  2.45e-14  2.14e-14  1.94e-14  1.81e-14  1.73e-14  1.70e-14  1.69e-14  1.70e-14
1028 46  38  3.47e-13  3.68e-13  4.82e-13  5.13e-13  5.20e-13  5.20e-13  5.17e-13  5.15e-13  5.12e-13  5.09e-13  5.07e-13
1029 46  39  8.31e-12  8.75e-12  1.14e-11  1.23e-11  1.26e-11  1.27e-11  1.26e-11  1.26e-11  1.25e-11  1.24e-11  1.23e-11
1030 46  40  1.01e-10  1.06e-10  1.38e-10  1.51e-10  1.56e-10  1.58e-10  1.58e-10  1.58e-10  1.57e-10  1.56e-10  1.55e-10
1031 46  41  4.84e-12  5.09e-12  6.61e-12  7.10e-12  7.26e-12  7.29e-12  7.27e-12  7.22e-12  7.17e-12  7.11e-12  7.04e-12
1032 46  42  7.28e-13  7.69e-13  9.94e-13  1.05e-12  1.06e-12  1.06e-12  1.05e-12  1.05e-12  1.04e-12  1.03e-12  1.03e-12
1033 46  43  4.75e-14  5.07e-14  6.51e-14  6.72e-14  6.67e-14  6.58e-14  6.51e-14  6.46e-14  6.43e-14  6.43e-14  6.45e-14
1034 46  44  5.18e-13  5.41e-13  6.74e-13  7.40e-13  7.91e-13  8.37e-13  8.79e-13  9.19e-13  9.57e-13  9.92e-13  1.03e-12
1035 46  45  2.77e-11  2.79e-11  3.02e-11  3.40e-11  3.81e-11  4.22e-11  4.60e-11  4.95e-11  5.27e-11  5.56e-11  5.82e-11
1036 47  1   3.90e-15  3.92e-15  4.31e-15  4.73e-15  5.30e-15  6.09e-15  7.15e-15  8.52e-15  1.02e-14  1.23e-14  1.47e-14
1037 47  2   8.87e-17  1.02e-16  2.10e-16  2.82e-16  3.54e-16  4.37e-16  5.40e-16  6.67e-16  8.22e-16  1.01e-15  1.23e-15
1038 47  3   5.30e-15  5.31e-15  5.87e-15  6.52e-15  7.32e-15  8.31e-15  9.47e-15  1.08e-14  1.24e-14  1.41e-14  1.60e-14
1039 47  4   8.14e-15  8.13e-15  8.90e-15  9.81e-15  1.09e-14  1.22e-14  1.38e-14  1.56e-14  1.77e-14  2.00e-14  2.25e-14
1040 47  5   3.30e-14  3.30e-14  3.54e-14  3.85e-14  4.22e-14  4.68e-14  5.23e-14  5.87e-14  6.59e-14  7.40e-14  8.29e-14
1041 47  6   6.65e-15  6.65e-15  7.37e-15  8.17e-15  9.10e-15  1.02e-14  1.15e-14  1.31e-14  1.48e-14  1.67e-14  1.89e-14
1042 47  7   7.58e-16  7.69e-16  9.22e-16  1.06e-15  1.22e-15  1.41e-15  1.63e-15  1.88e-15  2.16e-15  2.48e-15  2.83e-15
1043 47  8   3.83e-16  3.96e-16  4.94e-16  5.50e-16  6.11e-16  6.94e-16  8.03e-16  9.44e-16  1.12e-15  1.34e-15  1.59e-15
1044 47  9   3.68e-15  3.69e-15  3.98e-15  4.18e-15  4.43e-15  4.79e-15  5.26e-15  5.85e-15  6.57e-15  7.42e-15  8.40e-15
1045 47  10  1.45e-14  1.44e-14  1.50e-14  1.56e-14  1.66e-14  1.79e-14  1.95e-14  2.16e-14  2.40e-14  2.68e-14  2.99e-14
1046 47  11  1.40e-13  1.40e-13  1.47e-13  1.58e-13  1.71e-13  1.88e-13  2.10e-13  2.36e-13  2.66e-13  3.00e-13  3.39e-13
1047 47  12  1.74e-14  1.74e-14  1.89e-14  2.03e-14  2.18e-14  2.38e-14  2.63e-14  2.94e-14  3.29e-14  3.70e-14  4.15e-14
1048 47  13  1.08e-15  1.10e-15  1.31e-15  1.43e-15  1.56e-15  1.72e-15  1.92e-15  2.16e-15  2.44e-15  2.77e-15  3.15e-15
1049 47  14  1.89e-15  1.91e-15  2.17e-15  2.41e-15  2.70e-15  3.05e-15  3.47e-15  3.97e-15  4.54e-15  5.19e-15  5.91e-15
1050 47  15  1.92e-14  1.92e-14  2.02e-14  2.14e-14  2.28e-14  2.46e-14  2.66e-14  2.89e-14  3.15e-14  3.43e-14  3.73e-14
1051 47  16  8.29e-14  8.24e-14  8.50e-14  8.86e-14  9.31e-14  9.86e-14  1.05e-13  1.12e-13  1.19e-13  1.27e-13  1.36e-13
1052 47  17  9.69e-13  9.63e-13  9.93e-13  1.03e-12  1.08e-12  1.14e-12  1.21e-12  1.29e-12  1.37e-12  1.46e-12  1.54e-12
1053 47  18  1.16e-13  1.15e-13  1.21e-13  1.27e-13  1.34e-13  1.42e-13  1.52e-13  1.62e-13  1.74e-13  1.86e-13  1.98e-13
1054 47  19  6.81e-15  6.84e-15  7.46e-15  8.03e-15  8.66e-15  9.38e-15  1.02e-14  1.11e-14  1.21e-14  1.32e-14  1.43e-14
1055 47  20  1.35e-15  1.41e-15  1.55e-15  1.50e-15  1.48e-15  1.51e-15  1.59e-15  1.73e-15  1.91e-15  2.13e-15  2.41e-15
1056 47  21  1.72e-14  1.74e-14  1.84e-14  1.82e-14  1.81e-14  1.85e-14  1.91e-14  2.02e-14  2.15e-14  2.31e-14  2.49e-14
1057 47  22  1.34e-13  1.33e-13  1.34e-13  1.34e-13  1.35e-13  1.39e-13  1.44e-13  1.50e-13  1.59e-13  1.68e-13  1.78e-13
1058 47  23  3.45e-12  3.41e-12  3.44e-12  3.54e-12  3.68e-12  3.86e-12  4.08e-12  4.34e-12  4.63e-12  4.94e-12  5.28e-12
1059 47  24  2.18e-13  2.18e-13  2.27e-13  2.32e-13  2.38e-13  2.46e-13  2.58e-13  2.72e-13  2.88e-13  3.06e-13  3.27e-13
1060 47  25  7.55e-15  7.72e-15  8.65e-15  8.85e-15  9.03e-15  9.34e-15  9.79e-15  1.04e-14  1.11e-14  1.19e-14  1.29e-14
1061 47  26  6.90e-15  7.02e-15  7.61e-15  7.80e-15  8.04e-15  8.38e-15  8.84e-15  9.39e-15  1.00e-14  1.08e-14  1.15e-14
1062 47  27  1.12e-13  1.12e-13  1.16e-13  1.16e-13  1.16e-13  1.18e-13  1.20e-13  1.23e-13  1.27e-13  1.31e-13  1.35e-13
1063 47  28  7.49e-13  7.48e-13  7.57e-13  7.50e-13  7.45e-13  7.44e-13  7.47e-13  7.54e-13  7.62e-13  7.72e-13  7.83e-13
1064 47  29  1.55e-11  1.55e-11  1.57e-11  1.56e-11  1.55e-11  1.55e-11  1.55e-11  1.56e-11  1.58e-11  1.59e-11  1.61e-11
1065 47  30  1.25e-12  1.25e-12  1.28e-12  1.27e-12  1.27e-12  1.27e-12  1.28e-12  1.29e-12  1.31e-12  1.33e-12  1.35e-12
1066 47  31  5.01e-14  5.04e-14  5.28e-14  5.33e-14  5.38e-14  5.46e-14  5.57e-14  5.72e-14  5.88e-14  6.07e-14  6.26e-14
1067 47  32  1.35e-14  1.45e-14  1.40e-14  1.12e-14  9.28e-15  8.04e-15  7.23e-15  6.72e-15  6.43e-15  6.29e-15  6.28e-15
1068 47  33  1.29e-13  1.34e-13  1.35e-13  1.20e-13  1.08e-13  1.00e-13  9.58e-14  9.33e-14  9.25e-14  9.29e-14  9.42e-14
1069 47  34  1.18e-12  1.18e-12  1.17e-12  1.11e-12  1.07e-12  1.04e-12  1.03e-12  1.03e-12  1.03e-12  1.05e-12  1.06e-12
1070 47  35  5.49e-11  5.43e-11  5.36e-11  5.32e-11  5.29e-11  5.31e-11  5.36e-11  5.43e-11  5.53e-11  5.64e-11  5.76e-11
1071 47  36  2.28e-12  2.29e-12  2.30e-12  2.23e-12  2.17e-12  2.13e-12  2.13e-12  2.14e-12  2.16e-12  2.19e-12  2.24e-12
1072 47  37  6.58e-14  6.80e-14  7.04e-14  6.49e-14  6.04e-14  5.76e-14  5.61e-14  5.54e-14  5.55e-14  5.61e-14  5.72e-14
1073 47  38  2.33e-14  2.50e-14  3.22e-14  3.28e-14  3.22e-14  3.15e-14  3.10e-14  3.08e-14  3.08e-14  3.10e-14  3.13e-14
1074 47  39  4.35e-13  4.61e-13  5.98e-13  6.29e-13  6.33e-13  6.29e-13  6.25e-13  6.20e-13  6.16e-13  6.13e-13  6.10e-13
1075 47  40  3.68e-12  3.87e-12  5.02e-12  5.38e-12  5.48e-12  5.49e-12  5.47e-12  5.43e-12  5.39e-12  5.34e-12  5.29e-12
1076 47  41  1.04e-10  1.09e-10  1.43e-10  1.55e-10  1.60e-10  1.62e-10  1.63e-10  1.62e-10  1.62e-10  1.61e-10  1.59e-10
1077 47  42  6.81e-12  7.17e-12  9.37e-12  1.01e-11  1.03e-11  1.04e-11  1.03e-11  1.03e-11  1.02e-11  1.01e-11  1.00e-11
1078 47  43  2.19e-13  2.33e-13  3.04e-13  3.23e-13  3.28e-13  3.27e-13  3.26e-13  3.24e-13  3.22e-13  3.21e-13  3.20e-13
1079 47  44  1.94e-14  2.33e-14  3.97e-14  3.94e-14  3.64e-14  3.34e-14  3.09e-14  2.88e-14  2.72e-14  2.60e-14  2.52e-14
1080 47  45  4.55e-13  4.87e-13  6.51e-13  6.92e-13  7.06e-13  7.14e-13  7.22e-13  7.31e-13  7.41e-13  7.52e-13  7.63e-13
1081 47  46  9.56e-12  9.66e-12  1.06e-11  1.18e-11  1.30e-11  1.43e-11  1.54e-11  1.64e-11  1.74e-11  1.83e-11  1.90e-11
1082 48  1   2.51e-15  2.53e-15  2.86e-15  3.18e-15  3.59e-15  4.15e-15  4.89e-15  5.84e-15  7.02e-15  8.44e-15  1.01e-14
1083 48  2   1.48e-15  1.49e-15  1.66e-15  1.83e-15  2.06e-15  2.38e-15  2.80e-15  3.34e-15  4.01e-15  4.82e-15  5.78e-15
1084 48  3   4.38e-15  4.38e-15  4.81e-15  5.32e-15  5.93e-15  6.67e-15  7.56e-15  8.58e-15  9.74e-15  1.10e-14  1.25e-14
1085 48  4   9.06e-15  9.06e-15  9.95e-15  1.10e-14  1.23e-14  1.39e-14  1.57e-14  1.79e-14  2.03e-14  2.30e-14  2.61e-14
1086 48  5   1.76e-14  1.76e-14  1.91e-14  2.09e-14  2.30e-14  2.57e-14  2.88e-14  3.25e-14  3.66e-14  4.12e-14  4.63e-14
1087 48  6   1.73e-14  1.73e-14  1.86e-14  2.01e-14  2.20e-14  2.44e-14  2.73e-14  3.06e-14  3.44e-14  3.86e-14  4.32e-14
1088 48  7   5.54e-15  5.53e-15  6.07e-15  6.69e-15  7.42e-15  8.30e-15  9.35e-15  1.06e-14  1.19e-14  1.34e-14  1.51e-14
1089 48  8   3.10e-15  3.10e-15  3.28e-15  3.42e-15  3.60e-15  3.86e-15  4.21e-15  4.64e-15  5.15e-15  5.76e-15  6.45e-15
1090 48  9   6.96e-15  6.93e-15  7.23e-15  7.60e-15  8.10e-15  8.78e-15  9.66e-15  1.07e-14  1.20e-14  1.35e-14  1.51e-14
1091 48  10  8.46e-15  8.46e-15  8.94e-15  9.36e-15  9.92e-15  1.07e-14  1.17e-14  1.30e-14  1.45e-14  1.63e-14  1.83e-14
1092 48  11  4.68e-14  4.67e-14  4.99e-14  5.34e-14  5.77e-14  6.34e-14  7.04e-14  7.88e-14  8.87e-14  9.99e-14  1.13e-13
1093 48  12  9.43e-14  9.39e-14  9.88e-14  1.06e-13  1.15e-13  1.27e-13  1.42e-13  1.59e-13  1.80e-13  2.03e-13  2.29e-13
1094 48  13  1.75e-14  1.76e-14  1.90e-14  2.03e-14  2.19e-14  2.39e-14  2.64e-14  2.94e-14  3.29e-14  3.70e-14  4.16e-14
1095 48  14  1.90e-14  1.89e-14  1.98e-14  2.09e-14  2.23e-14  2.39e-14  2.58e-14  2.80e-14  3.03e-14  3.29e-14  3.56e-14
1096 48  15  4.78e-14  4.75e-14  4.88e-14  5.08e-14  5.33e-14  5.63e-14  5.96e-14  6.34e-14  6.75e-14  7.18e-14  7.63e-14
1097 48  16  3.72e-14  3.70e-14  3.86e-14  4.06e-14  4.31e-14  4.60e-14  4.95e-14  5.34e-14  5.76e-14  6.22e-14  6.71e-14
1098 48  17  2.52e-13  2.51e-13  2.61e-13  2.73e-13  2.87e-13  3.04e-13  3.24e-13  3.45e-13  3.68e-13  3.92e-13  4.17e-13
1099 48  18  7.18e-13  7.13e-13  7.33e-13  7.63e-13  7.99e-13  8.42e-13  8.92e-13  9.47e-13  1.01e-12  1.07e-12  1.13e-12
1100 48  19  1.22e-13  1.21e-13  1.27e-13  1.33e-13  1.41e-13  1.49e-13  1.59e-13  1.70e-13  1.82e-13  1.94e-13  2.07e-13
1101 48  20  1.79e-14  1.81e-14  1.91e-14  1.89e-14  1.89e-14  1.92e-14  1.99e-14  2.10e-14  2.23e-14  2.39e-14  2.58e-14
1102 48  21  9.85e-14  9.75e-14  9.72e-14  9.74e-14  9.86e-14  1.01e-13  1.05e-13  1.10e-13  1.16e-13  1.22e-13  1.29e-13
1103 48  22  3.62e-14  3.63e-14  3.74e-14  3.72e-14  3.74e-14  3.82e-14  3.96e-14  4.16e-14  4.41e-14  4.70e-14  5.04e-14
1104 48  23  5.35e-13  5.32e-13  5.44e-13  5.58e-13  5.76e-13  6.00e-13  6.32e-13  6.69e-13  7.12e-13  7.59e-13  8.10e-13
1105 48  24  2.90e-12  2.87e-12  2.89e-12  2.98e-12  3.10e-12  3.25e-12  3.44e-12  3.66e-12  3.90e-12  4.17e-12  4.46e-12
1106 48  25  2.36e-13  2.36e-13  2.45e-13  2.50e-13  2.56e-13  2.66e-13  2.78e-13  2.93e-13  3.11e-13  3.30e-13  3.52e-13
1107 48  26  1.20e-13  1.20e-13  1.24e-13  1.24e-13  1.24e-13  1.25e-13  1.28e-13  1.31e-13  1.35e-13  1.39e-13  1.43e-13
1108 48  27  5.61e-13  5.60e-13  5.65e-13  5.59e-13  5.54e-13  5.52e-13  5.53e-13  5.56e-13  5.60e-13  5.65e-13  5.71e-13
1109 48  28  1.87e-13  1.87e-13  1.92e-13  1.91e-13  1.91e-13  1.93e-13  1.96e-13  1.99e-13  2.04e-13  2.10e-13  2.15e-13
1110 48  29  2.22e-12  2.22e-12  2.26e-12  2.25e-12  2.24e-12  2.24e-12  2.25e-12  2.27e-12  2.30e-12  2.33e-12  2.36e-12
1111 48  30  1.32e-11  1.32e-11  1.34e-11  1.33e-11  1.32e-11  1.32e-11  1.32e-11  1.33e-11  1.34e-11  1.35e-11  1.37e-11
1112 48  31  1.36e-12  1.36e-12  1.39e-12  1.39e-12  1.38e-12  1.38e-12  1.39e-12  1.40e-12  1.42e-12  1.44e-12  1.46e-12
1113 48  32  1.38e-13  1.43e-13  1.44e-13  1.28e-13  1.16e-13  1.08e-13  1.03e-13  1.01e-13  9.97e-14  1.00e-13  1.02e-13
1114 48  33  9.79e-13  9.75e-13  9.60e-13  9.23e-13  8.93e-13  8.75e-13  8.67e-13  8.68e-13  8.74e-13  8.85e-13  9.00e-13
1115 48  34  2.07e-13  2.12e-13  2.12e-13  1.92e-13  1.77e-13  1.67e-13  1.62e-13  1.59e-13  1.58e-13  1.59e-13  1.62e-13
1116 48  35  4.25e-12  4.23e-12  4.23e-12  4.13e-12  4.06e-12  4.03e-12  4.03e-12  4.07e-12  4.12e-12  4.20e-12  4.28e-12
1117 48  36  5.05e-11  4.99e-11  4.92e-11  4.89e-11  4.87e-11  4.89e-11  4.94e-11  5.01e-11  5.10e-11  5.20e-11  5.32e-11
1118 48  37  2.50e-12  2.51e-12  2.52e-12  2.44e-12  2.38e-12  2.34e-12  2.33e-12  2.34e-12  2.37e-12  2.41e-12  2.45e-12
1119 48  38  4.74e-13  5.02e-13  6.51e-13  6.85e-13  6.90e-13  6.87e-13  6.81e-13  6.76e-13  6.72e-13  6.68e-13  6.65e-13
1120 48  39  3.07e-12  3.23e-12  4.18e-12  4.49e-12  4.58e-12  4.60e-12  4.58e-12  4.55e-12  4.51e-12  4.47e-12  4.42e-12
1121 48  40  5.97e-13  6.32e-13  8.19e-13  8.65e-13  8.72e-13  8.69e-13  8.63e-13  8.57e-13  8.51e-13  8.46e-13  8.41e-13
1122 48  41  9.00e-12  9.47e-12  1.24e-11  1.33e-11  1.37e-11  1.38e-11  1.37e-11  1.37e-11  1.36e-11  1.34e-11  1.33e-11
1123 48  42  9.48e-11  9.94e-11  1.30e-10  1.41e-10  1.46e-10  1.48e-10  1.48e-10  1.48e-10  1.47e-10  1.46e-10  1.45e-10
1124 48  43  7.49e-12  7.89e-12  1.03e-11  1.11e-11  1.14e-11  1.14e-11  1.14e-11  1.13e-11  1.12e-11  1.11e-11  1.10e-11
1125 48  44  4.99e-13  5.33e-13  7.11e-13  7.57e-13  7.72e-13  7.82e-13  7.92e-13  8.02e-13  8.14e-13  8.26e-13  8.39e-13
1126 48  45  8.89e-12  8.97e-12  9.72e-12  1.08e-11  1.21e-11  1.32e-11  1.43e-11  1.54e-11  1.63e-11  1.71e-11  1.79e-11
1127 48  46  6.37e-13  6.74e-13  8.69e-13  9.31e-13  9.63e-13  9.89e-13  1.01e-12  1.04e-12  1.06e-12  1.09e-12  1.11e-12
1128 48  47  2.50E-11  2.52E-11  2.73E-11  3.07E-11  3.43E-11  3.80E-11  4.13E-11  4.44E-11  4.73E-11  4.99E-11  5.22E-11
1129 49  1   1.27e-15  1.30e-15  1.56e-15  1.79e-15  2.06e-15  2.41e-15  2.87e-15  3.45e-15  4.16e-15  5.03e-15  6.05e-15
1130 49  2   2.72e-15  2.72e-15  2.95e-15  3.22e-15  3.59e-15  4.12e-15  4.83e-15  5.74e-15  6.87e-15  8.23e-15  9.85e-15
1131 49  3   3.56e-15  3.55e-15  3.87e-15  4.24e-15  4.68e-15  5.21e-15  5.84e-15  6.57e-15  7.39e-15  8.31e-15  9.32e-15
1132 49  4   9.88e-15  9.89e-15  1.09e-14  1.21e-14  1.35e-14  1.53e-14  1.74e-14  1.99e-14  2.27e-14  2.58e-14  2.92e-14
1133 49  5   7.18e-15  7.20e-15  8.02e-15  8.91e-15  9.94e-15  1.12e-14  1.27e-14  1.44e-14  1.63e-14  1.84e-14  2.08e-14
1134 49  6   1.77e-14  1.77e-14  1.91e-14  2.08e-14  2.29e-14  2.55e-14  2.85e-14  3.21e-14  3.61e-14  4.06e-14  4.55e-14
1135 49  7   1.56e-14  1.55e-14  1.66e-14  1.80e-14  1.97e-14  2.18e-14  2.43e-14  2.72e-14  3.05e-14  3.42e-14  3.83e-14
1136 49  8   6.46e-15  6.42e-15  6.63e-15  6.93e-15  7.34e-15  7.92e-15  8.66e-15  9.56e-15  1.06e-14  1.18e-14  1.32e-14
1137 49  9   8.41e-15  8.38e-15  8.77e-15  9.15e-15  9.67e-15  1.04e-14  1.13e-14  1.25e-14  1.39e-14  1.55e-14  1.73e-14
1138 49  10  3.66e-15  3.68e-15  4.05e-15  4.30e-15  4.61e-15  5.03e-15  5.59e-15  6.29e-15  7.15e-15  8.17e-15  9.36e-15
1139 49  11  1.01e-14  1.02e-14  1.11e-14  1.19e-14  1.29e-14  1.41e-14  1.57e-14  1.76e-14  1.98e-14  2.23e-14  2.51e-14
1140 49  12  5.06e-14  5.06e-14  5.39e-14  5.76e-14  6.23e-14  6.84e-14  7.59e-14  8.50e-14  9.57e-14  1.08e-13  1.21e-13
1141 49  13  9.79e-14  9.75e-14  1.03e-13  1.10e-13  1.19e-13  1.32e-13  1.47e-13  1.65e-13  1.86e-13  2.10e-13  2.37e-13
1142 49  14  5.43e-14  5.39e-14  5.55e-14  5.77e-14  6.05e-14  6.39e-14  6.78e-14  7.21e-14  7.68e-14  8.17e-14  8.68e-14
1143 49  15  3.92e-14  3.90e-14  4.05e-14  4.25e-14  4.50e-14  4.80e-14  5.14e-14  5.53e-14  5.95e-14  6.40e-14  6.88e-14
1144 49  16  1.06e-14  1.06e-14  1.13e-14  1.21e-14  1.31e-14  1.43e-14  1.57e-14  1.73e-14  1.91e-14  2.11e-14  2.33e-14
1145 49  17  3.97e-14  3.96e-14  4.18e-14  4.41e-14  4.68e-14  4.99e-14  5.34e-14  5.73e-14  6.15e-14  6.60e-14  7.08e-14
1146 49  18  2.76e-13  2.75e-13  2.85e-13  2.98e-13  3.14e-13  3.32e-13  3.53e-13  3.76e-13  4.01e-13  4.27e-13  4.55e-13
1147 49  19  7.76e-13  7.71e-13  7.94e-13  8.26e-13  8.66e-13  9.14e-13  9.68e-13  1.03e-12  1.09e-12  1.16e-12  1.23e-12
1148 49  20  1.07e-13  1.06e-13  1.06e-13  1.06e-13  1.08e-13  1.10e-13  1.14e-13  1.20e-13  1.26e-13  1.33e-13  1.41e-13
1149 49  21  3.94e-14  3.95e-14  4.07e-14  4.05e-14  4.06e-14  4.15e-14  4.30e-14  4.52e-14  4.78e-14  5.10e-14  5.46e-14
1150 49  22  6.29e-15  6.40e-15  6.79e-15  6.68e-15  6.65e-15  6.79e-15  7.08e-15  7.52e-15  8.09e-15  8.79e-15  9.62e-15
1151 49  23  4.83e-14  4.84e-14  5.08e-14  5.20e-14  5.34e-14  5.55e-14  5.82e-14  6.16e-14  6.55e-14  7.00e-14  7.48e-14
1152 49  24  5.94e-13  5.90e-13  6.04e-13  6.19e-13  6.39e-13  6.67e-13  7.01e-13  7.43e-13  7.90e-13  8.42e-13  8.99e-13
1153 49  25  3.03e-12  3.00e-12  3.03e-12  3.11e-12  3.23e-12  3.39e-12  3.59e-12  3.82e-12  4.07e-12  4.35e-12  4.64e-12
1154 49  26  6.37e-13  6.37e-13  6.44e-13  6.38e-13  6.33e-13  6.31e-13  6.34e-13  6.38e-13  6.45e-13  6.53e-13  6.61e-13
1155 49  27  2.05e-13  2.05e-13  2.10e-13  2.09e-13  2.09e-13  2.11e-13  2.14e-13  2.18e-13  2.23e-13  2.29e-13  2.35e-13
1156 49  28  2.50e-14  2.52e-14  2.65e-14  2.67e-14  2.70e-14  2.77e-14  2.86e-14  2.97e-14  3.10e-14  3.25e-14  3.41e-14
1157 49  29  1.77e-13  1.77e-13  1.83e-13  1.83e-13  1.83e-13  1.84e-13  1.86e-13  1.89e-13  1.93e-13  1.97e-13  2.01e-13
1158 49  30  2.47e-12  2.47e-12  2.51e-12  2.50e-12  2.49e-12  2.49e-12  2.50e-12  2.52e-12  2.55e-12  2.58e-12  2.62e-12
1159 49  31  1.42e-11  1.42e-11  1.43e-11  1.42e-11  1.42e-11  1.41e-11  1.42e-11  1.43e-11  1.44e-11  1.45e-11  1.47e-11
1160 49  32  1.07e-12  1.07e-12  1.05e-12  1.01e-12  9.70e-13  9.47e-13  9.36e-13  9.35e-13  9.41e-13  9.52e-13  9.68e-13
1161 49  33  2.26e-13  2.32e-13  2.32e-13  2.11e-13  1.95e-13  1.84e-13  1.78e-13  1.75e-13  1.74e-13  1.76e-13  1.79e-13
1162 49  34  2.86e-14  3.02e-14  2.96e-14  2.48e-14  2.14e-14  1.92e-14  1.78e-14  1.69e-14  1.65e-14  1.64e-14  1.65e-14
1163 49  35  2.00e-13  2.02e-13  2.06e-13  1.96e-13  1.87e-13  1.82e-13  1.80e-13  1.80e-13  1.82e-13  1.84e-13  1.88e-13
1164 49  36  4.74e-12  4.73e-12  4.72e-12  4.61e-12  4.53e-12  4.50e-12  4.51e-12  4.55e-12  4.61e-12  4.69e-12  4.78e-12
1165 49  37  5.23e-11  5.17e-11  5.10e-11  5.06e-11  5.04e-11  5.06e-11  5.11e-11  5.18e-11  5.27e-11  5.38e-11  5.49e-11
1166 49  38  3.43e-12  3.61e-12  4.68e-12  5.01e-12  5.11e-12  5.12e-12  5.10e-12  5.07e-12  5.02e-12  4.98e-12  4.93e-12
1167 49  39  6.61e-13  7.00e-13  9.07e-13  9.58e-13  9.67e-13  9.63e-13  9.57e-13  9.50e-13  9.43e-13  9.37e-13  9.32e-13
1168 49  40  4.90e-14  5.24e-14  6.77e-14  6.98e-14  6.92e-14  6.82e-14  6.74e-14  6.69e-14  6.67e-14  6.67e-14  6.70e-14
1169 49  41  4.03e-13  4.26e-13  5.57e-13  5.94e-13  6.04e-13  6.05e-13  6.03e-13  5.99e-13  5.96e-13  5.92e-13  5.89e-13
1170 49  42  1.00e-11  1.06e-11  1.38e-11  1.49e-11  1.52e-11  1.53e-11  1.53e-11  1.52e-11  1.51e-11  1.50e-11  1.49e-11
1171 49  43  1.01e-10  1.06e-10  1.38e-10  1.50e-10  1.55e-10  1.57e-10  1.57e-10  1.57e-10  1.56e-10  1.55e-10  1.54e-10
1172 49  44  9.29e-12  9.39e-12  1.03e-11  1.14e-11  1.27e-11  1.38e-11  1.50e-11  1.60e-11  1.69e-11  1.78e-11  1.85e-11
1173 49  45  7.09e-13  7.49e-13  9.64e-13  1.03e-12  1.07e-12  1.10e-12  1.13e-12  1.16e-12  1.18e-12  1.21e-12  1.24e-12
1174 49  46  3.30e-14  3.85e-14  6.23e-14  6.26e-14  5.92e-14  5.56e-14  5.26e-14  5.02e-14  4.84e-14  4.71e-14  4.63e-14
1175 49  47  4.15E-13  4.34E-13  5.43E-13  5.95E-13  6.36E-13  6.73E-13  7.06E-13  7.38E-13  7.68E-13  7.95E-13  8.21E-13
1176 49  48  2.80E-11  2.82E-11  3.06E-11  3.43E-11  3.85E-11  4.25E-11  4.64E-11  4.98E-11  5.30E-11  5.59E-11  5.86E-11
1177 50  1   2.50e-15  2.47e-15  2.57e-15  2.83e-15  3.20e-15  3.69e-15  4.29e-15  5.03e-15  5.91e-15  6.94e-15  8.13e-15
1178 50  2   6.34e-17  7.06e-17  1.25e-16  1.64e-16  2.05e-16  2.51e-16  3.07e-16  3.74e-16  4.54e-16  5.47e-16  6.54e-16
1179 50  3   2.32e-15  2.32e-15  2.49e-15  2.72e-15  3.04e-15  3.47e-15  4.03e-15  4.74e-15  5.60e-15  6.64e-15  7.85e-15
1180 50  4   1.95e-15  1.96e-15  2.19e-15  2.45e-15  2.76e-15  3.18e-15  3.71e-15  4.37e-15  5.18e-15  6.14e-15  7.27e-15
1181 50  5   2.79e-15  2.78e-15  3.00e-15  3.26e-15  3.60e-15  4.06e-15  4.66e-15  5.42e-15  6.35e-15  7.47e-15  8.78e-15
1182 50  6   1.50e-15  1.50e-15  1.62e-15  1.78e-15  1.99e-15  2.26e-15  2.62e-15  3.08e-15  3.63e-15  4.29e-15  5.06e-15
1183 50  7   3.38e-16  3.42e-16  3.95e-16  4.43e-16  5.01e-16  5.76e-16  6.72e-16  7.91e-16  9.35e-16  1.11e-15  1.31e-15
1184 50  8   2.21e-14  2.18e-14  2.25e-14  2.40e-14  2.60e-14  2.84e-14  3.13e-14  3.46e-14  3.84e-14  4.26e-14  4.72e-14
1185 50  9   2.57e-14  2.55e-14  2.64e-14  2.84e-14  3.08e-14  3.38e-14  3.73e-14  4.14e-14  4.60e-14  5.11e-14  5.66e-14
1186 50  10  1.11e-14  1.11e-14  1.18e-14  1.28e-14  1.40e-14  1.55e-14  1.73e-14  1.93e-14  2.16e-14  2.41e-14  2.68e-14
1187 50  11  6.86e-15  6.82e-15  7.20e-15  7.84e-15  8.66e-15  9.67e-15  1.09e-14  1.23e-14  1.39e-14  1.58e-14  1.78e-14
1188 50  12  1.22e-14  1.21e-14  1.26e-14  1.36e-14  1.48e-14  1.63e-14  1.80e-14  2.01e-14  2.24e-14  2.50e-14  2.78e-14
1189 50  13  6.53e-15  6.48e-15  6.76e-15  7.26e-15  7.89e-15  8.66e-15  9.57e-15  1.06e-14  1.18e-14  1.31e-14  1.45e-14
1190 50  14  1.43e-13  1.42e-13  1.45e-13  1.53e-13  1.64e-13  1.78e-13  1.95e-13  2.16e-13  2.40e-13  2.67e-13  2.97e-13
1191 50  15  7.08e-14  7.03e-14  7.27e-14  7.66e-14  8.18e-14  8.86e-14  9.71e-14  1.07e-13  1.19e-13  1.32e-13  1.47e-13
1192 50  16  1.37e-14  1.36e-14  1.44e-14  1.53e-14  1.64e-14  1.77e-14  1.94e-14  2.15e-14  2.39e-14  2.66e-14  2.96e-14
1193 50  17  4.14e-15  4.12e-15  4.30e-15  4.51e-15  4.79e-15  5.17e-15  5.66e-15  6.26e-15  6.99e-15  7.84e-15  8.81e-15
1194 50  18  1.70e-14  1.69e-14  1.73e-14  1.80e-14  1.91e-14  2.05e-14  2.24e-14  2.46e-14  2.72e-14  3.02e-14  3.36e-14
1195 50  19  2.20e-14  2.18e-14  2.22e-14  2.33e-14  2.47e-14  2.67e-14  2.91e-14  3.21e-14  3.55e-14  3.94e-14  4.38e-14
1196 50  20  9.54e-13  9.41e-13  9.39e-13  9.67e-13  1.00e-12  1.05e-12  1.10e-12  1.16e-12  1.23e-12  1.30e-12  1.37e-12
1197 50  21  3.36e-13  3.32e-13  3.33e-13  3.45e-13  3.59e-13  3.76e-13  3.97e-13  4.19e-13  4.43e-13  4.69e-13  4.96e-13
1198 50  22  4.87e-14  4.82e-14  4.92e-14  5.14e-14  5.39e-14  5.69e-14  6.04e-14  6.43e-14  6.85e-14  7.30e-14  7.78e-14
1199 50  23  1.24e-14  1.23e-14  1.25e-14  1.31e-14  1.39e-14  1.48e-14  1.59e-14  1.71e-14  1.85e-14  2.00e-14  2.16e-14
1200 50  24  6.73e-14  6.64e-14  6.67e-14  6.90e-14  7.21e-14  7.58e-14  8.03e-14  8.53e-14  9.07e-14  9.66e-14  1.03e-13
1201 50  25  1.15e-13  1.14e-13  1.14e-13  1.17e-13  1.22e-13  1.27e-13  1.34e-13  1.42e-13  1.50e-13  1.58e-13  1.67e-13
1202 50  26  3.91e-12  3.86e-12  3.79e-12  3.85e-12  3.96e-12  4.11e-12  4.30e-12  4.53e-12  4.79e-12  5.07e-12  5.37e-12
1203 50  27  7.41e-13  7.33e-13  7.31e-13  7.42e-13  7.59e-13  7.86e-13  8.21e-13  8.62e-13  9.10e-13  9.64e-13  1.02e-12
1204 50  28  5.87e-14  5.84e-14  5.97e-14  6.08e-14  6.21e-14  6.42e-14  6.70e-14  7.04e-14  7.44e-14  7.90e-14  8.40e-14
1205 50  29  8.37e-15  8.36e-15  8.54e-15  8.52e-15  8.57e-15  8.77e-15  9.11e-15  9.58e-15  1.02e-14  1.09e-14  1.17e-14
1206 50  30  8.02e-14  7.94e-14  7.93e-14  7.98e-14  8.10e-14  8.33e-14  8.65e-14  9.07e-14  9.57e-14  1.01e-13  1.08e-13
1207 50  31  2.65e-13  2.62e-13  2.57e-13  2.59e-13  2.64e-13  2.72e-13  2.83e-13  2.97e-13  3.13e-13  3.31e-13  3.50e-13
1208 50  32  1.46e-11  1.45e-11  1.47e-11  1.46e-11  1.46e-11  1.45e-11  1.46e-11  1.46e-11  1.47e-11  1.48e-11  1.50e-11
1209 50  33  2.53e-12  2.53e-12  2.58e-12  2.58e-12  2.57e-12  2.57e-12  2.58e-12  2.60e-12  2.62e-12  2.65e-12  2.68e-12
1210 50  34  1.84e-13  1.84e-13  1.90e-13  1.91e-13  1.92e-13  1.93e-13  1.95e-13  1.98e-13  2.01e-13  2.05e-13  2.09e-13
1211 50  35  2.43e-14  2.44e-14  2.53e-14  2.56e-14  2.58e-14  2.62e-14  2.68e-14  2.75e-14  2.84e-14  2.94e-14  3.04e-14
1212 50  36  2.69e-13  2.68e-13  2.74e-13  2.74e-13  2.74e-13  2.75e-13  2.77e-13  2.81e-13  2.86e-13  2.91e-13  2.97e-13
1213 50  37  9.47e-13  9.43e-13  9.56e-13  9.54e-13  9.49e-13  9.47e-13  9.50e-13  9.56e-13  9.64e-13  9.74e-13  9.85e-13
1214 50  38  5.82e-11  5.76e-11  5.65e-11  5.58e-11  5.53e-11  5.52e-11  5.55e-11  5.60e-11  5.67e-11  5.76e-11  5.86e-11
1215 50  39  5.11e-12  5.08e-12  5.06e-12  4.96e-12  4.88e-12  4.83e-12  4.83e-12  4.86e-12  4.91e-12  4.99e-12  5.07e-12
1216 50  40  2.08e-13  2.09e-13  2.14e-13  2.05e-13  1.98e-13  1.93e-13  1.91e-13  1.91e-13  1.92e-13  1.95e-13  1.99e-13
1217 50  41  2.07e-14  2.16e-14  2.15e-14  1.88e-14  1.68e-14  1.55e-14  1.47e-14  1.43e-14  1.41e-14  1.40e-14  1.42e-14
1218 50  42  2.80e-13  2.83e-13  2.85e-13  2.70e-13  2.57e-13  2.49e-13  2.45e-13  2.44e-13  2.45e-13  2.47e-13  2.51e-13
1219 50  43  1.86e-12  1.84e-12  1.82e-12  1.77e-12  1.73e-12  1.71e-12  1.71e-12  1.71e-12  1.73e-12  1.75e-12  1.78e-12
1220 50  44  8.52e-11  8.94e-11  1.23e-10  1.38e-10  1.45e-10  1.48e-10  1.50e-10  1.50e-10  1.50e-10  1.50e-10  1.49e-10
1221 50  45  8.45e-12  8.90e-12  1.23e-11  1.38e-11  1.44e-11  1.46e-11  1.47e-11  1.47e-11  1.47e-11  1.46e-11  1.45e-11
1222 50  46  3.38e-13  3.58e-13  5.00e-13  5.53e-13  5.74e-13  5.82e-13  5.84e-13  5.85e-13  5.84e-13  5.83e-13  5.82e-13
1223 50  47  2.47e-14  2.63e-14  3.60e-14  3.88e-14  3.95e-14  3.95e-14  3.95e-14  3.95e-14  3.96e-14  3.98e-14  4.01e-14
1224 50  48  4.81e-13  5.10e-13  7.06e-13  7.77e-13  8.02e-13  8.11e-13  8.13e-13  8.12e-13  8.10e-13  8.08e-13  8.06e-13
1225 50  49  3.18e-12  3.35e-12  4.63e-12  5.15e-12  5.36e-12  5.45e-12  5.48e-12  5.47e-12  5.46e-12  5.43e-12  5.40e-12
1226 51  1   1.79e-15  1.77e-15  1.88e-15  2.09e-15  2.37e-15  2.74e-15  3.20e-15  3.75e-15  4.42e-15  5.20e-15  6.10e-15
1227 51  2   7.70e-16  7.65e-16  8.16e-16  9.11e-16  1.04e-15  1.20e-15  1.40e-15  1.65e-15  1.95e-15  2.29e-15  2.69e-15
1228 51  3   1.52e-15  1.52e-15  1.66e-15  1.83e-15  2.05e-15  2.35e-15  2.73e-15  3.21e-15  3.80e-15  4.51e-15  5.34e-15
1229 51  4   2.75e-15  2.76e-15  3.02e-15  3.34e-15  3.75e-15  4.30e-15  5.01e-15  5.89e-15  6.97e-15  8.27e-15  9.78e-15
1230 51  5   2.50e-15  2.49e-15  2.70e-15  2.95e-15  3.27e-15  3.71e-15  4.27e-15  4.99e-15  5.86e-15  6.91e-15  8.15e-15
1231 51  6   1.17e-15  1.18e-15  1.30e-15  1.43e-15  1.59e-15  1.79e-15  2.06e-15  2.40e-15  2.81e-15  3.30e-15  3.88e-15
1232 51  7   9.52e-16  9.49e-16  1.02e-15  1.11e-15  1.23e-15  1.40e-15  1.63e-15  1.90e-15  2.25e-15  2.65e-15  3.13e-15
1233 51  8   8.31e-15  8.25e-15  8.65e-15  9.34e-15  1.02e-14  1.12e-14  1.24e-14  1.38e-14  1.54e-14  1.71e-14  1.90e-14
1234 51  9   2.47e-14  2.45e-14  2.53e-14  2.71e-14  2.93e-14  3.21e-14  3.54e-14  3.92e-14  4.35e-14  4.83e-14  5.36e-14
1235 51  10  2.58e-14  2.56e-14  2.67e-14  2.87e-14  3.13e-14  3.44e-14  3.80e-14  4.23e-14  4.70e-14  5.23e-14  5.80e-14
1236 51  11  1.29e-14  1.28e-14  1.33e-14  1.44e-14  1.57e-14  1.73e-14  1.93e-14  2.16e-14  2.41e-14  2.70e-14  3.01e-14
1237 51  12  4.16e-15  4.14e-15  4.41e-15  4.80e-15  5.27e-15  5.85e-15  6.55e-15  7.36e-15  8.28e-15  9.33e-15  1.05e-14
1238 51  13  8.57e-15  8.49e-15  8.81e-15  9.48e-15  1.03e-14  1.14e-14  1.26e-14  1.41e-14  1.57e-14  1.75e-14  1.95e-14
1239 51  14  2.30e-14  2.29e-14  2.40e-14  2.54e-14  2.70e-14  2.92e-14  3.18e-14  3.50e-14  3.87e-14  4.29e-14  4.77e-14
1240 51  15  1.39e-13  1.38e-13  1.41e-13  1.49e-13  1.59e-13  1.73e-13  1.90e-13  2.10e-13  2.34e-13  2.61e-13  2.90e-13
1241 51  16  6.52e-14  6.48e-14  6.71e-14  7.08e-14  7.57e-14  8.19e-14  8.97e-14  9.91e-14  1.10e-13  1.22e-13  1.36e-13
1242 51  17  1.61e-14  1.59e-14  1.63e-14  1.71e-14  1.81e-14  1.94e-14  2.12e-14  2.33e-14  2.58e-14  2.87e-14  3.19e-14
1243 51  18  1.57e-14  1.56e-14  1.59e-14  1.67e-14  1.78e-14  1.93e-14  2.11e-14  2.32e-14  2.58e-14  2.86e-14  3.18e-14
1244 51  19  1.14e-14  1.13e-14  1.15e-14  1.21e-14  1.28e-14  1.37e-14  1.49e-14  1.64e-14  1.81e-14  2.02e-14  2.24e-14
1245 51  20  1.46e-13  1.44e-13  1.46e-13  1.52e-13  1.59e-13  1.67e-13  1.76e-13  1.87e-13  1.98e-13  2.10e-13  2.23e-13
1246 51  21  8.86e-13  8.73e-13  8.70e-13  8.95e-13  9.29e-13  9.71e-13  1.02e-12  1.08e-12  1.13e-12  1.20e-12  1.26e-12
1247 51  22  3.07e-13  3.03e-13  3.05e-13  3.15e-13  3.29e-13  3.45e-13  3.63e-13  3.84e-13  4.06e-13  4.30e-13  4.55e-13
1248 51  23  6.24e-14  6.16e-14  6.19e-14  6.41e-14  6.70e-14  7.06e-14  7.48e-14  7.95e-14  8.46e-14  9.02e-14  9.61e-14
1249 51  24  8.45e-14  8.34e-14  8.33e-14  8.58e-14  8.90e-14  9.31e-14  9.78e-14  1.03e-13  1.09e-13  1.15e-13  1.21e-13
1250 51  25  4.80e-14  4.75e-14  4.77e-14  4.94e-14  5.16e-14  5.44e-14  5.77e-14  6.13e-14  6.54e-14  6.97e-14  7.43e-14
1251 51  26  2.82e-13  2.80e-13  2.84e-13  2.88e-13  2.94e-13  3.03e-13  3.16e-13  3.31e-13  3.49e-13  3.69e-13  3.91e-13
1252 51  27  3.76e-12  3.71e-12  3.64e-12  3.70e-12  3.80e-12  3.95e-12  4.13e-12  4.35e-12  4.60e-12  4.87e-12  5.17e-12
1253 51  28  6.67e-13  6.60e-13  6.58e-13  6.68e-13  6.84e-13  7.08e-13  7.39e-13  7.77e-13  8.20e-13  8.68e-13  9.20e-13
1254 51  29  7.29e-14  7.22e-14  7.22e-14  7.26e-14  7.36e-14  7.57e-14  7.87e-14  8.25e-14  8.70e-14  9.22e-14  9.80e-14
1255 51  30  2.26e-13  2.22e-13  2.17e-13  2.19e-13  2.23e-13  2.30e-13  2.40e-13  2.52e-13  2.65e-13  2.80e-13  2.96e-13
1256 51  31  5.54e-14  5.49e-14  5.52e-14  5.55e-14  5.63e-14  5.78e-14  6.00e-14  6.29e-14  6.64e-14  7.04e-14  7.48e-14
1257 51  32  1.40e-12  1.40e-12  1.43e-12  1.43e-12  1.43e-12  1.43e-12  1.44e-12  1.45e-12  1.46e-12  1.48e-12  1.50e-12
1258 51  33  1.36e-11  1.35e-11  1.37e-11  1.36e-11  1.36e-11  1.35e-11  1.36e-11  1.36e-11  1.37e-11  1.38e-11  1.39e-11
1259 51  34  2.28e-12  2.28e-12  2.32e-12  2.32e-12  2.32e-12  2.32e-12  2.32e-12  2.34e-12  2.36e-12  2.39e-12  2.42e-12
1260 51  35  2.43e-13  2.43e-13  2.48e-13  2.49e-13  2.48e-13  2.49e-13  2.52e-13  2.55e-13  2.59e-13  2.64e-13  2.70e-13
1261 51  36  7.90e-13  7.86e-13  7.96e-13  7.93e-13  7.88e-13  7.86e-13  7.88e-13  7.91e-13  7.97e-13  8.04e-13  8.12e-13
1262 51  37  2.07e-13  2.07e-13  2.11e-13  2.12e-13  2.11e-13  2.12e-13  2.15e-13  2.18e-13  2.21e-13  2.26e-13  2.31e-13
1263 51  38  2.64e-12  2.63e-12  2.65e-12  2.58e-12  2.52e-12  2.49e-12  2.48e-12  2.49e-12  2.51e-12  2.55e-12  2.59e-12
1264 51  39  5.63e-11  5.57e-11  5.46e-11  5.40e-11  5.35e-11  5.34e-11  5.37e-11  5.42e-11  5.49e-11  5.58e-11  5.68e-11
1265 51  40  4.58e-12  4.55e-12  4.53e-12  4.44e-12  4.37e-12  4.33e-12  4.32e-12  4.35e-12  4.40e-12  4.46e-12  4.54e-12
1266 51  41  2.53e-13  2.56e-13  2.57e-13  2.44e-13  2.32e-13  2.25e-13  2.21e-13  2.20e-13  2.20e-13  2.23e-13  2.26e-13
1267 51  42  1.68e-12  1.67e-12  1.64e-12  1.60e-12  1.57e-12  1.55e-12  1.55e-12  1.56e-12  1.57e-12  1.59e-12  1.62e-12
1268 51  43  2.23e-13  2.25e-13  2.27e-13  2.15e-13  2.04e-13  1.97e-13  1.94e-13  1.92e-13  1.93e-13  1.95e-13  1.98e-13
1269 51  44  6.30e-12  6.65e-12  9.23e-12  1.03e-11  1.07e-11  1.09e-11  1.10e-11  1.10e-11  1.09e-11  1.09e-11  1.08e-11
1270 51  45  8.01e-11  8.40e-11  1.15e-10  1.30e-10  1.36e-10  1.39e-10  1.41e-10  1.42e-10  1.42e-10  1.41e-10  1.41e-10
1271 51  46  7.58e-12  7.98e-12  1.11e-11  1.24e-11  1.29e-11  1.31e-11  1.32e-11  1.32e-11  1.32e-11  1.31e-11  1.30e-11
1272 51  47  4.33e-13  4.59e-13  6.36e-13  6.99e-13  7.21e-13  7.29e-13  7.31e-13  7.30e-13  7.28e-13  7.27e-13  7.25e-13
1273 51  48  2.83e-12  2.98e-12  4.11e-12  4.58e-12  4.77e-12  4.85e-12  4.87e-12  4.87e-12  4.86e-12  4.83e-12  4.80e-12
1274 51  49  4.28e-13  4.53e-13  6.28e-13  6.91e-13  7.13e-13  7.21e-13  7.22e-13  7.22e-13  7.20e-13  7.18e-13  7.16e-13
1275 51  50  2.45e-11  2.47e-11  2.67e-11  3.02e-11  3.41e-11  3.78e-11  4.13e-11  4.45e-11  4.74e-11  5.00e-11  5.23e-11
1276 52  1   9.99e-16  9.99e-16  1.10e-15  1.25e-15  1.44e-15  1.68e-15  1.97e-15  2.33e-15  2.75e-15  3.25e-15  3.82e-15
1277 52  2   1.56e-15  1.54e-15  1.59e-15  1.75e-15  1.97e-15  2.26e-15  2.63e-15  3.08e-15  3.62e-15  4.24e-15  4.96e-15
1278 52  3   6.19e-16  6.26e-16  7.32e-16  8.31e-16  9.46e-16  1.09e-15  1.28e-15  1.51e-15  1.79e-15  2.13e-15  2.53e-15
1279 52  4   3.65e-15  3.65e-15  3.95e-15  4.33e-15  4.85e-15  5.55e-15  6.46e-15  7.60e-15  8.99e-15  1.06e-14  1.26e-14
1280 52  5   1.76e-15  1.77e-15  1.95e-15  2.15e-15  2.40e-15  2.73e-15  3.17e-15  3.71e-15  4.38e-15  5.17e-15  6.10e-15
1281 52  6   1.91e-15  1.90e-15  2.04e-15  2.23e-15  2.46e-15  2.79e-15  3.21e-15  3.74e-15  4.40e-15  5.18e-15  6.10e-15
1282 52  7   9.53e-16  9.50e-16  1.03e-15  1.12e-15  1.23e-15  1.38e-15  1.58e-15  1.83e-15  2.14e-15  2.52e-15  2.95e-15
1283 52  8   1.36e-15  1.36e-15  1.52e-15  1.69e-15  1.89e-15  2.13e-15  2.41e-15  2.72e-15  3.08e-15  3.47e-15  3.91e-15
1284 52  9   1.02e-14  1.01e-14  1.07e-14  1.16e-14  1.27e-14  1.40e-14  1.56e-14  1.74e-14  1.94e-14  2.16e-14  2.41e-14
1285 52  10  4.73e-14  4.69e-14  4.85e-14  5.19e-14  5.62e-14  6.15e-14  6.79e-14  7.52e-14  8.35e-14  9.27e-14  1.03e-13
1286 52  11  1.37e-14  1.35e-14  1.41e-14  1.52e-14  1.65e-14  1.82e-14  2.01e-14  2.24e-14  2.49e-14  2.77e-14  3.08e-14
1287 52  12  9.54e-15  9.45e-15  9.85e-15  1.06e-14  1.16e-14  1.29e-14  1.43e-14  1.60e-14  1.79e-14  2.01e-14  2.24e-14
1288 52  13  2.44e-15  2.43e-15  2.59e-15  2.85e-15  3.17e-15  3.57e-15  4.06e-15  4.63e-15  5.29e-15  6.04e-15  6.88e-15
1289 52  14  1.38e-15  1.40e-15  1.61e-15  1.76e-15  1.90e-15  2.07e-15  2.29e-15  2.55e-15  2.85e-15  3.21e-15  3.61e-15
1290 52  15  2.28e-14  2.27e-14  2.39e-14  2.53e-14  2.69e-14  2.91e-14  3.17e-14  3.49e-14  3.87e-14  4.29e-14  4.77e-14
1291 52  16  2.03e-13  2.02e-13  2.07e-13  2.18e-13  2.33e-13  2.53e-13  2.77e-13  3.07e-13  3.41e-13  3.80e-13  4.23e-13
1292 52  17  3.08e-14  3.05e-14  3.11e-14  3.26e-14  3.46e-14  3.73e-14  4.07e-14  4.48e-14  4.96e-14  5.51e-14  6.12e-14
1293 52  18  1.11e-14  1.10e-14  1.13e-14  1.18e-14  1.25e-14  1.34e-14  1.46e-14  1.61e-14  1.78e-14  1.98e-14  2.20e-14
1294 52  19  1.29e-15  1.29e-15  1.38e-15  1.46e-15  1.55e-15  1.68e-15  1.85e-15  2.06e-15  2.32e-15  2.63e-15  2.99e-15
1295 52  20  8.66e-15  8.63e-15  9.11e-15  9.68e-15  1.03e-14  1.11e-14  1.19e-14  1.29e-14  1.39e-14  1.51e-14  1.63e-14
1296 52  21  1.39e-13  1.38e-13  1.40e-13  1.45e-13  1.51e-13  1.59e-13  1.68e-13  1.78e-13  1.89e-13  2.01e-13  2.13e-13
1297 52  22  1.19e-12  1.17e-12  1.17e-12  1.21e-12  1.25e-12  1.31e-12  1.38e-12  1.45e-12  1.54e-12  1.62e-12  1.71e-12
1298 52  23  1.45e-13  1.43e-13  1.43e-13  1.47e-13  1.53e-13  1.60e-13  1.69e-13  1.78e-13  1.89e-13  2.00e-13  2.11e-13
1299 52  24  4.56e-14  4.51e-14  4.53e-14  4.70e-14  4.91e-14  5.18e-14  5.50e-14  5.85e-14  6.24e-14  6.66e-14  7.11e-14
1300 52  25  4.89e-15  4.85e-15  5.01e-15  5.29e-15  5.64e-15  6.07e-15  6.58e-15  7.16e-15  7.82e-15  8.55e-15  9.34e-15
1301 52  26  8.78e-15  8.88e-15  9.75e-15  1.00e-14  1.02e-14  1.05e-14  1.10e-14  1.17e-14  1.24e-14  1.33e-14  1.43e-14
1302 52  27  2.61e-13  2.59e-13  2.63e-13  2.67e-13  2.73e-13  2.81e-13  2.92e-13  3.07e-13  3.23e-13  3.42e-13  3.62e-13
1303 52  28  4.44e-12  4.39e-12  4.31e-12  4.38e-12  4.50e-12  4.67e-12  4.89e-12  5.14e-12  5.44e-12  5.76e-12  6.10e-12
1304 52  29  2.99e-13  2.95e-13  2.90e-13  2.92e-13  2.98e-13  3.07e-13  3.20e-13  3.35e-13  3.53e-13  3.73e-13  3.95e-13
1305 52  30  5.13e-14  5.09e-14  5.11e-14  5.14e-14  5.21e-14  5.35e-14  5.56e-14  5.83e-14  6.15e-14  6.52e-14  6.94e-14
1306 52  31  3.27e-15  3.29e-15  3.42e-15  3.38e-15  3.38e-15  3.45e-15  3.58e-15  3.78e-15  4.03e-15  4.33e-15  4.69e-15
1307 52  32  5.30e-14  5.32e-14  5.61e-14  5.70e-14  5.76e-14  5.85e-14  5.97e-14  6.11e-14  6.28e-14  6.46e-14  6.66e-14
1308 52  33  1.29e-12  1.28e-12  1.32e-12  1.32e-12  1.31e-12  1.32e-12  1.32e-12  1.33e-12  1.35e-12  1.37e-12  1.38e-12
1309 52  34  1.59e-11  1.59e-11  1.61e-11  1.60e-11  1.59e-11  1.59e-11  1.59e-11  1.60e-11  1.61e-11  1.63e-11  1.64e-11
1310 52  35  1.04e-12  1.03e-12  1.05e-12  1.04e-12  1.04e-12  1.04e-12  1.04e-12  1.05e-12  1.06e-12  1.07e-12  1.08e-12
1311 52  36  1.91e-13  1.90e-13  1.94e-13  1.95e-13  1.95e-13  1.96e-13  1.98e-13  2.01e-13  2.04e-13  2.08e-13  2.13e-13
1312 52  37  1.26e-14  1.26e-14  1.32e-14  1.34e-14  1.36e-14  1.39e-14  1.43e-14  1.48e-14  1.53e-14  1.59e-14  1.66e-14
1313 52  38  6.61e-14  6.78e-14  7.10e-14  6.65e-14  6.27e-14  6.02e-14  5.89e-14  5.84e-14  5.85e-14  5.92e-14  6.04e-14
1314 52  39  2.40e-12  2.40e-12  2.41e-12  2.35e-12  2.30e-12  2.27e-12  2.26e-12  2.26e-12  2.29e-12  2.32e-12  2.36e-12
1315 52  40  6.10e-11  6.05e-11  5.93e-11  5.86e-11  5.80e-11  5.79e-11  5.82e-11  5.87e-11  5.95e-11  6.04e-11  6.15e-11
1316 52  41  1.94e-12  1.93e-12  1.90e-12  1.85e-12  1.81e-12  1.79e-12  1.78e-12  1.79e-12  1.80e-12  1.83e-12  1.86e-12
1317 52  42  2.04e-13  2.06e-13  2.08e-13  1.97e-13  1.87e-13  1.80e-13  1.77e-13  1.76e-13  1.76e-13  1.78e-13  1.81e-13
1318 52  43  1.35e-14  1.41e-14  1.40e-14  1.21e-14  1.06e-14  9.71e-15  9.12e-15  8.77e-15  8.59e-15  8.56e-15  8.63e-15
1319 52  44  1.84e-13  1.95e-13  2.73e-13  3.02e-13  3.12e-13  3.16e-13  3.17e-13  3.18e-13  3.17e-13  3.17e-13  3.17e-13
1320 52  45  5.73e-12  6.04e-12  8.40e-12  9.36e-12  9.75e-12  9.91e-12  9.96e-12  9.96e-12  9.93e-12  9.88e-12  9.83e-12
1321 52  46  8.81e-11  9.24e-11  1.27e-10  1.42e-10  1.50e-10  1.53e-10  1.55e-10  1.55e-10  1.55e-10  1.55e-10  1.54e-10
1322 52  47  3.28e-12  3.45e-12  4.77e-12  5.31e-12  5.52e-12  5.61e-12  5.64e-12  5.64e-12  5.62e-12  5.59e-12  5.56e-12
1323 52  48  3.90e-13  4.13e-13  5.72e-13  6.29e-13  6.49e-13  6.56e-13  6.58e-13  6.57e-13  6.56e-13  6.54e-13  6.52e-13
1324 52  49  1.97e-14  2.10e-14  2.88e-14  3.10e-14  3.16e-14  3.16e-14  3.16e-14  3.16e-14  3.17e-14  3.19e-14  3.21e-14
1325 52  50  3.03e-13  3.15e-13  3.97e-13  4.46e-13  4.86e-13  5.21e-13  5.53e-13  5.81e-13  6.08e-13  6.32e-13  6.54e-13
1326 52  51  2.22e-11  2.23e-11  2.41e-11  2.73e-11  3.08e-11  3.42e-11  3.73e-11  4.02e-11  4.28e-11  4.52e-11  4.73e-11
1327 53  1   2.52e-15  2.50e-15  2.61e-15  2.88e-15  3.26e-15  3.75e-15  4.36e-15  5.11e-15  5.99e-15  7.03e-15  8.23e-15
1328 53  2   3.99e-17  4.44e-17  8.31e-17  1.15e-16  1.50e-16  1.91e-16  2.41e-16  3.01e-16  3.74e-16  4.59e-16  5.58e-16
1329 53  3   6.68e-16  6.66e-16  7.16e-16  7.75e-16  8.50e-16  9.52e-16  1.08e-15  1.25e-15  1.46e-15  1.71e-15  2.01e-15
1330 53  4   1.12e-15  1.12e-15  1.21e-15  1.32e-15  1.46e-15  1.65e-15  1.89e-15  2.20e-15  2.58e-15  3.03e-15  3.56e-15
1331 53  5   6.08e-15  6.08e-15  6.60e-15  7.25e-15  8.11e-15  9.26e-15  1.08e-14  1.26e-14  1.49e-14  1.77e-14  2.09e-14
1332 53  6   9.33e-16  9.36e-16  1.05e-15  1.17e-15  1.32e-15  1.51e-15  1.75e-15  2.05e-15  2.43e-15  2.87e-15  3.40e-15
1333 53  7   9.43e-17  9.58e-17  1.17e-16  1.35e-16  1.54e-16  1.79e-16  2.09e-16  2.47e-16  2.93e-16  3.49e-16  4.14e-16
1334 53  8   3.36e-16  3.37e-16  3.83e-16  4.39e-16  5.10e-16  5.98e-16  7.07e-16  8.40e-16  9.98e-16  1.18e-15  1.40e-15
1335 53  9   2.62e-15  2.60e-15  2.77e-15  3.03e-15  3.36e-15  3.76e-15  4.25e-15  4.82e-15  5.48e-15  6.22e-15  7.04e-15
1336 53  10  8.28e-15  8.21e-15  8.53e-15  9.19e-15  1.00e-14  1.11e-14  1.23e-14  1.37e-14  1.53e-14  1.70e-14  1.89e-14
1337 53  11  6.28e-14  6.22e-14  6.45e-14  6.92e-14  7.50e-14  8.23e-14  9.09e-14  1.01e-13  1.12e-13  1.24e-13  1.38e-13
1338 53  12  9.74e-15  9.67e-15  1.02e-14  1.11e-14  1.22e-14  1.34e-14  1.50e-14  1.67e-14  1.87e-14  2.09e-14  2.33e-14
1339 53  13  7.19e-16  7.19e-16  7.99e-16  8.95e-16  1.01e-15  1.14e-15  1.30e-15  1.49e-15  1.70e-15  1.93e-15  2.19e-15
1340 53  14  1.58e-16  1.61e-16  1.90e-16  2.09e-16  2.30e-16  2.59e-16  2.98e-16  3.48e-16  4.12e-16  4.90e-16  5.85e-16
1341 53  15  2.06e-15  2.06e-15  2.17e-15  2.28e-15  2.40e-15  2.58e-15  2.82e-15  3.12e-15  3.49e-15  3.93e-15  4.43e-15
1342 53  16  1.34e-14  1.33e-14  1.34e-14  1.39e-14  1.45e-14  1.55e-14  1.67e-14  1.83e-14  2.01e-14  2.22e-14  2.45e-14
1343 53  17  2.35e-13  2.33e-13  2.39e-13  2.52e-13  2.70e-13  2.93e-13  3.21e-13  3.55e-13  3.94e-13  4.39e-13  4.89e-13
1344 53  18  1.92e-14  1.91e-14  2.00e-14  2.12e-14  2.25e-14  2.43e-14  2.65e-14  2.92e-14  3.23e-14  3.58e-14  3.98e-14
1345 53  19  7.55e-16  7.62e-16  8.71e-16  9.46e-16  1.02e-15  1.12e-15  1.24e-15  1.38e-15  1.55e-15  1.75e-15  1.97e-15
1346 53  20  8.96e-16  8.97e-16  9.84e-16  1.08e-15  1.19e-15  1.33e-15  1.50e-15  1.70e-15  1.93e-15  2.19e-15  2.49e-15
1347 53  21  1.29e-14  1.27e-14  1.31e-14  1.37e-14  1.45e-14  1.55e-14  1.66e-14  1.80e-14  1.95e-14  2.11e-14  2.28e-14
1348 53  22  7.66e-14  7.55e-14  7.55e-14  7.79e-14  8.10e-14  8.50e-14  8.96e-14  9.49e-14  1.01e-13  1.07e-13  1.13e-13
1349 53  23  1.32e-12  1.30e-12  1.30e-12  1.34e-12  1.39e-12  1.46e-12  1.53e-12  1.62e-12  1.71e-12  1.80e-12  1.90e-12
1350 53  24  1.17e-13  1.16e-13  1.18e-13  1.22e-13  1.28e-13  1.34e-13  1.42e-13  1.51e-13  1.60e-13  1.70e-13  1.81e-13
1351 53  25  5.09e-15  5.07e-15  5.32e-15  5.65e-15  6.03e-15  6.47e-15  6.98e-15  7.55e-15  8.18e-15  8.87e-15  9.61e-15
1352 53  26  6.83e-16  7.06e-16  7.50e-16  7.15e-16  6.98e-16  7.05e-16  7.36e-16  7.87e-16  8.59e-16  9.51e-16  1.06e-15
1353 53  27  1.13e-14  1.13e-14  1.17e-14  1.16e-14  1.16e-14  1.19e-14  1.23e-14  1.29e-14  1.37e-14  1.47e-14  1.59e-14
1354 53  28  1.22e-13  1.21e-13  1.18e-13  1.18e-13  1.19e-13  1.21e-13  1.25e-13  1.31e-13  1.37e-13  1.45e-13  1.53e-13
1355 53  29  4.71e-12  4.65e-12  4.58e-12  4.65e-12  4.77e-12  4.95e-12  5.18e-12  5.46e-12  5.76e-12  6.10e-12  6.47e-12
1356 53  30  2.15e-13  2.13e-13  2.16e-13  2.20e-13  2.24e-13  2.31e-13  2.40e-13  2.52e-13  2.65e-13  2.81e-13  2.98e-13
1357 53  31  5.37e-15  5.44e-15  5.95e-15  6.09e-15  6.21e-15  6.41e-15  6.71e-15  7.09e-15  7.56e-15  8.10e-15  8.72e-15
1358 53  32  3.36e-15  3.41e-15  3.72e-15  3.85e-15  3.98e-15  4.15e-15  4.37e-15  4.63e-15  4.93e-15  5.27e-15  5.64e-15
1359 53  33  7.16e-14  7.17e-14  7.45e-14  7.52e-14  7.57e-14  7.67e-14  7.82e-14  8.02e-14  8.25e-14  8.51e-14  8.79e-14
1360 53  34  6.14e-13  6.11e-13  6.20e-13  6.19e-13  6.15e-13  6.15e-13  6.17e-13  6.22e-13  6.28e-13  6.36e-13  6.45e-13
1361 53  35  1.67e-11  1.66e-11  1.68e-11  1.68e-11  1.67e-11  1.67e-11  1.67e-11  1.68e-11  1.69e-11  1.71e-11  1.72e-11
1362 53  36  1.07e-12  1.07e-12  1.10e-12  1.10e-12  1.09e-12  1.10e-12  1.10e-12  1.11e-12  1.12e-12  1.14e-12  1.16e-12
1363 53  37  3.37e-14  3.38e-14  3.55e-14  3.61e-14  3.65e-14  3.70e-14  3.78e-14  3.87e-14  3.98e-14  4.10e-14  4.22e-14
1364 53  38  6.57e-15  7.04e-15  6.87e-15  5.56e-15  4.65e-15  4.06e-15  3.67e-15  3.43e-15  3.28e-15  3.21e-15  3.21e-15
1365 53  39  8.05e-14  8.27e-14  8.43e-14  7.63e-14  6.99e-14  6.56e-14  6.30e-14  6.16e-14  6.12e-14  6.16e-14  6.26e-14
1366 53  40  9.80e-13  9.76e-13  9.69e-13  9.32e-13  9.00e-13  8.80e-13  8.70e-13  8.68e-13  8.72e-13  8.82e-13  8.95e-13
1367 53  41  6.26e-11  6.20e-11  6.08e-11  6.01e-11  5.95e-11  5.94e-11  5.96e-11  6.02e-11  6.10e-11  6.19e-11  6.30e-11
1368 53  42  1.99e-12  1.98e-12  2.00e-12  1.95e-12  1.90e-12  1.87e-12  1.86e-12  1.87e-12  1.88e-12  1.91e-12  1.94e-12
1369 53  43  4.31e-14  4.43e-14  4.63e-14  4.33e-14  4.08e-14  3.91e-14  3.82e-14  3.79e-14  3.80e-14  3.84e-14  3.91e-14
1370 53  44  9.70e-15  1.04e-14  1.43e-14  1.52e-14  1.53e-14  1.52e-14  1.52e-14  1.52e-14  1.53e-14  1.55e-14  1.57e-14
1371 53  45  2.33e-13  2.48e-13  3.46e-13  3.78e-13  3.89e-13  3.92e-13  3.93e-13  3.93e-13  3.92e-13  3.92e-13  3.92e-13
1372 53  46  2.50e-12  2.64e-12  3.65e-12  4.05e-12  4.20e-12  4.26e-12  4.28e-12  4.27e-12  4.26e-12  4.23e-12  4.21e-12
1373 53  47  9.00e-11  9.45e-11  1.30e-10  1.46e-10  1.53e-10  1.57e-10  1.58e-10  1.59e-10  1.59e-10  1.58e-10  1.58e-10
1374 53  48  4.77e-12  5.03e-12  6.98e-12  7.78e-12  8.10e-12  8.23e-12  8.28e-12  8.28e-12  8.25e-12  8.21e-12  8.17e-12
1375 53  49  1.22e-13  1.29e-13  1.81e-13  1.99e-13  2.06e-13  2.08e-13  2.09e-13  2.09e-13  2.09e-13  2.09e-13  2.09e-13
1376 53  50  7.35e-15  8.92e-15  1.64e-14  1.69e-14  1.61e-14  1.52e-14  1.43e-14  1.37e-14  1.31e-14  1.28e-14  1.26e-14
1377 53  51  2.54e-13  2.70e-13  3.74e-13  4.11e-13  4.29e-13  4.43e-13  4.54e-13  4.64e-13  4.74e-13  4.84e-13  4.94e-13
1378 53  52  7.51e-12  7.58e-12  8.33e-12  9.38e-12  1.05e-11  1.15e-11  1.25e-11  1.33e-11  1.41e-11  1.48e-11  1.55e-11
1379 54  1   1.62e-15  1.61e-15  1.71e-15  1.90e-15  2.17e-15  2.51e-15  2.93e-15  3.45e-15  4.06e-15  4.78e-15  5.61e-15
1380 54  2   9.39e-16  9.31e-16  9.84e-16  1.09e-15  1.24e-15  1.43e-15  1.67e-15  1.96e-15  2.31e-15  2.71e-15  3.18e-15
1381 54  3   5.89e-16  5.87e-16  6.35e-16  6.91e-16  7.62e-16  8.58e-16  9.83e-16  1.14e-15  1.33e-15  1.57e-15  1.84e-15
1382 54  4   1.20e-15  1.20e-15  1.29e-15  1.41e-15  1.55e-15  1.74e-15  1.99e-15  2.31e-15  2.70e-15  3.17e-15  3.73e-15
1383 54  5   2.97e-15  2.98e-15  3.27e-15  3.61e-15  4.04e-15  4.62e-15  5.37e-15  6.30e-15  7.45e-15  8.81e-15  1.04e-14
1384 54  6   3.35e-15  3.35e-15  3.63e-15  3.98e-15  4.45e-15  5.09e-15  5.92e-15  6.96e-15  8.22e-15  9.74e-15  1.15e-14
1385 54  7   7.80e-16  7.82e-16  8.72e-16  9.67e-16  1.08e-15  1.24e-15  1.44e-15  1.68e-15  1.99e-15  2.35e-15  2.78e-15
1386 54  8   2.13e-15  2.11e-15  2.23e-15  2.42e-15  2.66e-15  2.96e-15  3.32e-15  3.74e-15  4.21e-15  4.73e-15  5.31e-15
1387 54  9   3.72e-15  3.68e-15  3.83e-15  4.13e-15  4.51e-15  4.99e-15  5.55e-15  6.20e-15  6.94e-15  7.77e-15  8.69e-15
1388 54  10  5.39e-15  5.35e-15  5.63e-15  6.11e-15  6.72e-15  7.47e-15  8.36e-15  9.41e-15  1.06e-14  1.19e-14  1.34e-14
1389 54  11  2.35e-14  2.33e-14  2.43e-14  2.62e-14  2.86e-14  3.15e-14  3.49e-14  3.88e-14  4.33e-14  4.82e-14  5.36e-14
1390 54  12  4.01e-14  3.98e-14  4.11e-14  4.40e-14  4.76e-14  5.21e-14  5.75e-14  6.37e-14  7.07e-14  7.84e-14  8.69e-14
1391 54  13  9.65e-15  9.58e-15  1.01e-14  1.09e-14  1.20e-14  1.32e-14  1.47e-14  1.65e-14  1.84e-14  2.05e-14  2.29e-14
1392 54  14  2.04e-15  2.03e-15  2.14e-15  2.23e-15  2.35e-15  2.52e-15  2.75e-15  3.03e-15  3.38e-15  3.78e-15  4.25e-15
1393 54  15  8.62e-15  8.51e-15  8.51e-15  8.79e-15  9.22e-15  9.83e-15  1.06e-14  1.16e-14  1.27e-14  1.40e-14  1.55e-14
1394 54  16  5.00e-15  4.96e-15  5.11e-15  5.31e-15  5.59e-15  5.98e-15  6.49e-15  7.14e-15  7.90e-15  8.80e-15  9.83e-15
1395 54  17  5.36e-14  5.32e-14  5.51e-14  5.81e-14  6.20e-14  6.72e-14  7.35e-14  8.12e-14  9.00e-14  1.00e-13  1.11e-13
1396 54  18  1.81e-13  1.80e-13  1.84e-13  1.94e-13  2.08e-13  2.25e-13  2.48e-13  2.74e-13  3.04e-13  3.39e-13  3.78e-13
1397 54  19  2.01e-14  2.00e-14  2.10e-14  2.21e-14  2.36e-14  2.54e-14  2.77e-14  3.05e-14  3.38e-14  3.75e-14  4.16e-14
1398 54  20  1.33e-14  1.32e-14  1.35e-14  1.41e-14  1.49e-14  1.59e-14  1.71e-14  1.85e-14  1.99e-14  2.16e-14  2.33e-14
1399 54  21  5.24e-14  5.17e-14  5.14e-14  5.28e-14  5.48e-14  5.73e-14  6.02e-14  6.35e-14  6.70e-14  7.08e-14  7.47e-14
1400 54  22  2.46e-14  2.43e-14  2.46e-14  2.56e-14  2.69e-14  2.86e-14  3.05e-14  3.26e-14  3.50e-14  3.76e-14  4.04e-14
1401 54  23  2.54e-13  2.51e-13  2.52e-13  2.61e-13  2.72e-13  2.85e-13  3.01e-13  3.18e-13  3.37e-13  3.57e-13  3.78e-13
1402 54  24  1.06e-12  1.05e-12  1.05e-12  1.08e-12  1.12e-12  1.17e-12  1.23e-12  1.30e-12  1.37e-12  1.44e-12  1.52e-12
1403 54  25  1.25e-13  1.24e-13  1.25e-13  1.30e-13  1.36e-13  1.43e-13  1.51e-13  1.60e-13  1.70e-13  1.81e-13  1.92e-13
1404 54  26  1.20e-14  1.20e-14  1.24e-14  1.23e-14  1.23e-14  1.26e-14  1.30e-14  1.37e-14  1.45e-14  1.56e-14  1.68e-14
1405 54  27  9.84e-14  9.69e-14  9.44e-14  9.42e-14  9.49e-14  9.69e-14  1.00e-13  1.04e-13  1.09e-13  1.15e-13  1.21e-13
1406 54  28  2.40e-14  2.38e-14  2.41e-14  2.39e-14  2.40e-14  2.45e-14  2.53e-14  2.65e-14  2.80e-14  2.98e-14  3.18e-14
1407 54  29  5.40e-13  5.34e-13  5.33e-13  5.40e-13  5.53e-13  5.72e-13  5.98e-13  6.28e-13  6.63e-13  7.02e-13  7.44e-13
1408 54  30  4.16e-12  4.11e-12  4.03e-12  4.09e-12  4.21e-12  4.37e-12  4.57e-12  4.81e-12  5.09e-12  5.39e-12  5.71e-12
1409 54  31  2.32e-13  2.31e-13  2.34e-13  2.37e-13  2.42e-13  2.49e-13  2.59e-13  2.72e-13  2.86e-13  3.03e-13  3.21e-13
1410 54  32  7.69e-14  7.70e-14  7.99e-14  8.06e-14  8.12e-14  8.23e-14  8.38e-14  8.59e-14  8.83e-14  9.10e-14  9.39e-14
1411 54  33  4.94e-13  4.92e-13  4.97e-13  4.95e-13  4.91e-13  4.90e-13  4.91e-13  4.93e-13  4.97e-13  5.01e-13  5.07e-13
1412 54  34  1.18e-13  1.18e-13  1.21e-13  1.22e-13  1.22e-13  1.24e-13  1.25e-13  1.28e-13  1.31e-13  1.34e-13  1.38e-13
1413 54  35  1.88e-12  1.87e-12  1.91e-12  1.91e-12  1.90e-12  1.90e-12  1.91e-12  1.93e-12  1.94e-12  1.97e-12  1.99e-12
1414 54  36  1.48e-11  1.47e-11  1.49e-11  1.49e-11  1.48e-11  1.47e-11  1.48e-11  1.48e-11  1.49e-11  1.51e-11  1.52e-11
1415 54  37  1.16e-12  1.16e-12  1.19e-12  1.19e-12  1.19e-12  1.19e-12  1.19e-12  1.20e-12  1.22e-12  1.23e-12  1.25e-12
1416 54  38  8.62e-14  8.85e-14  9.02e-14  8.19e-14  7.52e-14  7.06e-14  6.79e-14  6.64e-14  6.60e-14  6.65e-14  6.75e-14
1417 54  39  8.51e-13  8.46e-13  8.36e-13  8.10e-13  7.85e-13  7.70e-13  7.63e-13  7.62e-13  7.67e-13  7.76e-13  7.87e-13
1418 54  40  1.29e-13  1.32e-13  1.33e-13  1.23e-13  1.14e-13  1.09e-13  1.06e-13  1.04e-13  1.04e-13  1.05e-13  1.06e-13
1419 54  41  3.73e-12  3.71e-12  3.70e-12  3.62e-12  3.56e-12  3.52e-12  3.52e-12  3.54e-12  3.58e-12  3.63e-12  3.69e-12
1420 54  42  5.87e-11  5.81e-11  5.70e-11  5.63e-11  5.58e-11  5.57e-11  5.60e-11  5.65e-11  5.73e-11  5.81e-11  5.92e-11
1421 54  43  2.17e-12  2.16e-12  2.18e-12  2.12e-12  2.07e-12  2.04e-12  2.03e-12  2.04e-12  2.06e-12  2.08e-12  2.12e-12
1422 54  44  2.53e-13  2.69e-13  3.75e-13  4.11e-13  4.23e-13  4.26e-13  4.27e-13  4.27e-13  4.26e-13  4.26e-13  4.25e-13
1423 54  45  2.17e-12  2.29e-12  3.16e-12  3.51e-12  3.65e-12  3.71e-12  3.72e-12  3.72e-12  3.70e-12  3.68e-12  3.66e-12
1424 54  46  3.18e-13  3.37e-13  4.69e-13  5.15e-13  5.31e-13  5.36e-13  5.37e-13  5.37e-13  5.36e-13  5.35e-13  5.34e-13
1425 54  47  6.24e-12  6.57e-12  9.11e-12  1.02e-11  1.06e-11  1.08e-11  1.09e-11  1.09e-11  1.08e-11  1.08e-11  1.07e-11
1426 54  48  8.35e-11  8.76e-11  1.20e-10  1.35e-10  1.42e-10  1.45e-10  1.47e-10  1.47e-10  1.47e-10  1.47e-10  1.46e-10
1427 54  49  5.21e-12  5.49e-12  7.63e-12  8.49e-12  8.85e-12  8.99e-12  9.04e-12  9.04e-12  9.01e-12  8.97e-12  8.92e-12
1428 54  50  2.77e-13  2.94e-13  4.06e-13  4.47e-13  4.68e-13  4.83e-13  4.95e-13  5.07e-13  5.18e-13  5.29e-13  5.39e-13
1429 54  51  7.13e-12  7.18e-12  7.81e-12  8.80e-12  9.85e-12  1.09e-11  1.18e-11  1.26e-11  1.34e-11  1.41e-11  1.47e-11
1430 54  52  3.62e-13  3.81e-13  5.03e-13  5.55e-13  5.88e-13  6.14e-13  6.37e-13  6.58e-13  6.78e-13  6.96e-13  7.14e-13
1431 54  53  2.01E-11  2.02E-11  2.19E-11  2.49E-11  2.79E-11  3.10E-11  3.39E-11  3.65E-11  3.88E-11  4.09E-11  4.29E-11
1432 55  1   8.07e-16  8.07e-16  8.95e-16  1.02e-15  1.18e-15  1.39e-15  1.64e-15  1.95e-15  2.31e-15  2.74e-15  3.24e-15
1433 55  2   1.75e-15  1.73e-15  1.80e-15  1.98e-15  2.22e-15  2.55e-15  2.96e-15  3.46e-15  4.06e-15  4.75e-15  5.55e-15
1434 55  3   5.17e-16  5.16e-16  5.62e-16  6.16e-16  6.83e-16  7.73e-16  8.91e-16  1.04e-15  1.22e-15  1.43e-15  1.69e-15
1435 55  4   1.27e-15  1.27e-15  1.37e-15  1.48e-15  1.63e-15  1.83e-15  2.09e-15  2.42e-15  2.82e-15  3.31e-15  3.88e-15
1436 55  5   1.11e-15  1.11e-15  1.25e-15  1.39e-15  1.57e-15  1.79e-15  2.09e-15  2.45e-15  2.90e-15  3.43e-15  4.06e-15
1437 55  6   3.03e-15  3.03e-15  3.31e-15  3.65e-15  4.08e-15  4.67e-15  5.42e-15  6.36e-15  7.52e-15  8.89e-15  1.05e-14
1438 55  7   2.97e-15  2.97e-15  3.20e-15  3.51e-15  3.93e-15  4.49e-15  5.22e-15  6.13e-15  7.24e-15  8.57e-15  1.01e-14
1439 55  8   3.47e-15  3.43e-15  3.55e-15  3.81e-15  4.14e-15  4.54e-15  5.02e-15  5.57e-15  6.18e-15  6.87e-15  7.61e-15
1440 55  9   5.16e-15  5.12e-15  5.35e-15  5.77e-15  6.32e-15  6.99e-15  7.79e-15  8.71e-15  9.75e-15  1.09e-14  1.22e-14
1441 55  10  2.61e-15  2.60e-15  2.79e-15  3.08e-15  3.44e-15  3.89e-15  4.43e-15  5.07e-15  5.81e-15  6.66e-15  7.61e-15
1442 55  11  5.69e-15  5.66e-15  6.00e-15  6.53e-15  7.18e-15  7.97e-15  8.90e-15  9.97e-15  1.12e-14  1.25e-14  1.40e-14
1443 55  12  2.49e-14  2.47e-14  2.58e-14  2.78e-14  3.02e-14  3.33e-14  3.68e-14  4.10e-14  4.56e-14  5.08e-14  5.64e-14
1444 55  13  4.27e-14  4.23e-14  4.38e-14  4.69e-14  5.08e-14  5.56e-14  6.14e-14  6.80e-14  7.55e-14  8.38e-14  9.29e-14
1445 55  14  9.15e-15  9.03e-15  9.07e-15  9.37e-15  9.82e-15  1.05e-14  1.13e-14  1.23e-14  1.35e-14  1.49e-14  1.64e-14
1446 55  15  5.31e-15  5.26e-15  5.40e-15  5.60e-15  5.89e-15  6.29e-15  6.82e-15  7.48e-15  8.27e-15  9.18e-15  1.02e-14
1447 55  16  1.22e-15  1.22e-15  1.30e-15  1.37e-15  1.46e-15  1.58e-15  1.75e-15  1.95e-15  2.21e-15  2.51e-15  2.87e-15
1448 55  17  7.31e-15  7.28e-15  7.68e-15  8.14e-15  8.70e-15  9.42e-15  1.03e-14  1.14e-14  1.27e-14  1.41e-14  1.57e-14
1449 55  18  5.85e-14  5.81e-14  6.01e-14  6.33e-14  6.76e-14  7.32e-14  8.01e-14  8.84e-14  9.81e-14  1.09e-13  1.21e-13
1450 55  19  1.89e-13  1.88e-13  1.92e-13  2.03e-13  2.17e-13  2.35e-13  2.58e-13  2.86e-13  3.17e-13  3.53e-13  3.93e-13
1451 55  20  5.94e-14  5.86e-14  5.84e-14  6.02e-14  6.25e-14  6.55e-14  6.90e-14  7.29e-14  7.71e-14  8.17e-14  8.64e-14
1452 55  21  2.64e-14  2.61e-14  2.64e-14  2.75e-14  2.88e-14  3.05e-14  3.25e-14  3.48e-14  3.73e-14  4.00e-14  4.29e-14
1453 55  22  4.57e-15  4.54e-15  4.72e-15  5.00e-15  5.35e-15  5.78e-15  6.29e-15  6.89e-15  7.55e-15  8.30e-15  9.12e-15
1454 55  23  2.81e-14  2.78e-14  2.83e-14  2.95e-14  3.10e-14  3.27e-14  3.48e-14  3.70e-14  3.95e-14  4.22e-14  4.49e-14
1455 55  24  2.77e-13  2.74e-13  2.76e-13  2.85e-13  2.97e-13  3.12e-13  3.29e-13  3.47e-13  3.68e-13  3.90e-13  4.12e-13
1456 55  25  1.14e-12  1.12e-12  1.12e-12  1.15e-12  1.20e-12  1.25e-12  1.32e-12  1.39e-12  1.47e-12  1.55e-12  1.64e-12
1457 55  26  1.05e-13  1.04e-13  1.02e-13  1.01e-13  1.02e-13  1.04e-13  1.08e-13  1.12e-13  1.18e-13  1.24e-13  1.31e-13
1458 55  27  2.61e-14  2.60e-14  2.62e-14  2.61e-14  2.62e-14  2.67e-14  2.76e-14  2.89e-14  3.05e-14  3.24e-14  3.46e-14
1459 55  28  2.94e-15  2.96e-15  3.06e-15  3.00e-15  2.98e-15  3.03e-15  3.15e-15  3.32e-15  3.55e-15  3.84e-15  4.17e-15
1460 55  29  3.49e-14  3.47e-14  3.55e-14  3.61e-14  3.69e-14  3.81e-14  3.97e-14  4.18e-14  4.42e-14  4.69e-14  4.99e-14
1461 55  30  5.95e-13  5.89e-13  5.87e-13  5.96e-13  6.10e-13  6.31e-13  6.59e-13  6.92e-13  7.31e-13  7.73e-13  8.20e-13
1462 55  31  4.30e-12  4.25e-12  4.18e-12  4.24e-12  4.35e-12  4.52e-12  4.73e-12  4.98e-12  5.26e-12  5.57e-12  5.91e-12
1463 55  32  5.48e-13  5.46e-13  5.53e-13  5.52e-13  5.49e-13  5.48e-13  5.50e-13  5.53e-13  5.59e-13  5.65e-13  5.72e-13
1464 55  33  1.29e-13  1.29e-13  1.33e-13  1.33e-13  1.34e-13  1.35e-13  1.37e-13  1.39e-13  1.43e-13  1.46e-13  1.50e-13
1465 55  34  1.17e-14  1.17e-14  1.24e-14  1.26e-14  1.28e-14  1.31e-14  1.35e-14  1.40e-14  1.46e-14  1.53e-14  1.60e-14
1466 55  35  1.14e-13  1.14e-13  1.18e-13  1.19e-13  1.19e-13  1.20e-13  1.21e-13  1.23e-13  1.25e-13  1.27e-13  1.30e-13
1467 55  36  2.07e-12  2.06e-12  2.10e-12  2.10e-12  2.09e-12  2.09e-12  2.10e-12  2.12e-12  2.14e-12  2.16e-12  2.19e-12
1468 55  37  1.56e-11  1.56e-11  1.58e-11  1.57e-11  1.57e-11  1.56e-11  1.57e-11  1.57e-11  1.58e-11  1.60e-11  1.61e-11
1469 55  38  9.12e-13  9.08e-13  9.01e-13  8.68e-13  8.39e-13  8.21e-13  8.12e-13  8.10e-13  8.15e-13  8.24e-13  8.37e-13
1470 55  39  1.41e-13  1.44e-13  1.45e-13  1.34e-13  1.25e-13  1.19e-13  1.16e-13  1.14e-13  1.14e-13  1.15e-13  1.17e-13
1471 55  40  1.35e-14  1.42e-14  1.40e-14  1.19e-14  1.04e-14  9.40e-15  8.76e-15  8.37e-15  8.17e-15  8.11e-15  8.17e-15
1472 55  41  1.31e-13  1.33e-13  1.35e-13  1.30e-13  1.25e-13  1.22e-13  1.21e-13  1.21e-13  1.22e-13  1.23e-13  1.25e-13
1473 55  42  4.12e-12  4.10e-12  4.09e-12  4.00e-12  3.93e-12  3.90e-12  3.89e-12  3.91e-12  3.96e-12  4.01e-12  4.08e-12
1474 55  43  6.03e-11  5.98e-11  5.86e-11  5.79e-11  5.74e-11  5.73e-11  5.75e-11  5.80e-11  5.88e-11  5.97e-11  6.08e-11
1475 55  44  2.38e-12  2.50e-12  3.46e-12  3.84e-12  3.99e-12  4.05e-12  4.06e-12  4.06e-12  4.04e-12  4.02e-12  4.00e-12
1476 55  45  3.49e-13  3.71e-13  5.16e-13  5.67e-13  5.84e-13  5.90e-13  5.91e-13  5.90e-13  5.89e-13  5.88e-13  5.87e-13
1477 55  46  2.00e-14  2.14e-14  2.95e-14  3.17e-14  3.23e-14  3.23e-14  3.23e-14  3.23e-14  3.24e-14  3.26e-14  3.29e-14
1478 55  47  2.18e-13  2.31e-13  3.23e-13  3.57e-13  3.70e-13  3.75e-13  3.77e-13  3.77e-13  3.77e-13  3.76e-13  3.75e-13
1479 55  48  6.89e-12  7.26e-12  1.01e-11  1.12e-11  1.17e-11  1.19e-11  1.20e-11  1.20e-11  1.20e-11  1.19e-11  1.18e-11
1480 55  49  8.78e-11  9.22e-11  1.27e-10  1.42e-10  1.49e-10  1.53e-10  1.54e-10  1.55e-10  1.55e-10  1.54e-10  1.54e-10
1481 55  50  7.36e-12  7.42e-12  8.14e-12  9.17e-12  1.02e-11  1.13e-11  1.22e-11  1.31e-11  1.38e-11  1.45e-11  1.52e-11
1482 55  51  4.00e-13  4.20e-13  5.54e-13  6.11e-13  6.48e-13  6.77e-13  7.03e-13  7.26e-13  7.48e-13  7.69e-13  7.89e-13
1483 55  52  1.28e-14  1.50e-14  2.57e-14  2.68e-14  2.61e-14  2.52e-14  2.43e-14  2.37e-14  2.32e-14  2.29e-14  2.28e-14
1484 55  53  2.48E-13  2.58E-13  3.25E-13  3.67E-13  3.98E-13  4.27E-13  4.52E-13  4.75E-13  4.97E-13  5.17E-13  5.35E-13
1485 55  54  2.23E-11  2.24E-11  2.43E-11  2.74E-11  3.10E-11  3.43E-11  3.76E-11  4.04E-11  4.30E-11  4.53E-11  4.74E-11
1486 56  1   3.10e-16  3.11e-16  3.40e-16  3.80e-16  4.33e-16  5.06e-16  6.03e-16  7.30e-16  8.91e-16  1.09e-15  1.34e-15
1487 56  2   7.69e-18  8.74e-18  1.71e-17  2.30e-17  2.90e-17  3.61e-17  4.50e-17  5.62e-17  7.03e-17  8.77e-17  1.09e-16
1488 56  3   1.13e-15  1.12e-15  1.15e-15  1.25e-15  1.39e-15  1.57e-15  1.80e-15  2.08e-15  2.41e-15  2.80e-15  3.24e-15
1489 56  4   1.12e-15  1.12e-15  1.17e-15  1.28e-15  1.44e-15  1.64e-15  1.89e-15  2.19e-15  2.54e-15  2.96e-15  3.43e-15
1490 56  5   2.11e-15  2.09e-15  2.15e-15  2.36e-15  2.65e-15  3.03e-15  3.50e-15  4.06e-15  4.74e-15  5.53e-15  6.43e-15
1491 56  6   8.84e-16  8.75e-16  9.02e-16  9.85e-16  1.10e-15  1.25e-15  1.43e-15  1.66e-15  1.93e-15  2.24e-15  2.59e-15
1492 56  7   1.58e-16  1.58e-16  1.73e-16  1.93e-16  2.19e-16  2.52e-16  2.92e-16  3.40e-16  3.96e-16  4.63e-16  5.38e-16
1493 56  8   4.63e-15  4.63e-15  4.92e-15  5.32e-15  5.86e-15  6.58e-15  7.50e-15  8.63e-15  1.00e-14  1.16e-14  1.35e-14
1494 56  9   4.78e-15  4.79e-15  5.14e-15  5.58e-15  6.15e-15  6.90e-15  7.85e-15  9.03e-15  1.04e-14  1.21e-14  1.40e-14
1495 56  10  1.77e-15  1.77e-15  1.95e-15  2.14e-15  2.37e-15  2.67e-15  3.04e-15  3.49e-15  4.04e-15  4.69e-15  5.44e-15
1496 56  11  9.19e-16  9.19e-16  9.87e-16  1.07e-15  1.17e-15  1.31e-15  1.49e-15  1.71e-15  1.98e-15  2.30e-15  2.68e-15
1497 56  12  1.93e-15  1.92e-15  2.04e-15  2.20e-15  2.40e-15  2.67e-15  3.02e-15  3.45e-15  3.98e-15  4.60e-15  5.31e-15
1498 56  13  1.22e-15  1.22e-15  1.31e-15  1.42e-15  1.57e-15  1.75e-15  1.99e-15  2.28e-15  2.64e-15  3.05e-15  3.53e-15
1499 56  14  5.72e-14  5.64e-14  5.68e-14  6.00e-14  6.44e-14  6.98e-14  7.62e-14  8.36e-14  9.19e-14  1.01e-13  1.11e-13
1500 56  15  3.25e-14  3.21e-14  3.25e-14  3.44e-14  3.71e-14  4.03e-14  4.41e-14  4.85e-14  5.35e-14  5.90e-14  6.49e-14
1501 56  16  7.42e-15  7.34e-15  7.53e-15  8.06e-15  8.74e-15  9.58e-15  1.06e-14  1.17e-14  1.30e-14  1.44e-14  1.60e-14
1502 56  17  2.84e-15  2.81e-15  2.87e-15  3.08e-15  3.35e-15  3.70e-15  4.13e-15  4.62e-15  5.19e-15  5.83e-15  6.55e-15
1503 56  18  9.57e-15  9.44e-15  9.52e-15  1.01e-14  1.09e-14  1.19e-14  1.31e-14  1.44e-14  1.60e-14  1.77e-14  1.95e-14
1504 56  19  1.01e-14  9.98e-15  1.01e-14  1.07e-14  1.15e-14  1.24e-14  1.36e-14  1.50e-14  1.65e-14  1.81e-14  1.99e-14
1505 56  20  2.53e-13  2.52e-13  2.57e-13  2.68e-13  2.83e-13  3.04e-13  3.30e-13  3.60e-13  3.95e-13  4.34e-13  4.78e-13
1506 56  21  7.53e-14  7.50e-14  7.71e-14  8.07e-14  8.53e-14  9.14e-14  9.90e-14  1.08e-13  1.18e-13  1.30e-13  1.43e-13
1507 56  22  9.14e-15  9.13e-15  9.58e-15  1.01e-14  1.07e-14  1.15e-14  1.24e-14  1.36e-14  1.50e-14  1.65e-14  1.82e-14
1508 56  23  1.93e-15  1.92e-15  1.99e-15  2.08e-15  2.19e-15  2.35e-15  2.55e-15  2.79e-15  3.09e-15  3.43e-15  3.82e-15
1509 56  24  1.24e-14  1.23e-14  1.26e-14  1.30e-14  1.37e-14  1.46e-14  1.58e-14  1.72e-14  1.89e-14  2.08e-14  2.29e-14
1510 56  25  2.59e-14  2.57e-14  2.61e-14  2.71e-14  2.85e-14  3.04e-14  3.29e-14  3.58e-14  3.92e-14  4.30e-14  4.72e-14
1511 56  26  1.34e-12  1.31e-12  1.28e-12  1.31e-12  1.35e-12  1.40e-12  1.46e-12  1.53e-12  1.61e-12  1.69e-12  1.77e-12
1512 56  27  3.23e-13  3.18e-13  3.12e-13  3.20e-13  3.31e-13  3.44e-13  3.61e-13  3.79e-13  3.99e-13  4.20e-13  4.43e-13
1513 56  28  3.29e-14  3.25e-14  3.23e-14  3.33e-14  3.47e-14  3.64e-14  3.84e-14  4.06e-14  4.31e-14  4.57e-14  4.85e-14
1514 56  29  6.29e-15  6.20e-15  6.18e-15  6.40e-15  6.71e-15  7.10e-15  7.57e-15  8.10e-15  8.70e-15  9.36e-15  1.01e-14
1515 56  30  4.81e-14  4.73e-14  4.64e-14  4.76e-14  4.93e-14  5.16e-14  5.43e-14  5.73e-14  6.07e-14  6.43e-14  6.82e-14
1516 56  31  1.18e-13  1.16e-13  1.13e-13  1.16e-13  1.20e-13  1.24e-13  1.30e-13  1.36e-13  1.44e-13  1.51e-13  1.59e-13
1517 56  32  5.13e-12  5.09e-12  5.03e-12  5.08e-12  5.18e-12  5.34e-12  5.55e-12  5.80e-12  6.08e-12  6.40e-12  6.73e-12
1518 56  33  6.90e-13  6.86e-13  6.88e-13  6.96e-13  7.10e-13  7.31e-13  7.58e-13  7.92e-13  8.31e-13  8.74e-13  9.21e-13
1519 56  34  3.97e-14  3.97e-14  4.07e-14  4.14e-14  4.22e-14  4.34e-14  4.51e-14  4.72e-14  4.97e-14  5.24e-14  5.55e-14
1520 56  35  4.38e-15  4.39e-15  4.47e-15  4.45e-15  4.47e-15  4.57e-15  4.73e-15  4.95e-15  5.23e-15  5.56e-15  5.93e-15
1521 56  36  5.62e-14  5.60e-14  5.62e-14  5.65e-14  5.73e-14  5.87e-14  6.08e-14  6.34e-14  6.66e-14  7.03e-14  7.43e-14
1522 56  37  2.57e-13  2.55e-13  2.52e-13  2.53e-13  2.57e-13  2.64e-13  2.73e-13  2.85e-13  2.98e-13  3.13e-13  3.30e-13
1523 56  38  1.58e-11  1.57e-11  1.59e-11  1.59e-11  1.59e-11  1.59e-11  1.59e-11  1.60e-11  1.61e-11  1.62e-11  1.63e-11
1524 56  39  2.09e-12  2.08e-12  2.12e-12  2.13e-12  2.13e-12  2.13e-12  2.14e-12  2.16e-12  2.18e-12  2.20e-12  2.22e-12
1525 56  40  1.16e-13  1.16e-13  1.20e-13  1.22e-13  1.22e-13  1.23e-13  1.25e-13  1.26e-13  1.28e-13  1.31e-13  1.33e-13
1526 56  41  1.22e-14  1.23e-14  1.28e-14  1.30e-14  1.31e-14  1.34e-14  1.37e-14  1.40e-14  1.45e-14  1.49e-14  1.55e-14
1527 56  42  1.75e-13  1.74e-13  1.78e-13  1.80e-13  1.80e-13  1.81e-13  1.83e-13  1.85e-13  1.88e-13  1.91e-13  1.95e-13
1528 56  43  8.04e-13  8.00e-13  8.11e-13  8.13e-13  8.12e-13  8.11e-13  8.14e-13  8.19e-13  8.26e-13  8.34e-13  8.43e-13
1529 56  44  6.33e-11  6.32e-11  6.33e-11  6.26e-11  6.20e-11  6.18e-11  6.19e-11  6.22e-11  6.28e-11  6.36e-11  6.45e-11
1530 56  45  4.21e-12  4.23e-12  4.31e-12  4.25e-12  4.18e-12  4.15e-12  4.14e-12  4.16e-12  4.19e-12  4.25e-12  4.31e-12
1531 56  46  1.33e-13  1.35e-13  1.40e-13  1.35e-13  1.31e-13  1.28e-13  1.27e-13  1.27e-13  1.28e-13  1.30e-13  1.32e-13
1532 56  47  1.09e-14  1.14e-14  1.13e-14  9.91e-15  8.92e-15  8.27e-15  7.87e-15  7.64e-15  7.54e-15  7.54e-15  7.61e-15
1533 56  48  1.82e-13  1.85e-13  1.89e-13  1.81e-13  1.74e-13  1.69e-13  1.67e-13  1.66e-13  1.67e-13  1.68e-13  1.71e-13
1534 56  49  1.56e-12  1.56e-12  1.58e-12  1.55e-12  1.52e-12  1.50e-12  1.49e-12  1.50e-12  1.51e-12  1.53e-12  1.55e-12
1535 56  50  7.61e-11  7.97e-11  1.12e-10  1.29e-10  1.37e-10  1.42e-10  1.45e-10  1.46e-10  1.47e-10  1.47e-10  1.47e-10
1536 56  51  5.98e-12  6.29e-12  8.93e-12  1.02e-11  1.08e-11  1.11e-11  1.13e-11  1.14e-11  1.14e-11  1.14e-11  1.14e-11
1537 56  52  1.90e-13  2.01e-13  2.87e-13  3.27e-13  3.45e-13  3.54e-13  3.58e-13  3.61e-13  3.63e-13  3.64e-13  3.64e-13
1538 56  53  1.14e-14  1.21e-14  1.68e-14  1.86e-14  1.93e-14  1.96e-14  1.98e-14  2.00e-14  2.02e-14  2.04e-14  2.06e-14
1539 56  54  2.76e-13  2.91e-13  4.13e-13  4.67e-13  4.91e-13  5.03e-13  5.08e-13  5.11e-13  5.13e-13  5.14e-13  5.15e-13
1540 56  55  2.29e-12  2.41e-12  3.41e-12  3.89e-12  4.12e-12  4.23e-12  4.29e-12  4.31e-12  4.32e-12  4.32e-12  4.31e-12
1541 57  1   2.21e-16  2.22e-16  2.48e-16  2.79e-16  3.20e-16  3.75e-16  4.48e-16  5.44e-16  6.65e-16  8.15e-16  9.99e-16
1542 57  2   9.66e-17  9.71e-17  1.09e-16  1.24e-16  1.42e-16  1.67e-16  2.00e-16  2.42e-16  2.97e-16  3.64e-16  4.46e-16
1543 57  3   7.89e-16  7.81e-16  8.08e-16  8.82e-16  9.84e-16  1.12e-15  1.28e-15  1.49e-15  1.72e-15  2.00e-15  2.32e-15
1544 57  4   1.47e-15  1.45e-15  1.51e-15  1.65e-15  1.84e-15  2.09e-15  2.40e-15  2.78e-15  3.23e-15  3.75e-15  4.36e-15
1545 57  5   1.68e-15  1.67e-15  1.72e-15  1.88e-15  2.11e-15  2.40e-15  2.77e-15  3.21e-15  3.74e-15  4.35e-15  5.05e-15
1546 57  6   8.81e-16  8.74e-16  9.16e-16  1.01e-15  1.14e-15  1.31e-15  1.52e-15  1.77e-15  2.08e-15  2.43e-15  2.83e-15
1547 57  7   5.86e-16  5.80e-16  5.93e-16  6.44e-16  7.18e-16  8.14e-16  9.34e-16  1.08e-15  1.25e-15  1.45e-15  1.68e-15
1548 57  8   1.25e-15  1.26e-15  1.38e-15  1.50e-15  1.66e-15  1.86e-15  2.11e-15  2.42e-15  2.79e-15  3.23e-15  3.74e-15
1549 57  9   5.22e-15  5.22e-15  5.55e-15  6.02e-15  6.63e-15  7.45e-15  8.50e-15  9.78e-15  1.13e-14  1.32e-14  1.53e-14
1550 57  10  4.70e-15  4.71e-15  5.08e-15  5.52e-15  6.09e-15  6.84e-15  7.78e-15  8.95e-15  1.04e-14  1.20e-14  1.39e-14
1551 57  11  1.98e-15  1.98e-15  2.11e-15  2.27e-15  2.49e-15  2.77e-15  3.13e-15  3.58e-15  4.13e-15  4.77e-15  5.53e-15
1552 57  12  7.77e-16  7.82e-16  8.61e-16  9.44e-16  1.05e-15  1.18e-15  1.35e-15  1.56e-15  1.81e-15  2.11e-15  2.46e-15
1553 57  13  1.30e-15  1.30e-15  1.37e-15  1.48e-15  1.61e-15  1.79e-15  2.02e-15  2.31e-15  2.66e-15  3.07e-15  3.54e-15
1554 57  14  1.22e-14  1.20e-14  1.23e-14  1.31e-14  1.41e-14  1.54e-14  1.69e-14  1.87e-14  2.07e-14  2.28e-14  2.52e-14
1555 57  15  5.43e-14  5.36e-14  5.39e-14  5.69e-14  6.10e-14  6.61e-14  7.22e-14  7.92e-14  8.70e-14  9.57e-14  1.05e-13
1556 57  16  3.06e-14  3.02e-14  3.06e-14  3.25e-14  3.50e-14  3.81e-14  4.18e-14  4.60e-14  5.07e-14  5.59e-14  6.16e-14
1557 57  17  9.26e-15  9.14e-15  9.22e-15  9.79e-15  1.06e-14  1.15e-14  1.27e-14  1.40e-14  1.56e-14  1.73e-14  1.91e-14
1558 57  18  6.57e-15  6.49e-15  6.58e-15  6.98e-15  7.50e-15  8.15e-15  8.92e-15  9.81e-15  1.08e-14  1.19e-14  1.31e-14
1559 57  19  6.70e-15  6.61e-15  6.66e-15  7.07e-15  7.63e-15  8.33e-15  9.17e-15  1.01e-14  1.12e-14  1.24e-14  1.38e-14
1560 57  20  2.43e-14  2.43e-14  2.54e-14  2.67e-14  2.82e-14  3.01e-14  3.26e-14  3.55e-14  3.89e-14  4.27e-14  4.71e-14
1561 57  21  2.45e-13  2.43e-13  2.47e-13  2.58e-13  2.73e-13  2.93e-13  3.18e-13  3.47e-13  3.81e-13  4.19e-13  4.61e-13
1562 57  22  6.89e-14  6.87e-14  7.07e-14  7.39e-14  7.82e-14  8.38e-14  9.08e-14  9.91e-14  1.09e-13  1.20e-13  1.32e-13
1563 57  23  1.15e-14  1.14e-14  1.17e-14  1.21e-14  1.28e-14  1.36e-14  1.47e-14  1.60e-14  1.76e-14  1.93e-14  2.13e-14
1564 57  24  2.05e-14  2.03e-14  2.06e-14  2.14e-14  2.26e-14  2.41e-14  2.60e-14  2.83e-14  3.10e-14  3.40e-14  3.74e-14
1565 57  25  8.22e-15  8.17e-15  8.34e-15  8.67e-15  9.12e-15  9.73e-15  1.05e-14  1.14e-14  1.26e-14  1.38e-14  1.53e-14
1566 57  26  1.44e-13  1.42e-13  1.41e-13  1.45e-13  1.50e-13  1.57e-13  1.65e-13  1.73e-13  1.83e-13  1.93e-13  2.04e-13
1567 57  27  1.25e-12  1.23e-12  1.20e-12  1.22e-12  1.26e-12  1.31e-12  1.37e-12  1.43e-12  1.50e-12  1.58e-12  1.65e-12
1568 57  28  2.96e-13  2.91e-13  2.86e-13  2.93e-13  3.03e-13  3.15e-13  3.30e-13  3.47e-13  3.66e-13  3.85e-13  4.06e-13
1569 57  29  4.44e-14  4.37e-14  4.29e-14  4.40e-14  4.56e-14  4.77e-14  5.03e-14  5.31e-14  5.63e-14  5.97e-14  6.33e-14
1570 57  30  9.37e-14  9.21e-14  8.96e-14  9.14e-14  9.43e-14  9.79e-14  1.02e-13  1.07e-13  1.13e-13  1.18e-13  1.24e-13
1571 57  31  3.46e-14  3.41e-14  3.35e-14  3.44e-14  3.57e-14  3.74e-14  3.94e-14  4.16e-14  4.41e-14  4.69e-14  4.98e-14
1572 57  32  2.59e-13  2.59e-13  2.65e-13  2.69e-13  2.73e-13  2.81e-13  2.91e-13  3.04e-13  3.19e-13  3.36e-13  3.55e-13
1573 57  33  4.97e-12  4.93e-12  4.87e-12  4.92e-12  5.02e-12  5.17e-12  5.37e-12  5.62e-12  5.89e-12  6.19e-12  6.52e-12
1574 57  34  6.26e-13  6.22e-13  6.24e-13  6.31e-13  6.44e-13  6.63e-13  6.88e-13  7.19e-13  7.54e-13  7.93e-13  8.36e-13
1575 57  35  5.13e-14  5.11e-14  5.13e-14  5.16e-14  5.23e-14  5.36e-14  5.55e-14  5.79e-14  6.08e-14  6.42e-14  6.79e-14
1576 57  36  2.27e-13  2.25e-13  2.22e-13  2.23e-13  2.26e-13  2.32e-13  2.41e-13  2.51e-13  2.63e-13  2.76e-13  2.90e-13
1577 57  37  3.90e-14  3.89e-14  3.92e-14  3.95e-14  4.00e-14  4.09e-14  4.24e-14  4.42e-14  4.65e-14  4.91e-14  5.20e-14
1578 57  38  1.17e-12  1.17e-12  1.20e-12  1.21e-12  1.21e-12  1.21e-12  1.22e-12  1.23e-12  1.24e-12  1.26e-12  1.27e-12
1579 57  39  1.49e-11  1.48e-11  1.50e-11  1.50e-11  1.50e-11  1.50e-11  1.50e-11  1.50e-11  1.51e-11  1.52e-11  1.54e-11
1580 57  40  1.90e-12  1.89e-12  1.93e-12  1.94e-12  1.94e-12  1.94e-12  1.95e-12  1.96e-12  1.98e-12  2.00e-12  2.02e-12
1581 57  41  1.59e-13  1.59e-13  1.63e-13  1.64e-13  1.64e-13  1.65e-13  1.67e-13  1.69e-13  1.72e-13  1.75e-13  1.78e-13
1582 57  42  6.95e-13  6.91e-13  7.00e-13  7.02e-13  6.99e-13  6.99e-13  7.00e-13  7.04e-13  7.09e-13  7.15e-13  7.22e-13
1583 57  43  1.36e-13  1.36e-13  1.39e-13  1.40e-13  1.41e-13  1.42e-13  1.43e-13  1.45e-13  1.48e-13  1.51e-13  1.54e-13
1584 57  44  2.17e-12  2.19e-12  2.26e-12  2.22e-12  2.18e-12  2.15e-12  2.14e-12  2.15e-12  2.17e-12  2.19e-12  2.23e-12
1585 57  45  6.16e-11  6.15e-11  6.16e-11  6.10e-11  6.04e-11  6.01e-11  6.02e-11  6.06e-11  6.12e-11  6.20e-11  6.28e-11
1586 57  46  3.81e-12  3.82e-12  3.90e-12  3.84e-12  3.78e-12  3.75e-12  3.74e-12  3.76e-12  3.79e-12  3.84e-12  3.90e-12
1587 57  47  1.66e-13  1.69e-13  1.72e-13  1.65e-13  1.58e-13  1.54e-13  1.51e-13  1.51e-13  1.51e-13  1.53e-13  1.55e-13
1588 57  48  1.44e-12  1.44e-12  1.45e-12  1.43e-12  1.40e-12  1.39e-12  1.38e-12  1.39e-12  1.40e-12  1.41e-12  1.43e-12
1589 57  49  1.46e-13  1.49e-13  1.53e-13  1.45e-13  1.39e-13  1.35e-13  1.33e-13  1.32e-13  1.33e-13  1.34e-13  1.36e-13
1590 57  50  4.52e-12  4.76e-12  6.77e-12  7.74e-12  8.20e-12  8.43e-12  8.55e-12  8.60e-12  8.62e-12  8.62e-12  8.60e-12
1591 57  51  7.24e-11  7.57e-11  1.06e-10  1.22e-10  1.30e-10  1.35e-10  1.38e-10  1.39e-10  1.40e-10  1.40e-10  1.40e-10
1592 57  52  5.41e-12  5.69e-12  8.08e-12  9.25e-12  9.81e-12  1.01e-11  1.02e-11  1.03e-11  1.03e-11  1.03e-11  1.03e-11
1593 57  53  2.50e-13  2.64e-13  3.75e-13  4.24e-13  4.46e-13  4.56e-13  4.61e-13  4.64e-13  4.66e-13  4.67e-13  4.67e-13
1594 57  54  2.08e-12  2.18e-12  3.09e-12  3.53e-12  3.74e-12  3.84e-12  3.90e-12  3.92e-12  3.93e-12  3.93e-12  3.92e-12
1595 57  55  2.48e-13  2.62e-13  3.72e-13  4.20e-13  4.42e-13  4.52e-13  4.58e-13  4.60e-13  4.62e-13  4.63e-13  4.63e-13
1596 57  56  1.98e-11  1.98e-11  2.13e-11  2.44e-11  2.77e-11  3.09e-11  3.38e-11  3.65e-11  3.88e-11  4.10e-11  4.29e-11
1597 58  1   1.23e-16  1.24e-16  1.46e-16  1.68e-16  1.95e-16  2.30e-16  2.77e-16  3.38e-16  4.15e-16  5.10e-16  6.26e-16
1598 58  2   1.95e-16  1.95e-16  2.11e-16  2.35e-16  2.67e-16  3.11e-16  3.71e-16  4.48e-16  5.47e-16  6.70e-16  8.19e-16
1599 58  3   4.08e-16  4.05e-16  4.30e-16  4.76e-16  5.37e-16  6.15e-16  7.11e-16  8.26e-16  9.63e-16  1.12e-15  1.31e-15
1600 58  4   1.85e-15  1.83e-15  1.88e-15  2.05e-15  2.29e-15  2.59e-15  2.98e-15  3.44e-15  3.99e-15  4.63e-15  5.37e-15
1601 58  5   1.04e-15  1.03e-15  1.08e-15  1.18e-15  1.33e-15  1.51e-15  1.75e-15  2.03e-15  2.36e-15  2.74e-15  3.19e-15
1602 58  6   1.34e-15  1.33e-15  1.36e-15  1.49e-15  1.67e-15  1.90e-15  2.19e-15  2.54e-15  2.96e-15  3.44e-15  4.00e-15
1603 58  7   7.71e-16  7.63e-16  7.87e-16  8.64e-16  9.72e-16  1.11e-15  1.29e-15  1.50e-15  1.75e-15  2.04e-15  2.38e-15
1604 58  8   1.53e-16  1.55e-16  1.84e-16  2.08e-16  2.33e-16  2.64e-16  3.03e-16  3.50e-16  4.07e-16  4.75e-16  5.53e-16
1605 58  9   1.50e-15  1.51e-15  1.66e-15  1.82e-15  2.02e-15  2.26e-15  2.57e-15  2.95e-15  3.41e-15  3.95e-15  4.57e-15
1606 58  10  9.52e-15  9.52e-15  1.02e-14  1.10e-14  1.21e-14  1.36e-14  1.55e-14  1.79e-14  2.07e-14  2.40e-14  2.78e-14
1607 58  11  2.37e-15  2.37e-15  2.54e-15  2.75e-15  3.01e-15  3.37e-15  3.82e-15  4.37e-15  5.05e-15  5.84e-15  6.75e-15
1608 58  12  1.41e-15  1.41e-15  1.49e-15  1.61e-15  1.76e-15  1.96e-15  2.21e-15  2.53e-15  2.91e-15  3.37e-15  3.90e-15
1609 58  13  2.83e-16  2.83e-16  3.09e-16  3.37e-16  3.71e-16  4.16e-16  4.74e-16  5.47e-16  6.37e-16  7.46e-16  8.74e-16
1610 58  14  9.83e-16  9.78e-16  1.04e-15  1.14e-15  1.26e-15  1.40e-15  1.58e-15  1.78e-15  2.01e-15  2.26e-15  2.55e-15
1611 58  15  1.23e-14  1.22e-14  1.24e-14  1.33e-14  1.44e-14  1.57e-14  1.73e-14  1.91e-14  2.11e-14  2.33e-14  2.58e-14
1612 58  16  8.38e-14  8.27e-14  8.33e-14  8.81e-14  9.46e-14  1.03e-13  1.12e-13  1.23e-13  1.35e-13  1.49e-13  1.64e-13
1613 58  17  1.48e-14  1.47e-14  1.48e-14  1.57e-14  1.69e-14  1.83e-14  2.01e-14  2.21e-14  2.43e-14  2.68e-14  2.96e-14
1614 58  18  6.68e-15  6.59e-15  6.65e-15  7.07e-15  7.64e-15  8.35e-15  9.20e-15  1.02e-14  1.13e-14  1.26e-14  1.39e-14
1615 58  19  9.95e-16  9.85e-16  1.02e-15  1.10e-15  1.21e-15  1.35e-15  1.52e-15  1.73e-15  1.96e-15  2.23e-15  2.53e-15
1616 58  20  9.05e-16  9.15e-16  1.04e-15  1.12e-15  1.21e-15  1.31e-15  1.44e-15  1.60e-15  1.78e-15  1.99e-15  2.23e-15
1617 58  21  2.32e-14  2.31e-14  2.42e-14  2.55e-14  2.69e-14  2.88e-14  3.11e-14  3.39e-14  3.72e-14  4.09e-14  4.50e-14
1618 58  22  3.14e-13  3.12e-13  3.18e-13  3.32e-13  3.51e-13  3.77e-13  4.08e-13  4.46e-13  4.89e-13  5.38e-13  5.93e-13
1619 58  23  3.18e-14  3.16e-14  3.21e-14  3.33e-14  3.51e-14  3.74e-14  4.04e-14  4.40e-14  4.82e-14  5.29e-14  5.82e-14
1620 58  24  7.79e-15  7.75e-15  7.92e-15  8.24e-15  8.66e-15  9.24e-15  9.98e-15  1.09e-14  1.19e-14  1.32e-14  1.45e-14
1621 58  25  5.86e-16  5.86e-16  6.20e-16  6.52e-16  6.90e-16  7.42e-16  8.10e-16  8.96e-16  9.99e-16  1.12e-15  1.26e-15
1622 58  26  6.13e-15  6.08e-15  6.23e-15  6.54e-15  6.92e-15  7.37e-15  7.89e-15  8.48e-15  9.13e-15  9.84e-15  1.06e-14
1623 58  27  1.36e-13  1.34e-13  1.32e-13  1.36e-13  1.41e-13  1.47e-13  1.55e-13  1.63e-13  1.72e-13  1.82e-13  1.92e-13
1624 58  28  1.55e-12  1.52e-12  1.48e-12  1.52e-12  1.56e-12  1.62e-12  1.70e-12  1.78e-12  1.87e-12  1.96e-12  2.06e-12
1625 58  29  1.38e-13  1.35e-13  1.32e-13  1.35e-13  1.39e-13  1.45e-13  1.52e-13  1.59e-13  1.68e-13  1.76e-13  1.86e-13
1626 58  30  3.25e-14  3.20e-14  3.15e-14  3.23e-14  3.36e-14  3.52e-14  3.71e-14  3.92e-14  4.16e-14  4.42e-14  4.70e-14
1627 58  31  2.52e-15  2.49e-15  2.51e-15  2.63e-15  2.78e-15  2.97e-15  3.19e-15  3.45e-15  3.74e-15  4.07e-15  4.42e-15
1628 58  32  5.98e-15  6.07e-15  6.62e-15  6.79e-15  6.94e-15  7.16e-15  7.48e-15  7.89e-15  8.38e-15  8.95e-15  9.60e-15
1629 58  33  2.40e-13  2.40e-13  2.45e-13  2.49e-13  2.53e-13  2.60e-13  2.70e-13  2.82e-13  2.95e-13  3.11e-13  3.28e-13
1630 58  34  5.61e-12  5.57e-12  5.51e-12  5.56e-12  5.67e-12  5.85e-12  6.08e-12  6.35e-12  6.66e-12  7.00e-12  7.37e-12
1631 58  35  2.80e-13  2.77e-13  2.74e-13  2.76e-13  2.80e-13  2.87e-13  2.97e-13  3.10e-13  3.25e-13  3.41e-13  3.59e-13
1632 58  36  3.61e-14  3.60e-14  3.63e-14  3.65e-14  3.70e-14  3.79e-14  3.92e-14  4.10e-14  4.31e-14  4.55e-14  4.82e-14
1633 58  37  1.74e-15  1.76e-15  1.81e-15  1.78e-15  1.78e-15  1.81e-15  1.87e-15  1.97e-15  2.09e-15  2.24e-15  2.41e-15
1634 58  38  3.48e-14  3.49e-14  3.68e-14  3.77e-14  3.82e-14  3.88e-14  3.96e-14  4.05e-14  4.16e-14  4.28e-14  4.41e-14
1635 58  39  1.08e-12  1.08e-12  1.11e-12  1.12e-12  1.12e-12  1.12e-12  1.13e-12  1.13e-12  1.15e-12  1.16e-12  1.18e-12
1636 58  40  1.69e-11  1.68e-11  1.70e-11  1.70e-11  1.70e-11  1.70e-11  1.70e-11  1.71e-11  1.72e-11  1.73e-11  1.75e-11
1637 58  41  8.59e-13  8.54e-13  8.66e-13  8.69e-13  8.67e-13  8.67e-13  8.70e-13  8.76e-13  8.83e-13  8.93e-13  9.03e-13
1638 58  42  1.26e-13  1.25e-13  1.29e-13  1.30e-13  1.30e-13  1.31e-13  1.32e-13  1.34e-13  1.37e-13  1.39e-13  1.42e-13
1639 58  43  6.50e-15  6.52e-15  6.84e-15  6.99e-15  7.12e-15  7.27e-15  7.47e-15  7.71e-15  8.00e-15  8.32e-15  8.67e-15
1640 58  44  4.32e-14  4.46e-14  4.70e-14  4.44e-14  4.21e-14  4.07e-14  3.99e-14  3.97e-14  3.98e-14  4.03e-14  4.11e-14
1641 58  45  1.99e-12  2.01e-12  2.07e-12  2.04e-12  2.00e-12  1.97e-12  1.96e-12  1.97e-12  1.99e-12  2.01e-12  2.04e-12
1642 58  46  6.56e-11  6.55e-11  6.56e-11  6.49e-11  6.43e-11  6.40e-11  6.41e-11  6.45e-11  6.51e-11  6.59e-11  6.69e-11
1643 58  47  1.61e-12  1.61e-12  1.63e-12  1.60e-12  1.57e-12  1.55e-12  1.54e-12  1.54e-12  1.56e-12  1.57e-12  1.60e-12
1644 58  48  1.35e-13  1.37e-13  1.41e-13  1.34e-13  1.28e-13  1.24e-13  1.22e-13  1.22e-13  1.22e-13  1.23e-13  1.25e-13
1645 58  49  7.31e-15  7.68e-15  7.55e-15  6.50e-15  5.76e-15  5.28e-15  4.98e-15  4.80e-15  4.71e-15  4.69e-15  4.73e-15
1646 58  50  1.06e-13  1.12e-13  1.61e-13  1.82e-13  1.92e-13  1.97e-13  1.99e-13  2.01e-13  2.02e-13  2.03e-13  2.04e-13
1647 58  51  4.14e-12  4.36e-12  6.20e-12  7.09e-12  7.51e-12  7.72e-12  7.83e-12  7.88e-12  7.89e-12  7.89e-12  7.87e-12
1648 58  52  7.81e-11  8.17e-11  1.15e-10  1.32e-10  1.41e-10  1.46e-10  1.48e-10  1.50e-10  1.51e-10  1.51e-10  1.51e-10
1649 58  53  2.34e-12  2.46e-12  3.48e-12  3.97e-12  4.20e-12  4.32e-12  4.38e-12  4.41e-12  4.42e-12  4.41e-12  4.41e-12
1650 58  54  2.28e-13  2.40e-13  3.41e-13  3.86e-13  4.05e-13  4.15e-13  4.19e-13  4.22e-13  4.23e-13  4.24e-13  4.25e-13
1651 58  55  9.32e-15  9.88e-15  1.37e-14  1.52e-14  1.58e-14  1.61e-14  1.62e-14  1.63e-14  1.65e-14  1.67e-14  1.69e-14
1652 58  56  1.92e-13  1.98e-13  2.46e-13  2.82e-13  3.12e-13  3.38e-13  3.62e-13  3.83e-13  4.02e-13  4.20e-13  4.36e-13
1653 58  57  1.80e-11  1.81e-11  1.94e-11  2.22e-11  2.52e-11  2.81e-11  3.08e-11  3.32e-11  3.54e-11  3.74e-11  3.91e-11
1654 59  1   3.14e-16  3.15e-16  3.47e-16  3.88e-16  4.42e-16  5.15e-16  6.14e-16  7.42e-16  9.04e-16  1.11e-15  1.35e-15
1655 59  2   3.98e-18  4.60e-18  1.03e-17  1.51e-17  2.02e-17  2.64e-17  3.43e-17  4.44e-17  5.71e-17  7.30e-17  9.23e-17
1656 59  3   5.55e-16  5.50e-16  5.68e-16  6.24e-16  7.02e-16  8.04e-16  9.31e-16  1.09e-15  1.27e-15  1.48e-15  1.72e-15
1657 59  4   8.35e-16  8.27e-16  8.55e-16  9.38e-16  1.05e-15  1.20e-15  1.39e-15  1.61e-15  1.87e-15  2.18e-15  2.54e-15
1658 59  5   3.27e-15  3.24e-15  3.34e-15  3.64e-15  4.07e-15  4.61e-15  5.30e-15  6.13e-15  7.11e-15  8.26e-15  9.57e-15
1659 59  6   6.74e-16  6.68e-16  6.97e-16  7.68e-16  8.65e-16  9.91e-16  1.15e-15  1.33e-15  1.56e-15  1.82e-15  2.11e-15
1660 59  7   7.52e-17  7.50e-17  8.19e-17  9.32e-17  1.08e-16  1.26e-16  1.49e-16  1.76e-16  2.08e-16  2.46e-16  2.90e-16
1661 59  8   2.77e-17  2.82e-17  3.42e-17  3.98e-17  4.61e-17  5.41e-17  6.45e-17  7.79e-17  9.49e-17  1.16e-16  1.42e-16
1662 59  9   2.86e-16  2.86e-16  3.09e-16  3.35e-16  3.66e-16  4.07e-16  4.60e-16  5.28e-16  6.10e-16  7.10e-16  8.28e-16
1663 59  10  1.16e-15  1.16e-15  1.22e-15  1.31e-15  1.42e-15  1.57e-15  1.77e-15  2.01e-15  2.30e-15  2.64e-15  3.04e-15
1664 59  11  1.23e-14  1.23e-14  1.32e-14  1.43e-14  1.57e-14  1.77e-14  2.01e-14  2.31e-14  2.68e-14  3.11e-14  3.60e-14
1665 59  12  1.39e-15  1.40e-15  1.53e-15  1.67e-15  1.84e-15  2.05e-15  2.33e-15  2.67e-15  3.09e-15  3.58e-15  4.14e-15
1666 59  13  7.93e-17  8.03e-17  9.41e-17  1.06e-16  1.20e-16  1.36e-16  1.57e-16  1.83e-16  2.14e-16  2.51e-16  2.94e-16
1667 59  14  1.53e-16  1.53e-16  1.67e-16  1.89e-16  2.17e-16  2.52e-16  2.97e-16  3.51e-16  4.16e-16  4.94e-16  5.84e-16
1668 59  15  1.63e-15  1.62e-15  1.66e-15  1.78e-15  1.96e-15  2.17e-15  2.43e-15  2.73e-15  3.08e-15  3.48e-15  3.92e-15
1669 59  16  7.81e-15  7.71e-15  7.75e-15  8.21e-15  8.84e-15  9.63e-15  1.06e-14  1.16e-14  1.29e-14  1.42e-14  1.57e-14
1670 59  17  9.87e-14  9.74e-14  9.83e-14  1.04e-13  1.12e-13  1.21e-13  1.32e-13  1.45e-13  1.60e-13  1.76e-13  1.94e-13
1671 59  18  1.08e-14  1.06e-14  1.09e-14  1.16e-14  1.25e-14  1.37e-14  1.51e-14  1.67e-14  1.85e-14  2.05e-14  2.27e-14
1672 59  19  5.57e-16  5.53e-16  5.83e-16  6.38e-16  7.06e-16  7.90e-16  8.90e-16  1.01e-15  1.14e-15  1.29e-15  1.46e-15
1673 59  20  7.49e-17  7.62e-17  8.55e-17  9.17e-17  9.93e-17  1.10e-16  1.25e-16  1.44e-16  1.68e-16  1.98e-16  2.33e-16
1674 59  21  1.31e-15  1.31e-15  1.37e-15  1.43e-15  1.51e-15  1.61e-15  1.75e-15  1.93e-15  2.15e-15  2.40e-15  2.70e-15
1675 59  22  1.22e-14  1.21e-14  1.22e-14  1.26e-14  1.31e-14  1.39e-14  1.49e-14  1.61e-14  1.75e-14  1.92e-14  2.10e-14
1676 59  23  3.45e-13  3.43e-13  3.49e-13  3.65e-13  3.86e-13  4.14e-13  4.49e-13  4.90e-13  5.38e-13  5.91e-13  6.51e-13
1677 59  24  1.94e-14  1.93e-14  2.02e-14  2.12e-14  2.24e-14  2.39e-14  2.59e-14  2.82e-14  3.09e-14  3.40e-14  3.74e-14
1678 59  25  5.39e-16  5.44e-16  6.12e-16  6.61e-16  7.10e-16  7.71e-16  8.46e-16  9.38e-16  1.05e-15  1.17e-15  1.32e-15
1679 59  26  4.74e-16  4.72e-16  5.02e-16  5.45e-16  5.96e-16  6.59e-16  7.35e-16  8.24e-16  9.26e-16  1.04e-15  1.17e-15
1680 59  27  9.06e-15  8.95e-15  8.96e-15  9.32e-15  9.80e-15  1.04e-14  1.11e-14  1.19e-14  1.29e-14  1.39e-14  1.50e-14
1681 59  28  7.04e-14  6.92e-14  6.75e-14  6.90e-14  7.13e-14  7.42e-14  7.78e-14  8.19e-14  8.63e-14  9.11e-14  9.62e-14
1682 59  29  1.67e-12  1.64e-12  1.60e-12  1.63e-12  1.68e-12  1.75e-12  1.83e-12  1.91e-12  2.01e-12  2.11e-12  2.22e-12
1683 59  30  1.15e-13  1.13e-13  1.12e-13  1.15e-13  1.19e-13  1.24e-13  1.31e-13  1.38e-13  1.46e-13  1.54e-13  1.63e-13
1684 59  31  3.84e-15  3.81e-15  3.89e-15  4.09e-15  4.32e-15  4.60e-15  4.93e-15  5.30e-15  5.71e-15  6.16e-15  6.65e-15
1685 59  32  3.95e-16  4.08e-16  4.14e-16  3.87e-16  3.74e-16  3.74e-16  3.86e-16  4.09e-16  4.41e-16  4.84e-16  5.35e-16
1686 59  33  7.73e-15  7.76e-15  8.00e-15  7.96e-15  7.97e-15  8.12e-15  8.41e-15  8.82e-15  9.36e-15  1.00e-14  1.08e-14
1687 59  34  1.08e-13  1.07e-13  1.06e-13  1.06e-13  1.06e-13  1.08e-13  1.12e-13  1.16e-13  1.21e-13  1.27e-13  1.34e-13
1688 59  35  5.86e-12  5.81e-12  5.75e-12  5.80e-12  5.92e-12  6.10e-12  6.34e-12  6.63e-12  6.95e-12  7.31e-12  7.69e-12
1689 59  36  2.00e-13  2.00e-13  2.04e-13  2.07e-13  2.11e-13  2.16e-13  2.24e-13  2.34e-13  2.46e-13  2.59e-13  2.73e-13
1690 59  37  3.87e-15  3.93e-15  4.27e-15  4.37e-15  4.47e-15  4.61e-15  4.81e-15  5.07e-15  5.39e-15  5.76e-15  6.18e-15
1691 59  38  1.77e-15  1.79e-15  1.95e-15  2.04e-15  2.12e-15  2.21e-15  2.32e-15  2.46e-15  2.61e-15  2.78e-15  2.97e-15
1692 59  39  4.75e-14  4.75e-14  4.96e-14  5.05e-14  5.11e-14  5.18e-14  5.29e-14  5.42e-14  5.57e-14  5.74e-14  5.93e-14
1693 59  40  5.06e-13  5.04e-13  5.12e-13  5.13e-13  5.12e-13  5.13e-13  5.15e-13  5.19e-13  5.24e-13  5.30e-13  5.37e-13
1694 59  41  1.75e-11  1.74e-11  1.76e-11  1.76e-11  1.76e-11  1.76e-11  1.76e-11  1.77e-11  1.78e-11  1.79e-11  1.81e-11
1695 59  42  9.12e-13  9.10e-13  9.33e-13  9.40e-13  9.41e-13  9.43e-13  9.48e-13  9.56e-13  9.67e-13  9.79e-13  9.92e-13
1696 59  43  2.31e-14  2.32e-14  2.44e-14  2.50e-14  2.53e-14  2.57e-14  2.62e-14  2.69e-14  2.76e-14  2.84e-14  2.93e-14
1697 59  44  3.72e-15  3.98e-15  3.79e-15  3.05e-15  2.56e-15  2.24e-15  2.03e-15  1.90e-15  1.82e-15  1.78e-15  1.78e-15
1698 59  45  5.32e-14  5.49e-14  5.60e-14  5.12e-14  4.74e-14  4.48e-14  4.32e-14  4.25e-14  4.23e-14  4.26e-14  4.34e-14
1699 59  46  7.93e-13  7.97e-13  8.12e-13  7.90e-13  7.68e-13  7.54e-13  7.46e-13  7.45e-13  7.49e-13  7.57e-13  7.68e-13
1700 59  47  6.68e-11  6.67e-11  6.69e-11  6.62e-11  6.55e-11  6.52e-11  6.53e-11  6.57e-11  6.64e-11  6.72e-11  6.81e-11
1701 59  48  1.67e-12  1.68e-12  1.74e-12  1.71e-12  1.67e-12  1.65e-12  1.64e-12  1.65e-12  1.66e-12  1.68e-12  1.71e-12
1702 59  49  2.93e-14  3.03e-14  3.19e-14  3.01e-14  2.86e-14  2.76e-14  2.70e-14  2.68e-14  2.69e-14  2.73e-14  2.78e-14
1703 59  50  4.64e-15  4.95e-15  6.82e-15  7.49e-15  7.71e-15  7.81e-15  7.88e-15  7.96e-15  8.07e-15  8.22e-15  8.39e-15
1704 59  51  1.37e-13  1.45e-13  2.07e-13  2.33e-13  2.45e-13  2.50e-13  2.53e-13  2.55e-13  2.56e-13  2.57e-13  2.58e-13
1705 59  52  1.80e-12  1.89e-12  2.68e-12  3.05e-12  3.22e-12  3.30e-12  3.35e-12  3.36e-12  3.37e-12  3.37e-12  3.36e-12
1706 59  53  7.94e-11  8.31e-11  1.17e-10  1.34e-10  1.43e-10  1.48e-10  1.51e-10  1.52e-10  1.53e-10  1.53e-10  1.53e-10
1707 59  54  3.49e-12  3.67e-12  5.23e-12  5.97e-12  6.33e-12  6.50e-12  6.59e-12  6.63e-12  6.65e-12  6.65e-12  6.63e-12
1708 59  55  7.30e-14  7.72e-14  1.10e-13  1.25e-13  1.32e-13  1.35e-13  1.37e-13  1.38e-13  1.39e-13  1.39e-13  1.39e-13
1709 59  56  3.45e-15  4.14e-15  7.49e-15  7.87e-15  7.69e-15  7.42e-15  7.16e-15  6.95e-15  6.82e-15  6.77e-15  6.81e-15
1710 59  57  1.58e-13  1.67e-13  2.27e-13  2.55e-13  2.73e-13  2.86e-13  2.97e-13  3.06e-13  3.15e-13  3.24e-13  3.32e-13
1711 59  58  6.04e-12  6.07e-12  6.64e-12  7.56e-12  8.52e-12  9.43e-12  1.03e-11  1.10e-11  1.17e-11  1.23e-11  1.28e-11
1712 60  1   2.02e-16  2.03e-16  2.28e-16  2.57e-16  2.95e-16  3.46e-16  4.15e-16  5.03e-16  6.16e-16  7.56e-16  9.26e-16
1713 60  2   1.16e-16  1.16e-16  1.29e-16  1.46e-16  1.67e-16  1.95e-16  2.33e-16  2.83e-16  3.46e-16  4.24e-16  5.19e-16
1714 60  3   4.55e-16  4.50e-16  4.65e-16  5.11e-16  5.74e-16  6.56e-16  7.57e-16  8.80e-16  1.03e-15  1.20e-15  1.39e-15
1715 60  4   9.36e-16  9.26e-16  9.57e-16  1.05e-15  1.18e-15  1.35e-15  1.56e-15  1.81e-15  2.12e-15  2.47e-15  2.87e-15
1716 60  5   1.79e-15  1.77e-15  1.83e-15  2.01e-15  2.25e-15  2.56e-15  2.95e-15  3.42e-15  3.97e-15  4.62e-15  5.37e-15
1717 60  6   1.68e-15  1.66e-15  1.72e-15  1.87e-15  2.09e-15  2.37e-15  2.72e-15  3.15e-15  3.65e-15  4.24e-15  4.92e-15
1718 60  7   5.53e-16  5.48e-16  5.68e-16  6.24e-16  7.01e-16  8.00e-16  9.23e-16  1.07e-15  1.25e-15  1.45e-15  1.69e-15
1719 60  8   2.38e-16  2.38e-16  2.54e-16  2.73e-16  2.96e-16  3.27e-16  3.67e-16  4.17e-16  4.79e-16  5.52e-16  6.39e-16
1720 60  9   5.59e-16  5.58e-16  5.90e-16  6.34e-16  6.91e-16  7.67e-16  8.64e-16  9.86e-16  1.13e-15  1.31e-15  1.51e-15
1721 60  10  6.81e-16  6.80e-16  7.24e-16  7.80e-16  8.49e-16  9.40e-16  1.06e-15  1.21e-15  1.39e-15  1.61e-15  1.86e-15
1722 60  11  4.13e-15  4.13e-15  4.46e-15  4.85e-15  5.34e-15  5.99e-15  6.81e-15  7.83e-15  9.05e-15  1.05e-14  1.22e-14
1723 60  12  8.25e-15  8.25e-15  8.81e-15  9.56e-15  1.05e-14  1.18e-14  1.35e-14  1.55e-14  1.80e-14  2.09e-14  2.42e-14
1724 60  13  1.38e-15  1.38e-15  1.51e-15  1.65e-15  1.81e-15  2.03e-15  2.30e-15  2.64e-15  3.04e-15  3.52e-15  4.08e-15
1725 60  14  1.59e-15  1.57e-15  1.60e-15  1.72e-15  1.88e-15  2.08e-15  2.32e-15  2.61e-15  2.93e-15  3.29e-15  3.70e-15
1726 60  15  4.61e-15  4.54e-15  4.55e-15  4.81e-15  5.16e-15  5.61e-15  6.13e-15  6.74e-15  7.42e-15  8.18e-15  9.01e-15
1727 60  16  3.41e-15  3.36e-15  3.41e-15  3.65e-15  3.96e-15  4.36e-15  4.83e-15  5.39e-15  6.02e-15  6.73e-15  7.51e-15
1728 60  17  2.61e-14  2.58e-14  2.61e-14  2.77e-14  2.99e-14  3.25e-14  3.57e-14  3.93e-14  4.34e-14  4.79e-14  5.28e-14
1729 60  18  7.28e-14  7.18e-14  7.24e-14  7.65e-14  8.20e-14  8.90e-14  9.71e-14  1.07e-13  1.17e-13  1.29e-13  1.42e-13
1730 60  19  1.11e-14  1.10e-14  1.12e-14  1.20e-14  1.30e-14  1.42e-14  1.56e-14  1.72e-14  1.91e-14  2.11e-14  2.33e-14
1731 60  20  1.35e-15  1.35e-15  1.41e-15  1.48e-15  1.55e-15  1.66e-15  1.80e-15  1.98e-15  2.20e-15  2.46e-15  2.76e-15
1732 60  21  9.06e-15  8.98e-15  8.98e-15  9.23e-15  9.61e-15  1.02e-14  1.09e-14  1.17e-14  1.28e-14  1.39e-14  1.52e-14
1733 60  22  3.20e-15  3.19e-15  3.27e-15  3.39e-15  3.55e-15  3.77e-15  4.07e-15  4.44e-15  4.88e-15  5.40e-15  5.99e-15
1734 60  23  5.66e-14  5.64e-14  5.80e-14  6.07e-14  6.42e-14  6.87e-14  7.44e-14  8.12e-14  8.91e-14  9.80e-14  1.08e-13
1735 60  24  2.87e-13  2.86e-13  2.91e-13  3.03e-13  3.21e-13  3.45e-13  3.74e-13  4.08e-13  4.48e-13  4.93e-13  5.42e-13
1736 60  25  2.06e-14  2.05e-14  2.14e-14  2.25e-14  2.37e-14  2.54e-14  2.74e-14  2.99e-14  3.27e-14  3.60e-14  3.97e-14
1737 60  26  9.54e-15  9.42e-15  9.42e-15  9.79e-15  1.03e-14  1.09e-14  1.17e-14  1.25e-14  1.34e-14  1.45e-14  1.56e-14
1738 60  27  5.34e-14  5.24e-14  5.09e-14  5.19e-14  5.34e-14  5.55e-14  5.80e-14  6.08e-14  6.39e-14  6.71e-14  7.06e-14
1739 60  28  1.71e-14  1.68e-14  1.66e-14  1.72e-14  1.79e-14  1.89e-14  2.00e-14  2.13e-14  2.28e-14  2.44e-14  2.61e-14
1740 60  29  2.46e-13  2.42e-13  2.38e-13  2.44e-13  2.52e-13  2.63e-13  2.75e-13  2.89e-13  3.05e-13  3.21e-13  3.38e-13
1741 60  30  1.42e-12  1.39e-12  1.35e-12  1.38e-12  1.43e-12  1.48e-12  1.55e-12  1.62e-12  1.70e-12  1.79e-12  1.88e-12
1742 60  31  1.22e-13  1.21e-13  1.19e-13  1.23e-13  1.27e-13  1.33e-13  1.40e-13  1.47e-13  1.55e-13  1.64e-13  1.74e-13
1743 60  32  8.22e-15  8.26e-15  8.51e-15  8.47e-15  8.49e-15  8.65e-15  8.96e-15  9.40e-15  9.97e-15  1.07e-14  1.15e-14
1744 60  33  9.13e-14  9.05e-14  8.93e-14  8.92e-14  8.99e-14  9.16e-14  9.43e-14  9.79e-14  1.02e-13  1.07e-13  1.13e-13
1745 60  34  1.62e-14  1.62e-14  1.64e-14  1.63e-14  1.64e-14  1.67e-14  1.73e-14  1.80e-14  1.90e-14  2.02e-14  2.15e-14
1746 60  35  5.15e-13  5.12e-13  5.13e-13  5.19e-13  5.29e-13  5.45e-13  5.66e-13  5.91e-13  6.20e-13  6.52e-13  6.87e-13
1747 60  36  5.33e-12  5.29e-12  5.22e-12  5.27e-12  5.38e-12  5.55e-12  5.76e-12  6.02e-12  6.32e-12  6.64e-12  6.99e-12
1748 60  37  2.16e-13  2.15e-13  2.20e-13  2.23e-13  2.27e-13  2.33e-13  2.42e-13  2.52e-13  2.65e-13  2.79e-13  2.94e-13
1749 60  38  5.10e-14  5.10e-14  5.32e-14  5.41e-14  5.47e-14  5.56e-14  5.67e-14  5.80e-14  5.97e-14  6.15e-14  6.34e-14
1750 60  39  4.27e-13  4.25e-13  4.30e-13  4.31e-13  4.29e-13  4.29e-13  4.30e-13  4.32e-13  4.35e-13  4.40e-13  4.44e-13
1751 60  40  7.73e-14  7.72e-14  7.97e-14  8.08e-14  8.14e-14  8.23e-14  8.35e-14  8.51e-14  8.70e-14  8.92e-14  9.16e-14
1752 60  41  1.58e-12  1.57e-12  1.61e-12  1.62e-12  1.61e-12  1.62e-12  1.62e-12  1.63e-12  1.65e-12  1.67e-12  1.69e-12
1753 60  42  1.59e-11  1.58e-11  1.59e-11  1.60e-11  1.59e-11  1.59e-11  1.59e-11  1.60e-11  1.61e-11  1.62e-11  1.64e-11
1754 60  43  9.85e-13  9.83e-13  1.01e-12  1.02e-12  1.02e-12  1.02e-12  1.02e-12  1.03e-12  1.04e-12  1.06e-12  1.07e-12
1755 60  44  5.68e-14  5.86e-14  5.99e-14  5.49e-14  5.08e-14  4.81e-14  4.65e-14  4.57e-14  4.55e-14  4.59e-14  4.67e-14
1756 60  45  7.09e-13  7.11e-13  7.24e-13  7.07e-13  6.90e-13  6.78e-13  6.73e-13  6.73e-13  6.77e-13  6.84e-13  6.94e-13
1757 60  46  8.45e-14  8.64e-14  8.82e-14  8.22e-14  7.73e-14  7.40e-14  7.21e-14  7.12e-14  7.12e-14  7.18e-14  7.30e-14
1758 60  47  3.16e-12  3.17e-12  3.23e-12  3.19e-12  3.14e-12  3.11e-12  3.10e-12  3.11e-12  3.14e-12  3.18e-12  3.23e-12
1759 60  48  6.36e-11  6.34e-11  6.35e-11  6.29e-11  6.23e-11  6.20e-11  6.21e-11  6.25e-11  6.31e-11  6.39e-11  6.48e-11
1760 60  49  1.81e-12  1.82e-12  1.88e-12  1.85e-12  1.81e-12  1.79e-12  1.78e-12  1.79e-12  1.80e-12  1.82e-12  1.85e-12
1761 60  50  1.48e-13  1.57e-13  2.24e-13  2.52e-13  2.65e-13  2.70e-13  2.73e-13  2.75e-13  2.76e-13  2.77e-13  2.78e-13
1762 60  51  1.61e-12  1.69e-12  2.39e-12  2.72e-12  2.88e-12  2.95e-12  2.99e-12  3.01e-12  3.01e-12  3.01e-12  3.00e-12
1763 60  52  1.85e-13  1.96e-13  2.79e-13  3.15e-13  3.31e-13  3.39e-13  3.42e-13  3.45e-13  3.46e-13  3.47e-13  3.48e-13
1764 60  53  4.53e-12  4.76e-12  6.76e-12  7.73e-12  8.19e-12  8.43e-12  8.55e-12  8.61e-12  8.64e-12  8.63e-12  8.62e-12
1765 60  54  7.46e-11  7.81e-11  1.10e-10  1.26e-10  1.35e-10  1.39e-10  1.42e-10  1.43e-10  1.44e-10  1.44e-10  1.44e-10
1766 60  55  3.79e-12  3.99e-12  5.67e-12  6.48e-12  6.86e-12  7.06e-12  7.15e-12  7.20e-12  7.21e-12  7.21e-12  7.20e-12
1767 60  56  1.71e-13  1.81e-13  2.46e-13  2.76e-13  2.95e-13  3.10e-13  3.22e-13  3.32e-13  3.42e-13  3.51e-13  3.60e-13
1768 60  57  5.80e-12  5.82e-12  6.32e-12  7.20e-12  8.13e-12  9.01e-12  9.82e-12  1.05e-11  1.12e-11  1.18e-11  1.23e-11
1769 60  58  2.27e-13  2.37e-13  3.08e-13  3.47e-13  3.74e-13  3.97e-13  4.16e-13  4.34e-13  4.50e-13  4.64e-13  4.78e-13
1770 60  59  1.65E-11  1.65E-11  1.78E-11  2.03E-11  2.31E-11  2.57E-11  2.81E-11  3.04E-11  3.24E-11  3.41E-11  3.58E-11
1771 61  1   1.00e-16  1.01e-16  1.19e-16  1.38e-16  1.61e-16  1.92e-16  2.33e-16  2.86e-16  3.53e-16  4.36e-16  5.37e-16
1772 61  2   2.18e-16  2.18e-16  2.38e-16  2.65e-16  3.00e-16  3.49e-16  4.15e-16  5.00e-16  6.09e-16  7.44e-16  9.08e-16
1773 61  3   3.63e-16  3.59e-16  3.72e-16  4.07e-16  4.56e-16  5.20e-16  5.98e-16  6.93e-16  8.06e-16  9.38e-16  1.09e-15
1774 61  4   1.03e-15  1.02e-15  1.05e-15  1.15e-15  1.30e-15  1.49e-15  1.72e-15  2.00e-15  2.34e-15  2.73e-15  3.17e-15
1775 61  5   7.43e-16  7.37e-16  7.73e-16  8.54e-16  9.64e-16  1.10e-15  1.28e-15  1.49e-15  1.74e-15  2.04e-15  2.37e-15
1776 61  6   1.76e-15  1.75e-15  1.80e-15  1.97e-15  2.20e-15  2.51e-15  2.88e-15  3.34e-15  3.87e-15  4.50e-15  5.22e-15
1777 61  7   1.51e-15  1.50e-15  1.54e-15  1.68e-15  1.87e-15  2.12e-15  2.43e-15  2.81e-15  3.26e-15  3.78e-15  4.38e-15
1778 61  8   5.17e-16  5.16e-16  5.42e-16  5.80e-16  6.29e-16  6.94e-16  7.79e-16  8.84e-16  1.01e-15  1.16e-15  1.33e-15
1779 61  9   6.68e-16  6.66e-16  7.05e-16  7.56e-16  8.20e-16  9.06e-16  1.02e-15  1.15e-15  1.32e-15  1.52e-15  1.75e-15
1780 61  10  2.92e-16  2.93e-16  3.20e-16  3.51e-16  3.87e-16  4.34e-16  4.96e-16  5.73e-16  6.69e-16  7.86e-16  9.24e-16
1781 61  11  8.95e-16  8.98e-16  9.83e-16  1.08e-15  1.19e-15  1.34e-15  1.52e-15  1.75e-15  2.03e-15  2.35e-15  2.73e-15
1782 61  12  4.39e-15  4.39e-15  4.73e-15  5.14e-15  5.67e-15  6.35e-15  7.22e-15  8.30e-15  9.59e-15  1.11e-14  1.29e-14
1783 61  13  8.47e-15  8.48e-15  9.06e-15  9.83e-15  1.08e-14  1.22e-14  1.39e-14  1.59e-14  1.85e-14  2.14e-14  2.48e-14
1784 61  14  5.11e-15  5.04e-15  5.05e-15  5.34e-15  5.74e-15  6.24e-15  6.83e-15  7.52e-15  8.28e-15  9.13e-15  1.01e-14
1785 61  15  3.53e-15  3.49e-15  3.53e-15  3.77e-15  4.08e-15  4.48e-15  4.96e-15  5.51e-15  6.14e-15  6.85e-15  7.62e-15
1786 61  16  9.59e-16  9.50e-16  9.85e-16  1.07e-15  1.18e-15  1.32e-15  1.50e-15  1.70e-15  1.95e-15  2.22e-15  2.54e-15
1787 61  17  4.15e-15  4.10e-15  4.20e-15  4.49e-15  4.87e-15  5.34e-15  5.89e-15  6.53e-15  7.26e-15  8.07e-15  8.95e-15
1788 61  18  2.80e-14  2.77e-14  2.81e-14  2.98e-14  3.21e-14  3.49e-14  3.83e-14  4.22e-14  4.65e-14  5.13e-14  5.66e-14
1789 61  19  7.78e-14  7.68e-14  7.75e-14  8.19e-14  8.79e-14  9.54e-14  1.04e-13  1.14e-13  1.26e-13  1.38e-13  1.52e-13
1790 61  20  9.66e-15  9.58e-15  9.61e-15  9.89e-15  1.03e-14  1.09e-14  1.17e-14  1.26e-14  1.37e-14  1.50e-14  1.65e-14
1791 61  21  3.44e-15  3.42e-15  3.51e-15  3.63e-15  3.80e-15  4.04e-15  4.35e-15  4.74e-15  5.21e-15  5.76e-15  6.38e-15
1792 61  22  5.17e-16  5.17e-16  5.44e-16  5.69e-16  6.02e-16  6.47e-16  7.08e-16  7.85e-16  8.79e-16  9.92e-16  1.12e-15
1793 61  23  5.34e-15  5.33e-15  5.57e-15  5.86e-15  6.21e-15  6.66e-15  7.23e-15  7.90e-15  8.69e-15  9.59e-15  1.06e-14
1794 61  24  6.17e-14  6.14e-14  6.31e-14  6.60e-14  6.98e-14  7.48e-14  8.10e-14  8.84e-14  9.69e-14  1.07e-13  1.17e-13
1795 61  25  2.97e-13  2.96e-13  3.01e-13  3.15e-13  3.33e-13  3.57e-13  3.87e-13  4.23e-13  4.64e-13  5.10e-13  5.62e-13
1796 61  26  5.93e-14  5.83e-14  5.68e-14  5.79e-14  5.98e-14  6.23e-14  6.52e-14  6.85e-14  7.22e-14  7.61e-14  8.02e-14
1797 61  27  1.84e-14  1.81e-14  1.79e-14  1.85e-14  1.93e-14  2.03e-14  2.15e-14  2.29e-14  2.44e-14  2.61e-14  2.79e-14
1798 61  28  2.27e-15  2.25e-15  2.28e-15  2.39e-15  2.54e-15  2.72e-15  2.94e-15  3.19e-15  3.48e-15  3.80e-15  4.15e-15
1799 61  29  2.03e-14  2.00e-14  1.99e-14  2.05e-14  2.14e-14  2.24e-14  2.36e-14  2.50e-14  2.65e-14  2.82e-14  2.99e-14
1800 61  30  2.68e-13  2.64e-13  2.59e-13  2.65e-13  2.74e-13  2.86e-13  2.99e-13  3.15e-13  3.31e-13  3.49e-13  3.68e-13
1801 61  31  1.50e-12  1.47e-12  1.43e-12  1.46e-12  1.51e-12  1.57e-12  1.64e-12  1.72e-12  1.80e-12  1.90e-12  1.99e-12
1802 61  32  9.66e-14  9.58e-14  9.48e-14  9.47e-14  9.54e-14  9.73e-14  1.00e-13  1.04e-13  1.09e-13  1.14e-13  1.20e-13
1803 61  33  1.76e-14  1.76e-14  1.78e-14  1.77e-14  1.78e-14  1.82e-14  1.88e-14  1.96e-14  2.06e-14  2.19e-14  2.33e-14
1804 61  34  1.53e-15  1.55e-15  1.57e-15  1.54e-15  1.52e-15  1.54e-15  1.59e-15  1.67e-15  1.78e-15  1.91e-15  2.07e-15
1805 61  35  2.51e-14  2.51e-14  2.57e-14  2.61e-14  2.66e-14  2.74e-14  2.84e-14  2.97e-14  3.13e-14  3.31e-14  3.50e-14
1806 61  36  5.63e-13  5.60e-13  5.62e-13  5.68e-13  5.79e-13  5.96e-13  6.19e-13  6.46e-13  6.78e-13  7.13e-13  7.52e-13
1807 61  37  5.47e-12  5.43e-12  5.37e-12  5.42e-12  5.53e-12  5.70e-12  5.92e-12  6.19e-12  6.49e-12  6.83e-12  7.19e-12
1808 61  38  4.66e-13  4.63e-13  4.70e-13  4.72e-13  4.71e-13  4.71e-13  4.72e-13  4.76e-13  4.80e-13  4.86e-13  4.92e-13
1809 61  39  8.41e-14  8.40e-14  8.67e-14  8.79e-14  8.85e-14  8.94e-14  9.07e-14  9.25e-14  9.45e-14  9.68e-14  9.94e-14
1810 61  40  5.90e-15  5.93e-15  6.27e-15  6.44e-15  6.57e-15  6.74e-15  6.95e-15  7.21e-15  7.50e-15  7.83e-15  8.20e-15
1811 61  41  7.57e-14  7.57e-14  7.83e-14  7.93e-14  7.97e-14  8.03e-14  8.12e-14  8.23e-14  8.37e-14  8.53e-14  8.70e-14
1812 61  42  1.73e-12  1.72e-12  1.75e-12  1.77e-12  1.76e-12  1.77e-12  1.77e-12  1.79e-12  1.80e-12  1.82e-12  1.84e-12
1813 61  43  1.66e-11  1.65e-11  1.67e-11  1.68e-11  1.67e-11  1.67e-11  1.67e-11  1.68e-11  1.69e-11  1.70e-11  1.72e-11
1814 61  44  7.51e-13  7.55e-13  7.69e-13  7.49e-13  7.29e-13  7.15e-13  7.08e-13  7.08e-13  7.11e-13  7.19e-13  7.29e-13
1815 61  45  9.16e-14  9.37e-14  9.57e-14  8.94e-14  8.41e-14  8.06e-14  7.85e-14  7.76e-14  7.76e-14  7.83e-14  7.96e-14
1816 61  46  7.23e-15  7.63e-15  7.45e-15  6.32e-15  5.54e-15  5.03e-15  4.70e-15  4.51e-15  4.40e-15  4.38e-15  4.40e-15
1817 61  47  8.80e-14  8.94e-14  9.27e-14  8.97e-14  8.69e-14  8.51e-14  8.42e-14  8.42e-14  8.47e-14  8.58e-14  8.73e-14
1818 61  48  3.46e-12  3.47e-12  3.54e-12  3.49e-12  3.44e-12  3.41e-12  3.40e-12  3.41e-12  3.44e-12  3.49e-12  3.54e-12
1819 61  49  6.50e-11  6.49e-11  6.50e-11  6.43e-11  6.37e-11  6.34e-11  6.35e-11  6.39e-11  6.45e-11  6.53e-11  6.63e-11
1820 61  50  1.73e-12  1.81e-12  2.57e-12  2.93e-12  3.10e-12  3.18e-12  3.22e-12  3.23e-12  3.24e-12  3.24e-12  3.23e-12
1821 61  51  2.02e-13  2.14e-13  3.04e-13  3.44e-13  3.62e-13  3.70e-13  3.74e-13  3.76e-13  3.78e-13  3.79e-13  3.80e-13
1822 61  52  9.32e-15  9.91e-15  1.39e-14  1.54e-14  1.60e-14  1.62e-14  1.64e-14  1.65e-14  1.67e-14  1.69e-14  1.71e-14
1823 61  53  1.28e-13  1.36e-13  1.94e-13  2.20e-13  2.32e-13  2.38e-13  2.41e-13  2.43e-13  2.44e-13  2.45e-13  2.45e-13
1824 61  54  4.96e-12  5.21e-12  7.40e-12  8.46e-12  8.97e-12  9.23e-12  9.37e-12  9.43e-12  9.46e-12  9.46e-12  9.44e-12
1825 61  55  7.79e-11  8.15e-11  1.14e-10  1.32e-10  1.40e-10  1.45e-10  1.48e-10  1.49e-10  1.50e-10  1.50e-10  1.50e-10
1826 61  56  5.94e-12  5.97e-12  6.53e-12  7.43e-12  8.38e-12  9.27e-12  1.01e-11  1.08e-11  1.15e-11  1.21e-11  1.26e-11
1827 61  57  2.49e-13  2.59e-13  3.37e-13  3.79e-13  4.10e-13  4.34e-13  4.56e-13  4.75e-13  4.93e-13  5.09e-13  5.24e-13
1828 61  58  6.04e-15  6.97e-15  1.17e-14  1.25e-14  1.25e-14  1.23e-14  1.21e-14  1.20e-14  1.20e-14  1.20e-14  1.22e-14
1829 61  59  1.60E-13  1.64E-13  2.05E-13  2.35E-13  2.60E-13  2.82E-13  3.01E-13  3.19E-13  3.35E-13  3.49E-13  3.62E-13
1830 61  60  1.80E-11  1.82E-11  1.95E-11  2.23E-11  2.53E-11  2.83E-11  3.09E-11  3.33E-11  3.55E-11  3.75E-11  3.93E-11
1831 62  1   2.17e-16  2.18e-16  2.38e-16  2.68e-16  3.09e-16  3.64e-16  4.33e-16  5.21e-16  6.28e-16  7.59e-16  9.14e-16
1832 62  2   3.82e-18  4.31e-18  8.22e-18  1.15e-17  1.50e-17  1.94e-17  2.49e-17  3.18e-17  4.03e-17  5.07e-17  6.33e-17
1833 62  3   1.84e-16  1.86e-16  2.07e-16  2.31e-16  2.62e-16  3.04e-16  3.59e-16  4.28e-16  5.16e-16  6.23e-16  7.51e-16
1834 62  4   1.45e-16  1.47e-16  1.69e-16  1.92e-16  2.20e-16  2.57e-16  3.05e-16  3.66e-16  4.43e-16  5.37e-16  6.50e-16
1835 62  5   2.45e-16  2.44e-16  2.62e-16  2.87e-16  3.21e-16  3.65e-16  4.23e-16  4.97e-16  5.90e-16  7.03e-16  8.40e-16
1836 62  6   1.13e-16  1.14e-16  1.28e-16  1.43e-16  1.63e-16  1.88e-16  2.21e-16  2.64e-16  3.17e-16  3.83e-16  4.61e-16
1837 62  7   2.53e-17  2.58e-17  3.07e-17  3.54e-17  4.09e-17  4.79e-17  5.70e-17  6.84e-17  8.27e-17  1.00e-16  1.21e-16
1838 62  8   2.11e-15  2.10e-15  2.19e-15  2.36e-15  2.60e-15  2.91e-15  3.29e-15  3.75e-15  4.29e-15  4.92e-15  5.62e-15
1839 62  9   2.46e-15  2.46e-15  2.57e-15  2.78e-15  3.07e-15  3.45e-15  3.91e-15  4.45e-15  5.10e-15  5.85e-15  6.69e-15
1840 62  10  1.07e-15  1.07e-15  1.13e-15  1.23e-15  1.37e-15  1.55e-15  1.77e-15  2.03e-15  2.33e-15  2.69e-15  3.09e-15
1841 62  11  6.72e-16  6.73e-16  7.11e-16  7.78e-16  8.69e-16  9.86e-16  1.13e-15  1.31e-15  1.52e-15  1.77e-15  2.05e-15
1842 62  12  1.19e-15  1.19e-15  1.24e-15  1.34e-15  1.48e-15  1.66e-15  1.89e-15  2.15e-15  2.47e-15  2.83e-15  3.25e-15
1843 62  13  6.25e-16  6.25e-16  6.56e-16  7.12e-16  7.87e-16  8.83e-16  1.00e-15  1.14e-15  1.31e-15  1.50e-15  1.72e-15
1844 62  14  1.24e-14  1.24e-14  1.32e-14  1.41e-14  1.54e-14  1.70e-14  1.91e-14  2.16e-14  2.46e-14  2.81e-14  3.21e-14
1845 62  15  6.16e-15  6.18e-15  6.58e-15  7.08e-15  7.71e-15  8.53e-15  9.56e-15  1.08e-14  1.23e-14  1.40e-14  1.60e-14
1846 62  16  1.21e-15  1.22e-15  1.32e-15  1.43e-15  1.56e-15  1.73e-15  1.94e-15  2.20e-15  2.51e-15  2.87e-15  3.29e-15
1847 62  17  3.94e-16  3.93e-16  4.16e-16  4.48e-16  4.87e-16  5.38e-16  6.03e-16  6.84e-16  7.82e-16  8.99e-16  1.03e-15
1848 62  18  1.54e-15  1.54e-15  1.62e-15  1.73e-15  1.87e-15  2.06e-15  2.30e-15  2.59e-15  2.94e-15  3.36e-15  3.83e-15
1849 62  19  1.92e-15  1.92e-15  2.03e-15  2.18e-15  2.36e-15  2.60e-15  2.91e-15  3.28e-15  3.72e-15  4.24e-15  4.84e-15
1850 62  20  9.15e-14  9.11e-14  9.33e-14  9.83e-14  1.05e-13  1.13e-13  1.22e-13  1.33e-13  1.46e-13  1.59e-13  1.74e-13
1851 62  21  3.22e-14  3.21e-14  3.31e-14  3.49e-14  3.74e-14  4.04e-14  4.39e-14  4.79e-14  5.25e-14  5.75e-14  6.29e-14
1852 62  22  4.74e-15  4.74e-15  4.93e-15  5.24e-15  5.65e-15  6.14e-15  6.72e-15  7.39e-15  8.14e-15  8.98e-15  9.89e-15
1853 62  23  1.29e-15  1.29e-15  1.33e-15  1.42e-15  1.54e-15  1.69e-15  1.86e-15  2.07e-15  2.30e-15  2.57e-15  2.87e-15
1854 62  24  6.66e-15  6.64e-15  6.82e-15  7.21e-15  7.73e-15  8.37e-15  9.13e-15  1.00e-14  1.10e-14  1.21e-14  1.33e-14
1855 62  25  1.11e-14  1.11e-14  1.14e-14  1.20e-14  1.28e-14  1.38e-14  1.50e-14  1.64e-14  1.79e-14  1.96e-14  2.14e-14
1856 62  26  3.76e-13  3.75e-13  3.83e-13  3.98e-13  4.18e-13  4.45e-13  4.78e-13  5.17e-13  5.61e-13  6.12e-13  6.67e-13
1857 62  27  7.59e-14  7.58e-14  7.81e-14  8.13e-14  8.55e-14  9.09e-14  9.76e-14  1.06e-13  1.15e-13  1.25e-13  1.36e-13
1858 62  28  6.44e-15  6.46e-15  6.75e-15  7.07e-15  7.45e-15  7.94e-15  8.55e-15  9.27e-15  1.01e-14  1.11e-14  1.21e-14
1859 62  29  1.02e-15  1.02e-15  1.05e-15  1.09e-15  1.15e-15  1.22e-15  1.31e-15  1.43e-15  1.57e-15  1.73e-15  1.91e-15
1860 62  30  9.21e-15  9.19e-15  9.38e-15  9.71e-15  1.02e-14  1.08e-14  1.16e-14  1.25e-14  1.36e-14  1.48e-14  1.62e-14
1861 62  31  2.77e-14  2.77e-14  2.81e-14  2.91e-14  3.04e-14  3.23e-14  3.45e-14  3.73e-14  4.04e-14  4.40e-14  4.80e-14
1862 62  32  1.57e-12  1.56e-12  1.56e-12  1.59e-12  1.64e-12  1.70e-12  1.77e-12  1.85e-12  1.93e-12  2.02e-12  2.12e-12
1863 62  33  2.79e-13  2.78e-13  2.80e-13  2.87e-13  2.97e-13  3.08e-13  3.21e-13  3.37e-13  3.53e-13  3.71e-13  3.89e-13
1864 62  34  2.13e-14  2.13e-14  2.16e-14  2.24e-14  2.32e-14  2.43e-14  2.55e-14  2.69e-14  2.84e-14  3.01e-14  3.18e-14
1865 62  35  3.20e-15  3.20e-15  3.25e-15  3.37e-15  3.53e-15  3.72e-15  3.95e-15  4.20e-15  4.49e-15  4.81e-15  5.16e-15
1866 62  36  3.23e-14  3.22e-14  3.24e-14  3.33e-14  3.44e-14  3.59e-14  3.76e-14  3.96e-14  4.18e-14  4.41e-14  4.66e-14
1867 62  37  1.07e-13  1.06e-13  1.06e-13  1.09e-13  1.12e-13  1.16e-13  1.21e-13  1.27e-13  1.33e-13  1.39e-13  1.46e-13
1868 62  38  6.25e-12  6.23e-12  6.24e-12  6.30e-12  6.41e-12  6.57e-12  6.80e-12  7.06e-12  7.37e-12  7.71e-12  8.07e-12
1869 62  39  6.33e-13  6.33e-13  6.41e-13  6.49e-13  6.60e-13  6.77e-13  7.00e-13  7.28e-13  7.60e-13  7.96e-13  8.35e-13
1870 62  40  2.79e-14  2.81e-14  2.89e-14  2.93e-14  2.99e-14  3.07e-14  3.18e-14  3.31e-14  3.47e-14  3.66e-14  3.85e-14
1871 62  41  2.47e-15  2.49e-15  2.52e-15  2.51e-15  2.52e-15  2.57e-15  2.65e-15  2.77e-15  2.91e-15  3.08e-15  3.28e-15
1872 62  42  4.06e-14  4.06e-14  4.10e-14  4.13e-14  4.18e-14  4.27e-14  4.41e-14  4.59e-14  4.81e-14  5.05e-14  5.32e-14
1873 62  43  2.43e-13  2.42e-13  2.42e-13  2.43e-13  2.46e-13  2.52e-13  2.60e-13  2.70e-13  2.81e-13  2.94e-13  3.09e-13
1874 62  44  1.54e-11  1.55e-11  1.63e-11  1.66e-11  1.66e-11  1.67e-11  1.67e-11  1.68e-11  1.69e-11  1.71e-11  1.72e-11
1875 62  45  1.61e-12  1.62e-12  1.72e-12  1.75e-12  1.76e-12  1.77e-12  1.78e-12  1.79e-12  1.81e-12  1.83e-12  1.85e-12
1876 62  46  7.16e-14  7.24e-14  7.76e-14  7.95e-14  8.05e-14  8.13e-14  8.23e-14  8.36e-14  8.50e-14  8.66e-14  8.83e-14
1877 62  47  6.22e-15  6.28e-15  6.73e-15  6.94e-15  7.07e-15  7.22e-15  7.39e-15  7.59e-15  7.83e-15  8.09e-15  8.37e-15
1878 62  48  1.10e-13  1.11e-13  1.17e-13  1.20e-13  1.21e-13  1.22e-13  1.24e-13  1.25e-13  1.27e-13  1.30e-13  1.32e-13
1879 62  49  6.35e-13  6.39e-13  6.73e-13  6.83e-13  6.86e-13  6.89e-13  6.92e-13  6.97e-13  7.03e-13  7.11e-13  7.19e-13
1880 62  50  6.70e-11  6.72e-11  6.88e-11  6.84e-11  6.79e-11  6.75e-11  6.76e-11  6.78e-11  6.84e-11  6.91e-11  6.99e-11
1881 62  51  3.54e-12  3.57e-12  3.69e-12  3.66e-12  3.62e-12  3.59e-12  3.58e-12  3.59e-12  3.62e-12  3.66e-12  3.71e-12
1882 62  52  8.99e-14  9.17e-14  9.54e-14  9.27e-14  9.01e-14  8.86e-14  8.79e-14  8.80e-14  8.86e-14  8.97e-14  9.12e-14
1883 62  53  6.14e-15  6.43e-15  6.27e-15  5.48e-15  4.95e-15  4.62e-15  4.42e-15  4.30e-15  4.26e-15  4.27e-15  4.32e-15
1884 62  54  1.26e-13  1.28e-13  1.31e-13  1.26e-13  1.21e-13  1.18e-13  1.17e-13  1.17e-13  1.17e-13  1.18e-13  1.20e-13
1885 62  55  1.33e-12  1.34e-12  1.37e-12  1.35e-12  1.33e-12  1.32e-12  1.31e-12  1.32e-12  1.33e-12  1.34e-12  1.36e-12
1886 62  56  6.62e-11  6.97e-11  1.00e-10  1.18e-10  1.27e-10  1.33e-10  1.37e-10  1.39e-10  1.41e-10  1.41e-10  1.42e-10
1887 62  57  4.25e-12  4.49e-12  6.51e-12  7.60e-12  8.18e-12  8.51e-12  8.71e-12  8.83e-12  8.90e-12  8.94e-12  8.96e-12
1888 62  58  1.12e-13  1.18e-13  1.71e-13  1.98e-13  2.12e-13  2.20e-13  2.25e-13  2.29e-13  2.31e-13  2.33e-13  2.34e-13
1889 62  59  5.64e-15  5.95e-15  8.19e-15  9.31e-15  9.84e-15  1.01e-14  1.04e-14  1.05e-14  1.07e-14  1.09e-14  1.11e-14
1890 62  60  1.64e-13  1.73e-13  2.49e-13  2.87e-13  3.07e-13  3.18e-13  3.25e-13  3.29e-13  3.32e-13  3.35e-13  3.37e-13
1891 62  61  1.66e-12  1.75e-12  2.52e-12  2.94e-12  3.15e-12  3.28e-12  3.35e-12  3.40e-12  3.42e-12  3.44e-12  3.44e-12
1892 63  1   1.53e-16  1.54e-16  1.71e-16  1.94e-16  2.24e-16  2.65e-16  3.16e-16  3.81e-16  4.62e-16  5.59e-16  6.74e-16
1893 63  2   6.75e-17  6.80e-17  7.58e-17  8.62e-17  1.00e-16  1.18e-16  1.42e-16  1.71e-16  2.07e-16  2.51e-16  3.03e-16
1894 63  3   1.16e-16  1.17e-16  1.32e-16  1.49e-16  1.70e-16  1.97e-16  2.33e-16  2.79e-16  3.37e-16  4.07e-16  4.92e-16
1895 63  4   2.13e-16  2.15e-16  2.43e-16  2.74e-16  3.13e-16  3.64e-16  4.31e-16  5.16e-16  6.22e-16  7.53e-16  9.09e-16
1896 63  5   2.03e-16  2.04e-16  2.24e-16  2.48e-16  2.79e-16  3.20e-16  3.73e-16  4.42e-16  5.27e-16  6.33e-16  7.59e-16
1897 63  6   1.07e-16  1.07e-16  1.16e-16  1.28e-16  1.43e-16  1.63e-16  1.89e-16  2.23e-16  2.64e-16  3.15e-16  3.76e-16
1898 63  7   7.26e-17  7.31e-17  8.13e-17  9.05e-17  1.02e-16  1.18e-16  1.39e-16  1.65e-16  1.98e-16  2.39e-16  2.88e-16
1899 63  8   7.77e-16  7.77e-16  8.16e-16  8.87e-16  9.82e-16  1.10e-15  1.25e-15  1.43e-15  1.64e-15  1.88e-15  2.16e-15
1900 63  9   2.35e-15  2.35e-15  2.45e-15  2.65e-15  2.92e-15  3.27e-15  3.70e-15  4.23e-15  4.84e-15  5.55e-15  6.35e-15
1901 63  10  2.51e-15  2.51e-15  2.62e-15  2.85e-15  3.15e-15  3.53e-15  4.01e-15  4.58e-15  5.25e-15  6.02e-15  6.89e-15
1902 63  11  1.27e-15  1.27e-15  1.32e-15  1.44e-15  1.59e-15  1.79e-15  2.03e-15  2.33e-15  2.68e-15  3.08e-15  3.54e-15
1903 63  12  3.78e-16  3.80e-16  4.08e-16  4.50e-16  5.03e-16  5.72e-16  6.57e-16  7.59e-16  8.81e-16  1.02e-15  1.19e-15
1904 63  13  8.40e-16  8.39e-16  8.73e-16  9.44e-16  1.04e-15  1.17e-15  1.33e-15  1.52e-15  1.74e-15  2.00e-15  2.29e-15
1905 63  14  1.80e-15  1.80e-15  1.95e-15  2.10e-15  2.29e-15  2.53e-15  2.84e-15  3.20e-15  3.64e-15  4.15e-15  4.74e-15
1906 63  15  1.22e-14  1.22e-14  1.29e-14  1.39e-14  1.51e-14  1.67e-14  1.88e-14  2.12e-14  2.42e-14  2.76e-14  3.16e-14
1907 63  16  5.78e-15  5.79e-15  6.18e-15  6.65e-15  7.25e-15  8.02e-15  8.99e-15  1.02e-14  1.16e-14  1.32e-14  1.51e-14
1908 63  17  1.48e-15  1.48e-15  1.56e-15  1.66e-15  1.80e-15  1.98e-15  2.22e-15  2.50e-15  2.84e-15  3.24e-15  3.70e-15
1909 63  18  1.35e-15  1.35e-15  1.44e-15  1.54e-15  1.68e-15  1.86e-15  2.08e-15  2.35e-15  2.67e-15  3.04e-15  3.47e-15
1910 63  19  1.02e-15  1.02e-15  1.07e-15  1.14e-15  1.24e-15  1.36e-15  1.52e-15  1.71e-15  1.94e-15  2.22e-15  2.53e-15
1911 63  20  1.24e-14  1.24e-14  1.29e-14  1.37e-14  1.47e-14  1.59e-14  1.73e-14  1.90e-14  2.09e-14  2.29e-14  2.52e-14
1912 63  21  8.60e-14  8.57e-14  8.77e-14  9.23e-14  9.84e-14  1.06e-13  1.15e-13  1.25e-13  1.36e-13  1.49e-13  1.63e-13
1913 63  22  2.99e-14  2.99e-14  3.08e-14  3.25e-14  3.48e-14  3.76e-14  4.09e-14  4.47e-14  4.89e-14  5.36e-14  5.87e-14
1914 63  23  6.30e-15  6.28e-15  6.45e-15  6.82e-15  7.32e-15  7.93e-15  8.66e-15  9.50e-15  1.05e-14  1.15e-14  1.27e-14
1915 63  24  8.14e-15  8.12e-15  8.32e-15  8.77e-15  9.36e-15  1.01e-14  1.09e-14  1.19e-14  1.30e-14  1.42e-14  1.55e-14
1916 63  25  4.65e-15  4.64e-15  4.77e-15  5.04e-15  5.41e-15  5.87e-15  6.41e-15  7.05e-15  7.76e-15  8.55e-15  9.42e-15
1917 63  26  2.42e-14  2.42e-14  2.53e-14  2.64e-14  2.78e-14  2.96e-14  3.17e-14  3.43e-14  3.73e-14  4.07e-14  4.45e-14
1918 63  27  3.64e-13  3.64e-13  3.71e-13  3.85e-13  4.05e-13  4.31e-13  4.62e-13  5.00e-13  5.43e-13  5.92e-13  6.45e-13
1919 63  28  6.97e-14  6.96e-14  7.18e-14  7.47e-14  7.85e-14  8.35e-14  8.96e-14  9.70e-14  1.05e-13  1.15e-13  1.25e-13
1920 63  29  8.53e-15  8.51e-15  8.69e-15  9.00e-15  9.42e-15  9.99e-15  1.07e-14  1.16e-14  1.26e-14  1.38e-14  1.51e-14
1921 63  30  2.33e-14  2.33e-14  2.36e-14  2.44e-14  2.56e-14  2.71e-14  2.90e-14  3.13e-14  3.40e-14  3.69e-14  4.02e-14
1922 63  31  6.09e-15  6.07e-15  6.21e-15  6.43e-15  6.73e-15  7.14e-15  7.66e-15  8.29e-15  9.03e-15  9.87e-15  1.08e-14
1923 63  32  1.27e-13  1.27e-13  1.29e-13  1.32e-13  1.37e-13  1.43e-13  1.49e-13  1.57e-13  1.65e-13  1.73e-13  1.83e-13
1924 63  33  1.48e-12  1.48e-12  1.47e-12  1.51e-12  1.55e-12  1.61e-12  1.67e-12  1.74e-12  1.82e-12  1.91e-12  2.00e-12
1925 63  34  2.57e-13  2.56e-13  2.57e-13  2.64e-13  2.73e-13  2.83e-13  2.96e-13  3.09e-13  3.25e-13  3.41e-13  3.58e-13
1926 63  35  2.99e-14  2.98e-14  3.00e-14  3.08e-14  3.19e-14  3.32e-14  3.49e-14  3.67e-14  3.87e-14  4.09e-14  4.33e-14
1927 63  36  8.89e-14  8.85e-14  8.84e-14  9.03e-14  9.30e-14  9.63e-14  1.00e-13  1.05e-13  1.10e-13  1.15e-13  1.20e-13
1928 63  37  2.35e-14  2.34e-14  2.35e-14  2.42e-14  2.51e-14  2.62e-14  2.75e-14  2.90e-14  3.06e-14  3.24e-14  3.43e-14
1929 63  38  2.37e-13  2.38e-13  2.45e-13  2.49e-13  2.53e-13  2.59e-13  2.68e-13  2.79e-13  2.92e-13  3.06e-13  3.22e-13
1930 63  39  6.10e-12  6.08e-12  6.08e-12  6.13e-12  6.24e-12  6.40e-12  6.62e-12  6.88e-12  7.18e-12  7.50e-12  7.86e-12
1931 63  40  5.79e-13  5.78e-13  5.86e-13  5.93e-13  6.03e-13  6.19e-13  6.40e-13  6.65e-13  6.95e-13  7.27e-13  7.63e-13
1932 63  41  3.73e-14  3.73e-14  3.77e-14  3.79e-14  3.84e-14  3.92e-14  4.05e-14  4.22e-14  4.41e-14  4.64e-14  4.89e-14
1933 63  42  2.20e-13  2.19e-13  2.19e-13  2.20e-13  2.23e-13  2.28e-13  2.35e-13  2.44e-13  2.54e-13  2.66e-13  2.79e-13
1934 63  43  2.83e-14  2.84e-14  2.88e-14  2.89e-14  2.93e-14  2.99e-14  3.09e-14  3.22e-14  3.37e-14  3.55e-14  3.75e-14
1935 63  44  9.23e-13  9.32e-13  9.91e-13  1.01e-12  1.02e-12  1.02e-12  1.03e-12  1.04e-12  1.05e-12  1.06e-12  1.08e-12
1936 63  45  1.47e-11  1.48e-11  1.55e-11  1.58e-11  1.58e-11  1.59e-11  1.59e-11  1.60e-11  1.61e-11  1.63e-11  1.64e-11
1937 63  46  1.47e-12  1.49e-12  1.58e-12  1.60e-12  1.61e-12  1.62e-12  1.63e-12  1.64e-12  1.66e-12  1.68e-12  1.70e-12
1938 63  47  1.01e-13  1.02e-13  1.08e-13  1.10e-13  1.11e-13  1.12e-13  1.13e-13  1.15e-13  1.17e-13  1.19e-13  1.22e-13
1939 63  48  5.64e-13  5.67e-13  5.96e-13  6.05e-13  6.08e-13  6.09e-13  6.12e-13  6.15e-13  6.20e-13  6.26e-13  6.32e-13
1940 63  49  8.67e-14  8.75e-14  9.28e-14  9.48e-14  9.58e-14  9.67e-14  9.79e-14  9.94e-14  1.01e-13  1.03e-13  1.05e-13
1941 63  50  1.84e-12  1.86e-12  1.94e-12  1.92e-12  1.89e-12  1.87e-12  1.87e-12  1.87e-12  1.89e-12  1.91e-12  1.94e-12
1942 63  51  6.55e-11  6.57e-11  6.73e-11  6.69e-11  6.64e-11  6.61e-11  6.61e-11  6.64e-11  6.69e-11  6.76e-11  6.84e-11
1943 63  52  3.23e-12  3.26e-12  3.37e-12  3.34e-12  3.30e-12  3.27e-12  3.27e-12  3.28e-12  3.30e-12  3.34e-12  3.39e-12
1944 63  53  1.15e-13  1.17e-13  1.20e-13  1.15e-13  1.11e-13  1.08e-13  1.07e-13  1.07e-13  1.07e-13  1.08e-13  1.10e-13
1945 63  54  1.24e-12  1.25e-12  1.28e-12  1.27e-12  1.25e-12  1.24e-12  1.24e-12  1.24e-12  1.25e-12  1.26e-12  1.28e-12
1946 63  55  1.02e-13  1.04e-13  1.07e-13  1.02e-13  9.79e-14  9.54e-14  9.42e-14  9.38e-14  9.43e-14  9.53e-14  9.69e-14
1947 63  56  3.26e-12  3.44e-12  5.00e-12  5.83e-12  6.26e-12  6.51e-12  6.66e-12  6.75e-12  6.80e-12  6.83e-12  6.84e-12
1948 63  57  6.34e-11  6.68e-11  9.61e-11  1.13e-10  1.22e-10  1.28e-10  1.31e-10  1.33e-10  1.35e-10  1.36e-10  1.36e-10
1949 63  58  3.88e-12  4.10e-12  5.95e-12  6.94e-12  7.47e-12  7.77e-12  7.95e-12  8.06e-12  8.13e-12  8.17e-12  8.19e-12
1950 63  59  1.50e-13  1.58e-13  2.27e-13  2.63e-13  2.81e-13  2.91e-13  2.97e-13  3.01e-13  3.04e-13  3.06e-13  3.08e-13
1951 63  60  1.53e-12  1.61e-12  2.32e-12  2.71e-12  2.91e-12  3.03e-12  3.09e-12  3.14e-12  3.16e-12  3.17e-12  3.18e-12
1952 63  61  1.49e-13  1.57e-13  2.26e-13  2.61e-13  2.79e-13  2.89e-13  2.95e-13  2.99e-13  3.02e-13  3.04e-13  3.06e-13
1953 63  62  1.61e-11  1.62e-11  1.73e-11  2.00e-11  2.29e-11  2.56e-11  2.81e-11  3.04e-11  3.24e-11  3.42e-11  3.59e-11
1954 64  1   8.34e-17  8.45e-17  9.69e-17  1.12e-16  1.31e-16  1.57e-16  1.89e-16  2.29e-16  2.79e-16  3.40e-16  4.12e-16
1955 64  2   1.37e-16  1.38e-16  1.50e-16  1.68e-16  1.93e-16  2.27e-16  2.69e-16  3.23e-16  3.90e-16  4.70e-16  5.65e-16
1956 64  3   4.16e-17  4.24e-17  5.07e-17  5.87e-17  6.81e-17  8.02e-17  9.58e-17  1.16e-16  1.41e-16  1.71e-16  2.08e-16
1957 64  4   2.87e-16  2.90e-16  3.25e-16  3.64e-16  4.14e-16  4.81e-16  5.68e-16  6.79e-16  8.18e-16  9.89e-16  1.19e-15
1958 64  5   1.36e-16  1.37e-16  1.55e-16  1.74e-16  1.98e-16  2.29e-16  2.70e-16  3.21e-16  3.86e-16  4.65e-16  5.60e-16
1959 64  6   1.59e-16  1.59e-16  1.73e-16  1.91e-16  2.14e-16  2.44e-16  2.85e-16  3.36e-16  4.01e-16  4.80e-16  5.75e-16
1960 64  7   8.77e-17  8.75e-17  9.27e-17  1.01e-16  1.12e-16  1.27e-16  1.47e-16  1.72e-16  2.03e-16  2.41e-16  2.87e-16
1961 64  8   1.16e-16  1.17e-16  1.29e-16  1.44e-16  1.63e-16  1.87e-16  2.16e-16  2.51e-16  2.93e-16  3.41e-16  3.95e-16
1962 64  9   9.56e-16  9.57e-16  1.01e-15  1.10e-15  1.22e-15  1.38e-15  1.57e-15  1.80e-15  2.06e-15  2.37e-15  2.72e-15
1963 64  10  4.56e-15  4.56e-15  4.75e-15  5.13e-15  5.66e-15  6.34e-15  7.18e-15  8.19e-15  9.37e-15  1.07e-14  1.23e-14
1964 64  11  1.32e-15  1.32e-15  1.38e-15  1.49e-15  1.65e-15  1.86e-15  2.10e-15  2.40e-15  2.76e-15  3.16e-15  3.62e-15
1965 64  12  9.41e-16  9.40e-16  9.82e-16  1.06e-15  1.18e-15  1.33e-15  1.51e-15  1.73e-15  1.99e-15  2.29e-15  2.63e-15
1966 64  13  2.29e-16  2.29e-16  2.45e-16  2.71e-16  3.05e-16  3.49e-16  4.04e-16  4.71e-16  5.52e-16  6.47e-16  7.57e-16
1967 64  14  1.01e-16  1.02e-16  1.17e-16  1.31e-16  1.46e-16  1.64e-16  1.87e-16  2.15e-16  2.49e-16  2.88e-16  3.35e-16
1968 64  15  1.81e-15  1.82e-15  1.96e-15  2.13e-15  2.32e-15  2.56e-15  2.87e-15  3.25e-15  3.69e-15  4.21e-15  4.81e-15
1969 64  16  1.79e-14  1.79e-14  1.90e-14  2.04e-14  2.22e-14  2.46e-14  2.75e-14  3.11e-14  3.55e-14  4.05e-14  4.62e-14
1970 64  17  2.73e-15  2.73e-15  2.89e-15  3.09e-15  3.35e-15  3.69e-15  4.12e-15  4.65e-15  5.28e-15  6.02e-15  6.86e-15
1971 64  18  1.01e-15  1.01e-15  1.06e-15  1.13e-15  1.23e-15  1.35e-15  1.51e-15  1.70e-15  1.93e-15  2.21e-15  2.52e-15
1972 64  19  1.12e-16  1.12e-16  1.20e-16  1.31e-16  1.43e-16  1.59e-16  1.79e-16  2.05e-16  2.36e-16  2.74e-16  3.19e-16
1973 64  20  6.54e-16  6.56e-16  7.02e-16  7.62e-16  8.37e-16  9.27e-16  1.03e-15  1.16e-15  1.30e-15  1.46e-15  1.64e-15
1974 64  21  1.20e-14  1.20e-14  1.25e-14  1.32e-14  1.42e-14  1.54e-14  1.68e-14  1.84e-14  2.03e-14  2.23e-14  2.45e-14
1975 64  22  1.16e-13  1.15e-13  1.18e-13  1.25e-13  1.33e-13  1.43e-13  1.55e-13  1.69e-13  1.85e-13  2.02e-13  2.20e-13
1976 64  23  1.42e-14  1.41e-14  1.45e-14  1.53e-14  1.63e-14  1.76e-14  1.91e-14  2.09e-14  2.28e-14  2.50e-14  2.74e-14
1977 64  24  4.49e-15  4.48e-15  4.60e-15  4.87e-15  5.23e-15  5.67e-15  6.21e-15  6.82e-15  7.52e-15  8.29e-15  9.15e-15
1978 64  25  4.48e-16  4.48e-16  4.70e-16  5.06e-16  5.53e-16  6.12e-16  6.83e-16  7.67e-16  8.65e-16  9.77e-16  1.10e-15
1979 64  26  6.35e-16  6.43e-16  7.17e-16  7.69e-16  8.24e-16  8.90e-16  9.72e-16  1.07e-15  1.19e-15  1.32e-15  1.48e-15
1980 64  27  2.28e-14  2.28e-14  2.39e-14  2.49e-14  2.62e-14  2.79e-14  2.99e-14  3.24e-14  3.52e-14  3.85e-14  4.20e-14
1981 64  28  4.35e-13  4.34e-13  4.44e-13  4.60e-13  4.84e-13  5.15e-13  5.53e-13  5.98e-13  6.50e-13  7.08e-13  7.72e-13
1982 64  29  3.19e-14  3.18e-14  3.24e-14  3.35e-14  3.50e-14  3.72e-14  3.98e-14  4.29e-14  4.66e-14  5.07e-14  5.53e-14
1983 64  30  5.73e-15  5.72e-15  5.85e-15  6.05e-15  6.34e-15  6.72e-15  7.21e-15  7.81e-15  8.50e-15  9.30e-15  1.02e-14
1984 64  31  3.06e-16  3.07e-16  3.22e-16  3.36e-16  3.54e-16  3.79e-16  4.11e-16  4.51e-16  4.99e-16  5.56e-16  6.21e-16
1985 64  32  4.14e-15  4.15e-15  4.33e-15  4.54e-15  4.79e-15  5.08e-15  5.42e-15  5.80e-15  6.22e-15  6.69e-15  7.18e-15
1986 64  33  1.19e-13  1.19e-13  1.20e-13  1.24e-13  1.28e-13  1.34e-13  1.40e-13  1.47e-13  1.54e-13  1.63e-13  1.71e-13
1987 64  34  1.74e-12  1.73e-12  1.74e-12  1.77e-12  1.83e-12  1.89e-12  1.97e-12  2.06e-12  2.15e-12  2.25e-12  2.36e-12
1988 64  35  1.19e-13  1.18e-13  1.18e-13  1.21e-13  1.25e-13  1.30e-13  1.35e-13  1.41e-13  1.48e-13  1.55e-13  1.63e-13
1989 64  36  2.20e-14  2.19e-14  2.21e-14  2.27e-14  2.35e-14  2.46e-14  2.58e-14  2.72e-14  2.88e-14  3.04e-14  3.22e-14
1990 64  37  1.31e-15  1.31e-15  1.35e-15  1.41e-15  1.49e-15  1.58e-15  1.69e-15  1.82e-15  1.96e-15  2.13e-15  2.30e-15
1991 64  38  4.29e-15  4.37e-15  4.72e-15  4.82e-15  4.92e-15  5.07e-15  5.29e-15  5.57e-15  5.91e-15  6.30e-15  6.74e-15
1992 64  39  2.20e-13  2.21e-13  2.27e-13  2.31e-13  2.35e-13  2.41e-13  2.49e-13  2.59e-13  2.71e-13  2.84e-13  2.99e-13
1993 64  40  6.69e-12  6.67e-12  6.68e-12  6.74e-12  6.86e-12  7.04e-12  7.27e-12  7.56e-12  7.89e-12  8.25e-12  8.64e-12
1994 64  41  2.58e-13  2.58e-13  2.57e-13  2.59e-13  2.62e-13  2.68e-13  2.77e-13  2.88e-13  3.00e-13  3.14e-13  3.29e-13
1995 64  42  2.63e-14  2.63e-14  2.67e-14  2.69e-14  2.72e-14  2.78e-14  2.87e-14  2.99e-14  3.13e-14  3.30e-14  3.48e-14
1996 64  43  1.00e-15  1.02e-15  1.03e-15  1.01e-15  1.01e-15  1.03e-15  1.06e-15  1.11e-15  1.17e-15  1.25e-15  1.34e-15
1997 64  44  2.23e-14  2.25e-14  2.45e-14  2.54e-14  2.59e-14  2.64e-14  2.70e-14  2.76e-14  2.84e-14  2.92e-14  3.01e-14
1998 64  45  8.55e-13  8.63e-13  9.18e-13  9.37e-13  9.43e-13  9.48e-13  9.55e-13  9.64e-13  9.74e-13  9.86e-13  1.00e-12
1999 64  46  1.62e-11  1.63e-11  1.72e-11  1.74e-11  1.75e-11  1.75e-11  1.76e-11  1.77e-11  1.78e-11  1.80e-11  1.81e-11
2000 64  47  6.67e-13  6.72e-13  7.07e-13  7.19e-13  7.22e-13  7.24e-13  7.28e-13  7.33e-13  7.40e-13  7.48e-13  7.57e-13
2001 64  48  8.04e-14  8.11e-14  8.60e-14  8.79e-14  8.88e-14  8.97e-14  9.08e-14  9.22e-14  9.39e-14  9.57e-14  9.77e-14
2002 64  49  3.38e-15  3.42e-15  3.68e-15  3.82e-15  3.91e-15  4.01e-15  4.12e-15  4.26e-15  4.42e-15  4.60e-15  4.79e-15
2003 64  50  3.01e-14  3.12e-14  3.25e-14  3.07e-14  2.92e-14  2.84e-14  2.79e-14  2.78e-14  2.80e-14  2.84e-14  2.90e-14
2004 64  51  1.70e-12  1.72e-12  1.79e-12  1.77e-12  1.74e-12  1.73e-12  1.72e-12  1.73e-12  1.74e-12  1.76e-12  1.79e-12
2005 64  52  6.89e-11  6.91e-11  7.07e-11  7.04e-11  6.98e-11  6.95e-11  6.95e-11  6.98e-11  7.03e-11  7.10e-11  7.19e-11
2006 64  53  1.36e-12  1.37e-12  1.41e-12  1.39e-12  1.37e-12  1.35e-12  1.35e-12  1.35e-12  1.36e-12  1.37e-12  1.39e-12
2007 64  54  9.44e-14  9.64e-14  9.86e-14  9.42e-14  9.05e-14  8.82e-14  8.70e-14  8.67e-14  8.71e-14  8.80e-14  8.94e-14
2008 64  55  4.19e-15  4.42e-15  4.26e-15  3.65e-15  3.25e-15  2.99e-15  2.84e-15  2.75e-15  2.70e-15  2.70e-15  2.73e-15
2009 64  56  6.37e-14  6.74e-14  9.73e-14  1.13e-13  1.21e-13  1.25e-13  1.28e-13  1.30e-13  1.31e-13  1.33e-13  1.34e-13
2010 64  57  3.00e-12  3.17e-12  4.60e-12  5.37e-12  5.77e-12  6.00e-12  6.13e-12  6.22e-12  6.27e-12  6.29e-12  6.31e-12
2011 64  58  6.75e-11  7.11e-11  1.02e-10  1.20e-10  1.30e-10  1.36e-10  1.39e-10  1.42e-10  1.43e-10  1.44e-10  1.45e-10
2012 64  59  1.68e-12  1.77e-12  2.56e-12  2.98e-12  3.21e-12  3.33e-12  3.41e-12  3.45e-12  3.48e-12  3.49e-12  3.50e-12
2013 64  60  1.37e-13  1.45e-13  2.08e-13  2.41e-13  2.58e-13  2.67e-13  2.72e-13  2.76e-13  2.79e-13  2.81e-13  2.82e-13
2014 64  61  4.70e-15  4.95e-15  6.83e-15  7.75e-15  8.20e-15  8.46e-15  8.63e-15  8.78e-15  8.93e-15  9.09e-15  9.27e-15
2015 64  62  1.28e-13  1.32e-13  1.61e-13  1.86e-13  2.09e-13  2.29e-13  2.47e-13  2.62e-13  2.77e-13  2.90e-13  3.01e-13
2016 64  63  1.48e-11  1.48e-11  1.59e-11  1.83e-11  2.10e-11  2.35e-11  2.59e-11  2.79e-11  2.98e-11  3.14e-11  3.29e-11
2017 65  1   2.18e-16  2.20e-16  2.42e-16  2.73e-16  3.14e-16  3.70e-16  4.40e-16  5.29e-16  6.38e-16  7.70e-16  9.26e-16
2018 65  2   2.31e-18  2.59e-18  5.00e-18  7.29e-18  1.00e-17  1.34e-17  1.79e-17  2.36e-17  3.07e-17  3.96e-17  5.04e-17
2019 65  3   6.50e-17  6.46e-17  6.75e-17  7.31e-17  8.07e-17  9.09e-17  1.04e-16  1.21e-16  1.43e-16  1.69e-16  2.01e-16
2020 65  4   8.81e-17  8.84e-17  9.69e-17  1.07e-16  1.20e-16  1.37e-16  1.59e-16  1.88e-16  2.23e-16  2.67e-16  3.19e-16
2021 65  5   4.78e-16  4.82e-16  5.40e-16  6.05e-16  6.88e-16  7.98e-16  9.41e-16  1.12e-15  1.35e-15  1.63e-15  1.97e-15
2022 65  6   7.24e-17  7.29e-17  8.18e-17  9.21e-17  1.05e-16  1.21e-16  1.43e-16  1.70e-16  2.04e-16  2.46e-16  2.97e-16
2023 65  7   8.61e-18  8.64e-18  9.72e-18  1.11e-17  1.27e-17  1.48e-17  1.75e-17  2.09e-17  2.52e-17  3.05e-17  3.68e-17
2024 65  8   2.71e-17  2.75e-17  3.17e-17  3.68e-17  4.34e-17  5.20e-17  6.29e-17  7.67e-17  9.38e-17  1.15e-16  1.39e-16
2025 65  9   2.37e-16  2.38e-16  2.53e-16  2.78e-16  3.12e-16  3.55e-16  4.09e-16  4.74e-16  5.52e-16  6.43e-16  7.48e-16
2026 65  10  7.96e-16  7.95e-16  8.29e-16  8.98e-16  9.93e-16  1.11e-15  1.27e-15  1.45e-15  1.66e-15  1.90e-15  2.18e-15
2027 65  11  6.07e-15  6.07e-15  6.33e-15  6.85e-15  7.57e-15  8.48e-15  9.61e-15  1.10e-14  1.26e-14  1.44e-14  1.65e-14
2028 65  12  9.26e-16  9.27e-16  9.77e-16  1.06e-15  1.18e-15  1.33e-15  1.52e-15  1.74e-15  2.01e-15  2.31e-15  2.65e-15
2029 65  13  6.33e-17  6.37e-17  6.97e-17  7.80e-17  8.87e-17  1.02e-16  1.19e-16  1.40e-16  1.64e-16  1.92e-16  2.25e-16
2030 65  14  1.24e-17  1.25e-17  1.44e-17  1.63e-17  1.86e-17  2.15e-17  2.54e-17  3.04e-17  3.67e-17  4.45e-17  5.40e-17
2031 65  15  1.65e-16  1.65e-16  1.75e-16  1.89e-16  2.05e-16  2.27e-16  2.55e-16  2.90e-16  3.33e-16  3.84e-16  4.45e-16
2032 65  16  1.11e-15  1.10e-15  1.15e-15  1.21e-15  1.31e-15  1.43e-15  1.58e-15  1.77e-15  2.00e-15  2.27e-15  2.58e-15
2033 65  17  2.07e-14  2.08e-14  2.20e-14  2.37e-14  2.58e-14  2.85e-14  3.20e-14  3.62e-14  4.12e-14  4.70e-14  5.37e-14
2034 65  18  1.56e-15  1.56e-15  1.68e-15  1.81e-15  1.98e-15  2.18e-15  2.44e-15  2.76e-15  3.14e-15  3.59e-15  4.10e-15
2035 65  19  5.71e-17  5.76e-17  6.54e-17  7.29e-17  8.12e-17  9.15e-17  1.04e-16  1.20e-16  1.39e-16  1.61e-16  1.88e-16
2036 65  20  7.13e-17  7.16e-17  7.83e-17  8.76e-17  9.95e-17  1.15e-16  1.33e-16  1.56e-16  1.83e-16  2.15e-16  2.53e-16
2037 65  21  1.05e-15  1.05e-15  1.09e-15  1.17e-15  1.27e-15  1.40e-15  1.56e-15  1.74e-15  1.95e-15  2.19e-15  2.46e-15
2038 65  22  6.83e-15  6.81e-15  6.96e-15  7.34e-15  7.85e-15  8.49e-15  9.24e-15  1.01e-14  1.11e-14  1.22e-14  1.34e-14
2039 65  23  1.29e-13  1.28e-13  1.32e-13  1.39e-13  1.48e-13  1.60e-13  1.73e-13  1.89e-13  2.06e-13  2.25e-13  2.46e-13
2040 65  24  1.03e-14  1.03e-14  1.07e-14  1.13e-14  1.22e-14  1.32e-14  1.44e-14  1.58e-14  1.74e-14  1.92e-14  2.11e-14
2041 65  25  4.00e-16  4.01e-16  4.27e-16  4.63e-16  5.08e-16  5.63e-16  6.28e-16  7.05e-16  7.92e-16  8.91e-16  1.00e-15
2042 65  26  4.07e-17  4.15e-17  4.47e-17  4.68e-17  5.00e-17  5.47e-17  6.12e-17  6.96e-17  8.03e-17  9.33e-17  1.09e-16
2043 65  27  9.10e-16  9.11e-16  9.47e-16  9.84e-16  1.03e-15  1.10e-15  1.19e-15  1.31e-15  1.44e-15  1.61e-15  1.80e-15
2044 65  28  1.13e-14  1.12e-14  1.13e-14  1.16e-14  1.21e-14  1.27e-14  1.35e-14  1.45e-14  1.57e-14  1.71e-14  1.86e-14
2045 65  29  4.64e-13  4.63e-13  4.74e-13  4.92e-13  5.17e-13  5.50e-13  5.91e-13  6.39e-13  6.94e-13  7.56e-13  8.25e-13
2046 65  30  1.92e-14  1.92e-14  2.00e-14  2.09e-14  2.20e-14  2.34e-14  2.51e-14  2.71e-14  2.95e-14  3.22e-14  3.52e-14
2047 65  31  4.04e-16  4.08e-16  4.53e-16  4.85e-16  5.18e-16  5.60e-16  6.11e-16  6.74e-16  7.47e-16  8.33e-16  9.30e-16
2048 65  32  2.55e-16  2.56e-16  2.74e-16  2.97e-16  3.23e-16  3.55e-16  3.93e-16  4.38e-16  4.89e-16  5.47e-16  6.11e-16
2049 65  33  6.14e-15  6.13e-15  6.27e-15  6.53e-15  6.86e-15  7.25e-15  7.72e-15  8.26e-15  8.86e-15  9.53e-15  1.02e-14
2050 65  34  5.96e-14  5.93e-14  5.94e-14  6.07e-14  6.26e-14  6.50e-14  6.79e-14  7.12e-14  7.48e-14  7.87e-14  8.28e-14
2051 65  35  1.84e-12  1.83e-12  1.83e-12  1.87e-12  1.93e-12  2.00e-12  2.08e-12  2.17e-12  2.27e-12  2.38e-12  2.49e-12
2052 65  36  1.01e-13  1.01e-13  1.02e-13  1.05e-13  1.09e-13  1.14e-13  1.19e-13  1.25e-13  1.31e-13  1.38e-13  1.46e-13
2053 65  37  2.74e-15  2.74e-15  2.85e-15  2.99e-15  3.15e-15  3.34e-15  3.56e-15  3.82e-15  4.10e-15  4.40e-15  4.73e-15
2054 65  38  2.39e-16  2.48e-16  2.44e-16  2.24e-16  2.14e-16  2.13e-16  2.18e-16  2.30e-16  2.47e-16  2.68e-16  2.95e-16
2055 65  39  5.58e-15  5.63e-15  5.74e-15  5.69e-15  5.70e-15  5.81e-15  6.02e-15  6.31e-15  6.69e-15  7.14e-15  7.66e-15
2056 65  40  9.60e-14  9.57e-14  9.55e-14  9.55e-14  9.62e-14  9.80e-14  1.01e-13  1.04e-13  1.09e-13  1.14e-13  1.20e-13
2057 65  41  6.91e-12  6.89e-12  6.90e-12  6.96e-12  7.08e-12  7.27e-12  7.51e-12  7.81e-12  8.15e-12  8.52e-12  8.92e-12
2058 65  42  1.86e-13  1.86e-13  1.92e-13  1.95e-13  1.98e-13  2.03e-13  2.10e-13  2.18e-13  2.28e-13  2.40e-13  2.52e-13
2059 65  43  2.90e-15  2.95e-15  3.18e-15  3.24e-15  3.31e-15  3.41e-15  3.56e-15  3.75e-15  3.98e-15  4.24e-15  4.54e-15
2060 65  44  9.52e-16  9.67e-16  1.07e-15  1.13e-15  1.18e-15  1.23e-15  1.30e-15  1.37e-15  1.46e-15  1.55e-15  1.66e-15
2061 65  45  3.08e-14  3.11e-14  3.34e-14  3.45e-14  3.52e-14  3.58e-14  3.66e-14  3.76e-14  3.86e-14  3.98e-14  4.11e-14
2062 65  46  3.94e-13  3.97e-13  4.18e-13  4.25e-13  4.27e-13  4.28e-13  4.31e-13  4.35e-13  4.39e-13  4.45e-13  4.51e-13
2063 65  47  1.67e-11  1.68e-11  1.77e-11  1.79e-11  1.80e-11  1.80e-11  1.81e-11  1.82e-11  1.83e-11  1.85e-11  1.87e-11
2064 65  48  7.29e-13  7.35e-13  7.82e-13  7.98e-13  8.03e-13  8.08e-13  8.14e-13  8.21e-13  8.30e-13  8.41e-13  8.52e-13
2065 65  49  1.54e-14  1.56e-14  1.69e-14  1.75e-14  1.78e-14  1.82e-14  1.86e-14  1.90e-14  1.96e-14  2.01e-14  2.07e-14
2066 65  50  2.18e-15  2.33e-15  2.17e-15  1.72e-15  1.44e-15  1.27e-15  1.15e-15  1.08e-15  1.04e-15  1.02e-15  1.02e-15
2067 65  51  3.75e-14  3.88e-14  3.89e-14  3.55e-14  3.30e-14  3.14e-14  3.05e-14  3.01e-14  3.01e-14  3.04e-14  3.10e-14
2068 65  52  6.68e-13  6.74e-13  6.93e-13  6.78e-13  6.63e-13  6.52e-13  6.47e-13  6.47e-13  6.51e-13  6.58e-13  6.68e-13
2069 65  53  6.99e-11  7.01e-11  7.18e-11  7.14e-11  7.08e-11  7.05e-11  7.05e-11  7.08e-11  7.13e-11  7.21e-11  7.29e-11
2070 65  54  1.44e-12  1.46e-12  1.52e-12  1.50e-12  1.48e-12  1.47e-12  1.46e-12  1.46e-12  1.48e-12  1.49e-12  1.52e-12
2071 65  55  2.11e-14  2.19e-14  2.28e-14  2.15e-14  2.05e-14  1.99e-14  1.96e-14  1.95e-14  1.96e-14  1.99e-14  2.03e-14
2072 65  56  2.38e-15  2.52e-15  3.39e-15  3.82e-15  4.02e-15  4.13e-15  4.22e-15  4.31e-15  4.41e-15  4.53e-15  4.66e-15
2073 65  57  8.36e-14  8.83e-14  1.27e-13  1.47e-13  1.57e-13  1.62e-13  1.65e-13  1.68e-13  1.70e-13  1.71e-13  1.73e-13
2074 65  58  1.30e-12  1.37e-12  1.98e-12  2.30e-12  2.47e-12  2.56e-12  2.62e-12  2.65e-12  2.67e-12  2.68e-12  2.69e-12
2075 65  59  6.84e-11  7.21e-11  1.04e-10  1.22e-10  1.32e-10  1.38e-10  1.41e-10  1.44e-10  1.45e-10  1.46e-10  1.46e-10
2076 65  60  2.56e-12  2.71e-12  3.93e-12  4.58e-12  4.92e-12  5.12e-12  5.23e-12  5.30e-12  5.34e-12  5.37e-12  5.38e-12
2077 65  61  4.52e-14  4.78e-14  6.89e-14  7.98e-14  8.54e-14  8.86e-14  9.06e-14  9.20e-14  9.30e-14  9.38e-14  9.46e-14
2078 65  62  1.81e-15  2.15e-15  3.70e-15  3.91e-15  3.90e-15  3.86e-15  3.81e-15  3.80e-15  3.82e-15  3.90e-15  4.04e-15
2079 65  63  1.05e-13  1.10e-13  1.46e-13  1.66e-13  1.80e-13  1.92e-13  2.01e-13  2.10e-13  2.18e-13  2.25e-13  2.31e-13
2080 65  64  4.93e-12  4.95e-12  5.40e-12  6.20e-12  7.06e-12  7.85e-12  8.58e-12  9.23e-12  9.81e-12  1.03e-11  1.08e-11
2081 66  1   1.41e-16  1.42e-16  1.58e-16  1.79e-16  2.08e-16  2.45e-16  2.94e-16  3.54e-16  4.29e-16  5.20e-16  6.27e-16
2082 66  2   7.97e-17  8.03e-17  8.89e-17  1.01e-16  1.17e-16  1.38e-16  1.64e-16  1.98e-16  2.40e-16  2.90e-16  3.50e-16
2083 66  3   4.98e-17  4.98e-17  5.37e-17  5.90e-17  6.58e-17  7.47e-17  8.65e-17  1.01e-16  1.20e-16  1.43e-16  1.71e-16
2084 66  4   1.03e-16  1.03e-16  1.11e-16  1.21e-16  1.35e-16  1.53e-16  1.77e-16  2.08e-16  2.46e-16  2.93e-16  3.49e-16
2085 66  5   2.37e-16  2.39e-16  2.68e-16  3.01e-16  3.42e-16  3.96e-16  4.67e-16  5.57e-16  6.70e-16  8.09e-16  9.75e-16
2086 66  6   2.63e-16  2.65e-16  2.98e-16  3.33e-16  3.79e-16  4.40e-16  5.19e-16  6.21e-16  7.48e-16  9.03e-16  1.09e-15
2087 66  7   5.86e-17  5.90e-17  6.62e-17  7.44e-17  8.45e-17  9.77e-17  1.15e-16  1.37e-16  1.65e-16  1.98e-16  2.39e-16
2088 66  8   1.93e-16  1.93e-16  2.03e-16  2.22e-16  2.47e-16  2.79e-16  3.19e-16  3.67e-16  4.24e-16  4.89e-16  5.64e-16
2089 66  9   3.59e-16  3.58e-16  3.75e-16  4.07e-16  4.51e-16  5.07e-16  5.78e-16  6.62e-16  7.62e-16  8.79e-16  1.01e-15
2090 66  10  5.09e-16  5.09e-16  5.36e-16  5.84e-16  6.50e-16  7.35e-16  8.40e-16  9.66e-16  1.12e-15  1.29e-15  1.49e-15
2091 66  11  2.32e-15  2.32e-15  2.43e-15  2.63e-15  2.92e-15  3.28e-15  3.72e-15  4.26e-15  4.88e-15  5.61e-15  6.43e-15
2092 66  12  3.84e-15  3.83e-15  4.00e-15  4.32e-15  4.77e-15  5.34e-15  6.05e-15  6.89e-15  7.89e-15  9.04e-15  1.03e-14
2093 66  13  9.06e-16  9.07e-16  9.55e-16  1.04e-15  1.15e-15  1.30e-15  1.48e-15  1.70e-15  1.95e-15  2.24e-15  2.57e-15
2094 66  14  1.61e-16  1.60e-16  1.70e-16  1.83e-16  1.99e-16  2.19e-16  2.45e-16  2.78e-16  3.18e-16  3.67e-16  4.23e-16
2095 66  15  7.05e-16  7.03e-16  7.28e-16  7.70e-16  8.26e-16  9.01e-16  9.97e-16  1.12e-15  1.26e-15  1.42e-15  1.61e-15
2096 66  16  4.18e-16  4.17e-16  4.38e-16  4.67e-16  5.04e-16  5.54e-16  6.17e-16  6.96e-16  7.91e-16  9.05e-16  1.04e-15
2097 66  17  4.85e-15  4.86e-15  5.18e-15  5.58e-15  6.08e-15  6.72e-15  7.53e-15  8.51e-15  9.69e-15  1.11e-14  1.26e-14
2098 66  18  1.59e-14  1.59e-14  1.69e-14  1.81e-14  1.97e-14  2.18e-14  2.45e-14  2.77e-14  3.16e-14  3.60e-14  4.12e-14
2099 66  19  1.61e-15  1.62e-15  1.74e-15  1.87e-15  2.04e-15  2.25e-15  2.52e-15  2.85e-15  3.24e-15  3.69e-15  4.22e-15
2100 66  20  1.07e-15  1.07e-15  1.11e-15  1.19e-15  1.30e-15  1.43e-15  1.58e-15  1.77e-15  1.98e-15  2.21e-15  2.48e-15
2101 66  21  4.72e-15  4.70e-15  4.79e-15  5.04e-15  5.37e-15  5.78e-15  6.27e-15  6.84e-15  7.47e-15  8.17e-15  8.92e-15
2102 66  22  2.16e-15  2.16e-15  2.23e-15  2.37e-15  2.56e-15  2.80e-15  3.08e-15  3.41e-15  3.78e-15  4.20e-15  4.66e-15
2103 66  23  2.53e-14  2.52e-14  2.60e-14  2.75e-14  2.94e-14  3.18e-14  3.46e-14  3.78e-14  4.14e-14  4.54e-14  4.97e-14
2104 66  24  1.03e-13  1.03e-13  1.06e-13  1.11e-13  1.19e-13  1.28e-13  1.38e-13  1.51e-13  1.65e-13  1.80e-13  1.96e-13
2105 66  25  1.08e-14  1.08e-14  1.12e-14  1.19e-14  1.28e-14  1.39e-14  1.51e-14  1.66e-14  1.83e-14  2.01e-14  2.21e-14
2106 66  26  9.53e-16  9.54e-16  9.92e-16  1.03e-15  1.08e-15  1.15e-15  1.25e-15  1.37e-15  1.51e-15  1.68e-15  1.87e-15
2107 66  27  9.07e-15  9.02e-15  9.05e-15  9.27e-15  9.62e-15  1.01e-14  1.08e-14  1.15e-14  1.25e-14  1.35e-14  1.47e-14
2108 66  28  2.22e-15  2.22e-15  2.26e-15  2.33e-15  2.44e-15  2.58e-15  2.77e-15  3.00e-15  3.28e-15  3.61e-15  3.98e-15
2109 66  29  5.78e-14  5.78e-14  5.95e-14  6.19e-14  6.51e-14  6.92e-14  7.43e-14  8.04e-14  8.74e-14  9.53e-14  1.04e-13
2110 66  30  4.06e-13  4.05e-13  4.14e-13  4.29e-13  4.51e-13  4.80e-13  5.15e-13  5.58e-13  6.06e-13  6.60e-13  7.19e-13
2111 66  31  2.04e-14  2.04e-14  2.13e-14  2.23e-14  2.34e-14  2.49e-14  2.67e-14  2.89e-14  3.14e-14  3.43e-14  3.75e-14
2112 66  32  6.50e-15  6.49e-15  6.64e-15  6.91e-15  7.25e-15  7.67e-15  8.16e-15  8.72e-15  9.35e-15  1.00e-14  1.08e-14
2113 66  33  4.82e-14  4.79e-14  4.78e-14  4.88e-14  5.02e-14  5.20e-14  5.41e-14  5.66e-14  5.93e-14  6.22e-14  6.52e-14
2114 66  34  1.14e-14  1.13e-14  1.15e-14  1.19e-14  1.24e-14  1.30e-14  1.37e-14  1.46e-14  1.55e-14  1.65e-14  1.76e-14
2115 66  35  2.16e-13  2.15e-13  2.16e-13  2.22e-13  2.29e-13  2.38e-13  2.49e-13  2.60e-13  2.73e-13  2.87e-13  3.01e-13
2116 66  36  1.62e-12  1.61e-12  1.61e-12  1.65e-12  1.69e-12  1.76e-12  1.83e-12  1.91e-12  1.99e-12  2.09e-12  2.18e-12
2117 66  37  1.08e-13  1.08e-13  1.09e-13  1.13e-13  1.17e-13  1.21e-13  1.27e-13  1.33e-13  1.40e-13  1.48e-13  1.56e-13
2118 66  38  5.94e-15  5.99e-15  6.11e-15  6.06e-15  6.08e-15  6.19e-15  6.41e-15  6.73e-15  7.12e-15  7.60e-15  8.16e-15
2119 66  39  8.43e-14  8.40e-14  8.36e-14  8.37e-14  8.44e-14  8.59e-14  8.83e-14  9.14e-14  9.52e-14  9.96e-14  1.04e-13
2120 66  40  1.16e-14  1.16e-14  1.17e-14  1.17e-14  1.17e-14  1.19e-14  1.23e-14  1.29e-14  1.35e-14  1.43e-14  1.52e-14
2121 66  41  4.83e-13  4.83e-13  4.89e-13  4.95e-13  5.03e-13  5.16e-13  5.34e-13  5.55e-13  5.80e-13  6.07e-13  6.37e-13
2122 66  42  6.42e-12  6.40e-12  6.40e-12  6.46e-12  6.57e-12  6.74e-12  6.97e-12  7.24e-12  7.56e-12  7.90e-12  8.27e-12
2123 66  43  2.00e-13  2.00e-13  2.06e-13  2.09e-13  2.13e-13  2.18e-13  2.25e-13  2.35e-13  2.45e-13  2.57e-13  2.71e-13
2124 66  44  3.30e-14  3.33e-14  3.58e-14  3.69e-14  3.76e-14  3.83e-14  3.92e-14  4.02e-14  4.13e-14  4.25e-14  4.39e-14
2125 66  45  3.44e-13  3.46e-13  3.63e-13  3.69e-13  3.70e-13  3.71e-13  3.73e-13  3.75e-13  3.78e-13  3.82e-13  3.87e-13
2126 66  46  4.94e-14  4.98e-14  5.32e-14  5.46e-14  5.54e-14  5.62e-14  5.71e-14  5.83e-14  5.96e-14  6.11e-14  6.28e-14
2127 66  47  1.25e-12  1.26e-12  1.33e-12  1.35e-12  1.36e-12  1.37e-12  1.38e-12  1.39e-12  1.40e-12  1.42e-12  1.43e-12
2128 66  48  1.54e-11  1.55e-11  1.63e-11  1.65e-11  1.66e-11  1.66e-11  1.67e-11  1.68e-11  1.69e-11  1.70e-11  1.72e-11
2129 66  49  7.83e-13  7.91e-13  8.41e-13  8.58e-13  8.64e-13  8.68e-13  8.74e-13  8.83e-13  8.92e-13  9.04e-13  9.16e-13
2130 66  50  4.01e-14  4.14e-14  4.16e-14  3.80e-14  3.53e-14  3.36e-14  3.27e-14  3.23e-14  3.23e-14  3.26e-14  3.32e-14
2131 66  51  6.09e-13  6.13e-13  6.32e-13  6.21e-13  6.08e-13  6.00e-13  5.96e-13  5.96e-13  6.00e-13  6.06e-13  6.14e-13
2132 66  52  5.89e-14  6.04e-14  6.11e-14  5.70e-14  5.39e-14  5.18e-14  5.07e-14  5.03e-14  5.04e-14  5.09e-14  5.18e-14
2133 66  53  2.72e-12  2.74e-12  2.84e-12  2.81e-12  2.78e-12  2.75e-12  2.75e-12  2.76e-12  2.78e-12  2.81e-12  2.85e-12
2134 66  54  6.71e-11  6.73e-11  6.89e-11  6.85e-11  6.79e-11  6.76e-11  6.77e-11  6.80e-11  6.85e-11  6.92e-11  7.00e-11
2135 66  55  1.55e-12  1.57e-12  1.64e-12  1.62e-12  1.60e-12  1.58e-12  1.58e-12  1.58e-12  1.59e-12  1.61e-12  1.64e-12
2136 66  56  8.99e-14  9.50e-14  1.37e-13  1.58e-13  1.68e-13  1.74e-13  1.78e-13  1.81e-13  1.82e-13  1.84e-13  1.86e-13
2137 66  57  1.18e-12  1.25e-12  1.80e-12  2.10e-12  2.25e-12  2.34e-12  2.39e-12  2.42e-12  2.43e-12  2.44e-12  2.45e-12
2138 66  58  1.12e-13  1.18e-13  1.70e-13  1.97e-13  2.10e-13  2.18e-13  2.22e-13  2.25e-13  2.28e-13  2.30e-13  2.31e-13
2139 66  59  3.29e-12  3.47e-12  5.04e-12  5.88e-12  6.32e-12  6.58e-12  6.73e-12  6.83e-12  6.88e-12  6.92e-12  6.93e-12
2140 66  60  6.50e-11  6.84e-11  9.84e-11  1.15e-10  1.25e-10  1.31e-10  1.34e-10  1.36e-10  1.38e-10  1.39e-10  1.39e-10
2141 66  61  2.76e-12  2.92e-12  4.24e-12  4.94e-12  5.31e-12  5.52e-12  5.64e-12  5.72e-12  5.76e-12  5.79e-12  5.80e-12
2142 66  62  1.13e-13  1.19e-13  1.57e-13  1.79e-13  1.94e-13  2.07e-13  2.17e-13  2.27e-13  2.35e-13  2.43e-13  2.50e-13
2143 66  63  4.78e-12  4.79e-12  5.19e-12  5.97e-12  6.80e-12  7.58e-12  8.28e-12  8.92e-12  9.48e-12  9.99e-12  1.04e-11
2144 66  64  1.51e-13  1.57e-13  1.99e-13  2.27e-13  2.48e-13  2.67e-13  2.83e-13  2.97e-13  3.10e-13  3.21e-13  3.32e-13
2145 66  65  1.37E-11  1.37E-11  1.46E-11  1.69E-11  1.94E-11  2.17E-11  2.38E-11  2.57E-11  2.74E-11  2.89E-11  3.03E-11
2146 67  1   6.96e-17  7.04e-17  8.05e-17  9.31e-17  1.10e-16  1.31e-16  1.59e-16  1.94e-16  2.37e-16  2.89e-16  3.52e-16
2147 67  2   1.51e-16  1.52e-16  1.66e-16  1.87e-16  2.15e-16  2.52e-16  2.99e-16  3.59e-16  4.32e-16  5.20e-16  6.25e-16
2148 67  3   3.59e-17  3.62e-17  4.10e-17  4.60e-17  5.20e-17  5.99e-17  7.01e-17  8.31e-17  9.95e-17  1.19e-16  1.43e-16
2149 67  4   1.17e-16  1.17e-16  1.23e-16  1.34e-16  1.49e-16  1.68e-16  1.94e-16  2.26e-16  2.67e-16  3.16e-16  3.76e-16
2150 67  5   9.11e-17  9.18e-17  1.03e-16  1.16e-16  1.32e-16  1.53e-16  1.80e-16  2.15e-16  2.59e-16  3.13e-16  3.77e-16
2151 67  6   2.37e-16  2.39e-16  2.68e-16  3.00e-16  3.41e-16  3.96e-16  4.66e-16  5.56e-16  6.69e-16  8.08e-16  9.74e-16
2152 67  7   2.31e-16  2.33e-16  2.61e-16  2.92e-16  3.32e-16  3.85e-16  4.55e-16  5.43e-16  6.54e-16  7.89e-16  9.52e-16
2153 67  8   3.36e-16  3.35e-16  3.48e-16  3.76e-16  4.14e-16  4.64e-16  5.25e-16  5.98e-16  6.83e-16  7.81e-16  8.92e-16
2154 67  9   4.85e-16  4.85e-16  5.08e-16  5.51e-16  6.10e-16  6.87e-16  7.81e-16  8.95e-16  1.03e-15  1.18e-15  1.36e-15
2155 67  10  2.39e-16  2.40e-16  2.58e-16  2.86e-16  3.23e-16  3.71e-16  4.31e-16  5.04e-16  5.92e-16  6.96e-16  8.17e-16
2156 67  11  5.68e-16  5.69e-16  6.02e-16  6.57e-16  7.32e-16  8.27e-16  9.45e-16  1.09e-15  1.25e-15  1.44e-15  1.66e-15
2157 67  12  2.42e-15  2.42e-15  2.53e-15  2.75e-15  3.04e-15  3.42e-15  3.88e-15  4.43e-15  5.08e-15  5.83e-15  6.69e-15
2158 67  13  4.07e-15  4.07e-15  4.24e-15  4.59e-15  5.06e-15  5.67e-15  6.43e-15  7.33e-15  8.39e-15  9.61e-15  1.10e-14
2159 67  14  7.44e-16  7.42e-16  7.69e-16  8.14e-16  8.73e-16  9.53e-16  1.05e-15  1.18e-15  1.33e-15  1.51e-15  1.71e-15
2160 67  15  4.37e-16  4.36e-16  4.56e-16  4.86e-16  5.24e-16  5.75e-16  6.39e-16  7.20e-16  8.17e-16  9.33e-16  1.07e-15
2161 67  16  1.04e-16  1.04e-16  1.11e-16  1.20e-16  1.31e-16  1.46e-16  1.65e-16  1.89e-16  2.19e-16  2.55e-16  2.98e-16
2162 67  17  6.80e-16  6.82e-16  7.34e-16  7.94e-16  8.67e-16  9.61e-16  1.08e-15  1.22e-15  1.39e-15  1.60e-15  1.83e-15
2163 67  18  5.21e-15  5.22e-15  5.56e-15  5.98e-15  6.52e-15  7.21e-15  8.07e-15  9.13e-15  1.04e-14  1.19e-14  1.35e-14
2164 67  19  1.65e-14  1.65e-14  1.75e-14  1.88e-14  2.05e-14  2.26e-14  2.54e-14  2.87e-14  3.27e-14  3.73e-14  4.26e-14
2165 67  20  5.25e-15  5.23e-15  5.35e-15  5.63e-15  6.02e-15  6.50e-15  7.06e-15  7.71e-15  8.45e-15  9.26e-15  1.01e-14
2166 67  21  2.29e-15  2.28e-15  2.36e-15  2.51e-15  2.70e-15  2.95e-15  3.24e-15  3.58e-15  3.97e-15  4.40e-15  4.88e-15
2167 67  22  4.08e-16  4.08e-16  4.29e-16  4.63e-16  5.08e-16  5.64e-16  6.32e-16  7.13e-16  8.08e-16  9.16e-16  1.04e-15
2168 67  23  2.86e-15  2.86e-15  2.97e-15  3.16e-15  3.40e-15  3.70e-15  4.05e-15  4.45e-15  4.91e-15  5.42e-15  5.97e-15
2169 67  24  2.72e-14  2.71e-14  2.79e-14  2.95e-14  3.16e-14  3.42e-14  3.72e-14  4.06e-14  4.45e-14  4.88e-14  5.34e-14
2170 67  25  1.09e-13  1.09e-13  1.12e-13  1.18e-13  1.26e-13  1.35e-13  1.47e-13  1.60e-13  1.75e-13  1.91e-13  2.09e-13
2171 67  26  9.60e-15  9.55e-15  9.60e-15  9.85e-15  1.02e-14  1.08e-14  1.15e-14  1.23e-14  1.33e-14  1.45e-14  1.57e-14
2172 67  27  2.39e-15  2.38e-15  2.43e-15  2.51e-15  2.62e-15  2.77e-15  2.97e-15  3.22e-15  3.52e-15  3.87e-15  4.26e-15
2173 67  28  2.59e-16  2.60e-16  2.70e-16  2.80e-16  2.94e-16  3.14e-16  3.41e-16  3.75e-16  4.17e-16  4.67e-16  5.25e-16
2174 67  29  4.02e-15  4.03e-15  4.21e-15  4.40e-15  4.64e-15  4.94e-15  5.32e-15  5.77e-15  6.29e-15  6.88e-15  7.54e-15
2175 67  30  6.27e-14  6.26e-14  6.45e-14  6.71e-14  7.06e-14  7.50e-14  8.06e-14  8.71e-14  9.47e-14  1.03e-13  1.13e-13
2176 67  31  4.17e-13  4.16e-13  4.26e-13  4.42e-13  4.64e-13  4.94e-13  5.31e-13  5.74e-13  6.24e-13  6.79e-13  7.41e-13
2177 67  32  5.26e-14  5.24e-14  5.23e-14  5.35e-14  5.52e-14  5.73e-14  5.98e-14  6.26e-14  6.57e-14  6.91e-14  7.26e-14
2178 67  33  1.22e-14  1.22e-14  1.24e-14  1.28e-14  1.33e-14  1.40e-14  1.48e-14  1.57e-14  1.66e-14  1.77e-14  1.89e-14
2179 67  34  1.15e-15  1.15e-15  1.19e-15  1.25e-15  1.32e-15  1.41e-15  1.52e-15  1.64e-15  1.78e-15  1.93e-15  2.10e-15
2180 67  35  1.39e-14  1.38e-14  1.41e-14  1.45e-14  1.51e-14  1.58e-14  1.66e-14  1.75e-14  1.85e-14  1.95e-14  2.07e-14
2181 67  36  2.34e-13  2.33e-13  2.34e-13  2.40e-13  2.48e-13  2.58e-13  2.69e-13  2.82e-13  2.96e-13  3.11e-13  3.26e-13
2182 67  37  1.70e-12  1.69e-12  1.69e-12  1.73e-12  1.78e-12  1.84e-12  1.92e-12  2.00e-12  2.09e-12  2.19e-12  2.29e-12
2183 67  38  8.85e-14  8.81e-14  8.79e-14  8.79e-14  8.86e-14  9.03e-14  9.28e-14  9.62e-14  1.00e-13  1.05e-13  1.10e-13
2184 67  39  1.25e-14  1.25e-14  1.27e-14  1.26e-14  1.27e-14  1.29e-14  1.33e-14  1.39e-14  1.46e-14  1.55e-14  1.64e-14
2185 67  40  8.63e-16  8.78e-16  8.80e-16  8.52e-16  8.42e-16  8.51e-16  8.78e-16  9.20e-16  9.75e-16  1.04e-15  1.12e-15
2186 67  41  1.85e-14  1.86e-14  1.92e-14  1.94e-14  1.98e-14  2.03e-14  2.10e-14  2.19e-14  2.30e-14  2.42e-14  2.55e-14
2187 67  42  5.25e-13  5.25e-13  5.32e-13  5.38e-13  5.47e-13  5.61e-13  5.80e-13  6.03e-13  6.30e-13  6.60e-13  6.92e-13
2188 67  43  6.56e-12  6.54e-12  6.55e-12  6.60e-12  6.72e-12  6.89e-12  7.13e-12  7.41e-12  7.73e-12  8.08e-12  8.46e-12
2189 67  44  3.70e-13  3.72e-13  3.92e-13  3.98e-13  4.00e-13  4.01e-13  4.03e-13  4.07e-13  4.11e-13  4.16e-13  4.21e-13
2190 67  45  5.34e-14  5.39e-14  5.76e-14  5.91e-14  5.99e-14  6.08e-14  6.18e-14  6.30e-14  6.45e-14  6.61e-14  6.78e-14
2191 67  46  3.04e-15  3.07e-15  3.33e-15  3.46e-15  3.56e-15  3.66e-15  3.78e-15  3.93e-15  4.09e-15  4.27e-15  4.46e-15
2192 67  47  4.87e-14  4.92e-14  5.27e-14  5.40e-14  5.46e-14  5.52e-14  5.59e-14  5.67e-14  5.77e-14  5.88e-14  6.00e-14
2193 67  48  1.35e-12  1.36e-12  1.44e-12  1.47e-12  1.48e-12  1.49e-12  1.49e-12  1.51e-12  1.52e-12  1.54e-12  1.56e-12
2194 67  49  1.60e-11  1.61e-11  1.70e-11  1.72e-11  1.73e-11  1.73e-11  1.74e-11  1.75e-11  1.76e-11  1.78e-11  1.79e-11
2195 67  50  6.40e-13  6.46e-13  6.64e-13  6.51e-13  6.36e-13  6.26e-13  6.22e-13  6.22e-13  6.25e-13  6.32e-13  6.41e-13
2196 67  51  6.36e-14  6.53e-14  6.60e-14  6.17e-14  5.83e-14  5.61e-14  5.49e-14  5.45e-14  5.46e-14  5.52e-14  5.62e-14
2197 67  52  4.10e-15  4.33e-15  4.15e-15  3.50e-15  3.07e-15  2.80e-15  2.63e-15  2.54e-15  2.49e-15  2.48e-15  2.50e-15
2198 67  53  6.19e-14  6.32e-14  6.57e-14  6.38e-14  6.20e-14  6.09e-14  6.05e-14  6.05e-14  6.09e-14  6.17e-14  6.27e-14
2199 67  54  2.96e-12  2.98e-12  3.09e-12  3.06e-12  3.02e-12  3.00e-12  2.99e-12  3.00e-12  3.02e-12  3.06e-12  3.10e-12
2200 67  55  6.83e-11  6.86e-11  7.02e-11  6.98e-11  6.92e-11  6.89e-11  6.89e-11  6.92e-11  6.98e-11  7.05e-11  7.13e-11
2201 67  56  1.26e-12  1.33e-12  1.92e-12  2.23e-12  2.39e-12  2.48e-12  2.54e-12  2.57e-12  2.59e-12  2.60e-12  2.60e-12
2202 67  57  1.21e-13  1.28e-13  1.85e-13  2.14e-13  2.28e-13  2.36e-13  2.41e-13  2.45e-13  2.47e-13  2.49e-13  2.51e-13
2203 67  58  4.67e-15  4.93e-15  6.82e-15  7.76e-15  8.21e-15  8.47e-15  8.65e-15  8.81e-15  8.97e-15  9.14e-15  9.33e-15
2204 67  59  7.79e-14  8.23e-14  1.19e-13  1.38e-13  1.48e-13  1.54e-13  1.57e-13  1.59e-13  1.61e-13  1.62e-13  1.63e-13
2205 67  60  3.58e-12  3.78e-12  5.48e-12  6.39e-12  6.88e-12  7.15e-12  7.32e-12  7.42e-12  7.48e-12  7.52e-12  7.54e-12
2206 67  61  6.74e-11  7.09e-11  1.02e-10  1.20e-10  1.30e-10  1.35e-10  1.39e-10  1.41e-10  1.43e-10  1.44e-10  1.44e-10
2207 67  62  4.87e-12  4.89e-12  5.33e-12  6.12e-12  6.96e-12  7.75e-12  8.47e-12  9.11e-12  9.69e-12  1.02e-11  1.07e-11
2208 67  63  1.64e-13  1.70e-13  2.16e-13  2.46e-13  2.70e-13  2.90e-13  3.08e-13  3.23e-13  3.37e-13  3.50e-13  3.61e-13
2209 67  64  3.17e-15  3.62e-15  5.79e-15  6.23e-15  6.37e-15  6.43e-15  6.48e-15  6.55e-15  6.65e-15  6.82e-15  7.05e-15
2210 67  65  1.08E-13  1.11E-13  1.36E-13  1.57E-13  1.76E-13  1.94E-13  2.08E-13  2.22E-13  2.34E-13  2.45E-13  2.54E-13
2211 67  66  1.48E-11  1.49E-11  1.59E-11  1.84E-11  2.11E-11  2.36E-11  2.60E-11  2.80E-11  2.99E-11  3.15E-11  3.31E-11
2212 68  1   2.16e-17  2.18e-17  2.49e-17  2.84e-17  3.30e-17  3.90e-17  4.71e-17  5.76e-17  7.12e-17  8.83e-17  1.09e-16
2213 68  2   3.57e-19  4.11e-19  8.53e-19  1.22e-18  1.61e-18  2.10e-18  2.72e-18  3.53e-18  4.56e-18  5.87e-18  7.48e-18
2214 68  3   1.06e-16  1.05e-16  1.11e-16  1.22e-16  1.39e-16  1.60e-16  1.88e-16  2.23e-16  2.66e-16  3.18e-16  3.78e-16
2215 68  4   1.04e-16  1.04e-16  1.11e-16  1.24e-16  1.41e-16  1.65e-16  1.94e-16  2.31e-16  2.77e-16  3.32e-16  3.96e-16
2216 68  5   1.97e-16  1.96e-16  2.06e-16  2.27e-16  2.58e-16  3.00e-16  3.53e-16  4.18e-16  4.99e-16  5.96e-16  7.10e-16
2217 68  6   8.26e-17  8.23e-17  8.70e-17  9.63e-17  1.10e-16  1.27e-16  1.50e-16  1.78e-16  2.12e-16  2.53e-16  3.02e-16
2218 68  7   1.43e-17  1.43e-17  1.58e-17  1.80e-17  2.08e-17  2.45e-17  2.91e-17  3.49e-17  4.20e-17  5.06e-17  6.07e-17
2219 68  8   3.84e-16  3.85e-16  4.16e-16  4.57e-16  5.11e-16  5.81e-16  6.72e-16  7.87e-16  9.27e-16  1.10e-15  1.30e-15
2220 68  9   3.97e-16  3.98e-16  4.33e-16  4.75e-16  5.31e-16  6.04e-16  6.97e-16  8.15e-16  9.59e-16  1.13e-15  1.34e-15
2221 68  10  1.51e-16  1.52e-16  1.67e-16  1.84e-16  2.06e-16  2.34e-16  2.70e-16  3.16e-16  3.72e-16  4.39e-16  5.19e-16
2222 68  11  8.45e-17  8.47e-17  9.04e-17  9.85e-17  1.09e-16  1.23e-16  1.41e-16  1.64e-16  1.93e-16  2.27e-16  2.69e-16
2223 68  12  1.68e-16  1.68e-16  1.80e-16  1.95e-16  2.16e-16  2.43e-16  2.79e-16  3.23e-16  3.78e-16  4.44e-16  5.22e-16
2224 68  13  1.00e-16  1.01e-16  1.10e-16  1.21e-16  1.35e-16  1.54e-16  1.77e-16  2.07e-16  2.43e-16  2.87e-16  3.38e-16
2225 68  14  5.79e-15  5.73e-15  5.75e-15  6.11e-15  6.66e-15  7.38e-15  8.26e-15  9.31e-15  1.05e-14  1.19e-14  1.35e-14
2226 68  15  3.30e-15  3.26e-15  3.28e-15  3.50e-15  3.82e-15  4.24e-15  4.76e-15  5.38e-15  6.10e-15  6.92e-15  7.85e-15
2227 68  16  7.59e-16  7.52e-16  7.63e-16  8.17e-16  8.98e-16  1.00e-15  1.13e-15  1.29e-15  1.47e-15  1.67e-15  1.91e-15
2228 68  17  3.00e-16  2.97e-16  3.00e-16  3.22e-16  3.56e-16  3.99e-16  4.54e-16  5.20e-16  5.98e-16  6.89e-16  7.93e-16
2229 68  18  9.89e-16  9.79e-16  9.80e-16  1.04e-15  1.14e-15  1.27e-15  1.42e-15  1.61e-15  1.83e-15  2.09e-15  2.37e-15
2230 68  19  1.03e-15  1.02e-15  1.02e-15  1.09e-15  1.19e-15  1.32e-15  1.48e-15  1.67e-15  1.89e-15  2.14e-15  2.43e-15
2231 68  20  2.32e-14  2.32e-14  2.41e-14  2.55e-14  2.75e-14  3.01e-14  3.33e-14  3.72e-14  4.18e-14  4.70e-14  5.30e-14
2232 68  21  7.04e-15  7.05e-15  7.39e-15  7.85e-15  8.46e-15  9.26e-15  1.02e-14  1.14e-14  1.29e-14  1.45e-14  1.64e-14
2233 68  22  8.87e-16  8.90e-16  9.45e-16  1.01e-15  1.09e-15  1.20e-15  1.33e-15  1.49e-15  1.68e-15  1.90e-15  2.15e-15
2234 68  23  2.03e-16  2.03e-16  2.12e-16  2.26e-16  2.43e-16  2.66e-16  2.96e-16  3.32e-16  3.75e-16  4.26e-16  4.85e-16
2235 68  24  1.23e-15  1.23e-15  1.27e-15  1.35e-15  1.44e-15  1.58e-15  1.74e-15  1.94e-15  2.18e-15  2.46e-15  2.78e-15
2236 68  25  2.44e-15  2.44e-15  2.53e-15  2.67e-15  2.87e-15  3.13e-15  3.45e-15  3.85e-15  4.32e-15  4.86e-15  5.47e-15
2237 68  26  1.37e-13  1.35e-13  1.32e-13  1.38e-13  1.46e-13  1.56e-13  1.68e-13  1.81e-13  1.97e-13  2.14e-13  2.32e-13
2238 68  27  3.35e-14  3.31e-14  3.27e-14  3.40e-14  3.61e-14  3.87e-14  4.18e-14  4.53e-14  4.93e-14  5.37e-14  5.84e-14
2239 68  28  3.53e-15  3.49e-15  3.47e-15  3.63e-15  3.87e-15  4.17e-15  4.53e-15  4.95e-15  5.42e-15  5.94e-15  6.51e-15
2240 68  29  7.32e-16  7.23e-16  7.15e-16  7.50e-16  8.03e-16  8.72e-16  9.55e-16  1.05e-15  1.16e-15  1.29e-15  1.43e-15
2241 68  30  5.25e-15  5.18e-15  5.08e-15  5.29e-15  5.62e-15  6.04e-15  6.55e-15  7.14e-15  7.80e-15  8.54e-15  9.34e-15
2242 68  31  1.24e-14  1.22e-14  1.20e-14  1.25e-14  1.32e-14  1.41e-14  1.52e-14  1.65e-14  1.79e-14  1.95e-14  2.12e-14
2243 68  32  5.23e-13  5.21e-13  5.27e-13  5.43e-13  5.67e-13  5.99e-13  6.39e-13  6.85e-13  7.39e-13  7.99e-13  8.64e-13
2244 68  33  7.68e-14  7.67e-14  7.83e-14  8.08e-14  8.45e-14  8.93e-14  9.53e-14  1.02e-13  1.10e-13  1.19e-13  1.29e-13
2245 68  34  4.86e-15  4.86e-15  5.03e-15  5.22e-15  5.47e-15  5.80e-15  6.20e-15  6.68e-15  7.24e-15  7.87e-15  8.56e-15
2246 68  35  6.05e-16  6.04e-16  6.14e-16  6.32e-16  6.60e-16  6.99e-16  7.49e-16  8.09e-16  8.81e-16  9.64e-16  1.06e-15
2247 68  36  7.20e-15  7.18e-15  7.26e-15  7.47e-15  7.78e-15  8.21e-15  8.75e-15  9.41e-15  1.02e-14  1.10e-14  1.20e-14
2248 68  37  2.93e-14  2.92e-14  2.94e-14  3.02e-14  3.14e-14  3.31e-14  3.52e-14  3.78e-14  4.07e-14  4.40e-14  4.76e-14
2249 68  38  1.92e-12  1.90e-12  1.83e-12  1.86e-12  1.90e-12  1.96e-12  2.04e-12  2.12e-12  2.21e-12  2.31e-12  2.41e-12
2250 68  39  2.65e-13  2.61e-13  2.54e-13  2.58e-13  2.65e-13  2.74e-13  2.85e-13  2.98e-13  3.12e-13  3.26e-13  3.41e-13
2251 68  40  1.58e-14  1.56e-14  1.53e-14  1.57e-14  1.62e-14  1.69e-14  1.77e-14  1.86e-14  1.95e-14  2.06e-14  2.17e-14
2252 68  41  1.93e-15  1.91e-15  1.87e-15  1.92e-15  1.99e-15  2.09e-15  2.21e-15  2.35e-15  2.50e-15  2.67e-15  2.85e-15
2253 68  42  2.46e-14  2.43e-14  2.36e-14  2.40e-14  2.47e-14  2.57e-14  2.69e-14  2.82e-14  2.96e-14  3.12e-14  3.29e-14
2254 68  43  1.04e-13  1.03e-13  9.94e-14  1.01e-13  1.03e-13  1.07e-13  1.11e-13  1.16e-13  1.21e-13  1.26e-13  1.32e-13
2255 68  44  7.48e-12  7.46e-12  7.47e-12  7.51e-12  7.62e-12  7.80e-12  8.03e-12  8.32e-12  8.64e-12  9.00e-12  9.38e-12
2256 68  45  5.91e-13  5.92e-13  5.99e-13  6.04e-13  6.13e-13  6.28e-13  6.47e-13  6.71e-13  6.98e-13  7.29e-13  7.61e-13
2257 68  46  2.07e-14  2.09e-14  2.14e-14  2.16e-14  2.20e-14  2.25e-14  2.33e-14  2.42e-14  2.53e-14  2.65e-14  2.79e-14
2258 68  47  1.53e-15  1.54e-15  1.53e-15  1.51e-15  1.51e-15  1.54e-15  1.59e-15  1.65e-15  1.74e-15  1.83e-15  1.94e-15
2259 68  48  3.08e-14  3.09e-14  3.10e-14  3.11e-14  3.14e-14  3.21e-14  3.31e-14  3.44e-14  3.59e-14  3.76e-14  3.94e-14
2260 68  49  2.32e-13  2.31e-13  2.31e-13  2.31e-13  2.34e-13  2.39e-13  2.46e-13  2.55e-13  2.65e-13  2.76e-13  2.88e-13
2261 68  50  1.62e-11  1.61e-11  1.67e-11  1.69e-11  1.71e-11  1.72e-11  1.73e-11  1.74e-11  1.75e-11  1.77e-11  1.78e-11
2262 68  51  1.37e-12  1.37e-12  1.43e-12  1.45e-12  1.47e-12  1.48e-12  1.49e-12  1.50e-12  1.52e-12  1.53e-12  1.55e-12
2263 68  52  4.99e-14  5.01e-14  5.25e-14  5.39e-14  5.46e-14  5.54e-14  5.62e-14  5.71e-14  5.81e-14  5.92e-14  6.04e-14
2264 68  53  3.64e-15  3.65e-15  3.82e-15  3.93e-15  4.02e-15  4.11e-15  4.22e-15  4.34e-15  4.47e-15  4.62e-15  4.78e-15
2265 68  54  7.80e-14  7.81e-14  8.09e-14  8.27e-14  8.37e-14  8.47e-14  8.58e-14  8.71e-14  8.87e-14  9.03e-14  9.22e-14
2266 68  55  5.50e-13  5.50e-13  5.67e-13  5.77e-13  5.81e-13  5.85e-13  5.89e-13  5.94e-13  6.00e-13  6.06e-13  6.13e-13
2267 68  56  7.11e-11  7.15e-11  7.38e-11  7.35e-11  7.30e-11  7.27e-11  7.27e-11  7.29e-11  7.34e-11  7.40e-11  7.48e-11
2268 68  57  3.04e-12  3.07e-12  3.21e-12  3.19e-12  3.15e-12  3.13e-12  3.13e-12  3.14e-12  3.16e-12  3.20e-12  3.24e-12
2269 68  58  6.33e-14  6.48e-14  6.73e-14  6.55e-14  6.40e-14  6.31e-14  6.28e-14  6.29e-14  6.34e-14  6.42e-14  6.53e-14
2270 68  59  3.70e-15  3.85e-15  3.62e-15  3.16e-15  2.88e-15  2.70e-15  2.60e-15  2.55e-15  2.53e-15  2.54e-15  2.58e-15
2271 68  60  8.98e-14  9.17e-14  9.35e-14  8.99e-14  8.70e-14  8.53e-14  8.45e-14  8.45e-14  8.50e-14  8.60e-14  8.74e-14
2272 68  61  1.16e-12  1.17e-12  1.21e-12  1.19e-12  1.18e-12  1.17e-12  1.16e-12  1.17e-12  1.18e-12  1.19e-12  1.20e-12
2273 68  62  6.15e-11  6.43e-11  9.04e-11  1.07e-10  1.17e-10  1.23e-10  1.27e-10  1.30e-10  1.32e-10  1.34e-10  1.35e-10
2274 68  63  3.30e-12  3.46e-12  4.88e-12  5.73e-12  6.23e-12  6.54e-12  6.74e-12  6.88e-12  6.97e-12  7.04e-12  7.09e-12
2275 68  64  7.25e-14  7.62e-14  1.07e-13  1.25e-13  1.35e-13  1.41e-13  1.46e-13  1.49e-13  1.51e-13  1.53e-13  1.55e-13
2276 68  65  3.12e-15  3.28e-15  4.34e-15  4.98e-15  5.34e-15  5.57e-15  5.74e-15  5.88e-15  6.02e-15  6.17e-15  6.32e-15
2277 68  66  1.08e-13  1.13e-13  1.57e-13  1.83e-13  1.98e-13  2.07e-13  2.13e-13  2.18e-13  2.21e-13  2.24e-13  2.26e-13
2278 68  67  1.30e-12  1.36e-12  1.91e-12  2.24e-12  2.43e-12  2.55e-12  2.63e-12  2.68e-12  2.72e-12  2.74e-12  2.76e-12
2279 69  1   1.52e-17  1.54e-17  1.78e-17  2.05e-17  2.38e-17  2.83e-17  3.43e-17  4.21e-17  5.21e-17  6.48e-17  8.03e-17
2280 69  2   6.77e-18  6.86e-18  7.97e-18  9.19e-18  1.07e-17  1.28e-17  1.55e-17  1.90e-17  2.36e-17  2.93e-17  3.64e-17
2281 69  3   7.29e-17  7.27e-17  7.69e-17  8.52e-17  9.70e-17  1.13e-16  1.32e-16  1.57e-16  1.88e-16  2.25e-16  2.68e-16
2282 69  4   1.37e-16  1.37e-16  1.45e-16  1.61e-16  1.83e-16  2.13e-16  2.50e-16  2.97e-16  3.55e-16  4.25e-16  5.07e-16
2283 69  5   1.57e-16  1.56e-16  1.64e-16  1.82e-16  2.06e-16  2.40e-16  2.82e-16  3.35e-16  3.99e-16  4.77e-16  5.68e-16
2284 69  6   8.16e-17  8.13e-17  8.62e-17  9.57e-17  1.09e-16  1.27e-16  1.50e-16  1.79e-16  2.14e-16  2.56e-16  3.05e-16
2285 69  7   5.57e-17  5.55e-17  5.83e-17  6.43e-17  7.29e-17  8.44e-17  9.91e-17  1.18e-16  1.40e-16  1.67e-16  1.99e-16
2286 69  8   9.95e-17  1.00e-16  1.10e-16  1.21e-16  1.35e-16  1.53e-16  1.76e-16  2.05e-16  2.41e-16  2.84e-16  3.35e-16
2287 69  9   4.36e-16  4.37e-16  4.73e-16  5.19e-16  5.81e-16  6.61e-16  7.65e-16  8.96e-16  1.06e-15  1.25e-15  1.48e-15
2288 69  10  3.96e-16  3.98e-16  4.33e-16  4.76e-16  5.32e-16  6.05e-16  6.99e-16  8.16e-16  9.61e-16  1.14e-15  1.34e-15
2289 69  11  1.76e-16  1.76e-16  1.88e-16  2.05e-16  2.27e-16  2.55e-16  2.93e-16  3.39e-16  3.97e-16  4.67e-16  5.49e-16
2290 69  12  6.16e-17  6.21e-17  6.95e-17  7.76e-17  8.75e-17  1.00e-16  1.17e-16  1.37e-16  1.63e-16  1.93e-16  2.29e-16
2291 69  13  1.15e-16  1.15e-16  1.22e-16  1.33e-16  1.46e-16  1.65e-16  1.88e-16  2.18e-16  2.54e-16  2.98e-16  3.50e-16
2292 69  14  1.16e-15  1.15e-15  1.17e-15  1.25e-15  1.36e-15  1.52e-15  1.71e-15  1.94e-15  2.20e-15  2.50e-15  2.84e-15
2293 69  15  5.54e-15  5.48e-15  5.49e-15  5.83e-15  6.36e-15  7.04e-15  7.88e-15  8.89e-15  1.01e-14  1.14e-14  1.29e-14
2294 69  16  3.15e-15  3.12e-15  3.14e-15  3.35e-15  3.66e-15  4.06e-15  4.56e-15  5.15e-15  5.84e-15  6.64e-15  7.53e-15
2295 69  17  9.70e-16  9.60e-16  9.62e-16  1.02e-15  1.12e-15  1.25e-15  1.40e-15  1.59e-15  1.81e-15  2.06e-15  2.35e-15
2296 69  18  6.60e-16  6.53e-16  6.60e-16  7.04e-16  7.69e-16  8.54e-16  9.58e-16  1.08e-15  1.23e-15  1.39e-15  1.58e-15
2297 69  19  6.89e-16  6.82e-16  6.82e-16  7.26e-16  7.94e-16  8.83e-16  9.94e-16  1.13e-15  1.28e-15  1.46e-15  1.66e-15
2298 69  20  2.00e-15  2.01e-15  2.15e-15  2.30e-15  2.48e-15  2.71e-15  3.00e-15  3.36e-15  3.78e-15  4.26e-15  4.81e-15
2299 69  21  2.26e-14  2.25e-14  2.34e-14  2.48e-14  2.67e-14  2.92e-14  3.23e-14  3.61e-14  4.05e-14  4.57e-14  5.15e-14
2300 69  22  6.55e-15  6.56e-15  6.88e-15  7.31e-15  7.88e-15  8.62e-15  9.54e-15  1.07e-14  1.20e-14  1.35e-14  1.52e-14
2301 69  23  1.16e-15  1.16e-15  1.20e-15  1.27e-15  1.37e-15  1.49e-15  1.65e-15  1.84e-15  2.06e-15  2.33e-15  2.63e-15
2302 69  24  1.91e-15  1.91e-15  1.98e-15  2.09e-15  2.25e-15  2.45e-15  2.71e-15  3.02e-15  3.39e-15  3.81e-15  4.29e-15
2303 69  25  8.02e-16  8.01e-16  8.31e-16  8.78e-16  9.43e-16  1.03e-15  1.14e-15  1.27e-15  1.42e-15  1.61e-15  1.82e-15
2304 69  26  1.31e-14  1.30e-14  1.29e-14  1.35e-14  1.43e-14  1.54e-14  1.67e-14  1.82e-14  1.98e-14  2.17e-14  2.37e-14
2305 69  27  1.29e-13  1.28e-13  1.25e-13  1.30e-13  1.38e-13  1.47e-13  1.58e-13  1.71e-13  1.86e-13  2.02e-13  2.19e-13
2306 69  28  3.12e-14  3.08e-14  3.04e-14  3.16e-14  3.35e-14  3.60e-14  3.88e-14  4.22e-14  4.59e-14  4.99e-14  5.44e-14
2307 69  29  4.93e-15  4.86e-15  4.78e-15  4.97e-15  5.28e-15  5.68e-15  6.16e-15  6.72e-15  7.34e-15  8.04e-15  8.80e-15
2308 69  30  9.78e-15  9.65e-15  9.47e-15  9.83e-15  1.04e-14  1.11e-14  1.20e-14  1.30e-14  1.41e-14  1.53e-14  1.66e-14
2309 69  31  3.67e-15  3.62e-15  3.56e-15  3.71e-15  3.94e-15  4.24e-15  4.61e-15  5.03e-15  5.50e-15  6.03e-15  6.61e-15
2310 69  32  2.40e-14  2.40e-14  2.49e-14  2.59e-14  2.71e-14  2.86e-14  3.06e-14  3.29e-14  3.55e-14  3.85e-14  4.19e-14
2311 69  33  5.10e-13  5.08e-13  5.13e-13  5.28e-13  5.52e-13  5.83e-13  6.22e-13  6.67e-13  7.19e-13  7.77e-13  8.41e-13
2312 69  34  7.08e-14  7.07e-14  7.22e-14  7.45e-14  7.79e-14  8.24e-14  8.79e-14  9.44e-14  1.02e-13  1.10e-13  1.19e-13
2313 69  35  6.69e-15  6.67e-15  6.74e-15  6.93e-15  7.22e-15  7.62e-15  8.13e-15  8.74e-15  9.45e-15  1.02e-14  1.11e-14
2314 69  36  2.56e-14  2.55e-14  2.57e-14  2.64e-14  2.75e-14  2.90e-14  3.08e-14  3.30e-14  3.55e-14  3.84e-14  4.15e-14
2315 69  37  4.75e-15  4.74e-15  4.80e-15  4.94e-15  5.15e-15  5.43e-15  5.80e-15  6.24e-15  6.75e-15  7.33e-15  7.98e-15
2316 69  38  1.22e-13  1.21e-13  1.18e-13  1.21e-13  1.24e-13  1.29e-13  1.34e-13  1.41e-13  1.47e-13  1.55e-13  1.62e-13
2317 69  39  1.84e-12  1.81e-12  1.75e-12  1.77e-12  1.81e-12  1.87e-12  1.94e-12  2.02e-12  2.11e-12  2.20e-12  2.29e-12
2318 69  40  2.44e-13  2.41e-13  2.35e-13  2.38e-13  2.45e-13  2.53e-13  2.64e-13  2.75e-13  2.88e-13  3.01e-13  3.15e-13
2319 69  41  2.29e-14  2.26e-14  2.19e-14  2.23e-14  2.30e-14  2.39e-14  2.49e-14  2.62e-14  2.75e-14  2.90e-14  3.06e-14
2320 69  42  9.00e-14  8.88e-14  8.57e-14  8.67e-14  8.89e-14  9.18e-14  9.53e-14  9.92e-14  1.04e-13  1.08e-13  1.13e-13
2321 69  43  1.80e-14  1.78e-14  1.73e-14  1.76e-14  1.82e-14  1.89e-14  1.98e-14  2.08e-14  2.19e-14  2.31e-14  2.44e-14
2322 69  44  2.20e-13  2.21e-13  2.28e-13  2.31e-13  2.34e-13  2.40e-13  2.48e-13  2.57e-13  2.68e-13  2.81e-13  2.94e-13
2323 69  45  7.33e-12  7.31e-12  7.31e-12  7.35e-12  7.46e-12  7.63e-12  7.86e-12  8.14e-12  8.45e-12  8.80e-12  9.18e-12
2324 69  46  5.44e-13  5.44e-13  5.51e-13  5.56e-13  5.64e-13  5.78e-13  5.96e-13  6.17e-13  6.42e-13  6.70e-13  7.01e-13
2325 69  47  2.85e-14  2.85e-14  2.86e-14  2.87e-14  2.90e-14  2.96e-14  3.05e-14  3.17e-14  3.31e-14  3.47e-14  3.64e-14
2326 69  48  2.14e-13  2.13e-13  2.13e-13  2.14e-13  2.16e-13  2.21e-13  2.27e-13  2.35e-13  2.44e-13  2.54e-13  2.65e-13
2327 69  49  2.16e-14  2.17e-14  2.18e-14  2.19e-14  2.21e-14  2.26e-14  2.33e-14  2.42e-14  2.53e-14  2.65e-14  2.79e-14
2328 69  50  7.96e-13  7.98e-13  8.33e-13  8.50e-13  8.58e-13  8.65e-13  8.73e-13  8.82e-13  8.92e-13  9.04e-13  9.16e-13
2329 69  51  1.55e-11  1.55e-11  1.60e-11  1.63e-11  1.64e-11  1.65e-11  1.66e-11  1.67e-11  1.68e-11  1.69e-11  1.71e-11
2330 69  52  1.26e-12  1.26e-12  1.31e-12  1.34e-12  1.35e-12  1.36e-12  1.37e-12  1.38e-12  1.40e-12  1.41e-12  1.43e-12
2331 69  53  7.20e-14  7.21e-14  7.47e-14  7.64e-14  7.73e-14  7.82e-14  7.93e-14  8.05e-14  8.19e-14  8.35e-14  8.52e-14
2332 69  54  4.98e-13  4.97e-13  5.13e-13  5.21e-13  5.25e-13  5.28e-13  5.31e-13  5.35e-13  5.40e-13  5.45e-13  5.51e-13
2333 69  55  6.21e-14  6.22e-14  6.45e-14  6.60e-14  6.68e-14  6.77e-14  6.86e-14  6.98e-14  7.10e-14  7.25e-14  7.40e-14
2334 69  56  1.58e-12  1.61e-12  1.69e-12  1.68e-12  1.66e-12  1.64e-12  1.64e-12  1.65e-12  1.66e-12  1.68e-12  1.70e-12
2335 69  57  6.98e-11  7.02e-11  7.24e-11  7.22e-11  7.17e-11  7.14e-11  7.14e-11  7.16e-11  7.21e-11  7.27e-11  7.34e-11
2336 69  58  2.79e-12  2.82e-12  2.95e-12  2.93e-12  2.90e-12  2.88e-12  2.88e-12  2.89e-12  2.91e-12  2.94e-12  2.98e-12
2337 69  59  8.29e-14  8.46e-14  8.63e-14  8.28e-14  8.02e-14  7.86e-14  7.79e-14  7.78e-14  7.83e-14  7.92e-14  8.05e-14
2338 69  60  1.10e-12  1.10e-12  1.14e-12  1.13e-12  1.12e-12  1.11e-12  1.11e-12  1.11e-12  1.12e-12  1.13e-12  1.14e-12
2339 69  61  7.35e-14  7.51e-14  7.64e-14  7.32e-14  7.07e-14  6.92e-14  6.85e-14  6.85e-14  6.89e-14  6.97e-14  7.09e-14
2340 69  62  2.55e-12  2.68e-12  3.78e-12  4.44e-12  4.82e-12  5.05e-12  5.20e-12  5.31e-12  5.38e-12  5.43e-12  5.47e-12
2341 69  63  5.93e-11  6.20e-11  8.71e-11  1.03e-10  1.12e-10  1.19e-10  1.23e-10  1.26e-10  1.28e-10  1.29e-10  1.30e-10
2342 69  64  3.03e-12  3.18e-12  4.49e-12  5.27e-12  5.73e-12  6.01e-12  6.20e-12  6.33e-12  6.42e-12  6.48e-12  6.52e-12
2343 69  65  9.96e-14  1.05e-13  1.45e-13  1.69e-13  1.82e-13  1.91e-13  1.96e-13  2.00e-13  2.03e-13  2.06e-13  2.08e-13
2344 69  66  1.22e-12  1.27e-12  1.79e-12  2.09e-12  2.27e-12  2.38e-12  2.46e-12  2.50e-12  2.54e-12  2.56e-12  2.58e-12
2345 69  67  9.91e-14  1.04e-13  1.44e-13  1.68e-13  1.82e-13  1.90e-13  1.95e-13  1.99e-13  2.02e-13  2.05e-13  2.07e-13
2346 69  68  1.34e-11  1.34e-11  1.43e-11  1.66e-11  1.92e-11  2.16e-11  2.38e-11  2.57e-11  2.75e-11  2.90e-11  3.04e-11
2347 70  1   8.24e-18  8.39e-18  1.01e-17  1.18e-17  1.39e-17  1.67e-17  2.04e-17  2.53e-17  3.15e-17  3.93e-17  4.89e-17
2348 70  2   1.37e-17  1.39e-17  1.57e-17  1.79e-17  2.06e-17  2.44e-17  2.94e-17  3.59e-17  4.43e-17  5.49e-17  6.78e-17
2349 70  3   3.71e-17  3.72e-17  4.02e-17  4.51e-17  5.17e-17  6.05e-17  7.16e-17  8.56e-17  1.03e-16  1.23e-16  1.48e-16
2350 70  4   1.73e-16  1.72e-16  1.82e-16  2.01e-16  2.28e-16  2.65e-16  3.11e-16  3.69e-16  4.40e-16  5.26e-16  6.27e-16
2351 70  5   9.56e-17  9.54e-17  1.02e-16  1.13e-16  1.29e-16  1.50e-16  1.77e-16  2.11e-16  2.52e-16  3.02e-16  3.60e-16
2352 70  6   1.26e-16  1.26e-16  1.32e-16  1.45e-16  1.65e-16  1.91e-16  2.25e-16  2.67e-16  3.18e-16  3.80e-16  4.53e-16
2353 70  7   7.22e-17  7.19e-17  7.53e-17  8.31e-17  9.45e-17  1.10e-16  1.29e-16  1.53e-16  1.83e-16  2.18e-16  2.60e-16
2354 70  8   1.36e-17  1.36e-17  1.52e-17  1.70e-17  1.91e-17  2.19e-17  2.54e-17  2.98e-17  3.53e-17  4.18e-17  4.96e-17
2355 70  9   1.22e-16  1.23e-16  1.35e-16  1.49e-16  1.66e-16  1.89e-16  2.17e-16  2.53e-16  2.98e-16  3.51e-16  4.14e-16
2356 70  10  7.96e-16  7.99e-16  8.66e-16  9.51e-16  1.06e-15  1.21e-15  1.40e-15  1.63e-15  1.93e-15  2.28e-15  2.69e-15
2357 70  11  2.00e-16  2.01e-16  2.18e-16  2.38e-16  2.65e-16  3.00e-16  3.46e-16  4.02e-16  4.72e-16  5.56e-16  6.55e-16
2358 70  12  1.27e-16  1.27e-16  1.35e-16  1.46e-16  1.62e-16  1.82e-16  2.08e-16  2.41e-16  2.82e-16  3.31e-16  3.89e-16
2359 70  13  2.58e-17  2.58e-17  2.77e-17  3.03e-17  3.36e-17  3.81e-17  4.38e-17  5.12e-17  6.03e-17  7.14e-17  8.47e-17
2360 70  14  8.58e-17  8.53e-17  8.88e-17  9.72e-17  1.09e-16  1.24e-16  1.42e-16  1.65e-16  1.91e-16  2.22e-16  2.58e-16
2361 70  15  1.19e-15  1.18e-15  1.19e-15  1.28e-15  1.40e-15  1.56e-15  1.76e-15  1.99e-15  2.27e-15  2.58e-15  2.94e-15
2362 70  16  8.57e-15  8.48e-15  8.51e-15  9.05e-15  9.87e-15  1.09e-14  1.23e-14  1.38e-14  1.56e-14  1.77e-14  2.01e-14
2363 70  17  1.53e-15  1.51e-15  1.52e-15  1.61e-15  1.76e-15  1.95e-15  2.19e-15  2.48e-15  2.81e-15  3.19e-15  3.61e-15
2364 70  18  6.95e-16  6.87e-16  6.88e-16  7.34e-16  8.03e-16  8.94e-16  1.01e-15  1.14e-15  1.30e-15  1.49e-15  1.69e-15
2365 70  19  9.77e-17  9.69e-17  9.91e-17  1.07e-16  1.20e-16  1.36e-16  1.56e-16  1.80e-16  2.10e-16  2.45e-16  2.85e-16
2366 70  20  6.96e-17  7.04e-17  7.91e-17  8.72e-17  9.65e-17  1.08e-16  1.22e-16  1.39e-16  1.60e-16  1.84e-16  2.12e-16
2367 70  21  1.94e-15  1.95e-15  2.08e-15  2.22e-15  2.40e-15  2.63e-15  2.91e-15  3.26e-15  3.66e-15  4.13e-15  4.67e-15
2368 70  22  2.91e-14  2.91e-14  3.03e-14  3.21e-14  3.45e-14  3.78e-14  4.18e-14  4.67e-14  5.25e-14  5.91e-14  6.67e-14
2369 70  23  3.04e-15  3.04e-15  3.16e-15  3.34e-15  3.58e-15  3.91e-15  4.31e-15  4.81e-15  5.39e-15  6.07e-15  6.83e-15
2370 70  24  7.72e-16  7.71e-16  7.99e-16  8.45e-16  9.08e-16  9.90e-16  1.09e-15  1.22e-15  1.37e-15  1.55e-15  1.75e-15
2371 70  25  5.47e-17  5.48e-17  5.80e-17  6.22e-17  6.75e-17  7.45e-17  8.33e-17  9.43e-17  1.08e-16  1.24e-16  1.42e-16
2372 70  26  5.06e-16  5.02e-16  5.10e-16  5.42e-16  5.88e-16  6.46e-16  7.15e-16  7.96e-16  8.88e-16  9.92e-16  1.11e-15
2373 70  27  1.25e-14  1.24e-14  1.23e-14  1.28e-14  1.37e-14  1.47e-14  1.59e-14  1.73e-14  1.89e-14  2.07e-14  2.26e-14
2374 70  28  1.61e-13  1.59e-13  1.56e-13  1.62e-13  1.71e-13  1.83e-13  1.97e-13  2.14e-13  2.32e-13  2.52e-13  2.73e-13
2375 70  29  1.46e-14  1.44e-14  1.42e-14  1.47e-14  1.56e-14  1.67e-14  1.80e-14  1.95e-14  2.12e-14  2.31e-14  2.51e-14
2376 70  30  3.50e-15  3.45e-15  3.39e-15  3.53e-15  3.76e-15  4.05e-15  4.40e-15  4.80e-15  5.26e-15  5.76e-15  6.32e-15
2377 70  31  2.56e-16  2.53e-16  2.52e-16  2.67e-16  2.89e-16  3.16e-16  3.50e-16  3.90e-16  4.37e-16  4.90e-16  5.49e-16
2378 70  32  4.82e-16  4.87e-16  5.28e-16  5.61e-16  5.97e-16  6.42e-16  6.98e-16  7.65e-16  8.45e-16  9.36e-16  1.04e-15
2379 70  33  2.25e-14  2.26e-14  2.34e-14  2.43e-14  2.54e-14  2.69e-14  2.87e-14  3.09e-14  3.34e-14  3.63e-14  3.94e-14
2380 70  34  5.81e-13  5.80e-13  5.86e-13  6.04e-13  6.31e-13  6.66e-13  7.11e-13  7.63e-13  8.22e-13  8.89e-13  9.62e-13
2381 70  35  3.24e-14  3.23e-14  3.26e-14  3.34e-14  3.48e-14  3.67e-14  3.91e-14  4.19e-14  4.51e-14  4.88e-14  5.28e-14
2382 70  36  4.46e-15  4.45e-15  4.51e-15  4.64e-15  4.83e-15  5.10e-15  5.45e-15  5.86e-15  6.34e-15  6.89e-15  7.50e-15
2383 70  37  1.82e-16  1.82e-16  1.87e-16  1.93e-16  2.02e-16  2.15e-16  2.32e-16  2.53e-16  2.78e-16  3.07e-16  3.41e-16
2384 70  38  3.19e-15  3.16e-15  3.17e-15  3.29e-15  3.44e-15  3.63e-15  3.86e-15  4.12e-15  4.40e-15  4.71e-15  5.05e-15
2385 70  39  1.15e-13  1.13e-13  1.11e-13  1.13e-13  1.16e-13  1.21e-13  1.26e-13  1.32e-13  1.38e-13  1.45e-13  1.52e-13
2386 70  40  2.09e-12  2.06e-12  1.99e-12  2.01e-12  2.06e-12  2.13e-12  2.21e-12  2.30e-12  2.40e-12  2.50e-12  2.61e-12
2387 70  41  1.13e-13  1.12e-13  1.08e-13  1.09e-13  1.12e-13  1.16e-13  1.20e-13  1.26e-13  1.31e-13  1.37e-13  1.44e-13
2388 70  42  1.69e-14  1.67e-14  1.62e-14  1.65e-14  1.70e-14  1.77e-14  1.85e-14  1.95e-14  2.05e-14  2.17e-14  2.29e-14
2389 70  43  8.04e-16  7.96e-16  7.87e-16  8.14e-16  8.53e-16  9.03e-16  9.63e-16  1.03e-15  1.11e-15  1.19e-15  1.29e-15
2390 70  44  3.29e-15  3.34e-15  3.52e-15  3.56e-15  3.63e-15  3.74e-15  3.90e-15  4.10e-15  4.34e-15  4.62e-15  4.93e-15
2391 70  45  2.05e-13  2.06e-13  2.12e-13  2.15e-13  2.18e-13  2.24e-13  2.31e-13  2.40e-13  2.50e-13  2.61e-13  2.74e-13
2392 70  46  7.88e-12  7.86e-12  7.87e-12  7.92e-12  8.04e-12  8.22e-12  8.47e-12  8.77e-12  9.11e-12  9.49e-12  9.89e-12
2393 70  47  2.43e-13  2.43e-13  2.42e-13  2.43e-13  2.46e-13  2.51e-13  2.58e-13  2.68e-13  2.78e-13  2.90e-13  3.03e-13
2394 70  48  2.02e-14  2.02e-14  2.03e-14  2.04e-14  2.06e-14  2.10e-14  2.17e-14  2.25e-14  2.36e-14  2.47e-14  2.60e-14
2395 70  49  6.41e-16  6.48e-16  6.35e-16  6.16e-16  6.12e-16  6.21e-16  6.41e-16  6.69e-16  7.06e-16  7.50e-16  8.01e-16
2396 70  50  1.60e-14  1.61e-14  1.71e-14  1.77e-14  1.81e-14  1.85e-14  1.89e-14  1.94e-14  1.99e-14  2.05e-14  2.11e-14
2397 70  51  7.40e-13  7.42e-13  7.75e-13  7.91e-13  7.99e-13  8.05e-13  8.12e-13  8.21e-13  8.30e-13  8.41e-13  8.53e-13
2398 70  52  1.68e-11  1.68e-11  1.73e-11  1.76e-11  1.78e-11  1.79e-11  1.80e-11  1.81e-11  1.82e-11  1.84e-11  1.85e-11
2399 70  53  5.72e-13  5.72e-13  5.90e-13  6.00e-13  6.04e-13  6.08e-13  6.12e-13  6.18e-13  6.24e-13  6.31e-13  6.39e-13
2400 70  54  5.78e-14  5.79e-14  6.01e-14  6.14e-14  6.22e-14  6.30e-14  6.39e-14  6.50e-14  6.62e-14  6.75e-14  6.90e-14
2401 70  55  2.02e-15  2.03e-15  2.13e-15  2.20e-15  2.26e-15  2.33e-15  2.40e-15  2.48e-15  2.57e-15  2.67e-15  2.78e-15
2402 70  56  2.16e-14  2.24e-14  2.30e-14  2.18e-14  2.09e-14  2.03e-14  2.01e-14  2.01e-14  2.03e-14  2.06e-14  2.10e-14
2403 70  57  1.47e-12  1.49e-12  1.57e-12  1.55e-12  1.53e-12  1.52e-12  1.52e-12  1.53e-12  1.54e-12  1.56e-12  1.58e-12
2404 70  58  7.27e-11  7.31e-11  7.55e-11  7.52e-11  7.47e-11  7.43e-11  7.43e-11  7.46e-11  7.51e-11  7.57e-11  7.65e-11
2405 70  59  1.18e-12  1.19e-12  1.23e-12  1.22e-12  1.20e-12  1.19e-12  1.19e-12  1.19e-12  1.20e-12  1.21e-12  1.22e-12
2406 70  60  6.83e-14  6.98e-14  7.11e-14  6.80e-14  6.57e-14  6.43e-14  6.36e-14  6.36e-14  6.39e-14  6.47e-14  6.58e-14
2407 70  61  2.57e-15  2.69e-15  2.49e-15  2.13e-15  1.90e-15  1.77e-15  1.69e-15  1.64e-15  1.63e-15  1.63e-15  1.65e-15
2408 70  62  4.22e-14  4.44e-14  6.19e-14  7.22e-14  7.82e-14  8.19e-14  8.44e-14  8.62e-14  8.77e-14  8.89e-14  9.00e-14
2409 70  63  2.36e-12  2.48e-12  3.50e-12  4.11e-12  4.46e-12  4.68e-12  4.82e-12  4.92e-12  4.99e-12  5.03e-12  5.07e-12
2410 70  64  6.24e-11  6.53e-11  9.18e-11  1.08e-10  1.18e-10  1.25e-10  1.29e-10  1.32e-10  1.34e-10  1.36e-10  1.37e-10
2411 70  65  1.32e-12  1.38e-12  1.94e-12  2.27e-12  2.46e-12  2.58e-12  2.66e-12  2.71e-12  2.75e-12  2.78e-12  2.79e-12
2412 70  66  9.20e-14  9.65e-14  1.34e-13  1.56e-13  1.68e-13  1.76e-13  1.81e-13  1.85e-13  1.88e-13  1.90e-13  1.92e-13
2413 70  67  2.64e-15  2.78e-15  3.68e-15  4.21e-15  4.52e-15  4.71e-15  4.86e-15  4.98e-15  5.10e-15  5.22e-15  5.35e-15
2414 70  68  8.80e-14  9.04e-14  1.09e-13  1.28e-13  1.45e-13  1.60e-13  1.73e-13  1.85e-13  1.96e-13  2.06e-13  2.14e-13
2415 70  69  1.23e-11  1.24e-11  1.33e-11  1.54e-11  1.77e-11  2.00e-11  2.20e-11  2.38e-11  2.54e-11  2.68e-11  2.81e-11
2416 71  1   2.18e-17  2.21e-17  2.53e-17  2.90e-17  3.36e-17  3.97e-17  4.79e-17  5.86e-17  7.24e-17  8.97e-17  1.11e-16
2417 71  2   1.77e-19  2.05e-19  4.58e-19  7.01e-19  9.91e-19  1.36e-18  1.86e-18  2.51e-18  3.37e-18  4.47e-18  5.84e-18
2418 71  3   5.16e-17  5.13e-17  5.36e-17  5.91e-17  6.72e-17  7.80e-17  9.17e-17  1.09e-16  1.30e-16  1.55e-16  1.84e-16
2419 71  4   7.76e-17  7.74e-17  8.17e-17  9.04e-17  1.03e-16  1.20e-16  1.41e-16  1.67e-16  2.00e-16  2.39e-16  2.85e-16
2420 71  5   3.06e-16  3.05e-16  3.22e-16  3.56e-16  4.05e-16  4.70e-16  5.52e-16  6.55e-16  7.82e-16  9.34e-16  1.11e-15
2421 71  6   6.23e-17  6.22e-17  6.60e-17  7.34e-17  8.38e-17  9.77e-17  1.15e-16  1.38e-16  1.65e-16  1.97e-16  2.36e-16
2422 71  7   6.81e-18  6.80e-18  7.38e-18  8.35e-18  9.70e-18  1.15e-17  1.38e-17  1.67e-17  2.02e-17  2.45e-17  2.96e-17
2423 71  8   2.03e-18  2.07e-18  2.49e-18  2.95e-18  3.49e-18  4.19e-18  5.10e-18  6.27e-18  7.76e-18  9.62e-18  1.19e-17
2424 71  9   2.69e-17  2.69e-17  2.84e-17  3.07e-17  3.38e-17  3.79e-17  4.32e-17  5.00e-17  5.85e-17  6.88e-17  8.10e-17
2425 71  10  9.92e-17  9.94e-17  1.05e-16  1.14e-16  1.25e-16  1.40e-16  1.59e-16  1.83e-16  2.13e-16  2.48e-16  2.90e-16
2426 71  11  1.03e-15  1.04e-15  1.12e-15  1.23e-15  1.38e-15  1.57e-15  1.81e-15  2.12e-15  2.50e-15  2.95e-15  3.49e-15
2427 71  12  1.17e-16  1.18e-16  1.28e-16  1.40e-16  1.56e-16  1.76e-16  2.03e-16  2.36e-16  2.77e-16  3.26e-16  3.84e-16
2428 71  13  7.15e-18  7.19e-18  7.93e-18  8.87e-18  1.00e-17  1.15e-17  1.34e-17  1.58e-17  1.88e-17  2.24e-17  2.67e-17
2429 71  14  1.32e-17  1.32e-17  1.44e-17  1.63e-17  1.89e-17  2.24e-17  2.69e-17  3.26e-17  3.96e-17  4.83e-17  5.86e-17
2430 71  15  1.50e-16  1.49e-16  1.52e-16  1.64e-16  1.81e-16  2.05e-16  2.34e-16  2.70e-16  3.12e-16  3.62e-16  4.19e-16
2431 71  16  7.74e-16  7.65e-16  7.64e-16  8.12e-16  8.87e-16  9.84e-16  1.10e-15  1.25e-15  1.42e-15  1.61e-15  1.83e-15
2432 71  17  1.01e-14  1.00e-14  1.01e-14  1.07e-14  1.17e-14  1.29e-14  1.45e-14  1.64e-14  1.85e-14  2.10e-14  2.38e-14
2433 71  18  1.06e-15  1.05e-15  1.06e-15  1.13e-15  1.24e-15  1.38e-15  1.56e-15  1.77e-15  2.01e-15  2.29e-15  2.61e-15
2434 71  19  5.01e-17  4.98e-17  5.16e-17  5.63e-17  6.31e-17  7.19e-17  8.28e-17  9.60e-17  1.12e-16  1.30e-16  1.51e-16
2435 71  20  6.24e-18  6.27e-18  6.82e-18  7.55e-18  8.46e-18  9.67e-18  1.12e-17  1.33e-17  1.58e-17  1.89e-17  2.27e-17
2436 71  21  1.10e-16  1.10e-16  1.16e-16  1.24e-16  1.34e-16  1.47e-16  1.64e-16  1.85e-16  2.11e-16  2.42e-16  2.78e-16
2437 71  22  1.06e-15  1.06e-15  1.09e-15  1.14e-15  1.22e-15  1.32e-15  1.45e-15  1.61e-15  1.80e-15  2.02e-15  2.27e-15
2438 71  23  3.21e-14  3.21e-14  3.34e-14  3.54e-14  3.81e-14  4.17e-14  4.62e-14  5.16e-14  5.80e-14  6.53e-14  7.36e-14
2439 71  24  1.65e-15  1.66e-15  1.76e-15  1.88e-15  2.03e-15  2.22e-15  2.46e-15  2.75e-15  3.10e-15  3.49e-15  3.95e-15
2440 71  25  4.28e-17  4.32e-17  4.82e-17  5.30e-17  5.85e-17  6.53e-17  7.38e-17  8.41e-17  9.66e-17  1.11e-16  1.28e-16
2441 71  26  4.15e-17  4.12e-17  4.27e-17  4.67e-17  5.22e-17  5.94e-17  6.82e-17  7.90e-17  9.18e-17  1.07e-16  1.24e-16
2442 71  27  8.01e-16  7.93e-16  7.89e-16  8.32e-16  8.96e-16  9.79e-16  1.08e-15  1.20e-15  1.34e-15  1.49e-15  1.66e-15
2443 71  28  6.72e-15  6.62e-15  6.48e-15  6.72e-15  7.12e-15  7.63e-15  8.25e-15  8.97e-15  9.77e-15  1.07e-14  1.16e-14
2444 71  29  1.73e-13  1.71e-13  1.68e-13  1.75e-13  1.85e-13  1.98e-13  2.13e-13  2.31e-13  2.50e-13  2.72e-13  2.95e-13
2445 71  30  1.08e-14  1.06e-14  1.06e-14  1.10e-14  1.17e-14  1.26e-14  1.37e-14  1.49e-14  1.63e-14  1.78e-14  1.95e-14
2446 71  31  3.28e-16  3.26e-16  3.29e-16  3.50e-16  3.80e-16  4.17e-16  4.62e-16  5.14e-16  5.74e-16  6.41e-16  7.16e-16
2447 71  32  2.62e-17  2.64e-17  2.65e-17  2.70e-17  2.84e-17  3.07e-17  3.40e-17  3.82e-17  4.36e-17  5.00e-17  5.76e-17
2448 71  33  6.90e-16  6.91e-16  7.02e-16  7.24e-16  7.56e-16  8.03e-16  8.66e-16  9.45e-16  1.04e-15  1.15e-15  1.28e-15
2449 71  34  1.07e-14  1.07e-14  1.07e-14  1.09e-14  1.13e-14  1.18e-14  1.25e-14  1.34e-14  1.44e-14  1.56e-14  1.69e-14
2450 71  35  6.11e-13  6.09e-13  6.16e-13  6.34e-13  6.62e-13  7.00e-13  7.47e-13  8.01e-13  8.64e-13  9.34e-13  1.01e-12
2451 71  36  1.91e-14  1.92e-14  1.99e-14  2.06e-14  2.16e-14  2.28e-14  2.44e-14  2.62e-14  2.83e-14  3.07e-14  3.34e-14
2452 71  37  3.22e-16  3.26e-16  3.51e-16  3.72e-16  3.96e-16  4.25e-16  4.62e-16  5.07e-16  5.59e-16  6.20e-16  6.88e-16
2453 71  38  1.61e-16  1.61e-16  1.64e-16  1.75e-16  1.89e-16  2.06e-16  2.27e-16  2.51e-16  2.78e-16  3.09e-16  3.44e-16
2454 71  39  4.75e-15  4.70e-15  4.63e-15  4.77e-15  4.98e-15  5.25e-15  5.57e-15  5.93e-15  6.35e-15  6.80e-15  7.28e-15
2455 71  40  5.61e-14  5.53e-14  5.34e-14  5.41e-14  5.55e-14  5.75e-14  5.98e-14  6.25e-14  6.55e-14  6.86e-14  7.20e-14
2456 71  41  2.17e-12  2.14e-12  2.07e-12  2.10e-12  2.15e-12  2.22e-12  2.30e-12  2.40e-12  2.50e-12  2.61e-12  2.73e-12
2457 71  42  9.84e-14  9.73e-14  9.53e-14  9.70e-14  9.99e-14  1.04e-13  1.08e-13  1.13e-13  1.19e-13  1.25e-13  1.31e-13
2458 71  43  2.19e-15  2.18e-15  2.18e-15  2.25e-15  2.36e-15  2.49e-15  2.65e-15  2.82e-15  3.02e-15  3.23e-15  3.46e-15
2459 71  44  1.67e-16  1.71e-16  1.54e-16  1.39e-16  1.32e-16  1.31e-16  1.33e-16  1.40e-16  1.49e-16  1.61e-16  1.75e-16
2460 71  45  4.35e-15  4.38e-15  4.33e-15  4.26e-15  4.26e-15  4.35e-15  4.50e-15  4.71e-15  4.98e-15  5.31e-15  5.68e-15
2461 71  46  8.79e-14  8.78e-14  8.74e-14  8.73e-14  8.79e-14  8.95e-14  9.20e-14  9.52e-14  9.90e-14  1.03e-13  1.08e-13
2462 71  47  8.08e-12  8.07e-12  8.08e-12  8.13e-12  8.24e-12  8.43e-12  8.69e-12  9.00e-12  9.35e-12  9.73e-12  1.01e-11
2463 71  48  1.75e-13  1.76e-13  1.81e-13  1.83e-13  1.86e-13  1.91e-13  1.97e-13  2.04e-13  2.13e-13  2.23e-13  2.34e-13
2464 71  49  2.31e-15  2.34e-15  2.46e-15  2.49e-15  2.53e-15  2.61e-15  2.72e-15  2.86e-15  3.03e-15  3.22e-15  3.44e-15
2465 71  50  5.85e-16  5.91e-16  6.28e-16  6.62e-16  6.94e-16  7.28e-16  7.67e-16  8.11e-16  8.60e-16  9.14e-16  9.73e-16
2466 71  51  2.25e-14  2.26e-14  2.36e-14  2.44e-14  2.49e-14  2.54e-14  2.60e-14  2.67e-14  2.75e-14  2.83e-14  2.93e-14
2467 71  52  3.39e-13  3.39e-13  3.49e-13  3.55e-13  3.58e-13  3.60e-13  3.63e-13  3.67e-13  3.71e-13  3.76e-13  3.81e-13
2468 71  53  1.72e-11  1.72e-11  1.77e-11  1.80e-11  1.82e-11  1.83e-11  1.84e-11  1.85e-11  1.86e-11  1.88e-11  1.90e-11
2469 71  54  6.38e-13  6.39e-13  6.67e-13  6.81e-13  6.87e-13  6.93e-13  6.99e-13  7.06e-13  7.15e-13  7.24e-13  7.35e-13
2470 71  55  1.14e-14  1.15e-14  1.22e-14  1.26e-14  1.29e-14  1.31e-14  1.34e-14  1.38e-14  1.42e-14  1.46e-14  1.50e-14
2471 71  56  1.39e-15  1.46e-15  1.27e-15  9.99e-16  8.39e-16  7.42e-16  6.81e-16  6.44e-16  6.24e-16  6.16e-16  6.17e-16
2472 71  57  2.74e-14  2.83e-14  2.77e-14  2.53e-14  2.36e-14  2.26e-14  2.21e-14  2.19e-14  2.20e-14  2.23e-14  2.28e-14
2473 71  58  5.74e-13  5.82e-13  6.01e-13  5.89e-13  5.78e-13  5.71e-13  5.68e-13  5.68e-13  5.72e-13  5.79e-13  5.87e-13
2474 71  59  7.35e-11  7.40e-11  7.64e-11  7.61e-11  7.55e-11  7.52e-11  7.52e-11  7.55e-11  7.60e-11  7.66e-11  7.74e-11
2475 71  60  1.26e-12  1.28e-12  1.35e-12  1.34e-12  1.32e-12  1.31e-12  1.31e-12  1.31e-12  1.32e-12  1.34e-12  1.36e-12
2476 71  61  1.56e-14  1.62e-14  1.66e-14  1.57e-14  1.51e-14  1.47e-14  1.45e-14  1.45e-14  1.46e-14  1.48e-14  1.52e-14
2477 71  62  1.35e-15  1.43e-15  1.84e-15  2.10e-15  2.24e-15  2.34e-15  2.41e-15  2.48e-15  2.56e-15  2.64e-15  2.74e-15
2478 71  63  5.64e-14  5.93e-14  8.21e-14  9.56e-14  1.03e-13  1.08e-13  1.11e-13  1.13e-13  1.15e-13  1.17e-13  1.18e-13
2479 71  64  1.03e-12  1.07e-12  1.50e-12  1.76e-12  1.91e-12  2.00e-12  2.06e-12  2.10e-12  2.12e-12  2.14e-12  2.16e-12
2480 71  65  6.31e-11  6.60e-11  9.28e-11  1.10e-10  1.20e-10  1.26e-10  1.31e-10  1.34e-10  1.36e-10  1.37e-10  1.38e-10
2481 71  66  2.04e-12  2.14e-12  3.02e-12  3.54e-12  3.85e-12  4.04e-12  4.16e-12  4.24e-12  4.30e-12  4.34e-12  4.37e-12
2482 71  67  3.07e-14  3.23e-14  4.50e-14  5.25e-14  5.68e-14  5.95e-14  6.13e-14  6.27e-14  6.38e-14  6.46e-14  6.54e-14
2483 71  68  9.45e-16  1.10e-15  1.87e-15  2.02e-15  2.06e-15  2.08e-15  2.10e-15  2.14e-15  2.21e-15  2.33e-15  2.50e-15
2484 71  69  7.20e-14  7.52e-14  9.80e-14  1.12e-13  1.24e-13  1.33e-13  1.41e-13  1.48e-13  1.54e-13  1.60e-13  1.65e-13
2485 71  70  4.11e-12  4.13e-12  4.48e-12  5.18e-12  5.93e-12  6.64e-12  7.27e-12  7.84e-12  8.35e-12  8.81e-12  9.21e-12
2486 72  1   1.41e-17  1.43e-17  1.65e-17  1.90e-17  2.22e-17  2.64e-17  3.20e-17  3.93e-17  4.87e-17  6.06e-17  7.52e-17
2487 72  2   7.90e-18  8.00e-18  9.24e-18  1.06e-17  1.24e-17  1.47e-17  1.78e-17  2.18e-17  2.70e-17  3.35e-17  4.16e-17
2488 72  3   4.24e-17  4.22e-17  4.44e-17  4.91e-17  5.59e-17  6.49e-17  7.64e-17  9.07e-17  1.08e-16  1.29e-16  1.54e-16
2489 72  4   8.68e-17  8.65e-17  9.09e-17  1.00e-16  1.14e-16  1.33e-16  1.56e-16  1.85e-16  2.21e-16  2.64e-16  3.15e-16
2490 72  5   1.68e-16  1.68e-16  1.77e-16  1.97e-16  2.24e-16  2.60e-16  3.07e-16  3.64e-16  4.35e-16  5.21e-16  6.21e-16
2491 72  6   1.56e-16  1.56e-16  1.64e-16  1.82e-16  2.07e-16  2.40e-16  2.82e-16  3.35e-16  3.99e-16  4.77e-16  5.69e-16
2492 72  7   5.07e-17  5.05e-17  5.35e-17  5.94e-17  6.77e-17  7.87e-17  9.28e-17  1.10e-16  1.32e-16  1.58e-16  1.89e-16
2493 72  8   2.26e-17  2.26e-17  2.35e-17  2.52e-17  2.76e-17  3.07e-17  3.48e-17  4.00e-17  4.64e-17  5.42e-17  6.34e-17
2494 72  9   4.45e-17  4.46e-17  4.80e-17  5.23e-17  5.78e-17  6.51e-17  7.44e-17  8.62e-17  1.01e-16  1.18e-16  1.39e-16
2495 72  10  6.11e-17  6.11e-17  6.46e-17  6.99e-17  7.68e-17  8.60e-17  9.79e-17  1.13e-16  1.32e-16  1.54e-16  1.81e-16
2496 72  11  3.56e-16  3.58e-16  3.88e-16  4.26e-16  4.76e-16  5.40e-16  6.23e-16  7.28e-16  8.56e-16  1.01e-15  1.19e-15
2497 72  12  6.86e-16  6.88e-16  7.47e-16  8.21e-16  9.18e-16  1.05e-15  1.21e-15  1.42e-15  1.67e-15  1.97e-15  2.33e-15
2498 72  13  1.14e-16  1.15e-16  1.25e-16  1.37e-16  1.52e-16  1.72e-16  1.98e-16  2.30e-16  2.70e-16  3.17e-16  3.74e-16
2499 72  14  1.45e-16  1.43e-16  1.45e-16  1.57e-16  1.73e-16  1.95e-16  2.22e-16  2.55e-16  2.95e-16  3.40e-16  3.92e-16
2500 72  15  4.61e-16  4.56e-16  4.54e-16  4.82e-16  5.24e-16  5.81e-16  6.50e-16  7.33e-16  8.29e-16  9.40e-16  1.06e-15
2501 72  16  3.31e-16  3.28e-16  3.31e-16  3.54e-16  3.89e-16  4.36e-16  4.93e-16  5.63e-16  6.45e-16  7.40e-16  8.49e-16
2502 72  17  2.73e-15  2.70e-15  2.72e-15  2.90e-15  3.17e-15  3.52e-15  3.95e-15  4.47e-15  5.08e-15  5.77e-15  6.55e-15
2503 72  18  7.42e-15  7.34e-15  7.37e-15  7.83e-15  8.54e-15  9.46e-15  1.06e-14  1.19e-14  1.35e-14  1.53e-14  1.74e-14
2504 72  19  1.08e-15  1.07e-15  1.08e-15  1.16e-15  1.27e-15  1.41e-15  1.59e-15  1.80e-15  2.05e-15  2.34e-15  2.66e-15
2505 72  20  1.12e-16  1.12e-16  1.18e-16  1.26e-16  1.36e-16  1.49e-16  1.66e-16  1.88e-16  2.14e-16  2.45e-16  2.81e-16
2506 72  21  7.81e-16  7.80e-16  7.99e-16  8.37e-16  8.91e-16  9.63e-16  1.05e-15  1.17e-15  1.30e-15  1.46e-15  1.63e-15
2507 72  22  2.85e-16  2.85e-16  2.96e-16  3.13e-16  3.36e-16  3.66e-16  4.04e-16  4.52e-16  5.09e-16  5.77e-16  6.55e-16
2508 72  23  5.49e-15  5.50e-15  5.76e-15  6.12e-15  6.59e-15  7.21e-15  7.99e-15  8.92e-15  1.00e-14  1.13e-14  1.28e-14
2509 72  24  2.66e-14  2.66e-14  2.76e-14  2.93e-14  3.15e-14  3.45e-14  3.82e-14  4.26e-14  4.79e-14  5.40e-14  6.08e-14
2510 72  25  1.73e-15  1.74e-15  1.85e-15  1.97e-15  2.13e-15  2.33e-15  2.58e-15  2.88e-15  3.24e-15  3.65e-15  4.13e-15
2511 72  26  8.33e-16  8.24e-16  8.20e-16  8.63e-16  9.30e-16  1.02e-15  1.12e-15  1.24e-15  1.38e-15  1.54e-15  1.72e-15
2512 72  27  5.09e-15  5.02e-15  4.90e-15  5.07e-15  5.36e-15  5.73e-15  6.18e-15  6.69e-15  7.27e-15  7.90e-15  8.59e-15
2513 72  28  1.63e-15  1.61e-15  1.59e-15  1.66e-15  1.78e-15  1.93e-15  2.11e-15  2.32e-15  2.55e-15  2.82e-15  3.12e-15
2514 72  29  2.64e-14  2.61e-14  2.57e-14  2.68e-14  2.84e-14  3.05e-14  3.30e-14  3.58e-14  3.89e-14  4.24e-14  4.62e-14
2515 72  30  1.47e-13  1.45e-13  1.42e-13  1.48e-13  1.56e-13  1.67e-13  1.80e-13  1.95e-13  2.11e-13  2.29e-13  2.49e-13
2516 72  31  1.14e-14  1.12e-14  1.11e-14  1.16e-14  1.24e-14  1.33e-14  1.44e-14  1.57e-14  1.72e-14  1.88e-14  2.05e-14
2517 72  32  7.27e-16  7.27e-16  7.40e-16  7.62e-16  7.97e-16  8.46e-16  9.12e-16  9.94e-16  1.09e-15  1.21e-15  1.34e-15
2518 72  33  9.06e-15  9.02e-15  9.00e-15  9.17e-15  9.48e-15  9.93e-15  1.05e-14  1.12e-14  1.21e-14  1.30e-14  1.41e-14
2519 72  34  1.66e-15  1.66e-15  1.67e-15  1.71e-15  1.78e-15  1.87e-15  2.00e-15  2.16e-15  2.35e-15  2.57e-15  2.82e-15
2520 72  35  5.96e-14  5.95e-14  6.07e-14  6.26e-14  6.55e-14  6.92e-14  7.38e-14  7.93e-14  8.56e-14  9.26e-14  1.00e-13
2521 72  36  5.50e-13  5.48e-13  5.54e-13  5.71e-13  5.96e-13  6.30e-13  6.72e-13  7.21e-13  7.77e-13  8.40e-13  9.09e-13
2522 72  37  2.04e-14  2.04e-14  2.11e-14  2.19e-14  2.29e-14  2.43e-14  2.59e-14  2.79e-14  3.01e-14  3.27e-14  3.55e-14
2523 72  38  5.03e-15  4.98e-15  4.91e-15  5.05e-15  5.27e-15  5.56e-15  5.89e-15  6.28e-15  6.71e-15  7.18e-15  7.69e-15
2524 72  39  4.73e-14  4.66e-14  4.49e-14  4.54e-14  4.65e-14  4.81e-14  4.99e-14  5.21e-14  5.44e-14  5.69e-14  5.96e-14
2525 72  40  8.67e-15  8.57e-15  8.38e-15  8.57e-15  8.88e-15  9.29e-15  9.78e-15  1.03e-14  1.10e-14  1.17e-14  1.24e-14
2526 72  41  2.08e-13  2.05e-13  2.00e-13  2.03e-13  2.08e-13  2.16e-13  2.24e-13  2.34e-13  2.45e-13  2.56e-13  2.69e-13
2527 72  42  1.96e-12  1.93e-12  1.87e-12  1.89e-12  1.94e-12  2.00e-12  2.08e-12  2.16e-12  2.25e-12  2.35e-12  2.45e-12
2528 72  43  1.05e-13  1.04e-13  1.02e-13  1.03e-13  1.06e-13  1.10e-13  1.15e-13  1.21e-13  1.26e-13  1.33e-13  1.39e-13
2529 72  44  4.62e-15  4.65e-15  4.60e-15  4.53e-15  4.54e-15  4.63e-15  4.79e-15  5.01e-15  5.30e-15  5.65e-15  6.04e-15
2530 72  45  7.90e-14  7.88e-14  7.85e-14  7.85e-14  7.91e-14  8.05e-14  8.27e-14  8.55e-14  8.89e-14  9.27e-14  9.70e-14
2531 72  46  8.80e-15  8.83e-15  8.76e-15  8.67e-15  8.71e-15  8.87e-15  9.15e-15  9.53e-15  1.00e-14  1.06e-14  1.12e-14
2532 72  47  4.60e-13  4.61e-13  4.67e-13  4.71e-13  4.78e-13  4.89e-13  5.04e-13  5.23e-13  5.44e-13  5.67e-13  5.93e-13
2533 72  48  7.61e-12  7.59e-12  7.60e-12  7.64e-12  7.76e-12  7.94e-12  8.17e-12  8.46e-12  8.79e-12  9.15e-12  9.54e-12
2534 72  49  1.88e-13  1.88e-13  1.94e-13  1.96e-13  1.99e-13  2.04e-13  2.11e-13  2.19e-13  2.28e-13  2.39e-13  2.50e-13
2535 72  50  2.40e-14  2.41e-14  2.52e-14  2.60e-14  2.66e-14  2.71e-14  2.78e-14  2.85e-14  2.93e-14  3.02e-14  3.12e-14
2536 72  51  3.02e-13  3.02e-13  3.11e-13  3.16e-13  3.18e-13  3.20e-13  3.22e-13  3.25e-13  3.28e-13  3.32e-13  3.36e-13
2537 72  52  3.55e-14  3.56e-14  3.71e-14  3.81e-14  3.88e-14  3.94e-14  4.02e-14  4.10e-14  4.20e-14  4.31e-14  4.42e-14
2538 72  53  1.08e-12  1.08e-12  1.12e-12  1.14e-12  1.15e-12  1.16e-12  1.17e-12  1.18e-12  1.19e-12  1.21e-12  1.22e-12
2539 72  54  1.61e-11  1.61e-11  1.66e-11  1.69e-11  1.70e-11  1.71e-11  1.72e-11  1.73e-11  1.74e-11  1.76e-11  1.77e-11
2540 72  55  6.83e-13  6.85e-13  7.14e-13  7.29e-13  7.36e-13  7.42e-13  7.48e-13  7.56e-13  7.65e-13  7.75e-13  7.86e-13
2541 72  56  2.92e-14  3.01e-14  2.95e-14  2.70e-14  2.52e-14  2.42e-14  2.36e-14  2.34e-14  2.35e-14  2.39e-14  2.44e-14
2542 72  57  5.31e-13  5.38e-13  5.56e-13  5.48e-13  5.38e-13  5.32e-13  5.30e-13  5.31e-13  5.35e-13  5.40e-13  5.48e-13
2543 72  58  4.26e-14  4.37e-14  4.35e-14  4.06e-14  3.86e-14  3.74e-14  3.68e-14  3.66e-14  3.68e-14  3.72e-14  3.79e-14
2544 72  59  2.38e-12  2.41e-12  2.51e-12  2.50e-12  2.47e-12  2.45e-12  2.45e-12  2.46e-12  2.48e-12  2.50e-12  2.54e-12
2545 72  60  7.11e-11  7.15e-11  7.38e-11  7.35e-11  7.30e-11  7.27e-11  7.27e-11  7.29e-11  7.34e-11  7.40e-11  7.48e-11
2546 72  61  1.35e-12  1.38e-12  1.45e-12  1.43e-12  1.41e-12  1.40e-12  1.40e-12  1.41e-12  1.42e-12  1.43e-12  1.46e-12
2547 72  62  6.05e-14  6.35e-14  8.80e-14  1.02e-13  1.11e-13  1.16e-13  1.19e-13  1.21e-13  1.23e-13  1.25e-13  1.27e-13
2548 72  63  9.48e-13  9.93e-13  1.39e-12  1.63e-12  1.77e-12  1.85e-12  1.90e-12  1.94e-12  1.96e-12  1.98e-12  1.99e-12
2549 72  64  7.50e-14  7.87e-14  1.09e-13  1.27e-13  1.38e-13  1.44e-13  1.48e-13  1.51e-13  1.54e-13  1.56e-13  1.57e-13
2550 72  65  2.60e-12  2.73e-12  3.85e-12  4.52e-12  4.91e-12  5.15e-12  5.31e-12  5.42e-12  5.50e-12  5.55e-12  5.59e-12
2551 72  66  6.04e-11  6.31e-11  8.88e-11  1.05e-10  1.15e-10  1.21e-10  1.25e-10  1.28e-10  1.30e-10  1.32e-10  1.33e-10
2552 72  67  2.19e-12  2.30e-12  3.24e-12  3.81e-12  4.13e-12  4.33e-12  4.46e-12  4.55e-12  4.61e-12  4.66e-12  4.69e-12
2553 72  68  7.73e-14  8.08e-14  1.05e-13  1.21e-13  1.33e-13  1.43e-13  1.51e-13  1.59e-13  1.65e-13  1.72e-13  1.77e-13
2554 72  69  4.00e-12  4.01e-12  4.34e-12  5.02e-12  5.75e-12  6.44e-12  7.07e-12  7.63e-12  8.12e-12  8.57e-12  8.96e-12
2555 72  70  1.04e-13  1.07e-13  1.34e-13  1.54e-13  1.71e-13  1.85e-13  1.98e-13  2.09e-13  2.19e-13  2.28e-13  2.37e-13
2556 72  71  1.14E-11  1.14E-11  1.23E-11  1.42E-11  1.65E-11  1.85E-11  2.04E-11  2.20E-11  2.35E-11  2.49E-11  2.61E-11
2557 73  1   6.93e-18  7.05e-18  8.40e-18  9.85e-18  1.17e-17  1.41e-17  1.73e-17  2.15e-17  2.69e-17  3.37e-17  4.21e-17
2558 73  2   1.50e-17  1.52e-17  1.74e-17  1.98e-17  2.29e-17  2.70e-17  3.25e-17  3.97e-17  4.89e-17  6.04e-17  7.46e-17
2559 73  3   3.39e-17  3.38e-17  3.59e-17  3.98e-17  4.54e-17  5.28e-17  6.22e-17  7.39e-17  8.83e-17  1.06e-16  1.26e-16
2560 73  4   9.53e-17  9.49e-17  9.93e-17  1.10e-16  1.25e-16  1.45e-16  1.70e-16  2.02e-16  2.41e-16  2.88e-16  3.43e-16
2561 73  5   7.03e-17  7.01e-17  7.45e-17  8.30e-17  9.49e-17  1.11e-16  1.31e-16  1.56e-16  1.87e-16  2.25e-16  2.69e-16
2562 73  6   1.64e-16  1.64e-16  1.73e-16  1.92e-16  2.18e-16  2.53e-16  2.98e-16  3.54e-16  4.22e-16  5.05e-16  6.02e-16
2563 73  7   1.40e-16  1.40e-16  1.47e-16  1.63e-16  1.85e-16  2.15e-16  2.52e-16  2.99e-16  3.57e-16  4.26e-16  5.08e-16
2564 73  8   4.26e-17  4.27e-17  4.54e-17  4.91e-17  5.39e-17  6.03e-17  6.85e-17  7.89e-17  9.16e-17  1.07e-16  1.25e-16
2565 73  9   5.93e-17  5.93e-17  6.24e-17  6.73e-17  7.37e-17  8.23e-17  9.34e-17  1.07e-16  1.25e-16  1.46e-16  1.70e-16
2566 73  10  2.63e-17  2.64e-17  2.84e-17  3.11e-17  3.46e-17  3.92e-17  4.52e-17  5.29e-17  6.24e-17  7.41e-17  8.80e-17
2567 73  11  8.01e-17  8.05e-17  8.75e-17  9.63e-17  1.08e-16  1.22e-16  1.41e-16  1.65e-16  1.94e-16  2.29e-16  2.71e-16
2568 73  12  3.73e-16  3.75e-16  4.07e-16  4.46e-16  4.98e-16  5.66e-16  6.53e-16  7.62e-16  8.96e-16  1.06e-15  1.25e-15
2569 73  13  7.03e-16  7.06e-16  7.65e-16  8.41e-16  9.40e-16  1.07e-15  1.24e-15  1.45e-15  1.70e-15  2.01e-15  2.38e-15
2570 73  14  5.05e-16  4.99e-16  4.97e-16  5.28e-16  5.75e-16  6.37e-16  7.14e-16  8.06e-16  9.12e-16  1.03e-15  1.17e-15
2571 73  15  3.40e-16  3.37e-16  3.39e-16  3.62e-16  3.98e-16  4.44e-16  5.02e-16  5.72e-16  6.54e-16  7.48e-16  8.56e-16
2572 73  16  9.20e-17  9.14e-17  9.38e-17  1.02e-16  1.14e-16  1.30e-16  1.49e-16  1.74e-16  2.03e-16  2.38e-16  2.78e-16
2573 73  17  4.40e-16  4.36e-16  4.41e-16  4.73e-16  5.19e-16  5.80e-16  6.55e-16  7.44e-16  8.49e-16  9.70e-16  1.11e-15
2574 73  18  2.89e-15  2.87e-15  2.88e-15  3.07e-15  3.36e-15  3.73e-15  4.19e-15  4.74e-15  5.37e-15  6.11e-15  6.93e-15
2575 73  19  7.90e-15  7.81e-15  7.84e-15  8.34e-15  9.10e-15  1.01e-14  1.13e-14  1.27e-14  1.44e-14  1.64e-14  1.85e-14
2576 73  20  8.29e-16  8.28e-16  8.50e-16  8.92e-16  9.50e-16  1.03e-15  1.13e-15  1.25e-15  1.39e-15  1.56e-15  1.76e-15
2577 73  21  3.02e-16  3.02e-16  3.13e-16  3.31e-16  3.55e-16  3.86e-16  4.27e-16  4.77e-16  5.37e-16  6.08e-16  6.89e-16
2578 73  22  4.72e-17  4.73e-17  4.98e-17  5.32e-17  5.77e-17  6.36e-17  7.13e-17  8.09e-17  9.26e-17  1.07e-16  1.23e-16
2579 73  23  5.39e-16  5.41e-16  5.72e-16  6.11e-16  6.61e-16  7.25e-16  8.04e-16  9.01e-16  1.02e-15  1.15e-15  1.30e-15
2580 73  24  5.89e-15  5.90e-15  6.18e-15  6.57e-15  7.08e-15  7.74e-15  8.57e-15  9.57e-15  1.08e-14  1.21e-14  1.37e-14
2581 73  25  2.74e-14  2.74e-14  2.85e-14  3.02e-14  3.25e-14  3.55e-14  3.94e-14  4.40e-14  4.94e-14  5.56e-14  6.27e-14
2582 73  26  5.60e-15  5.52e-15  5.40e-15  5.60e-15  5.92e-15  6.35e-15  6.86e-15  7.44e-15  8.10e-15  8.83e-15  9.63e-15
2583 73  27  1.73e-15  1.71e-15  1.69e-15  1.77e-15  1.89e-15  2.04e-15  2.23e-15  2.45e-15  2.70e-15  2.99e-15  3.30e-15
2584 73  28  2.24e-16  2.22e-16  2.22e-16  2.35e-16  2.55e-16  2.81e-16  3.12e-16  3.49e-16  3.92e-16  4.42e-16  4.97e-16
2585 73  29  2.26e-15  2.24e-15  2.22e-15  2.32e-15  2.48e-15  2.67e-15  2.90e-15  3.17e-15  3.47e-15  3.81e-15  4.17e-15
2586 73  30  2.84e-14  2.80e-14  2.76e-14  2.88e-14  3.05e-14  3.27e-14  3.54e-14  3.84e-14  4.18e-14  4.55e-14  4.95e-14
2587 73  31  1.54e-13  1.52e-13  1.49e-13  1.55e-13  1.64e-13  1.75e-13  1.89e-13  2.05e-13  2.22e-13  2.41e-13  2.62e-13
2588 73  32  9.52e-15  9.48e-15  9.46e-15  9.65e-15  9.99e-15  1.05e-14  1.11e-14  1.19e-14  1.28e-14  1.38e-14  1.49e-14
2589 73  33  1.78e-15  1.78e-15  1.79e-15  1.83e-15  1.91e-15  2.01e-15  2.15e-15  2.32e-15  2.52e-15  2.75e-15  3.02e-15
2590 73  34  1.50e-16  1.50e-16  1.51e-16  1.55e-16  1.62e-16  1.72e-16  1.86e-16  2.03e-16  2.24e-16  2.49e-16  2.78e-16
2591 73  35  3.20e-15  3.20e-15  3.30e-15  3.42e-15  3.59e-15  3.80e-15  4.07e-15  4.38e-15  4.75e-15  5.16e-15  5.61e-15
2592 73  36  6.43e-14  6.42e-14  6.54e-14  6.76e-14  7.06e-14  7.46e-14  7.96e-14  8.55e-14  9.23e-14  9.99e-14  1.08e-13
2593 73  37  5.63e-13  5.61e-13  5.67e-13  5.84e-13  6.10e-13  6.45e-13  6.88e-13  7.38e-13  7.96e-13  8.60e-13  9.31e-13
2594 73  38  5.10e-14  5.03e-14  4.86e-14  4.92e-14  5.04e-14  5.22e-14  5.43e-14  5.67e-14  5.93e-14  6.22e-14  6.52e-14
2595 73  39  9.30e-15  9.19e-15  8.99e-15  9.19e-15  9.53e-15  9.96e-15  1.05e-14  1.11e-14  1.18e-14  1.25e-14  1.33e-14
2596 73  40  6.94e-16  6.87e-16  6.82e-16  7.08e-16  7.45e-16  7.91e-16  8.47e-16  9.12e-16  9.84e-16  1.07e-15  1.15e-15
2597 73  41  1.07e-14  1.06e-14  1.04e-14  1.06e-14  1.10e-14  1.14e-14  1.20e-14  1.26e-14  1.32e-14  1.40e-14  1.47e-14
2598 73  42  2.24e-13  2.21e-13  2.15e-13  2.18e-13  2.24e-13  2.32e-13  2.42e-13  2.52e-13  2.64e-13  2.76e-13  2.89e-13
2599 73  43  2.04e-12  2.01e-12  1.94e-12  1.97e-12  2.02e-12  2.08e-12  2.16e-12  2.25e-12  2.35e-12  2.45e-12  2.56e-12
2600 73  44  8.24e-14  8.23e-14  8.19e-14  8.18e-14  8.24e-14  8.39e-14  8.62e-14  8.92e-14  9.28e-14  9.69e-14  1.02e-13
2601 73  45  9.46e-15  9.49e-15  9.42e-15  9.33e-15  9.38e-15  9.55e-15  9.85e-15  1.03e-14  1.08e-14  1.14e-14  1.20e-14
2602 73  46  5.50e-16  5.56e-16  5.33e-16  5.10e-16  5.02e-16  5.07e-16  5.22e-16  5.45e-16  5.76e-16  6.14e-16  6.59e-16
2603 73  47  1.43e-14  1.44e-14  1.47e-14  1.49e-14  1.51e-14  1.55e-14  1.60e-14  1.66e-14  1.74e-14  1.82e-14  1.92e-14
2604 73  48  4.98e-13  4.98e-13  5.04e-13  5.08e-13  5.16e-13  5.28e-13  5.45e-13  5.65e-13  5.88e-13  6.13e-13  6.41e-13
2605 73  49  7.75e-12  7.73e-12  7.74e-12  7.79e-12  7.90e-12  8.08e-12  8.33e-12  8.62e-12  8.96e-12  9.33e-12  9.73e-12
2606 73  50  3.22e-13  3.22e-13  3.32e-13  3.37e-13  3.40e-13  3.42e-13  3.45e-13  3.48e-13  3.52e-13  3.56e-13  3.61e-13
2607 73  51  3.83e-14  3.84e-14  4.00e-14  4.10e-14  4.18e-14  4.25e-14  4.32e-14  4.42e-14  4.52e-14  4.64e-14  4.76e-14
2608 73  52  1.80e-15  1.81e-15  1.90e-15  1.98e-15  2.04e-15  2.10e-15  2.18e-15  2.26e-15  2.35e-15  2.45e-15  2.57e-15
2609 73  53  3.50e-14  3.52e-14  3.69e-14  3.78e-14  3.84e-14  3.89e-14  3.94e-14  4.01e-14  4.08e-14  4.16e-14  4.24e-14
2610 73  54  1.16e-12  1.17e-12  1.21e-12  1.23e-12  1.25e-12  1.25e-12  1.26e-12  1.28e-12  1.29e-12  1.30e-12  1.32e-12
2611 73  55  1.67e-11  1.66e-11  1.72e-11  1.75e-11  1.76e-11  1.77e-11  1.78e-11  1.79e-11  1.80e-11  1.82e-11  1.84e-11
2612 73  56  5.55e-13  5.62e-13  5.80e-13  5.70e-13  5.59e-13  5.52e-13  5.49e-13  5.50e-13  5.54e-13  5.60e-13  5.68e-13
2613 73  57  4.57e-14  4.69e-14  4.68e-14  4.37e-14  4.16e-14  4.03e-14  3.96e-14  3.94e-14  3.96e-14  4.01e-14  4.09e-14
2614 73  58  2.50e-15  2.62e-15  2.39e-15  2.01e-15  1.77e-15  1.63e-15  1.55e-15  1.50e-15  1.48e-15  1.48e-15  1.49e-15
2615 73  59  4.50e-14  4.60e-14  4.79e-14  4.65e-14  4.54e-14  4.48e-14  4.46e-14  4.46e-14  4.50e-14  4.56e-14  4.63e-14
2616 73  60  2.57e-12  2.60e-12  2.72e-12  2.70e-12  2.67e-12  2.65e-12  2.65e-12  2.66e-12  2.68e-12  2.71e-12  2.74e-12
2617 73  61  7.22e-11  7.26e-11  7.50e-11  7.47e-11  7.42e-11  7.39e-11  7.38e-11  7.41e-11  7.46e-11  7.52e-11  7.60e-11
2618 73  62  1.00e-12  1.05e-12  1.47e-12  1.72e-12  1.86e-12  1.95e-12  2.01e-12  2.04e-12  2.07e-12  2.09e-12  2.10e-12
2619 73  63  8.09e-14  8.49e-14  1.18e-13  1.37e-13  1.48e-13  1.55e-13  1.60e-13  1.63e-13  1.66e-13  1.68e-13  1.70e-13
2620 73  64  2.61e-15  2.75e-15  3.65e-15  4.19e-15  4.50e-15  4.69e-15  4.84e-15  4.96e-15  5.09e-15  5.22e-15  5.36e-15
2621 73  65  5.21e-14  5.47e-14  7.66e-14  8.95e-14  9.69e-14  1.02e-13  1.05e-13  1.07e-13  1.09e-13  1.10e-13  1.11e-13
2622 73  66  2.81e-12  2.95e-12  4.16e-12  4.88e-12  5.30e-12  5.57e-12  5.74e-12  5.86e-12  5.94e-12  6.00e-12  6.04e-12
2623 73  67  6.23e-11  6.52e-11  9.17e-11  1.08e-10  1.18e-10  1.25e-10  1.29e-10  1.32e-10  1.34e-10  1.36e-10  1.37e-10
2624 73  68  4.07e-12  4.08e-12  4.43e-12  5.12e-12  5.87e-12  6.57e-12  7.20e-12  7.76e-12  8.27e-12  8.72e-12  9.12e-12
2625 73  69  1.12e-13  1.16e-13  1.45e-13  1.66e-13  1.85e-13  2.00e-13  2.14e-13  2.26e-13  2.37e-13  2.47e-13  2.56e-13
2626 73  70  1.69e-15  1.91e-15  2.98e-15  3.27e-15  3.41e-15  3.51e-15  3.60e-15  3.71e-15  3.85e-15  4.03e-15  4.27e-15
2627 73  71  7.53E-14  7.74E-14  9.38E-14  1.09E-13  1.24E-13  1.37E-13  1.48E-13  1.59E-13  1.68E-13  1.76E-13  1.83E-13
2628 73  72  1.24E-11  1.24E-11  1.33E-11  1.54E-11  1.78E-11  2.00E-11  2.20E-11  2.38E-11  2.55E-11  2.69E-11  2.82E-11
!COLLISIONS BETWEEN
2 CN-para H2 (from Kalugina & Lique MNRAS 2015)
!NUMBER OF COLLISIONAL TRANSITIONS
2602
!NUMBER OF TEMPERATURES
11
!TEMPERATURES
	5.0 	10.0 	20.0 	30.0 	40.0 	50.0 	60.0 	70.0 	80.0 	90.0 	100.0
!TRANS + UP + LOW + RATES [cm3 s-1]
1 3   1   3.89e-12  3.90e-12  4.08e-12  3.87e-12  3.61e-12  3.38e-12  3.18e-12  3.01e-12  2.87e-12  2.75e-12  2.64e-12
2 3   2   4.86e-13  4.87e-13  5.10e-13  4.84e-13  4.52e-13  4.22e-13  3.98e-13  3.77e-13  3.59e-13  3.44e-13  3.30e-13
3 4   1   2.43e-12  2.44e-12  2.55e-12  2.42e-12  2.26e-12  2.11e-12  1.99e-12  1.88e-12  1.79e-12  1.72e-12  1.65e-12
4 4   2   1.95e-12  1.95e-12  2.04e-12  1.94e-12  1.81e-12  1.69e-12  1.59e-12  1.51e-12  1.44e-12  1.37e-12  1.32e-12
5 4   3   5.79e-12  5.61e-12  4.51e-12  3.54e-12  2.82e-12  2.30e-12  1.92e-12  1.64e-12  1.42e-12  1.25e-12  1.12e-12
6 5   1   4.38e-12  4.39e-12  4.59e-12  4.36e-12  4.06e-12  3.80e-12  3.58e-12  3.39e-12  3.23e-12  3.09e-12  2.97e-12
7 5   3   3.55e-12  3.95e-12  7.09e-12  8.44e-12  9.42e-12  1.04e-11  1.13e-11  1.22e-11  1.32e-11  1.41e-11  1.50e-11
8 5   4   6.36e-12  6.61e-12  8.73e-12  9.37e-12  9.82e-12  1.03e-11  1.10e-11  1.16e-11  1.23e-11  1.30e-11  1.37e-11
9 6   1   1.95e-12  1.95e-12  2.04e-12  1.94e-12  1.81e-12  1.69e-12  1.59e-12  1.51e-12  1.44e-12  1.37e-12  1.32e-12
10 6   2   2.43e-12  2.44e-12  2.55e-12  2.42e-12  2.26e-12  2.11e-12  1.99e-12  1.88e-12  1.79e-12  1.72e-12  1.65e-12
11 6   3   3.14e-12  3.23e-12  4.06e-12  4.27e-12  4.41e-12  4.60e-12  4.83e-12  5.10e-12  5.38e-12  5.67e-12  5.97e-12
12 6   4   6.77e-12  7.33e-12  1.18e-11  1.35e-11  1.48e-11  1.61e-11  1.74e-11  1.88e-11  2.01e-11  2.14e-11  2.28e-11
13 6   5   7.64E-12  7.94E-12  1.05E-11  1.13E-11  1.18E-11  1.24E-11  1.31E-11  1.40E-11  1.48E-11  1.56E-11  1.65E-11
14 7   1   4.86e-13  4.87e-13  5.10e-13  4.84e-13  4.52e-13  4.22e-13  3.98e-13  3.77e-13  3.59e-13  3.44e-13  3.30e-13
15 7   2   3.89e-12  3.90e-12  4.08e-12  3.87e-12  3.61e-12  3.38e-12  3.18e-12  3.01e-12  2.87e-12  2.75e-12  2.64e-12
16 7   3   2.89e-12  2.80e-12  2.25e-12  1.77e-12  1.41e-12  1.15e-12  9.61e-13  8.20e-13  7.12e-13  6.27e-13  5.60e-13
17 7   4   7.02e-12  7.76e-12  1.36e-11  1.60e-11  1.78e-11  1.96e-11  2.13e-11  2.30e-11  2.48e-11  2.65e-11  2.82e-11
18 7   5   1.33E-12  1.48E-12  2.66E-12  3.18E-12  3.54E-12  3.87E-12  4.23E-12  4.59E-12  4.95E-12  5.28E-12  5.61E-12
19 7   6   1.26E-11  1.29E-11  1.63E-11  1.71E-11  1.76E-11  1.84E-11  1.93E-11  2.04E-11  2.16E-11  2.26E-11  2.38E-11
20 8   1   8.39e-12  8.95e-12  1.31e-11  1.59e-11  1.84e-11  2.06e-11  2.27e-11  2.47e-11  2.66e-11  2.84e-11  3.02e-11
21 8   3   3.30e-12  3.76e-12  5.70e-12  5.47e-12  4.97e-12  4.51e-12  4.13e-12  3.81e-12  3.56e-12  3.34e-12  3.17e-12
22 8   4   1.18e-12  1.43e-12  2.16e-12  1.88e-12  1.58e-12  1.34e-12  1.15e-12  1.01e-12  9.03e-13  8.16e-13  7.45e-13
23 8   5   1.21e-12  1.37e-12  1.61e-12  1.28e-12  1.01e-12  8.24e-13  6.88e-13  5.89e-13  5.14e-13  4.58e-13  4.15e-13
24 8   6   9.41e-13  1.15e-12  1.73e-12  1.51e-12  1.26e-12  1.07e-12  9.23e-13  8.10e-13  7.23e-13  6.53e-13  5.96e-13
25 8   7   4.13e-13  4.70e-13  7.12e-13  6.84e-13  6.21e-13  5.64e-13  5.16e-13  4.77e-13  4.45e-13  4.18e-13  3.96e-13
26 9   1   6.71e-12  7.16e-12  1.05e-11  1.27e-11  1.47e-11  1.65e-11  1.81e-11  1.97e-11  2.13e-11  2.27e-11  2.41e-11
27 9   2   1.68e-12  1.79e-12  2.62e-12  3.19e-12  3.67e-12  4.12e-12  4.54e-12  4.94e-12  5.32e-12  5.69e-12  6.04e-12
28 9   3   2.22e-12  2.54e-12  3.85e-12  3.66e-12  3.30e-12  2.97e-12  2.71e-12  2.49e-12  2.32e-12  2.17e-12  2.05e-12
29 9   4   2.26e-12  2.65e-12  4.01e-12  3.70e-12  3.25e-12  2.87e-12  2.57e-12  2.34e-12  2.15e-12  1.99e-12  1.86e-12
30 9   5   1.26e-12  1.48e-12  1.96e-12  1.63e-12  1.32e-12  1.10e-12  9.35e-13  8.11e-13  7.17e-13  6.43e-13  5.86e-13
31 9   6   7.94e-13  9.02e-13  1.21e-12  1.08e-12  9.32e-13  8.14e-13  7.24e-13  6.54e-13  5.99e-13  5.55e-13  5.20e-13
32 9   7   4.70e-13  5.73e-13  8.65e-13  7.54e-13  6.31e-13  5.34e-13  4.61e-13  4.05e-13  3.61e-13  3.26e-13  2.98e-13
33 9   8   9.73e-12  9.71e-12  9.93e-12  9.87e-12  9.92e-12  1.01e-11  1.05e-11  1.09e-11  1.14e-11  1.19e-11  1.25e-11
34 10  1   3.92e-12  4.17e-12  6.10e-12  7.43e-12  8.57e-12  9.61e-12  1.06e-11  1.15e-11  1.24e-11  1.33e-11  1.41e-11
35 10  2   4.47e-12  4.77e-12  6.97e-12  8.50e-12  9.79e-12  1.10e-11  1.21e-11  1.32e-11  1.42e-11  1.52e-11  1.61e-11
36 10  3   4.12e-13  5.18e-13  7.79e-13  6.44e-13  5.13e-13  4.14e-13  3.42e-13  2.87e-13  2.46e-13  2.13e-13  1.87e-13
37 10  4   4.07e-12  4.68e-12  7.09e-12  6.72e-12  6.04e-12  5.43e-12  4.94e-12  4.54e-12  4.22e-12  3.95e-12  3.72e-12
38 10  5   1.29e-12  1.52e-12  2.20e-12  1.95e-12  1.67e-12  1.44e-12  1.27e-12  1.14e-12  1.03e-12  9.45e-13  8.76e-13
39 10  6   8.41e-13  9.84e-13  1.30e-12  1.09e-12  8.83e-13  7.33e-13  6.23e-13  5.41e-13  4.78e-13  4.29e-13  3.90e-13
40 10  7   4.03e-13  4.57e-13  5.38e-13  4.28e-13  3.38e-13  2.75e-13  2.29e-13  1.96e-13  1.71e-13  1.53e-13  1.38e-13
41 10  8   1.14e-12  1.20e-12  1.50e-12  1.55e-12  1.58e-12  1.63e-12  1.70e-12  1.78e-12  1.86e-12  1.95e-12  2.05e-12
42 10  9   8.45e-12  8.51e-12  9.05e-12  9.08e-12  9.16e-12  9.38e-12  9.72e-12  1.01e-11  1.06e-11  1.11e-11  1.16e-11
43 11  1   8.39e-12  8.95e-12  1.31e-11  1.59e-11  1.84e-11  2.06e-11  2.27e-11  2.47e-11  2.66e-11  2.84e-11  3.02e-11
44 11  3   3.36e-13  3.74e-13  4.21e-13  3.32e-13  2.62e-13  2.13e-13  1.78e-13  1.53e-13  1.34e-13  1.20e-13  1.10e-13
45 11  4   5.92e-13  7.09e-13  9.60e-13  7.82e-13  6.21e-13  5.03e-13  4.17e-13  3.53e-13  3.04e-13  2.67e-13  2.37e-13
46 11  5   5.59e-12  6.47e-12  9.71e-12  9.05e-12  8.03e-12  7.15e-12  6.45e-12  5.89e-12  5.44e-12  5.07e-12  4.77e-12
47 11  6   4.74e-13  5.67e-13  7.68e-13  6.26e-13  4.97e-13  4.02e-13  3.33e-13  2.82e-13  2.44e-13  2.13e-13  1.90e-13
48 11  7   4.20e-14  4.68e-14  5.26e-14  4.15e-14  3.27e-14  2.66e-14  2.23e-14  1.91e-14  1.68e-14  1.50e-14  1.37e-14
49 11  8   6.73e-13  7.90e-13  1.07e-12  9.73e-13  9.00e-13  8.83e-13  9.11e-13  9.75e-13  1.07e-12  1.18e-12  1.31e-12
50 11  9   1.87e-12  2.06e-12  2.67e-12  2.61e-12  2.57e-12  2.60e-12  2.70e-12  2.85e-12  3.04e-12  3.26e-12  3.50e-12
51 11  10  5.06e-12  5.19e-12  5.80e-12  5.81e-12  5.83e-12  5.96e-12  6.18e-12  6.46e-12  6.79e-12  7.14e-12  7.52e-12
52 12  1   4.47e-12  4.77e-12  6.97e-12  8.50e-12  9.79e-12  1.10e-11  1.21e-11  1.32e-11  1.42e-11  1.52e-11  1.61e-11
53 12  2   3.92e-12  4.17e-12  6.10e-12  7.43e-12  8.57e-12  9.61e-12  1.06e-11  1.15e-11  1.24e-11  1.33e-11  1.41e-11
54 12  3   2.99e-13  3.56e-13  4.76e-13  3.87e-13  3.07e-13  2.49e-13  2.06e-13  1.75e-13  1.51e-13  1.33e-13  1.18e-13
55 12  4   6.29e-13  7.27e-13  9.04e-13  7.26e-13  5.75e-13  4.66e-13  3.88e-13  3.31e-13  2.88e-13  2.54e-13  2.29e-13
56 12  5   1.48e-12  1.74e-12  2.51e-12  2.23e-12  1.91e-12  1.65e-12  1.45e-12  1.30e-12  1.18e-12  1.08e-12  1.00e-12
57 12  6   4.13e-12  4.75e-12  7.19e-12  6.81e-12  6.11e-12  5.50e-12  5.00e-12  4.59e-12  4.26e-12  3.99e-12  3.76e-12
58 12  7   4.97e-13  6.00e-13  8.26e-13  6.75e-13  5.36e-13  4.34e-13  3.59e-13  3.04e-13  2.62e-13  2.29e-13  2.03e-13
59 12  8   1.31e-12  1.38e-12  1.71e-12  1.77e-12  1.81e-12  1.86e-12  1.94e-12  2.03e-12  2.13e-12  2.23e-12  2.34e-12
60 12  9   3.12e-12  3.23e-12  3.53e-12  3.39e-12  3.32e-12  3.35e-12  3.46e-12  3.63e-12  3.85e-12  4.10e-12  4.38e-12
61 12  10  3.16e-12  3.42e-12  4.29e-12  4.22e-12  4.16e-12  4.22e-12  4.39e-12  4.62e-12  4.91e-12  5.25e-12  5.61e-12
62 12  11  7.71E-12  7.91E-12  8.84E-12  8.85E-12  8.88E-12  9.08E-12  9.41E-12  9.85E-12  1.03E-11  1.09E-11  1.15E-11
63 13  1   1.68e-12  1.79e-12  2.62e-12  3.19e-12  3.67e-12  4.12e-12  4.54e-12  4.94e-12  5.32e-12  5.69e-12  6.04e-12
64 13  2   6.71e-12  7.16e-12  1.05e-11  1.27e-11  1.47e-11  1.65e-11  1.81e-11  1.97e-11  2.13e-11  2.27e-11  2.41e-11
65 13  3   2.75e-13  3.46e-13  5.19e-13  4.29e-13  3.42e-13  2.76e-13  2.28e-13  1.92e-13  1.64e-13  1.42e-13  1.25e-13
66 13  4   6.55e-13  7.40e-13  8.65e-13  6.87e-13  5.42e-13  4.41e-13  3.68e-13  3.15e-13  2.76e-13  2.46e-13  2.23e-13
67 13  5   3.16e-13  3.69e-13  4.89e-13  4.07e-13  3.31e-13  2.75e-13  2.34e-13  2.03e-13  1.79e-13  1.61e-13  1.46e-13
68 13  6   2.02e-12  2.38e-12  3.48e-12  3.11e-12  2.67e-12  2.32e-12  2.05e-12  1.84e-12  1.67e-12  1.54e-12  1.43e-12
69 13  7   3.76e-12  4.33e-12  6.56e-12  6.19e-12  5.55e-12  4.99e-12  4.52e-12  4.15e-12  3.85e-12  3.60e-12  3.40e-12
70 13  8   2.43e-12  2.43e-12  2.48e-12  2.47e-12  2.48e-12  2.53e-12  2.62e-12  2.73e-12  2.85e-12  2.98e-12  3.12e-12
71 13  9   2.97e-12  3.08e-12  3.66e-12  3.76e-12  3.83e-12  3.94e-12  4.09e-12  4.28e-12  4.49e-12  4.70e-12  4.92e-12
72 13  10  2.24e-12  2.57e-12  3.43e-12  3.18e-12  3.00e-12  2.98e-12  3.08e-12  3.28e-12  3.56e-12  3.90e-12  4.29e-12
73 13  11  9.36E-13  1.03E-12  1.34E-12  1.31E-12  1.28E-12  1.30E-12  1.35E-12  1.42E-12  1.52E-12  1.63E-12  1.75E-12
74 13  12  1.07E-11  1.09E-11  1.20E-11  1.21E-11  1.21E-11  1.24E-11  1.29E-11  1.35E-11  1.41E-11  1.48E-11  1.56E-11
75 14  1   1.71e-13  2.07e-13  3.51e-13  3.28e-13  2.85e-13  2.48e-13  2.18e-13  1.95e-13  1.77e-13  1.63e-13  1.53e-13
76 14  3   1.21e-11  1.27e-11  1.74e-11  1.95e-11  2.10e-11  2.23e-11  2.35e-11  2.47e-11  2.59e-11  2.71e-11  2.82e-11
77 14  4   3.32e-12  3.52e-12  4.84e-12  5.32e-12  5.60e-12  5.86e-12  6.12e-12  6.39e-12  6.66e-12  6.92e-12  7.19e-12
78 14  5   1.40e-12  1.53e-12  2.01e-12  2.14e-12  2.31e-12  2.54e-12  2.84e-12  3.20e-12  3.59e-12  4.03e-12  4.49e-12
79 14  6   2.66e-12  2.82e-12  3.87e-12  4.25e-12  4.48e-12  4.69e-12  4.90e-12  5.11e-12  5.32e-12  5.54e-12  5.75e-12
80 14  7   1.51e-12  1.58e-12  2.17e-12  2.44e-12  2.63e-12  2.79e-12  2.94e-12  3.09e-12  3.24e-12  3.38e-12  3.52e-12
81 14  8   2.27e-12  2.45e-12  3.85e-12  4.10e-12  3.97e-12  3.75e-12  3.54e-12  3.34e-12  3.17e-12  3.01e-12  2.88e-12
82 14  9   9.17e-13  1.03e-12  1.73e-12  1.79e-12  1.68e-12  1.56e-12  1.44e-12  1.34e-12  1.25e-12  1.18e-12  1.12e-12
83 14  10  1.26e-13  1.51e-13  2.65e-13  2.51e-13  2.20e-13  1.92e-13  1.70e-13  1.52e-13  1.37e-13  1.26e-13  1.16e-13
84 14  11  1.76e-13  1.89e-13  2.28e-13  2.08e-13  1.88e-13  1.73e-13  1.64e-13  1.58e-13  1.55e-13  1.54e-13  1.55e-13
85 14  12  1.44e-13  1.73e-13  3.03e-13  2.87e-13  2.52e-13  2.20e-13  1.94e-13  1.73e-13  1.57e-13  1.43e-13  1.33e-13
86 14  13  2.29e-13  2.57e-13  4.32e-13  4.47e-13  4.21e-13  3.89e-13  3.60e-13  3.35e-13  3.13e-13  2.95e-13  2.79e-13
87 15  1   1.30e-13  1.58e-13  2.67e-13  2.50e-13  2.17e-13  1.89e-13  1.66e-13  1.49e-13  1.35e-13  1.24e-13  1.17e-13
88 15  2   4.07e-14  4.92e-14  8.35e-14  7.80e-14  6.79e-14  5.90e-14  5.19e-14  4.64e-14  4.22e-14  3.89e-14  3.64e-14
89 15  3   7.13e-12  7.48e-12  1.02e-11  1.15e-11  1.23e-11  1.31e-11  1.38e-11  1.45e-11  1.51e-11  1.58e-11  1.65e-11
90 15  4   8.30e-12  8.72e-12  1.19e-11  1.34e-11  1.43e-11  1.51e-11  1.59e-11  1.66e-11  1.74e-11  1.82e-11  1.89e-11
91 15  5   2.51e-12  2.68e-12  3.64e-12  3.96e-12  4.20e-12  4.47e-12  4.77e-12  5.11e-12  5.48e-12  5.86e-12  6.27e-12
92 15  6   1.77e-12  1.87e-12  2.52e-12  2.81e-12  3.05e-12  3.29e-12  3.55e-12  3.83e-12  4.13e-12  4.43e-12  4.75e-12
93 15  7   1.29e-12  1.37e-12  1.89e-12  2.07e-12  2.17e-12  2.26e-12  2.36e-12  2.45e-12  2.55e-12  2.65e-12  2.75e-12
94 15  8   1.14e-13  1.47e-13  2.97e-13  2.83e-13  2.46e-13  2.12e-13  1.83e-13  1.61e-13  1.43e-13  1.28e-13  1.16e-13
95 15  9   2.54e-12  2.73e-12  4.29e-12  4.56e-12  4.42e-12  4.18e-12  3.94e-12  3.72e-12  3.53e-12  3.36e-12  3.22e-12
96 15  10  6.62e-13  7.48e-13  1.26e-12  1.29e-12  1.21e-12  1.11e-12  1.02e-12  9.47e-13  8.83e-13  8.30e-13  7.85e-13
97 15  11  1.84e-13  2.10e-13  3.18e-13  2.97e-13  2.63e-13  2.34e-13  2.12e-13  1.95e-13  1.82e-13  1.73e-13  1.66e-13
98 15  12  2.69e-13  2.94e-13  4.44e-13  4.53e-13  4.29e-13  4.01e-13  3.76e-13  3.55e-13  3.38e-13  3.24e-13  3.12e-13
99 15  13  9.59e-14  1.15e-13  2.02e-13  1.91e-13  1.68e-13  1.47e-13  1.29e-13  1.15e-13  1.04e-13  9.57e-14  8.86e-14
100 15  14  3.85e-12  4.60e-12  7.87e-12  8.33e-12  8.46e-12  8.65e-12  8.93e-12  9.29e-12  9.70e-12  1.02e-11  1.06e-11
101 16  1   7.32e-14  8.86e-14  1.50e-13  1.40e-13  1.22e-13  1.06e-13  9.35e-14  8.36e-14  7.59e-14  7.00e-14  6.56e-14
102 16  2   9.76e-14  1.18e-13  2.00e-13  1.87e-13  1.63e-13  1.42e-13  1.25e-13  1.11e-13  1.01e-13  9.34e-14  8.75e-14
103 16  3   1.70e-13  2.02e-13  2.87e-13  2.46e-13  2.02e-13  1.67e-13  1.41e-13  1.20e-13  1.05e-13  9.19e-14  8.15e-14
104 16  4   1.53e-11  1.60e-11  2.19e-11  2.46e-11  2.64e-11  2.80e-11  2.95e-11  3.10e-11  3.24e-11  3.39e-11  3.53e-11
105 16  5   3.69e-12  3.89e-12  5.32e-12  5.90e-12  6.29e-12  6.65e-12  7.01e-12  7.39e-12  7.77e-12  8.16e-12  8.55e-12
106 16  6   1.52e-12  1.64e-12  2.21e-12  2.39e-12  2.54e-12  2.70e-12  2.90e-12  3.12e-12  3.36e-12  3.62e-12  3.89e-12
107 16  7   3.62e-13  4.01e-13  5.17e-13  5.43e-13  5.92e-13  6.69e-13  7.70e-13  8.89e-13  1.03e-12  1.18e-12  1.34e-12
108 16  8   2.22e-14  2.71e-14  4.47e-14  3.97e-14  3.33e-14  2.80e-14  2.40e-14  2.09e-14  1.85e-14  1.67e-14  1.53e-14
109 16  9   1.23e-13  1.57e-13  3.06e-13  2.88e-13  2.49e-13  2.13e-13  1.85e-13  1.62e-13  1.43e-13  1.29e-13  1.17e-13
110 16  10  3.17e-12  3.45e-12  5.50e-12  5.81e-12  5.59e-12  5.26e-12  4.94e-12  4.65e-12  4.39e-12  4.17e-12  3.98e-12
111 16  11  3.23e-13  3.67e-13  6.11e-13  6.15e-13  5.69e-13  5.20e-13  4.77e-13  4.40e-13  4.10e-13  3.86e-13  3.65e-13
112 16  12  1.38e-13  1.58e-13  2.38e-13  2.23e-13  1.97e-13  1.76e-13  1.59e-13  1.46e-13  1.37e-13  1.30e-13  1.25e-13
113 16  13  8.80e-14  9.45e-14  1.14e-13  1.04e-13  9.38e-14  8.66e-14  8.18e-14  7.89e-14  7.74e-14  7.70e-14  7.75e-14
114 16  14  2.87e-13  3.57e-13  6.96e-13  7.38e-13  7.36e-13  7.41e-13  7.59e-13  7.90e-13  8.32e-13  8.81e-13  9.37e-13
115 16  15  3.15e-12  3.78e-12  6.53e-12  6.92e-12  7.02e-12  7.16e-12  7.39e-12  7.69e-12  8.03e-12  8.42e-12  8.82e-12
116 17  1   1.71e-13  2.07e-13  3.51e-13  3.28e-13  2.85e-13  2.48e-13  2.18e-13  1.95e-13  1.77e-13  1.63e-13  1.53e-13
117 17  3   3.03e-13  3.34e-13  4.25e-13  4.56e-13  5.10e-13  5.87e-13  6.84e-13  7.98e-13  9.27e-13  1.07e-12  1.22e-12
118 17  4   3.76e-13  4.27e-13  5.74e-13  5.55e-13  5.49e-13  5.68e-13  6.09e-13  6.67e-13  7.40e-13  8.24e-13  9.18e-13
119 17  5   2.00e-11  2.10e-11  2.87e-11  3.22e-11  3.45e-11  3.65e-11  3.84e-11  4.04e-11  4.23e-11  4.42e-11  4.61e-11
120 17  6   3.01e-13  3.42e-13  4.60e-13  4.44e-13  4.39e-13  4.54e-13  4.87e-13  5.34e-13  5.92e-13  6.59e-13  7.34e-13
121 17  7   3.79e-14  4.17e-14  5.31e-14  5.70e-14  6.37e-14  7.33e-14  8.55e-14  9.98e-14  1.16e-13  1.33e-13  1.52e-13
122 17  8   4.25e-14  4.46e-14  4.98e-14  4.55e-14  4.18e-14  3.94e-14  3.81e-14  3.74e-14  3.73e-14  3.77e-14  3.85e-14
123 17  9   7.29e-14  8.12e-14  1.08e-13  9.78e-14  8.59e-14  7.69e-14  7.04e-14  6.59e-14  6.28e-14  6.09e-14  6.00e-14
124 17  10  1.04e-13  1.27e-13  2.24e-13  2.09e-13  1.81e-13  1.56e-13  1.36e-13  1.21e-13  1.09e-13  1.00e-13  9.28e-14
125 17  11  3.51e-12  3.83e-12  6.14e-12  6.46e-12  6.19e-12  5.82e-12  5.45e-12  5.12e-12  4.83e-12  4.58e-12  4.37e-12
126 17  12  1.18e-13  1.45e-13  2.56e-13  2.39e-13  2.07e-13  1.78e-13  1.56e-13  1.39e-13  1.25e-13  1.14e-13  1.06e-13
127 17  13  1.82e-14  2.03e-14  2.71e-14  2.45e-14  2.15e-14  1.92e-14  1.76e-14  1.65e-14  1.57e-14  1.52e-14  1.50e-14
128 17  14  1.56e-13  1.91e-13  3.06e-13  3.00e-13  2.81e-13  2.70e-13  2.70e-13  2.80e-13  2.99e-13  3.27e-13  3.63e-13
129 17  15  4.19e-13  5.19e-13  9.71e-13  1.01e-12  1.00e-12  9.99e-13  1.02e-12  1.06e-12  1.12e-12  1.19e-12  1.28e-12
130 17  16  1.64e-12  1.97e-12  3.45e-12  3.65e-12  3.69e-12  3.75e-12  3.87e-12  4.02e-12  4.21e-12  4.42e-12  4.64e-12
131 18  1   9.76e-14  1.18e-13  2.00e-13  1.87e-13  1.63e-13  1.42e-13  1.25e-13  1.11e-13  1.01e-13  9.34e-14  8.75e-14
132 18  2   7.32e-14  8.86e-14  1.50e-13  1.40e-13  1.22e-13  1.06e-13  9.35e-14  8.36e-14  7.59e-14  7.00e-14  6.56e-14
133 18  3   2.04e-13  2.31e-13  3.07e-13  3.03e-13  3.08e-13  3.27e-13  3.59e-13  4.00e-13  4.50e-13  5.06e-13  5.67e-13
134 18  4   4.75e-13  5.30e-13  6.92e-13  7.08e-13  7.50e-13  8.27e-13  9.34e-13  1.07e-12  1.22e-12  1.39e-12  1.57e-12
135 18  5   4.91e-12  5.19e-12  7.10e-12  7.87e-12  8.39e-12  8.86e-12  9.35e-12  9.85e-12  1.04e-11  1.09e-11  1.14e-11
136 18  6   1.51e-11  1.59e-11  2.17e-11  2.44e-11  2.62e-11  2.77e-11  2.92e-11  3.07e-11  3.22e-11  3.36e-11  3.50e-11
137 18  7   2.79e-13  3.19e-13  4.32e-13  4.11e-13  3.98e-13  4.03e-13  4.24e-13  4.58e-13  5.02e-13  5.54e-13  6.12e-13
138 18  8   2.97e-14  3.61e-14  5.96e-14  5.30e-14  4.44e-14  3.74e-14  3.20e-14  2.79e-14  2.47e-14  2.23e-14  2.04e-14
139 18  9   8.12e-14  9.34e-14  1.46e-13  1.38e-13  1.23e-13  1.10e-13  1.00e-13  9.27e-14  8.70e-14  8.30e-14  8.03e-14
140 18  10  1.08e-13  1.23e-13  1.77e-13  1.61e-13  1.41e-13  1.25e-13  1.13e-13  1.04e-13  9.77e-14  9.34e-14  9.06e-14
141 18  11  4.31e-13  4.90e-13  8.15e-13  8.19e-13  7.58e-13  6.93e-13  6.35e-13  5.87e-13  5.47e-13  5.14e-13  4.87e-13
142 18  12  3.09e-12  3.35e-12  5.33e-12  5.64e-12  5.43e-12  5.12e-12  4.81e-12  4.53e-12  4.29e-12  4.07e-12  3.89e-12
143 18  13  1.27e-13  1.57e-13  2.86e-13  2.67e-13  2.31e-13  1.99e-13  1.73e-13  1.53e-13  1.37e-13  1.25e-13  1.15e-13
144 18  14  3.83e-13  4.76e-13  9.28e-13  9.84e-13  9.82e-13  9.88e-13  1.01e-12  1.05e-12  1.11e-12  1.17e-12  1.25e-12
145 18  15  1.18e-12  1.40e-12  2.32e-12  2.43e-12  2.45e-12  2.50e-12  2.57e-12  2.68e-12  2.80e-12  2.94e-12  3.09e-12
146 18  16  6.47e-13  7.96e-13  1.47e-12  1.54e-12  1.53e-12  1.53e-12  1.56e-12  1.63e-12  1.72e-12  1.82e-12  1.95e-12
147 18  17  2.73E-12  3.29E-12  5.74E-12  6.08E-12  6.14E-12  6.25E-12  6.45E-12  6.70E-12  7.01E-12  7.36E-12  7.74E-12
148 19  1   4.07e-14  4.92e-14  8.35e-14  7.80e-14  6.79e-14  5.90e-14  5.19e-14  4.64e-14  4.22e-14  3.89e-14  3.64e-14
149 19  2   1.30e-13  1.58e-13  2.67e-13  2.50e-13  2.17e-13  1.89e-13  1.66e-13  1.49e-13  1.35e-13  1.24e-13  1.17e-13
150 19  3   1.28e-13  1.51e-13  2.15e-13  1.84e-13  1.51e-13  1.25e-13  1.06e-13  9.04e-14  7.84e-14  6.89e-14  6.12e-14
151 19  4   5.52e-13  6.11e-13  7.84e-13  8.27e-13  9.07e-13  1.03e-12  1.19e-12  1.38e-12  1.59e-12  1.82e-12  2.07e-12
152 19  5   7.84e-13  8.39e-13  1.14e-12  1.24e-12  1.31e-12  1.40e-12  1.49e-12  1.60e-12  1.71e-12  1.83e-12  1.96e-12
153 19  6   6.42e-12  6.78e-12  9.27e-12  1.03e-11  1.10e-11  1.16e-11  1.22e-11  1.29e-11  1.35e-11  1.41e-11  1.48e-11
154 19  7   1.31e-11  1.37e-11  1.88e-11  2.11e-11  2.27e-11  2.40e-11  2.53e-11  2.66e-11  2.78e-11  2.91e-11  3.03e-11
155 19  8   3.57e-14  4.59e-14  9.28e-14  8.86e-14  7.69e-14  6.61e-14  5.73e-14  5.02e-14  4.45e-14  4.00e-14  3.63e-14
156 19  9   6.21e-14  7.67e-14  1.34e-13  1.22e-13  1.04e-13  8.79e-14  7.55e-14  6.59e-14  5.85e-14  5.26e-14  4.80e-14
157 19  10  1.21e-13  1.30e-13  1.56e-13  1.42e-13  1.28e-13  1.18e-13  1.12e-13  1.08e-13  1.06e-13  1.06e-13  1.07e-13
158 19  11  5.75e-14  6.57e-14  9.93e-14  9.27e-14  8.22e-14  7.32e-14  6.62e-14  6.10e-14  5.70e-14  5.41e-14  5.20e-14
159 19  12  5.47e-13  6.21e-13  1.04e-12  1.05e-12  9.74e-13  8.91e-13  8.18e-13  7.56e-13  7.04e-13  6.61e-13  6.26e-13
160 19  13  3.04e-12  3.31e-12  5.29e-12  5.58e-12  5.37e-12  5.05e-12  4.73e-12  4.45e-12  4.21e-12  4.00e-12  3.81e-12
161 19  14  1.20e-12  1.44e-12  2.46e-12  2.60e-12  2.64e-12  2.70e-12  2.79e-12  2.90e-12  3.03e-12  3.17e-12  3.32e-12
162 19  15  6.75e-13  8.31e-13  1.58e-12  1.67e-12  1.68e-12  1.69e-12  1.74e-12  1.81e-12  1.90e-12  2.01e-12  2.13e-12
163 19  16  3.40e-13  4.17e-13  6.91e-13  6.87e-13  6.52e-13  6.32e-13  6.35e-13  6.59e-13  7.03e-13  7.64e-13  8.40e-13
164 19  17  2.18E-13  2.70E-13  5.05E-13  5.28E-13  5.22E-13  5.20E-13  5.32E-13  5.53E-13  5.83E-13  6.22E-13  6.67E-13
165 19  18  3.49E-12  4.20E-12  7.33E-12  7.76E-12  7.85E-12  8.00E-12  8.25E-12  8.57E-12  8.97E-12  9.41E-12  9.89E-12
166 20  1   9.91e-13  1.08e-12  1.35e-12  1.38e-12  1.45e-12  1.56e-12  1.71e-12  1.90e-12  2.11e-12  2.34e-12  2.59e-12
167 20  3   1.28e-13  1.53e-13  2.56e-13  2.49e-13  2.24e-13  1.99e-13  1.77e-13  1.60e-13  1.47e-13  1.36e-13  1.28e-13
168 20  4   5.39e-14  6.47e-14  1.04e-13  9.81e-14  8.64e-14  7.57e-14  6.68e-14  5.98e-14  5.42e-14  4.98e-14  4.64e-14
169 20  5   1.12e-13  1.15e-13  1.23e-13  1.17e-13  1.11e-13  1.06e-13  1.04e-13  1.03e-13  1.03e-13  1.04e-13  1.06e-13
170 20  6   4.31e-14  5.18e-14  8.32e-14  7.85e-14  6.91e-14  6.05e-14  5.35e-14  4.78e-14  4.34e-14  3.98e-14  3.71e-14
171 20  7   1.61e-14  1.91e-14  3.21e-14  3.12e-14  2.80e-14  2.48e-14  2.22e-14  2.00e-14  1.83e-14  1.70e-14  1.59e-14
172 20  8   2.03e-11  2.03e-11  2.26e-11  2.45e-11  2.60e-11  2.73e-11  2.85e-11  2.97e-11  3.09e-11  3.20e-11  3.32e-11
173 20  9   9.73e-12  9.76e-12  1.10e-11  1.19e-11  1.25e-11  1.31e-11  1.37e-11  1.44e-11  1.50e-11  1.56e-11  1.62e-11
174 20  10  1.15e-12  1.17e-12  1.35e-12  1.44e-12  1.52e-12  1.60e-12  1.69e-12  1.80e-12  1.91e-12  2.03e-12  2.15e-12
175 20  11  3.97e-13  4.26e-13  4.49e-13  4.26e-13  4.31e-13  4.59e-13  5.06e-13  5.68e-13  6.43e-13  7.32e-13  8.32e-13
176 20  12  1.31e-12  1.34e-12  1.54e-12  1.65e-12  1.73e-12  1.83e-12  1.94e-12  2.05e-12  2.18e-12  2.32e-12  2.46e-12
177 20  13  2.43e-12  2.44e-12  2.74e-12  2.97e-12  3.13e-12  3.29e-12  3.44e-12  3.59e-12  3.74e-12  3.89e-12  4.05e-12
178 20  14  2.17e-12  2.32e-12  3.34e-12  3.62e-12  3.63e-12  3.54e-12  3.43e-12  3.31e-12  3.20e-12  3.10e-12  3.01e-12
179 20  15  4.22e-13  4.62e-13  6.43e-13  6.52e-13  6.25e-13  5.93e-13  5.61e-13  5.34e-13  5.10e-13  4.89e-13  4.72e-13
180 20  16  5.62e-14  6.14e-14  7.73e-14  7.05e-14  6.29e-14  5.69e-14  5.24e-14  4.91e-14  4.67e-14  4.50e-14  4.40e-14
181 20  17  4.20e-14  4.50e-14  5.52e-14  5.09e-14  4.69e-14  4.47e-14  4.39e-14  4.43e-14  4.58e-14  4.81e-14  5.13e-14
182 20  18  7.50e-14  8.19e-14  1.03e-13  9.40e-14  8.39e-14  7.59e-14  6.99e-14  6.54e-14  6.23e-14  6.00e-14  5.87e-14
183 20  19  1.32e-13  1.44e-13  2.01e-13  2.04e-13  1.95e-13  1.85e-13  1.75e-13  1.67e-13  1.59e-13  1.53e-13  1.48e-13
184 21  1   7.34e-13  8.02e-13  9.99e-13  1.03e-12  1.07e-12  1.16e-12  1.27e-12  1.40e-12  1.56e-12  1.73e-12  1.92e-12
185 21  2   2.57e-13  2.81e-13  3.50e-13  3.59e-13  3.76e-13  4.05e-13  4.44e-13  4.91e-13  5.46e-13  6.07e-13  6.72e-13
186 21  3   7.58e-14  9.04e-14  1.50e-13  1.46e-13  1.30e-13  1.15e-13  1.03e-13  9.26e-14  8.46e-14  7.83e-14  7.35e-14
187 21  4   1.06e-13  1.27e-13  2.10e-13  2.02e-13  1.80e-13  1.59e-13  1.42e-13  1.27e-13  1.16e-13  1.07e-13  1.01e-13
188 21  5   8.94e-14  9.67e-14  1.23e-13  1.17e-13  1.07e-13  9.88e-14  9.26e-14  8.81e-14  8.51e-14  8.33e-14  8.26e-14
189 21  6   5.84e-14  6.06e-14  6.99e-14  6.76e-14  6.38e-14  6.08e-14  5.86e-14  5.73e-14  5.67e-14  5.67e-14  5.74e-14
190 21  7   2.32e-14  2.79e-14  4.44e-14  4.16e-14  3.65e-14  3.19e-14  2.81e-14  2.51e-14  2.27e-14  2.08e-14  1.93e-14
191 21  8   2.86e-13  3.19e-13  4.25e-13  4.28e-13  4.30e-13  4.44e-13  4.71e-13  5.08e-13  5.55e-13  6.09e-13  6.69e-13
192 21  9   2.35e-11  2.35e-11  2.61e-11  2.83e-11  3.00e-11  3.15e-11  3.29e-11  3.43e-11  3.57e-11  3.70e-11  3.84e-11
193 21  10  7.43e-12  7.46e-12  8.41e-12  9.07e-12  9.58e-12  1.01e-11  1.05e-11  1.10e-11  1.15e-11  1.20e-11  1.25e-11
194 21  11  1.14e-12  1.18e-12  1.34e-12  1.41e-12  1.47e-12  1.56e-12  1.66e-12  1.77e-12  1.90e-12  2.04e-12  2.19e-12
195 21  12  2.26e-12  2.26e-12  2.51e-12  2.70e-12  2.84e-12  2.98e-12  3.12e-12  3.26e-12  3.41e-12  3.57e-12  3.72e-12
196 21  13  7.35e-13  7.56e-13  8.77e-13  9.31e-13  9.80e-13  1.04e-12  1.10e-12  1.17e-12  1.25e-12  1.33e-12  1.42e-12
197 21  14  1.14e-13  1.29e-13  1.71e-13  1.52e-13  1.32e-13  1.15e-13  1.03e-13  9.28e-14  8.52e-14  7.95e-14  7.51e-14
198 21  15  2.19e-12  2.34e-12  3.37e-12  3.67e-12  3.69e-12  3.61e-12  3.50e-12  3.39e-12  3.28e-12  3.18e-12  3.08e-12
199 21  16  3.38e-13  3.69e-13  5.11e-13  5.14e-13  4.91e-13  4.64e-13  4.39e-13  4.17e-13  3.98e-13  3.82e-13  3.69e-13
200 21  17  7.33e-14  7.97e-14  9.97e-14  9.11e-14  8.19e-14  7.50e-14  7.01e-14  6.70e-14  6.51e-14  6.44e-14  6.46e-14
201 21  18  1.19e-13  1.30e-13  1.82e-13  1.87e-13  1.81e-13  1.74e-13  1.66e-13  1.60e-13  1.55e-13  1.52e-13  1.49e-13
202 21  19  5.62e-14  6.14e-14  7.73e-14  7.05e-14  6.29e-14  5.69e-14  5.24e-14  4.91e-14  4.67e-14  4.50e-14  4.40e-14
203 21  20  1.39e-12  1.77e-12  4.63e-12  5.47e-12  5.77e-12  5.98e-12  6.21e-12  6.48e-12  6.79e-12  7.13e-12  7.48e-12
204 22  1   4.04e-13  4.41e-13  5.50e-13  5.64e-13  5.91e-13  6.36e-13  6.97e-13  7.72e-13  8.58e-13  9.53e-13  1.06e-12
205 22  2   5.87e-13  6.42e-13  8.00e-13  8.21e-13  8.60e-13  9.25e-13  1.01e-12  1.12e-12  1.25e-12  1.39e-12  1.54e-12
206 22  3   8.27e-15  1.01e-14  1.42e-14  1.20e-14  9.79e-15  8.08e-15  6.77e-15  5.77e-15  4.99e-15  4.37e-15  3.87e-15
207 22  4   1.74e-13  2.08e-13  3.46e-13  3.36e-13  3.00e-13  2.66e-13  2.38e-13  2.14e-13  1.96e-13  1.81e-13  1.70e-13
208 22  5   6.59e-14  7.55e-14  1.13e-13  1.08e-13  9.68e-14  8.68e-14  7.87e-14  7.24e-14  6.75e-14  6.39e-14  6.13e-14
209 22  6   6.43e-14  6.87e-14  8.40e-14  7.96e-14  7.34e-14  6.83e-14  6.45e-14  6.19e-14  6.02e-14  5.94e-14  5.93e-14
210 22  7   4.06e-14  4.07e-14  4.05e-14  3.86e-14  3.71e-14  3.63e-14  3.60e-14  3.62e-14  3.67e-14  3.75e-14  3.87e-14
211 22  8   5.89e-14  6.42e-14  7.65e-14  7.82e-14  8.33e-14  9.18e-14  1.03e-13  1.17e-13  1.33e-13  1.50e-13  1.69e-13
212 22  9   3.30e-13  3.66e-13  4.79e-13  4.83e-13  4.90e-13  5.12e-13  5.50e-13  5.99e-13  6.60e-13  7.28e-13  8.04e-13
213 22  10  3.08e-11  3.08e-11  3.44e-11  3.73e-11  3.94e-11  4.14e-11  4.33e-11  4.51e-11  4.70e-11  4.88e-11  5.05e-11
214 22  11  3.26e-12  3.29e-12  3.71e-12  3.99e-12  4.21e-12  4.42e-12  4.64e-12  4.86e-12  5.10e-12  5.33e-12  5.57e-12
215 22  12  7.17e-13  7.44e-13  8.48e-13  8.83e-13  9.24e-13  9.78e-13  1.04e-12  1.12e-12  1.21e-12  1.31e-12  1.42e-12
216 22  13  1.61e-13  1.75e-13  1.79e-13  1.63e-13  1.62e-13  1.73e-13  1.93e-13  2.21e-13  2.57e-13  2.98e-13  3.45e-13
217 22  14  1.96e-14  2.12e-14  2.56e-14  2.28e-14  2.01e-14  1.81e-14  1.66e-14  1.57e-14  1.50e-14  1.46e-14  1.45e-14
218 22  15  1.08e-13  1.22e-13  1.59e-13  1.42e-13  1.23e-13  1.08e-13  9.66e-14  8.78e-14  8.10e-14  7.60e-14  7.23e-14
219 22  16  2.52e-12  2.70e-12  3.87e-12  4.18e-12  4.17e-12  4.07e-12  3.93e-12  3.79e-12  3.66e-12  3.55e-12  3.44e-12
220 22  17  1.65e-13  1.80e-13  2.46e-13  2.45e-13  2.32e-13  2.19e-13  2.07e-13  1.96e-13  1.88e-13  1.81e-13  1.75e-13
221 22  18  5.86e-14  6.37e-14  7.98e-14  7.29e-14  6.55e-14  6.00e-14  5.61e-14  5.36e-14  5.21e-14  5.15e-14  5.17e-14
222 22  19  2.52e-14  2.70e-14  3.31e-14  3.06e-14  2.82e-14  2.68e-14  2.63e-14  2.66e-14  2.75e-14  2.89e-14  3.08e-14
223 22  20  1.17e-13  1.47e-13  3.02e-13  3.27e-13  3.27e-13  3.28e-13  3.35e-13  3.47e-13  3.66e-13  3.88e-13  4.15e-13
224 22  21  1.18e-12  1.51e-12  3.89e-12  4.58e-12  4.82e-12  4.99e-12  5.19e-12  5.41e-12  5.67e-12  5.95e-12  6.25e-12
225 23  1   9.91e-13  1.08e-12  1.35e-12  1.38e-12  1.45e-12  1.56e-12  1.71e-12  1.90e-12  2.11e-12  2.34e-12  2.59e-12
226 23  3   3.52e-14  3.49e-14  3.38e-14  3.25e-14  3.16e-14  3.12e-14  3.13e-14  3.16e-14  3.23e-14  3.32e-14  3.44e-14
227 23  4   3.11e-14  3.29e-14  3.67e-14  3.37e-14  3.09e-14  2.88e-14  2.75e-14  2.67e-14  2.63e-14  2.62e-14  2.64e-14
228 23  5   2.57e-13  3.04e-13  4.93e-13  4.76e-13  4.26e-13  3.79e-13  3.39e-13  3.07e-13  2.82e-13  2.62e-13  2.47e-13
229 23  6   2.49e-14  2.63e-14  2.93e-14  2.69e-14  2.47e-14  2.31e-14  2.20e-14  2.13e-14  2.10e-14  2.10e-14  2.11e-14
230 23  7   4.40e-15  4.37e-15  4.22e-15  4.06e-15  3.95e-15  3.91e-15  3.91e-15  3.95e-15  4.03e-15  4.15e-15  4.30e-15
231 23  8   6.57e-14  7.13e-14  6.75e-14  5.76e-14  5.51e-14  5.79e-14  6.47e-14  7.49e-14  8.82e-14  1.04e-13  1.23e-13
232 23  9   1.51e-13  1.64e-13  1.77e-13  1.70e-13  1.75e-13  1.90e-13  2.13e-13  2.43e-13  2.79e-13  3.21e-13  3.67e-13
233 23  10  2.72e-13  3.00e-13  3.77e-13  3.77e-13  3.85e-13  4.07e-13  4.41e-13  4.87e-13  5.41e-13  6.03e-13  6.72e-13
234 23  11  3.45e-11  3.45e-11  3.86e-11  4.18e-11  4.42e-11  4.64e-11  4.85e-11  5.06e-11  5.27e-11  5.48e-11  5.68e-11
235 23  12  3.11e-13  3.43e-13  4.31e-13  4.31e-13  4.40e-13  4.65e-13  5.04e-13  5.56e-13  6.18e-13  6.89e-13  7.68e-13
236 23  13  3.76e-14  4.09e-14  4.43e-14  4.25e-14  4.37e-14  4.75e-14  5.33e-14  6.08e-14  6.98e-14  8.02e-14  9.17e-14
237 23  14  1.43e-14  1.53e-14  1.89e-14  1.75e-14  1.63e-14  1.58e-14  1.57e-14  1.61e-14  1.68e-14  1.79e-14  1.93e-14
238 23  15  3.40e-14  3.66e-14  4.44e-14  4.00e-14  3.58e-14  3.28e-14  3.10e-14  3.00e-14  2.96e-14  2.98e-14  3.05e-14
239 23  16  6.83e-14  7.63e-14  9.83e-14  8.77e-14  7.65e-14  6.76e-14  6.09e-14  5.60e-14  5.24e-14  4.98e-14  4.81e-14
240 23  17  2.67e-12  2.87e-12  4.11e-12  4.41e-12  4.40e-12  4.28e-12  4.14e-12  3.99e-12  3.85e-12  3.72e-12  3.61e-12
241 23  18  9.10e-14  1.02e-13  1.31e-13  1.17e-13  1.02e-13  9.01e-14  8.13e-14  7.47e-14  6.98e-14  6.64e-14  6.41e-14
242 23  19  1.06e-14  1.14e-14  1.39e-14  1.25e-14  1.12e-14  1.03e-14  9.69e-15  9.37e-15  9.26e-15  9.33e-15  9.54e-15
243 23  20  6.99e-14  8.49e-14  1.09e-13  9.46e-14  8.31e-14  7.65e-14  7.40e-14  7.49e-14  7.87e-14  8.51e-14  9.36e-14
244 23  21  1.79e-13  2.22e-13  4.25e-13  4.49e-13  4.43e-13  4.41e-13  4.49e-13  4.65e-13  4.89e-13  5.20e-13  5.57e-13
245 23  22  6.08e-13  7.75e-13  1.95e-12  2.28e-12  2.39e-12  2.47e-12  2.56e-12  2.67e-12  2.80e-12  2.94e-12  3.10e-12
246 24  1   5.87e-13  6.42e-13  8.00e-13  8.21e-13  8.60e-13  9.25e-13  1.01e-12  1.12e-12  1.25e-12  1.39e-12  1.54e-12
247 24  2   4.04e-13  4.41e-13  5.50e-13  5.64e-13  5.91e-13  6.36e-13  6.97e-13  7.72e-13  8.58e-13  9.53e-13  1.06e-12
248 24  3   1.92e-14  1.99e-14  2.12e-14  1.97e-14  1.84e-14  1.75e-14  1.70e-14  1.67e-14  1.67e-14  1.68e-14  1.71e-14
249 24  4   4.71e-14  4.79e-14  4.92e-14  4.64e-14  4.40e-14  4.25e-14  4.18e-14  4.16e-14  4.19e-14  4.26e-14  4.37e-14
250 24  5   9.59e-14  1.10e-13  1.64e-13  1.56e-13  1.41e-13  1.26e-13  1.14e-13  1.05e-13  9.82e-14  9.29e-14  8.91e-14
251 24  6   1.70e-13  2.02e-13  3.37e-13  3.27e-13  2.93e-13  2.60e-13  2.32e-13  2.09e-13  1.91e-13  1.77e-13  1.66e-13
252 24  7   2.09e-14  2.23e-14  2.56e-14  2.33e-14  2.11e-14  1.95e-14  1.84e-14  1.76e-14  1.72e-14  1.71e-14  1.71e-14
253 24  8   8.57e-14  9.35e-14  1.11e-13  1.14e-13  1.21e-13  1.34e-13  1.50e-13  1.70e-13  1.93e-13  2.18e-13  2.46e-13
254 24  9   1.64e-13  1.81e-13  2.14e-13  2.03e-13  1.99e-13  2.03e-13  2.17e-13  2.37e-13  2.64e-13  2.96e-13  3.34e-13
255 24  10  2.38e-13  2.60e-13  2.96e-13  2.87e-13  2.95e-13  3.17e-13  3.52e-13  3.97e-13  4.52e-13  5.14e-13  5.83e-13
256 24  11  4.74e-12  4.78e-12  5.40e-12  5.80e-12  6.13e-12  6.43e-12  6.75e-12  7.08e-12  7.41e-12  7.76e-12  8.11e-12
257 24  12  2.98e-11  2.98e-11  3.32e-11  3.60e-11  3.81e-11  4.00e-11  4.18e-11  4.36e-11  4.53e-11  4.71e-11  4.88e-11
258 24  13  3.28e-13  3.63e-13  4.60e-13  4.61e-13  4.71e-13  4.97e-13  5.37e-13  5.91e-13  6.56e-13  7.29e-13  8.11e-13
259 24  14  2.85e-14  3.08e-14  3.73e-14  3.32e-14  2.92e-14  2.63e-14  2.42e-14  2.28e-14  2.18e-14  2.13e-14  2.11e-14
260 24  15  3.98e-14  4.51e-14  6.01e-14  5.44e-14  4.80e-14  4.31e-14  3.96e-14  3.73e-14  3.58e-14  3.52e-14  3.52e-14
261 24  16  4.82e-14  5.22e-14  6.42e-14  5.77e-14  5.14e-14  4.68e-14  4.38e-14  4.20e-14  4.12e-14  4.11e-14  4.16e-14
262 24  17  2.40e-13  2.62e-13  3.58e-13  3.57e-13  3.38e-13  3.18e-13  3.01e-13  2.85e-13  2.73e-13  2.63e-13  2.54e-13
263 24  18  2.43e-12  2.61e-12  3.75e-12  4.06e-12  4.06e-12  3.96e-12  3.84e-12  3.70e-12  3.58e-12  3.46e-12  3.36e-12
264 24  19  1.01e-13  1.13e-13  1.47e-13  1.31e-13  1.14e-13  1.00e-13  9.02e-14  8.26e-14  7.70e-14  7.29e-14  7.01e-14
265 24  20  1.71e-13  2.14e-13  4.39e-13  4.75e-13  4.75e-13  4.77e-13  4.87e-13  5.05e-13  5.32e-13  5.65e-13  6.03e-13
266 24  21  4.43e-13  5.65e-13  1.45e-12  1.70e-12  1.80e-12  1.87e-12  1.94e-12  2.02e-12  2.12e-12  2.22e-12  2.33e-12
267 24  22  2.42e-13  3.02e-13  6.01e-13  6.45e-13  6.45e-13  6.46e-13  6.59e-13  6.84e-13  7.20e-13  7.64e-13  8.15e-13
268 24  23  1.06E-12  1.36E-12  3.41E-12  3.98E-12  4.18E-12  4.32E-12  4.48E-12  4.67E-12  4.90E-12  5.14E-12  5.40E-12
269 25  1   2.57e-13  2.81e-13  3.50e-13  3.59e-13  3.76e-13  4.05e-13  4.44e-13  4.91e-13  5.46e-13  6.07e-13  6.72e-13
270 25  2   7.34e-13  8.02e-13  9.99e-13  1.03e-12  1.07e-12  1.16e-12  1.27e-12  1.40e-12  1.56e-12  1.73e-12  1.92e-12
271 25  3   6.62e-15  8.11e-15  1.13e-14  9.59e-15  7.83e-15  6.46e-15  5.42e-15  4.62e-15  3.99e-15  3.50e-15  3.09e-15
272 25  4   6.02e-14  6.03e-14  5.95e-14  5.68e-14  5.48e-14  5.38e-14  5.34e-14  5.38e-14  5.46e-14  5.59e-14  5.78e-14
273 25  5   3.13e-14  3.38e-14  4.30e-14  4.08e-14  3.75e-14  3.46e-14  3.24e-14  3.08e-14  2.98e-14  2.92e-14  2.89e-14
274 25  6   1.09e-13  1.26e-13  1.93e-13  1.84e-13  1.65e-13  1.48e-13  1.33e-13  1.22e-13  1.13e-13  1.06e-13  1.01e-13
275 25  7   1.47e-13  1.75e-13  2.91e-13  2.82e-13  2.52e-13  2.23e-13  1.99e-13  1.80e-13  1.64e-13  1.52e-13  1.42e-13
276 25  8   1.00e-13  1.12e-13  1.49e-13  1.50e-13  1.50e-13  1.55e-13  1.65e-13  1.78e-13  1.94e-13  2.13e-13  2.34e-13
277 25  9   1.79e-13  1.97e-13  2.43e-13  2.47e-13  2.58e-13  2.79e-13  3.08e-13  3.45e-13  3.87e-13  4.34e-13  4.85e-13
278 25  10  2.09e-13  2.27e-13  2.30e-13  2.08e-13  2.06e-13  2.20e-13  2.46e-13  2.82e-13  3.27e-13  3.81e-13  4.43e-13
279 25  11  4.01e-13  4.13e-13  4.70e-13  4.92e-13  5.16e-13  5.45e-13  5.80e-13  6.21e-13  6.65e-13  7.14e-13  7.66e-13
280 25  12  5.87e-12  5.91e-12  6.67e-12  7.19e-12  7.59e-12  7.97e-12  8.35e-12  8.75e-12  9.16e-12  9.58e-12  1.00e-11
281 25  13  2.86e-11  2.86e-11  3.19e-11  3.46e-11  3.66e-11  3.84e-11  4.02e-11  4.19e-11  4.36e-11  4.53e-11  4.69e-11
282 25  14  4.00e-14  4.53e-14  5.98e-14  5.33e-14  4.62e-14  4.04e-14  3.59e-14  3.25e-14  2.98e-14  2.78e-14  2.63e-14
283 25  15  4.50e-14  4.90e-14  6.02e-14  5.36e-14  4.70e-14  4.21e-14  3.85e-14  3.60e-14  3.43e-14  3.32e-14  3.26e-14
284 25  16  3.16e-14  3.39e-14  4.16e-14  3.84e-14  3.54e-14  3.37e-14  3.32e-14  3.36e-14  3.48e-14  3.66e-14  3.90e-14
285 25  17  2.56e-14  2.79e-14  3.49e-14  3.19e-14  2.87e-14  2.62e-14  2.45e-14  2.34e-14  2.28e-14  2.25e-14  2.26e-14
286 25  18  2.90e-13  3.17e-13  4.34e-13  4.34e-13  4.12e-13  3.88e-13  3.67e-13  3.48e-13  3.33e-13  3.20e-13  3.10e-13
287 25  19  2.46e-12  2.64e-12  3.78e-12  4.08e-12  4.07e-12  3.97e-12  3.83e-12  3.70e-12  3.57e-12  3.46e-12  3.35e-12
288 25  20  4.85e-13  6.20e-13  1.62e-12  1.91e-12  2.02e-12  2.09e-12  2.17e-12  2.27e-12  2.38e-12  2.49e-12  2.62e-12
289 25  21  2.48e-13  3.12e-13  6.63e-13  7.28e-13  7.35e-13  7.42e-13  7.60e-13  7.90e-13  8.31e-13  8.80e-13  9.37e-13
290 25  22  1.23e-13  1.50e-13  2.05e-13  1.84e-13  1.66e-13  1.55e-13  1.52e-13  1.55e-13  1.63e-13  1.75e-13  1.91e-13
291 25  23  9.38E-14  1.17E-13  2.24E-13  2.36E-13  2.33E-13  2.31E-13  2.36E-13  2.45E-13  2.57E-13  2.73E-13  2.93E-13
292 25  24  1.29E-12  1.64E-12  4.15E-12  4.86E-12  5.10E-12  5.28E-12  5.48E-12  5.71E-12  5.99E-12  6.29E-12  6.61E-12
293 26  1   6.01e-14  5.98e-14  6.05e-14  5.94e-14  5.80e-14  5.72e-14  5.70e-14  5.73e-14  5.82e-14  5.96e-14  6.14e-14
294 26  3   7.87e-13  8.09e-13  1.01e-12  1.13e-12  1.24e-12  1.36e-12  1.50e-12  1.66e-12  1.83e-12  2.02e-12  2.21e-12
295 26  4   2.95e-13  3.07e-13  3.78e-13  4.14e-13  4.48e-13  4.88e-13  5.35e-13  5.89e-13  6.48e-13  7.12e-13  7.81e-13
296 26  5   1.73e-13  1.80e-13  2.10e-13  2.25e-13  2.46e-13  2.75e-13  3.13e-13  3.59e-13  4.13e-13  4.75e-13  5.44e-13
297 26  6   2.36e-13  2.45e-13  3.02e-13  3.31e-13  3.59e-13  3.91e-13  4.28e-13  4.71e-13  5.18e-13  5.70e-13  6.24e-13
298 26  7   9.84e-14  1.01e-13  1.26e-13  1.41e-13  1.55e-13  1.70e-13  1.87e-13  2.07e-13  2.29e-13  2.52e-13  2.77e-13
299 26  8   6.57e-14  6.88e-14  1.05e-13  1.17e-13  1.17e-13  1.12e-13  1.06e-13  1.01e-13  9.65e-14  9.33e-14  9.12e-14
300 26  9   5.77e-14  5.97e-14  8.08e-14  8.70e-14  8.58e-14  8.25e-14  7.91e-14  7.61e-14  7.38e-14  7.24e-14  7.17e-14
301 26  10  2.30e-14  2.33e-14  2.60e-14  2.64e-14  2.59e-14  2.53e-14  2.48e-14  2.45e-14  2.44e-14  2.46e-14  2.50e-14
302 26  11  2.45e-14  2.44e-14  2.46e-14  2.51e-14  2.59e-14  2.71e-14  2.87e-14  3.07e-14  3.32e-14  3.61e-14  3.95e-14
303 26  12  2.63e-14  2.66e-14  2.97e-14  3.02e-14  2.96e-14  2.89e-14  2.83e-14  2.80e-14  2.79e-14  2.81e-14  2.86e-14
304 26  13  1.44e-14  1.49e-14  2.02e-14  2.17e-14  2.14e-14  2.06e-14  1.98e-14  1.90e-14  1.85e-14  1.81e-14  1.79e-14
305 26  14  3.68e-11  3.64e-11  3.70e-11  3.86e-11  4.02e-11  4.19e-11  4.35e-11  4.52e-11  4.68e-11  4.84e-11  5.00e-11
306 26  15  7.46e-12  7.42e-12  7.61e-12  7.93e-12  8.27e-12  8.63e-12  9.01e-12  9.41e-12  9.82e-12  1.02e-11  1.06e-11
307 26  16  5.09e-13  5.13e-13  5.26e-13  5.39e-13  5.61e-13  5.91e-13  6.27e-13  6.69e-13  7.15e-13  7.65e-13  8.18e-13
308 26  17  1.38e-13  1.48e-13  1.37e-13  1.17e-13  1.10e-13  1.11e-13  1.18e-13  1.29e-13  1.44e-13  1.62e-13  1.84e-13
309 26  18  6.79e-13  6.84e-13  7.02e-13  7.18e-13  7.48e-13  7.88e-13  8.37e-13  8.92e-13  9.53e-13  1.02e-12  1.09e-12
310 26  19  2.33e-12  2.32e-12  2.38e-12  2.48e-12  2.59e-12  2.70e-12  2.82e-12  2.94e-12  3.07e-12  3.20e-12  3.33e-12
311 26  20  1.89e-12  1.98e-12  2.67e-12  2.92e-12  2.99e-12  2.98e-12  2.94e-12  2.89e-12  2.84e-12  2.79e-12  2.74e-12
312 26  21  2.54e-13  2.73e-13  3.41e-13  3.36e-13  3.21e-13  3.06e-13  2.92e-13  2.81e-13  2.72e-13  2.65e-13  2.59e-13
313 26  22  2.88e-14  3.07e-14  3.37e-14  3.01e-14  2.70e-14  2.47e-14  2.32e-14  2.22e-14  2.17e-14  2.15e-14  2.17e-14
314 26  23  9.98e-15  1.04e-14  1.11e-14  1.02e-14  9.58e-15  9.31e-15  9.40e-15  9.80e-15  1.05e-14  1.15e-14  1.28e-14
315 26  24  4.19e-14  4.47e-14  4.90e-14  4.38e-14  3.92e-14  3.59e-14  3.37e-14  3.23e-14  3.16e-14  3.13e-14  3.16e-14
316 26  25  8.89e-14  9.54e-14  1.19e-13  1.18e-13  1.12e-13  1.07e-13  1.02e-13  9.84e-14  9.52e-14  9.27e-14  9.07e-14
317 27  1   4.37e-14  4.35e-14  4.40e-14  4.32e-14  4.22e-14  4.16e-14  4.15e-14  4.17e-14  4.23e-14  4.33e-14  4.47e-14
318 27  2   1.64e-14  1.63e-14  1.65e-14  1.62e-14  1.58e-14  1.56e-14  1.55e-14  1.56e-14  1.59e-14  1.62e-14  1.68e-14
319 27  3   4.38e-13  4.51e-13  5.60e-13  6.25e-13  6.84e-13  7.51e-13  8.28e-13  9.14e-13  1.01e-12  1.11e-12  1.22e-12
320 27  4   6.44e-13  6.64e-13  8.24e-13  9.15e-13  1.00e-12  1.10e-12  1.21e-12  1.33e-12  1.47e-12  1.62e-12  1.77e-12
321 27  5   2.62e-13  2.72e-13  3.29e-13  3.58e-13  3.89e-13  4.28e-13  4.75e-13  5.30e-13  5.92e-13  6.61e-13  7.37e-13
322 27  6   1.20e-13  1.24e-13  1.48e-13  1.64e-13  1.82e-13  2.03e-13  2.30e-13  2.62e-13  2.98e-13  3.39e-13  3.83e-13
323 27  7   1.25e-13  1.30e-13  1.60e-13  1.75e-13  1.88e-13  2.05e-13  2.24e-13  2.46e-13  2.70e-13  2.97e-13  3.25e-13
324 27  8   1.54e-14  1.57e-14  1.68e-14  1.66e-14  1.61e-14  1.56e-14  1.53e-14  1.52e-14  1.52e-14  1.54e-14  1.57e-14
325 27  9   7.68e-14  8.03e-14  1.23e-13  1.37e-13  1.36e-13  1.30e-13  1.24e-13  1.18e-13  1.13e-13  1.09e-13  1.07e-13
326 27  10  5.42e-14  5.58e-14  7.28e-14  7.75e-14  7.64e-14  7.36e-14  7.08e-14  6.85e-14  6.68e-14  6.58e-14  6.55e-14
327 27  11  3.07e-14  3.09e-14  3.34e-14  3.40e-14  3.38e-14  3.38e-14  3.40e-14  3.46e-14  3.55e-14  3.69e-14  3.87e-14
328 27  12  1.66e-14  1.69e-14  2.14e-14  2.32e-14  2.36e-14  2.38e-14  2.40e-14  2.45e-14  2.54e-14  2.66e-14  2.81e-14
329 27  13  1.80e-14  1.81e-14  1.97e-14  1.99e-14  1.95e-14  1.91e-14  1.88e-14  1.86e-14  1.86e-14  1.88e-14  1.92e-14
330 27  14  3.46e-13  3.67e-13  4.24e-13  4.39e-13  4.64e-13  5.03e-13  5.55e-13  6.17e-13  6.88e-13  7.68e-13  8.54e-13
331 27  15  3.84e-11  3.80e-11  3.86e-11  4.03e-11  4.19e-11  4.36e-11  4.53e-11  4.70e-11  4.87e-11  5.04e-11  5.20e-11
332 27  16  6.03e-12  5.99e-12  6.15e-12  6.40e-12  6.68e-12  6.97e-12  7.28e-12  7.61e-12  7.95e-12  8.29e-12  8.64e-12
333 27  17  5.88e-13  5.96e-13  6.06e-13  6.12e-13  6.34e-13  6.66e-13  7.08e-13  7.56e-13  8.10e-13  8.70e-13  9.34e-13
334 27  18  2.14e-12  2.13e-12  2.18e-12  2.26e-12  2.35e-12  2.45e-12  2.55e-12  2.65e-12  2.76e-12  2.87e-12  2.98e-12
335 27  19  4.15e-13  4.20e-13  4.30e-13  4.38e-13  4.56e-13  4.82e-13  5.14e-13  5.51e-13  5.93e-13  6.38e-13  6.87e-13
336 27  20  1.04e-13  1.14e-13  1.31e-13  1.14e-13  9.86e-14  8.68e-14  7.82e-14  7.19e-14  6.74e-14  6.43e-14  6.23e-14
337 27  21  1.86e-12  1.94e-12  2.63e-12  2.90e-12  2.98e-12  2.98e-12  2.94e-12  2.89e-12  2.84e-12  2.79e-12  2.74e-12
338 27  22  2.13e-13  2.28e-13  2.83e-13  2.78e-13  2.65e-13  2.52e-13  2.41e-13  2.32e-13  2.24e-13  2.18e-13  2.14e-13
339 27  23  3.69e-14  3.93e-14  4.30e-14  3.86e-14  3.47e-14  3.19e-14  3.02e-14  2.92e-14  2.88e-14  2.90e-14  2.96e-14
340 27  24  7.04e-14  7.55e-14  9.71e-14  9.81e-14  9.52e-14  9.16e-14  8.83e-14  8.55e-14  8.32e-14  8.14e-14  8.02e-14
341 27  25  3.35e-14  3.57e-14  3.92e-14  3.51e-14  3.14e-14  2.87e-14  2.70e-14  2.58e-14  2.52e-14  2.51e-14  2.53e-14
342 27  26  8.45e-13  1.02e-12  2.67e-12  3.46e-12  3.83e-12  4.07e-12  4.29e-12  4.52e-12  4.77e-12  5.02e-12  5.29e-12
343 28  1   2.37e-14  2.36e-14  2.38e-14  2.34e-14  2.29e-14  2.25e-14  2.25e-14  2.26e-14  2.29e-14  2.35e-14  2.42e-14
344 28  2   3.64e-14  3.62e-14  3.67e-14  3.60e-14  3.52e-14  3.47e-14  3.45e-14  3.47e-14  3.53e-14  3.61e-14  3.72e-14
345 28  3   1.36e-14  1.60e-14  1.71e-14  1.30e-14  1.01e-14  8.16e-15  6.75e-15  5.71e-15  4.92e-15  4.30e-15  3.80e-15
346 28  4   1.07e-12  1.10e-12  1.37e-12  1.53e-12  1.67e-12  1.84e-12  2.03e-12  2.24e-12  2.47e-12  2.72e-12  2.99e-12
347 28  5   3.01e-13  3.11e-13  3.83e-13  4.22e-13  4.60e-13  5.05e-13  5.57e-13  6.16e-13  6.82e-13  7.53e-13  8.30e-13
348 28  6   1.65e-13  1.72e-13  2.07e-13  2.23e-13  2.42e-13  2.67e-13  2.97e-13  3.32e-13  3.73e-13  4.19e-13  4.69e-13
349 28  7   4.14e-14  4.30e-14  4.82e-14  5.10e-14  5.63e-14  6.45e-14  7.55e-14  8.93e-14  1.06e-13  1.25e-13  1.47e-13
350 28  8   4.35e-15  4.30e-15  4.16e-15  4.06e-15  3.99e-15  3.96e-15  3.97e-15  4.02e-15  4.11e-15  4.23e-15  4.38e-15
351 28  9   1.96e-14  1.98e-14  2.08e-14  2.04e-14  1.98e-14  1.94e-14  1.91e-14  1.90e-14  1.91e-14  1.94e-14  1.99e-14
352 28  10  1.22e-13  1.28e-13  1.87e-13  2.06e-13  2.05e-13  1.96e-13  1.87e-13  1.78e-13  1.72e-13  1.67e-13  1.64e-13
353 28  11  3.06e-14  3.12e-14  3.86e-14  4.06e-14  4.00e-14  3.89e-14  3.79e-14  3.71e-14  3.67e-14  3.66e-14  3.70e-14
354 28  12  2.31e-14  2.31e-14  2.45e-14  2.48e-14  2.47e-14  2.48e-14  2.51e-14  2.57e-14  2.65e-14  2.77e-14  2.92e-14
355 28  13  1.16e-14  1.16e-14  1.15e-14  1.17e-14  1.22e-14  1.29e-14  1.39e-14  1.50e-14  1.64e-14  1.80e-14  1.98e-14
356 28  14  5.26e-14  5.49e-14  5.25e-14  4.91e-14  5.01e-14  5.39e-14  5.99e-14  6.77e-14  7.70e-14  8.76e-14  9.94e-14
357 28  15  3.36e-13  3.56e-13  4.04e-13  4.15e-13  4.38e-13  4.75e-13  5.24e-13  5.83e-13  6.51e-13  7.28e-13  8.10e-13
358 28  16  4.44e-11  4.39e-11  4.47e-11  4.66e-11  4.86e-11  5.06e-11  5.26e-11  5.46e-11  5.66e-11  5.86e-11  6.06e-11
359 28  17  2.70e-12  2.68e-12  2.75e-12  2.86e-12  2.98e-12  3.12e-12  3.26e-12  3.41e-12  3.57e-12  3.73e-12  3.89e-12
360 28  18  3.83e-13  3.90e-13  3.95e-13  3.96e-13  4.09e-13  4.31e-13  4.60e-13  4.94e-13  5.34e-13  5.77e-13  6.24e-13
361 28  19  6.91e-14  7.52e-14  6.77e-14  5.44e-14  4.90e-14  4.84e-14  5.11e-14  5.64e-14  6.39e-14  7.34e-14  8.48e-14
362 28  20  1.28e-14  1.35e-14  1.43e-14  1.26e-14  1.13e-14  1.03e-14  9.76e-15  9.44e-15  9.33e-15  9.40e-15  9.61e-15
363 28  21  9.44e-14  1.03e-13  1.18e-13  1.03e-13  8.91e-14  7.87e-14  7.11e-14  6.56e-14  6.17e-14  5.91e-14  5.75e-14
364 28  22  2.06e-12  2.17e-12  2.91e-12  3.18e-12  3.24e-12  3.22e-12  3.18e-12  3.12e-12  3.06e-12  3.01e-12  2.95e-12
365 28  23  1.03e-13  1.11e-13  1.36e-13  1.33e-13  1.26e-13  1.19e-13  1.14e-13  1.10e-13  1.06e-13  1.04e-13  1.02e-13
366 28  24  3.08e-14  3.28e-14  3.59e-14  3.22e-14  2.89e-14  2.66e-14  2.51e-14  2.43e-14  2.40e-14  2.41e-14  2.47e-14
367 28  25  6.66e-15  6.96e-15  7.40e-15  6.82e-15  6.39e-15  6.21e-15  6.26e-15  6.53e-15  6.99e-15  7.66e-15  8.52e-15
368 28  26  5.72e-14  6.88e-14  1.31e-13  1.54e-13  1.62e-13  1.67e-13  1.71e-13  1.78e-13  1.87e-13  1.97e-13  2.10e-13
369 28  27  7.31e-13  8.84e-13  2.29e-12  2.96e-12  3.27e-12  3.48e-12  3.66e-12  3.86e-12  4.06e-12  4.28e-12  4.51e-12
370 29  1   6.01e-14  5.98e-14  6.05e-14  5.94e-14  5.80e-14  5.72e-14  5.70e-14  5.73e-14  5.82e-14  5.96e-14  6.14e-14
371 29  3   3.43e-14  3.53e-14  3.96e-14  4.30e-14  4.85e-14  5.63e-14  6.65e-14  7.92e-14  9.43e-14  1.12e-13  1.32e-13
372 29  4   3.59e-14  3.91e-14  4.33e-14  4.11e-14  4.14e-14  4.41e-14  4.90e-14  5.58e-14  6.44e-14  7.46e-14  8.65e-14
373 29  5   1.49e-12  1.53e-12  1.90e-12  2.11e-12  2.31e-12  2.54e-12  2.80e-12  3.09e-12  3.42e-12  3.76e-12  4.14e-12
374 29  6   2.87e-14  3.13e-14  3.46e-14  3.28e-14  3.31e-14  3.53e-14  3.92e-14  4.46e-14  5.15e-14  5.97e-14  6.92e-14
375 29  7   4.29e-15  4.41e-15  4.95e-15  5.37e-15  6.06e-15  7.04e-15  8.32e-15  9.90e-15  1.18e-14  1.40e-14  1.64e-14
376 29  8   4.38e-15  4.34e-15  4.34e-15  4.53e-15  4.85e-15  5.27e-15  5.79e-15  6.42e-15  7.15e-15  8.00e-15  8.98e-15
377 29  9   1.11e-14  1.10e-14  1.08e-14  1.08e-14  1.10e-14  1.14e-14  1.19e-14  1.26e-14  1.35e-14  1.45e-14  1.57e-14
378 29  10  1.78e-14  1.78e-14  1.83e-14  1.81e-14  1.78e-14  1.76e-14  1.76e-14  1.78e-14  1.82e-14  1.88e-14  1.96e-14
379 29  11  1.55e-13  1.61e-13  2.30e-13  2.51e-13  2.49e-13  2.39e-13  2.28e-13  2.19e-13  2.11e-13  2.06e-13  2.03e-13
380 29  12  2.03e-14  2.04e-14  2.10e-14  2.07e-14  2.03e-14  2.01e-14  2.01e-14  2.04e-14  2.08e-14  2.15e-14  2.24e-14
381 29  13  2.78e-15  2.75e-15  2.69e-15  2.70e-15  2.75e-15  2.84e-15  2.98e-15  3.15e-15  3.37e-15  3.62e-15  3.92e-15
382 29  14  3.58e-14  3.95e-14  3.43e-14  2.53e-14  2.10e-14  1.95e-14  1.97e-14  2.13e-14  2.42e-14  2.81e-14  3.31e-14
383 29  15  9.42e-14  9.96e-14  9.32e-14  8.33e-14  8.21e-14  8.66e-14  9.52e-14  1.07e-13  1.22e-13  1.39e-13  1.58e-13
384 29  16  2.16e-13  2.28e-13  2.52e-13  2.54e-13  2.66e-13  2.88e-13  3.18e-13  3.54e-13  3.97e-13  4.44e-13  4.96e-13
385 29  17  4.73e-11  4.68e-11  4.77e-11  4.97e-11  5.18e-11  5.39e-11  5.60e-11  5.82e-11  6.04e-11  6.26e-11  6.47e-11
386 29  18  2.87e-13  3.04e-13  3.35e-13  3.39e-13  3.55e-13  3.84e-13  4.24e-13  4.72e-13  5.29e-13  5.92e-13  6.61e-13
387 29  19  2.94e-14  3.11e-14  2.91e-14  2.60e-14  2.57e-14  2.71e-14  2.97e-14  3.34e-14  3.80e-14  4.34e-14  4.94e-14
388 29  20  3.59e-15  3.73e-15  3.96e-15  3.72e-15  3.56e-15  3.55e-15  3.67e-15  3.92e-15  4.31e-15  4.82e-15  5.48e-15
389 29  21  1.89e-14  1.99e-14  2.11e-14  1.88e-14  1.68e-14  1.56e-14  1.49e-14  1.45e-14  1.46e-14  1.49e-14  1.55e-14
390 29  22  5.26e-14  5.74e-14  6.51e-14  5.69e-14  4.93e-14  4.38e-14  3.98e-14  3.70e-14  3.51e-14  3.39e-14  3.33e-14
391 29  23  2.15e-12  2.26e-12  3.03e-12  3.29e-12  3.35e-12  3.33e-12  3.28e-12  3.22e-12  3.16e-12  3.10e-12  3.05e-12
392 29  24  7.65e-14  8.34e-14  9.47e-14  8.27e-14  7.18e-14  6.37e-14  5.79e-14  5.38e-14  5.10e-14  4.92e-14  4.84e-14
393 29  25  6.60e-15  6.98e-15  7.39e-15  6.57e-15  5.90e-15  5.45e-15  5.20e-15  5.09e-15  5.10e-15  5.21e-15  5.41e-15
394 29  26  2.87e-14  3.42e-14  4.14e-14  3.89e-14  3.66e-14  3.49e-14  3.39e-14  3.38e-14  3.45e-14  3.60e-14  3.81e-14
395 29  27  8.69e-14  1.04e-13  1.89e-13  2.19e-13  2.30e-13  2.35e-13  2.41e-13  2.50e-13  2.62e-13  2.76e-13  2.94e-13
396 29  28  3.66e-13  4.43e-13  1.12e-12  1.44e-12  1.59e-12  1.69e-12  1.78e-12  1.87e-12  1.97e-12  2.08e-12  2.19e-12
397 30  1   3.64e-14  3.62e-14  3.67e-14  3.60e-14  3.52e-14  3.47e-14  3.45e-14  3.47e-14  3.53e-14  3.61e-14  3.72e-14
398 30  2   2.37e-14  2.36e-14  2.38e-14  2.34e-14  2.29e-14  2.25e-14  2.25e-14  2.26e-14  2.29e-14  2.35e-14  2.42e-14
399 30  3   2.13e-14  2.27e-14  2.53e-14  2.52e-14  2.65e-14  2.93e-14  3.34e-14  3.87e-14  4.53e-14  5.31e-14  6.19e-14
400 30  4   4.84e-14  5.10e-14  5.70e-14  5.85e-14  6.31e-14  7.10e-14  8.20e-14  9.61e-14  1.13e-13  1.33e-13  1.56e-13
401 30  5   4.63e-13  4.79e-13  5.89e-13  6.50e-13  7.08e-13  7.77e-13  8.56e-13  9.47e-13  1.05e-12  1.16e-12  1.28e-12
402 30  6   1.03e-12  1.06e-12  1.32e-12  1.48e-12  1.62e-12  1.78e-12  1.96e-12  2.17e-12  2.39e-12  2.63e-12  2.89e-12
403 30  7   2.43e-14  2.67e-14  2.95e-14  2.72e-14  2.68e-14  2.80e-14  3.06e-14  3.44e-14  3.93e-14  4.53e-14  5.22e-14
404 30  8   6.69e-15  6.62e-15  6.40e-15  6.24e-15  6.13e-15  6.09e-15  6.11e-15  6.19e-15  6.32e-15  6.51e-15  6.74e-15
405 30  9   9.58e-15  9.66e-15  1.03e-14  1.04e-14  1.06e-14  1.09e-14  1.14e-14  1.21e-14  1.29e-14  1.39e-14  1.51e-14
406 30  10  1.70e-14  1.69e-14  1.68e-14  1.67e-14  1.69e-14  1.72e-14  1.78e-14  1.86e-14  1.96e-14  2.09e-14  2.24e-14
407 30  11  4.71e-14  4.81e-14  5.94e-14  6.24e-14  6.16e-14  5.99e-14  5.82e-14  5.70e-14  5.64e-14  5.63e-14  5.69e-14
408 30  12  1.11e-13  1.16e-13  1.72e-13  1.91e-13  1.90e-13  1.82e-13  1.73e-13  1.65e-13  1.58e-13  1.54e-13  1.51e-13
409 30  13  2.06e-14  2.07e-14  2.14e-14  2.10e-14  2.06e-14  2.03e-14  2.03e-14  2.04e-14  2.08e-14  2.14e-14  2.21e-14
410 30  14  8.10e-14  8.45e-14  8.07e-14  7.56e-14  7.70e-14  8.29e-14  9.22e-14  1.04e-13  1.18e-13  1.35e-13  1.53e-13
411 30  15  1.23e-13  1.33e-13  1.53e-13  1.53e-13  1.58e-13  1.68e-13  1.83e-13  2.02e-13  2.25e-13  2.51e-13  2.79e-13
412 30  16  1.39e-13  1.47e-13  1.44e-13  1.33e-13  1.34e-13  1.42e-13  1.56e-13  1.75e-13  1.99e-13  2.25e-13  2.55e-13
413 30  17  4.15e-12  4.13e-12  4.24e-12  4.40e-12  4.59e-12  4.79e-12  5.01e-12  5.25e-12  5.49e-12  5.74e-12  5.99e-12
414 30  18  4.31e-11  4.27e-11  4.34e-11  4.53e-11  4.72e-11  4.91e-11  5.10e-11  5.30e-11  5.49e-11  5.68e-11  5.87e-11
415 30  19  3.12e-13  3.30e-13  3.67e-13  3.73e-13  3.91e-13  4.24e-13  4.67e-13  5.21e-13  5.83e-13  6.52e-13  7.28e-13
416 30  20  1.96e-14  2.08e-14  2.20e-14  1.95e-14  1.73e-14  1.59e-14  1.50e-14  1.45e-14  1.44e-14  1.45e-14  1.48e-14
417 30  21  2.95e-14  3.27e-14  3.87e-14  3.38e-14  2.91e-14  2.56e-14  2.30e-14  2.12e-14  2.00e-14  1.93e-14  1.90e-14
418 30  22  2.59e-14  2.75e-14  2.95e-14  2.62e-14  2.33e-14  2.14e-14  2.03e-14  1.97e-14  1.96e-14  1.98e-14  2.05e-14
419 30  23  1.59e-13  1.70e-13  2.09e-13  2.04e-13  1.94e-13  1.84e-13  1.75e-13  1.69e-13  1.63e-13  1.60e-13  1.57e-13
420 30  24  1.99e-12  2.09e-12  2.82e-12  3.09e-12  3.16e-12  3.15e-12  3.11e-12  3.05e-12  3.00e-12  2.94e-12  2.89e-12
421 30  25  8.55e-14  9.33e-14  1.06e-13  9.26e-14  8.03e-14  7.11e-14  6.45e-14  5.99e-14  5.67e-14  5.46e-14  5.35e-14
422 30  26  8.80e-14  1.06e-13  2.01e-13  2.37e-13  2.49e-13  2.56e-13  2.64e-13  2.74e-13  2.87e-13  3.04e-13  3.23e-13
423 30  27  2.80e-13  3.39e-13  8.95e-13  1.16e-12  1.29e-12  1.38e-12  1.45e-12  1.53e-12  1.61e-12  1.70e-12  1.79e-12
424 30  28  1.13e-13  1.36e-13  2.57e-13  3.02e-13  3.18e-13  3.28e-13  3.38e-13  3.51e-13  3.68e-13  3.89e-13  4.13e-13
425 30  29  6.57E-13  7.95E-13  2.02E-12  2.59E-12  2.86E-12  3.03E-12  3.20E-12  3.36E-12  3.55E-12  3.73E-12  3.93E-12
426 31  1   1.64e-14  1.63e-14  1.65e-14  1.62e-14  1.58e-14  1.56e-14  1.55e-14  1.56e-14  1.59e-14  1.62e-14  1.68e-14
427 31  2   4.37e-14  4.35e-14  4.40e-14  4.32e-14  4.22e-14  4.16e-14  4.15e-14  4.17e-14  4.23e-14  4.33e-14  4.47e-14
428 31  3   1.13e-14  1.34e-14  1.43e-14  1.08e-14  8.44e-15  6.80e-15  5.63e-15  4.76e-15  4.10e-15  3.58e-15  3.17e-15
429 31  4   5.95e-14  6.17e-14  6.92e-14  7.36e-14  8.17e-14  9.39e-14  1.10e-13  1.30e-13  1.55e-13  1.83e-13  2.15e-13
430 31  5   9.82e-14  1.02e-13  1.23e-13  1.34e-13  1.46e-13  1.60e-13  1.78e-13  1.99e-13  2.22e-13  2.48e-13  2.76e-13
431 31  6   5.44e-13  5.62e-13  6.94e-13  7.66e-13  8.36e-13  9.16e-13  1.01e-12  1.12e-12  1.23e-12  1.36e-12  1.50e-12
432 31  7   8.78e-13  9.04e-13  1.12e-12  1.25e-12  1.37e-12  1.51e-12  1.66e-12  1.83e-12  2.02e-12  2.23e-12  2.45e-12
433 31  8   5.79e-15  5.87e-15  6.31e-15  6.22e-15  6.02e-15  5.85e-15  5.75e-15  5.70e-15  5.71e-15  5.78e-15  5.90e-15
434 31  9   1.29e-14  1.28e-14  1.27e-14  1.25e-14  1.22e-14  1.20e-14  1.20e-14  1.21e-14  1.23e-14  1.26e-14  1.30e-14
435 31  10  1.46e-14  1.45e-14  1.44e-14  1.47e-14  1.54e-14  1.63e-14  1.76e-14  1.91e-14  2.09e-14  2.30e-14  2.54e-14
436 31  11  1.15e-14  1.16e-14  1.25e-14  1.27e-14  1.27e-14  1.27e-14  1.27e-14  1.30e-14  1.33e-14  1.38e-14  1.45e-14
437 31  12  5.28e-14  5.40e-14  6.75e-14  7.12e-14  7.02e-14  6.81e-14  6.60e-14  6.44e-14  6.34e-14  6.31e-14  6.35e-14
438 31  13  1.14e-13  1.19e-13  1.73e-13  1.91e-13  1.89e-13  1.81e-13  1.73e-13  1.65e-13  1.59e-13  1.54e-13  1.52e-13
439 31  14  1.30e-13  1.38e-13  1.59e-13  1.65e-13  1.74e-13  1.89e-13  2.08e-13  2.31e-13  2.58e-13  2.88e-13  3.20e-13
440 31  15  1.33e-13  1.39e-13  1.39e-13  1.34e-13  1.38e-13  1.49e-13  1.65e-13  1.86e-13  2.10e-13  2.38e-13  2.68e-13
441 31  16  8.31e-14  9.06e-14  8.11e-14  6.44e-14  5.74e-14  5.64e-14  5.93e-14  6.54e-14  7.41e-14  8.52e-14  9.87e-14
442 31  17  2.21e-13  2.23e-13  2.27e-13  2.30e-13  2.38e-13  2.50e-13  2.65e-13  2.83e-13  3.04e-13  3.26e-13  3.50e-13
443 31  18  4.95e-12  4.93e-12  5.05e-12  5.26e-12  5.48e-12  5.72e-12  5.99e-12  6.26e-12  6.54e-12  6.84e-12  7.13e-12
444 31  19  4.24e-11  4.20e-11  4.27e-11  4.46e-11  4.64e-11  4.83e-11  5.02e-11  5.22e-11  5.41e-11  5.60e-11  5.79e-11
445 31  20  3.90e-14  4.28e-14  4.92e-14  4.29e-14  3.70e-14  3.26e-14  2.93e-14  2.70e-14  2.53e-14  2.41e-14  2.34e-14
446 31  21  2.83e-14  3.01e-14  3.23e-14  2.85e-14  2.52e-14  2.30e-14  2.16e-14  2.07e-14  2.03e-14  2.03e-14  2.06e-14
447 31  22  7.83e-15  8.19e-15  8.69e-15  8.03e-15  7.54e-15  7.34e-15  7.43e-15  7.76e-15  8.33e-15  9.14e-15  1.02e-14
448 31  23  1.38e-14  1.48e-14  1.61e-14  1.45e-14  1.30e-14  1.20e-14  1.13e-14  1.09e-14  1.08e-14  1.09e-14  1.11e-14
449 31  24  1.86e-13  2.00e-13  2.46e-13  2.41e-13  2.28e-13  2.17e-13  2.07e-13  1.99e-13  1.93e-13  1.88e-13  1.85e-13
450 31  25  2.04e-12  2.14e-12  2.87e-12  3.13e-12  3.19e-12  3.17e-12  3.13e-12  3.07e-12  3.01e-12  2.96e-12  2.90e-12
451 31  26  3.17e-13  3.84e-13  1.00e-12  1.30e-12  1.44e-12  1.53e-12  1.61e-12  1.70e-12  1.79e-12  1.88e-12  1.98e-12
452 31  27  1.19e-13  1.44e-13  2.84e-13  3.39e-13  3.60e-13  3.72e-13  3.84e-13  4.00e-13  4.20e-13  4.44e-13  4.72e-13
453 31  28  4.54e-14  5.43e-14  6.88e-14  6.67e-14  6.40e-14  6.18e-14  6.07e-14  6.10e-14  6.27e-14  6.55e-14  6.94e-14
454 31  29  4.57E-14  5.47E-14  9.95E-14  1.15E-13  1.21E-13  1.23E-13  1.27E-13  1.31E-13  1.37E-13  1.46E-13  1.54E-13
455 31  30  7.71E-13  9.32E-13  2.38E-12  3.06E-12  3.38E-12  3.59E-12  3.78E-12  3.98E-12  4.20E-12  4.42E-12  4.66E-12
456 32  1   7.72e-14  7.88e-14  9.12e-14  1.01e-13  1.13e-13  1.29e-13  1.48e-13  1.72e-13  1.99e-13  2.31e-13  2.66e-13
457 32  3   3.72e-14  3.72e-14  3.78e-14  3.80e-14  3.81e-14  3.84e-14  3.89e-14  3.97e-14  4.07e-14  4.21e-14  4.38e-14
458 32  4   1.41e-14  1.41e-14  1.44e-14  1.45e-14  1.45e-14  1.46e-14  1.47e-14  1.50e-14  1.54e-14  1.59e-14  1.65e-14
459 32  5   1.63e-14  1.63e-14  1.65e-14  1.70e-14  1.78e-14  1.89e-14  2.02e-14  2.18e-14  2.38e-14  2.61e-14  2.87e-14
460 32  6   1.13e-14  1.13e-14  1.15e-14  1.16e-14  1.16e-14  1.16e-14  1.18e-14  1.20e-14  1.23e-14  1.27e-14  1.32e-14
461 32  7   4.65e-15  4.65e-15  4.73e-15  4.76e-15  4.77e-15  4.80e-15  4.86e-15  4.96e-15  5.09e-15  5.26e-15  5.47e-15
462 32  8   1.18e-12  1.19e-12  1.37e-12  1.51e-12  1.65e-12  1.80e-12  1.97e-12  2.16e-12  2.37e-12  2.58e-12  2.81e-12
463 32  9   7.10e-13  7.23e-13  8.31e-13  9.12e-13  9.96e-13  1.09e-12  1.19e-12  1.31e-12  1.44e-12  1.57e-12  1.72e-12
464 32  10  1.24e-13  1.26e-13  1.45e-13  1.58e-13  1.73e-13  1.90e-13  2.10e-13  2.33e-13  2.58e-13  2.86e-13  3.15e-13
465 32  11  3.65e-14  3.79e-14  4.32e-14  4.65e-14  5.14e-14  5.81e-14  6.67e-14  7.73e-14  8.99e-14  1.05e-13  1.21e-13
466 32  12  1.41e-13  1.45e-13  1.66e-13  1.81e-13  1.97e-13  2.17e-13  2.40e-13  2.66e-13  2.95e-13  3.26e-13  3.60e-13
467 32  13  1.78e-13  1.81e-13  2.08e-13  2.28e-13  2.49e-13  2.72e-13  2.99e-13  3.28e-13  3.59e-13  3.93e-13  4.29e-13
468 32  14  7.91e-14  8.03e-14  9.66e-14  1.07e-13  1.10e-13  1.10e-13  1.10e-13  1.09e-13  1.09e-13  1.10e-13  1.12e-13
469 32  15  4.09e-14  4.12e-14  4.55e-14  4.79e-14  4.88e-14  4.91e-14  4.93e-14  4.97e-14  5.05e-14  5.17e-14  5.33e-14
470 32  16  9.98e-15  1.00e-14  1.05e-14  1.07e-14  1.09e-14  1.12e-14  1.15e-14  1.19e-14  1.24e-14  1.31e-14  1.39e-14
471 32  17  4.71e-15  4.78e-15  5.07e-15  5.30e-15  5.64e-15  6.11e-15  6.73e-15  7.51e-15  8.47e-15  9.63e-15  1.10e-14
472 32  18  1.33e-14  1.34e-14  1.40e-14  1.43e-14  1.46e-14  1.49e-14  1.53e-14  1.59e-14  1.66e-14  1.75e-14  1.85e-14
473 32  19  1.28e-14  1.29e-14  1.42e-14  1.50e-14  1.53e-14  1.53e-14  1.54e-14  1.55e-14  1.58e-14  1.61e-14  1.67e-14
474 32  20  4.85e-11  4.85e-11  4.97e-11  5.06e-11  5.18e-11  5.33e-11  5.49e-11  5.66e-11  5.83e-11  6.01e-11  6.18e-11
475 32  21  5.64e-12  5.69e-12  5.86e-12  5.97e-12  6.12e-12  6.32e-12  6.55e-12  6.80e-12  7.06e-12  7.34e-12  7.62e-12
476 32  22  2.52e-13  2.62e-13  2.71e-13  2.67e-13  2.71e-13  2.81e-13  2.95e-13  3.12e-13  3.31e-13  3.53e-13  3.77e-13
477 32  23  5.75e-14  6.57e-14  6.52e-14  5.16e-14  4.46e-14  4.18e-14  4.16e-14  4.31e-14  4.61e-14  5.02e-14  5.53e-14
478 32  24  3.67e-13  3.81e-13  3.95e-13  3.89e-13  3.94e-13  4.08e-13  4.28e-13  4.53e-13  4.82e-13  5.14e-13  5.48e-13
479 32  25  1.98e-12  1.99e-12  2.05e-12  2.09e-12  2.14e-12  2.21e-12  2.29e-12  2.38e-12  2.47e-12  2.57e-12  2.67e-12
480 32  26  1.26e-12  1.32e-12  1.81e-12  2.07e-12  2.20e-12  2.27e-12  2.30e-12  2.32e-12  2.32e-12  2.32e-12  2.31e-12
481 32  27  1.42e-13  1.48e-13  1.69e-13  1.67e-13  1.63e-13  1.59e-13  1.56e-13  1.53e-13  1.51e-13  1.50e-13  1.50e-13
482 32  28  1.47e-14  1.58e-14  1.64e-14  1.44e-14  1.28e-14  1.18e-14  1.11e-14  1.08e-14  1.06e-14  1.07e-14  1.10e-14
483 32  29  4.17e-15  4.63e-15  5.17e-15  4.50e-15  3.98e-15  3.66e-15  3.50e-15  3.49e-15  3.60e-15  3.82e-15  4.16e-15
484 32  30  2.27e-14  2.43e-14  2.52e-14  2.22e-14  1.97e-14  1.81e-14  1.71e-14  1.66e-14  1.64e-14  1.65e-14  1.69e-14
485 32  31  5.32e-14  5.57e-14  6.32e-14  6.28e-14  6.12e-14  5.97e-14  5.84e-14  5.75e-14  5.68e-14  5.64e-14  5.63e-14
486 33  1   5.54e-14  5.66e-14  6.55e-14  7.25e-14  8.11e-14  9.23e-14  1.06e-13  1.23e-13  1.43e-13  1.66e-13  1.91e-13
487 33  2   2.18e-14  2.22e-14  2.57e-14  2.85e-14  3.18e-14  3.62e-14  4.18e-14  4.84e-14  5.62e-14  6.51e-14  7.51e-14
488 33  3   2.02e-14  2.02e-14  2.06e-14  2.07e-14  2.07e-14  2.08e-14  2.11e-14  2.15e-14  2.21e-14  2.28e-14  2.37e-14
489 33  4   3.11e-14  3.11e-14  3.17e-14  3.18e-14  3.19e-14  3.21e-14  3.25e-14  3.31e-14  3.40e-14  3.51e-14  3.65e-14
490 33  5   1.66e-14  1.66e-14  1.69e-14  1.72e-14  1.76e-14  1.81e-14  1.89e-14  1.99e-14  2.11e-14  2.25e-14  2.42e-14
491 33  6   9.55e-15  9.54e-15  9.69e-15  9.95e-15  1.04e-14  1.09e-14  1.16e-14  1.25e-14  1.35e-14  1.47e-14  1.61e-14
492 33  7   6.06e-15  6.07e-15  6.18e-15  6.21e-15  6.21e-15  6.24e-15  6.31e-15  6.42e-15  6.59e-15  6.80e-15  7.06e-15
493 33  8   1.86e-14  1.97e-14  2.30e-14  2.41e-14  2.60e-14  2.88e-14  3.26e-14  3.74e-14  4.32e-14  4.99e-14  5.75e-14
494 33  9   1.39e-12  1.41e-12  1.62e-12  1.78e-12  1.95e-12  2.13e-12  2.33e-12  2.56e-12  2.80e-12  3.05e-12  3.32e-12
495 33  10  6.02e-13  6.13e-13  7.04e-13  7.73e-13  8.43e-13  9.23e-13  1.01e-12  1.11e-12  1.22e-12  1.34e-12  1.46e-12
496 33  11  1.28e-13  1.31e-13  1.51e-13  1.64e-13  1.79e-13  1.98e-13  2.20e-13  2.45e-13  2.73e-13  3.04e-13  3.38e-13
497 33  12  1.48e-13  1.51e-13  1.74e-13  1.91e-13  2.09e-13  2.29e-13  2.51e-13  2.77e-13  3.05e-13  3.35e-13  3.67e-13
498 33  13  7.88e-14  8.08e-14  9.25e-14  1.01e-13  1.10e-13  1.21e-13  1.34e-13  1.49e-13  1.66e-13  1.85e-13  2.05e-13
499 33  14  1.77e-14  1.78e-14  1.81e-14  1.82e-14  1.82e-14  1.84e-14  1.87e-14  1.91e-14  1.97e-14  2.05e-14  2.14e-14
500 33  15  7.53e-14  7.66e-14  9.37e-14  1.04e-13  1.08e-13  1.08e-13  1.08e-13  1.07e-13  1.07e-13  1.07e-13  1.09e-13
501 33  16  3.69e-14  3.72e-14  4.08e-14  4.29e-14  4.37e-14  4.40e-14  4.43e-14  4.48e-14  4.56e-14  4.68e-14  4.85e-14
502 33  17  1.26e-14  1.26e-14  1.32e-14  1.36e-14  1.39e-14  1.43e-14  1.49e-14  1.56e-14  1.65e-14  1.77e-14  1.90e-14
503 33  18  8.52e-15  8.63e-15  9.88e-15  1.07e-14  1.10e-14  1.12e-14  1.14e-14  1.17e-14  1.22e-14  1.28e-14  1.36e-14
504 33  19  9.73e-15  9.77e-15  1.01e-14  1.03e-14  1.05e-14  1.08e-14  1.11e-14  1.16e-14  1.21e-14  1.28e-14  1.36e-14
505 33  20  3.47e-13  3.74e-13  4.20e-13  4.20e-13  4.38e-13  4.71e-13  5.16e-13  5.72e-13  6.36e-13  7.07e-13  7.84e-13
506 33  21  4.93e-11  4.94e-11  5.05e-11  5.14e-11  5.27e-11  5.41e-11  5.57e-11  5.74e-11  5.92e-11  6.09e-11  6.26e-11
507 33  22  4.73e-12  4.77e-12  4.92e-12  5.00e-12  5.13e-12  5.29e-12  5.49e-12  5.70e-12  5.92e-12  6.16e-12  6.40e-12
508 33  23  3.21e-13  3.35e-13  3.46e-13  3.38e-13  3.40e-13  3.51e-13  3.68e-13  3.89e-13  4.14e-13  4.42e-13  4.72e-13
509 33  24  1.84e-12  1.85e-12  1.90e-12  1.94e-12  1.99e-12  2.05e-12  2.12e-12  2.19e-12  2.27e-12  2.35e-12  2.44e-12
510 33  25  2.36e-13  2.47e-13  2.57e-13  2.50e-13  2.53e-13  2.62e-13  2.76e-13  2.94e-13  3.14e-13  3.37e-13  3.63e-13
511 33  26  7.52e-14  7.88e-14  7.85e-14  6.83e-14  6.03e-14  5.45e-14  5.05e-14  4.78e-14  4.62e-14  4.54e-14  4.53e-14
512 33  27  1.22e-12  1.28e-12  1.78e-12  2.04e-12  2.18e-12  2.25e-12  2.29e-12  2.30e-12  2.31e-12  2.30e-12  2.30e-12
513 33  28  1.22e-13  1.28e-13  1.45e-13  1.43e-13  1.40e-13  1.36e-13  1.33e-13  1.31e-13  1.29e-13  1.28e-13  1.28e-13
514 33  29  2.01e-14  2.16e-14  2.26e-14  1.98e-14  1.76e-14  1.62e-14  1.53e-14  1.48e-14  1.47e-14  1.48e-14  1.53e-14
515 33  30  4.12e-14  4.29e-14  5.02e-14  5.13e-14  5.09e-14  5.03e-14  4.95e-14  4.89e-14  4.84e-14  4.81e-14  4.80e-14
516 33  31  1.89e-14  2.02e-14  2.10e-14  1.85e-14  1.65e-14  1.51e-14  1.43e-14  1.38e-14  1.36e-14  1.37e-14  1.40e-14
517 33  32  7.11e-13  8.68e-13  1.89e-12  2.44e-12  2.74e-12  2.95e-12  3.14e-12  3.32e-12  3.51e-12  3.70e-12  3.91e-12
518 34  1   2.97e-14  3.03e-14  3.51e-14  3.88e-14  4.34e-14  4.94e-14  5.69e-14  6.60e-14  7.66e-14  8.87e-14  1.02e-13
519 34  2   4.75e-14  4.85e-14  5.61e-14  6.21e-14  6.95e-14  7.91e-14  9.11e-14  1.06e-13  1.23e-13  1.42e-13  1.64e-13
520 34  3   1.10e-16  1.23e-16  1.38e-16  1.26e-16  1.12e-16  9.85e-17  8.71e-17  7.75e-17  6.94e-17  6.25e-17  5.67e-17
521 34  4   5.12e-14  5.12e-14  5.21e-14  5.24e-14  5.25e-14  5.29e-14  5.35e-14  5.46e-14  5.60e-14  5.79e-14  6.02e-14
522 34  5   1.56e-14  1.56e-14  1.58e-14  1.60e-14  1.61e-14  1.64e-14  1.67e-14  1.72e-14  1.79e-14  1.87e-14  1.97e-14
523 34  6   1.14e-14  1.14e-14  1.16e-14  1.18e-14  1.21e-14  1.26e-14  1.32e-14  1.40e-14  1.49e-14  1.60e-14  1.74e-14
524 34  7   5.29e-15  5.29e-15  5.37e-15  5.57e-15  5.90e-15  6.35e-15  6.91e-15  7.58e-15  8.37e-15  9.29e-15  1.03e-14
525 34  8   5.59e-15  5.86e-15  6.49e-15  6.84e-15  7.54e-15  8.60e-15  9.99e-15  1.17e-14  1.37e-14  1.61e-14  1.87e-14
526 34  9   2.44e-14  2.57e-14  2.97e-14  3.12e-14  3.38e-14  3.77e-14  4.30e-14  4.95e-14  5.74e-14  6.65e-14  7.68e-14
527 34  10  1.98e-12  2.01e-12  2.31e-12  2.54e-12  2.78e-12  3.04e-12  3.33e-12  3.64e-12  3.99e-12  4.36e-12  4.74e-12
528 34  11  2.70e-13  2.75e-13  3.16e-13  3.46e-13  3.78e-13  4.15e-13  4.56e-13  5.02e-13  5.52e-13  6.06e-13  6.64e-13
529 34  12  7.66e-14  7.87e-14  9.00e-14  9.77e-14  1.07e-13  1.18e-13  1.32e-13  1.48e-13  1.66e-13  1.86e-13  2.09e-13
530 34  13  8.70e-15  9.23e-15  1.04e-14  1.10e-14  1.24e-14  1.45e-14  1.74e-14  2.12e-14  2.58e-14  3.13e-14  3.78e-14
531 34  14  2.60e-15  2.61e-15  2.67e-15  2.71e-15  2.78e-15  2.89e-15  3.04e-15  3.23e-15  3.45e-15  3.72e-15  4.03e-15
532 34  15  1.76e-14  1.76e-14  1.80e-14  1.81e-14  1.82e-14  1.84e-14  1.87e-14  1.93e-14  1.99e-14  2.08e-14  2.18e-14
533 34  16  1.10e-13  1.11e-13  1.32e-13  1.44e-13  1.49e-13  1.49e-13  1.49e-13  1.48e-13  1.49e-13  1.50e-13  1.53e-13
534 34  17  1.89e-14  1.90e-14  2.07e-14  2.16e-14  2.20e-14  2.23e-14  2.25e-14  2.29e-14  2.35e-14  2.43e-14  2.53e-14
535 34  18  9.60e-15  9.65e-15  1.00e-14  1.03e-14  1.06e-14  1.09e-14  1.14e-14  1.20e-14  1.27e-14  1.37e-14  1.48e-14
536 34  19  2.33e-15  2.37e-15  2.52e-15  2.66e-15  2.86e-15  3.15e-15  3.52e-15  3.99e-15  4.57e-15  5.27e-15  6.11e-15
537 34  20  3.57e-14  4.00e-14  4.07e-14  3.49e-14  3.29e-14  3.34e-14  3.55e-14  3.89e-14  4.33e-14  4.86e-14  5.46e-14
538 34  21  3.21e-13  3.46e-13  3.87e-13  3.84e-13  3.99e-13  4.28e-13  4.69e-13  5.19e-13  5.77e-13  6.42e-13  7.13e-13
539 34  22  5.40e-11  5.41e-11  5.54e-11  5.64e-11  5.78e-11  5.94e-11  6.12e-11  6.31e-11  6.51e-11  6.71e-11  6.91e-11
540 34  23  2.15e-12  2.17e-12  2.24e-12  2.27e-12  2.33e-12  2.41e-12  2.49e-12  2.59e-12  2.70e-12  2.81e-12  2.92e-12
541 34  24  2.16e-13  2.27e-13  2.35e-13  2.26e-13  2.27e-13  2.34e-13  2.46e-13  2.62e-13  2.80e-13  3.01e-13  3.24e-13
542 34  25  3.25e-14  3.79e-14  3.72e-14  2.79e-14  2.31e-14  2.08e-14  2.02e-14  2.07e-14  2.21e-14  2.43e-14  2.71e-14
543 34  26  7.70e-15  8.30e-15  8.64e-15  7.48e-15  6.60e-15  6.02e-15  5.67e-15  5.49e-15  5.45e-15  5.52e-15  5.70e-15
544 34  27  6.80e-14  7.14e-14  7.12e-14  6.20e-14  5.47e-14  4.95e-14  4.59e-14  4.35e-14  4.20e-14  4.14e-14  4.14e-14
545 34  28  1.34e-12  1.41e-12  1.92e-12  2.18e-12  2.32e-12  2.39e-12  2.42e-12  2.43e-12  2.43e-12  2.43e-12  2.43e-12
546 34  29  5.97e-14  6.27e-14  7.05e-14  6.91e-14  6.69e-14  6.49e-14  6.34e-14  6.23e-14  6.15e-14  6.12e-14  6.12e-14
547 34  30  1.73e-14  1.85e-14  1.93e-14  1.70e-14  1.51e-14  1.39e-14  1.31e-14  1.27e-14  1.26e-14  1.27e-14  1.31e-14
548 34  31  2.98e-15  3.31e-15  3.69e-15  3.21e-15  2.84e-15  2.61e-15  2.50e-15  2.49e-15  2.57e-15  2.73e-15  2.97e-15
549 34  32  6.25e-14  7.56e-14  1.02e-13  1.02e-13  1.01e-13  1.01e-13  1.01e-13  1.03e-13  1.07e-13  1.12e-13  1.18e-13
550 34  33  6.32e-13  7.71e-13  1.66e-12  2.13e-12  2.39e-12  2.57e-12  2.73e-12  2.89e-12  3.05e-12  3.22e-12  3.40e-12
551 35  1   7.72e-14  7.88e-14  9.12e-14  1.01e-13  1.13e-13  1.29e-13  1.48e-13  1.72e-13  1.99e-13  2.31e-13  2.66e-13
552 35  3   4.73e-15  4.72e-15  4.79e-15  4.98e-15  5.28e-15  5.68e-15  6.19e-15  6.79e-15  7.50e-15  8.33e-15  9.28e-15
553 35  4   3.00e-15  3.01e-15  3.07e-15  3.17e-15  3.33e-15  3.56e-15  3.86e-15  4.22e-15  4.64e-15  5.13e-15  5.70e-15
554 35  5   7.29e-14  7.29e-14  7.41e-14  7.46e-14  7.48e-14  7.54e-14  7.65e-14  7.82e-14  8.05e-14  8.34e-14  8.69e-14
555 35  6   2.40e-15  2.40e-15  2.45e-15  2.53e-15  2.67e-15  2.85e-15  3.09e-15  3.37e-15  3.71e-15  4.10e-15  4.56e-15
556 35  7   5.91e-16  5.90e-16  5.99e-16  6.22e-16  6.60e-16  7.10e-16  7.73e-16  8.48e-16  9.37e-16  1.04e-15  1.16e-15
557 35  8   1.74e-15  1.88e-15  2.15e-15  2.30e-15  2.67e-15  3.29e-15  4.17e-15  5.33e-15  6.82e-15  8.64e-15  1.08e-14
558 35  9   1.09e-14  1.15e-14  1.28e-14  1.36e-14  1.51e-14  1.75e-14  2.06e-14  2.46e-14  2.94e-14  3.50e-14  4.15e-14
559 35  10  2.17e-14  2.28e-14  2.61e-14  2.75e-14  2.99e-14  3.37e-14  3.87e-14  4.49e-14  5.24e-14  6.11e-14  7.10e-14
560 35  11  2.30e-12  2.34e-12  2.69e-12  2.96e-12  3.23e-12  3.53e-12  3.87e-12  4.24e-12  4.65e-12  5.08e-12  5.54e-12
561 35  12  2.47e-14  2.61e-14  2.99e-14  3.14e-14  3.42e-14  3.85e-14  4.42e-14  5.13e-14  5.99e-14  6.98e-14  8.11e-14
562 35  13  2.74e-15  2.88e-15  3.21e-15  3.39e-15  3.77e-15  4.36e-15  5.15e-15  6.15e-15  7.35e-15  8.75e-15  1.04e-14
563 35  14  7.97e-16  8.21e-16  9.17e-16  1.00e-15  1.13e-15  1.30e-15  1.53e-15  1.81e-15  2.16e-15  2.58e-15  3.09e-15
564 35  15  4.32e-15  4.35e-15  4.49e-15  4.60e-15  4.78e-15  5.04e-15  5.39e-15  5.83e-15  6.37e-15  7.01e-15  7.76e-15
565 35  16  1.14e-14  1.15e-14  1.17e-14  1.18e-14  1.19e-14  1.21e-14  1.24e-14  1.29e-14  1.34e-14  1.41e-14  1.50e-14
566 35  17  1.28e-13  1.29e-13  1.52e-13  1.65e-13  1.70e-13  1.71e-13  1.70e-13  1.70e-13  1.71e-13  1.73e-13  1.77e-13
567 35  18  1.53e-14  1.53e-14  1.56e-14  1.57e-14  1.59e-14  1.62e-14  1.66e-14  1.72e-14  1.79e-14  1.88e-14  1.99e-14
568 35  19  1.35e-15  1.36e-15  1.40e-15  1.44e-15  1.49e-15  1.58e-15  1.68e-15  1.82e-15  1.99e-15  2.19e-15  2.43e-15
569 35  20  1.90e-14  2.25e-14  2.17e-14  1.53e-14  1.17e-14  9.78e-15  8.83e-15  8.54e-15  8.76e-15  9.39e-15  1.04e-14
570 35  21  5.96e-14  6.73e-14  6.78e-14  5.68e-14  5.24e-14  5.23e-14  5.49e-14  5.96e-14  6.61e-14  7.39e-14  8.30e-14
571 35  22  1.82e-13  1.97e-13  2.18e-13  2.14e-13  2.20e-13  2.35e-13  2.57e-13  2.84e-13  3.16e-13  3.52e-13  3.91e-13
572 35  23  5.62e-11  5.63e-11  5.77e-11  5.88e-11  6.02e-11  6.19e-11  6.38e-11  6.58e-11  6.78e-11  6.99e-11  7.20e-11
573 35  24  2.65e-13  2.87e-13  3.18e-13  3.11e-13  3.21e-13  3.42e-13  3.74e-13  4.14e-13  4.60e-13  5.12e-13  5.69e-13
574 35  25  2.09e-14  2.35e-14  2.37e-14  1.99e-14  1.83e-14  1.83e-14  1.92e-14  2.09e-14  2.31e-14  2.59e-14  2.91e-14
575 35  26  1.75e-15  1.97e-15  2.25e-15  1.96e-15  1.74e-15  1.60e-15  1.54e-15  1.55e-15  1.62e-15  1.75e-15  1.94e-15
576 35  27  1.16e-14  1.25e-14  1.31e-14  1.13e-14  9.99e-15  9.12e-15  8.60e-15  8.35e-15  8.31e-15  8.46e-15  8.78e-15
577 35  28  3.62e-14  3.81e-14  3.82e-14  3.32e-14  2.93e-14  2.65e-14  2.46e-14  2.34e-14  2.27e-14  2.24e-14  2.25e-14
578 35  29  1.39e-12  1.45e-12  1.98e-12  2.24e-12  2.37e-12  2.44e-12  2.47e-12  2.49e-12  2.49e-12  2.48e-12  2.48e-12
579 35  30  5.58e-14  5.86e-14  5.88e-14  5.11e-14  4.51e-14  4.08e-14  3.79e-14  3.60e-14  3.49e-14  3.45e-14  3.46e-14
580 35  31  4.33e-15  4.68e-15  4.90e-15  4.25e-15  3.75e-15  3.42e-15  3.23e-15  3.13e-15  3.12e-15  3.17e-15  3.29e-15
581 35  32  2.67e-14  3.22e-14  3.39e-14  2.65e-14  2.22e-14  1.97e-14  1.83e-14  1.77e-14  1.76e-14  1.79e-14  1.85e-14
582 35  33  9.66e-14  1.17e-13  1.55e-13  1.52e-13  1.49e-13  1.48e-13  1.48e-13  1.51e-13  1.56e-13  1.63e-13  1.72e-13
583 35  34  3.20e-13  3.91e-13  8.18e-13  1.04e-12  1.16e-12  1.25e-12  1.32e-12  1.39e-12  1.47e-12  1.55e-12  1.64e-12
584 36  1   4.75e-14  4.85e-14  5.61e-14  6.21e-14  6.95e-14  7.91e-14  9.11e-14  1.06e-13  1.23e-13  1.42e-13  1.64e-13
585 36  2   2.97e-14  3.03e-14  3.51e-14  3.88e-14  4.34e-14  4.94e-14  5.69e-14  6.60e-14  7.66e-14  8.87e-14  1.02e-13
586 36  3   2.24e-15  2.25e-15  2.29e-15  2.37e-15  2.50e-15  2.68e-15  2.91e-15  3.19e-15  3.52e-15  3.90e-15  4.33e-15
587 36  4   5.48e-15  5.48e-15  5.58e-15  5.78e-15  6.11e-15  6.56e-15  7.13e-15  7.82e-15  8.62e-15  9.56e-15  1.06e-14
588 36  5   2.49e-14  2.49e-14  2.53e-14  2.56e-14  2.58e-14  2.62e-14  2.68e-14  2.76e-14  2.86e-14  2.99e-14  3.15e-14
589 36  6   4.92e-14  4.92e-14  5.00e-14  5.03e-14  5.04e-14  5.07e-14  5.14e-14  5.24e-14  5.38e-14  5.56e-14  5.79e-14
590 36  7   1.76e-15  1.77e-15  1.81e-15  1.86e-15  1.95e-15  2.09e-15  2.25e-15  2.46e-15  2.70e-15  2.98e-15  3.31e-15
591 36  8   8.95e-15  9.37e-15  1.04e-14  1.09e-14  1.21e-14  1.38e-14  1.60e-14  1.87e-14  2.20e-14  2.57e-14  2.99e-14
592 36  9   7.33e-15  7.85e-15  9.34e-15  9.84e-15  1.07e-14  1.22e-14  1.42e-14  1.68e-14  2.00e-14  2.39e-14  2.85e-14
593 36  10  1.80e-14  1.90e-14  2.14e-14  2.25e-14  2.49e-14  2.85e-14  3.33e-14  3.94e-14  4.66e-14  5.52e-14  6.49e-14
594 36  11  4.32e-13  4.40e-13  5.06e-13  5.54e-13  6.05e-13  6.63e-13  7.29e-13  8.03e-13  8.83e-13  9.70e-13  1.06e-12
595 36  12  1.87e-12  1.90e-12  2.19e-12  2.41e-12  2.63e-12  2.87e-12  3.15e-12  3.45e-12  3.77e-12  4.12e-12  4.48e-12
596 36  13  2.50e-14  2.63e-14  3.02e-14  3.17e-14  3.45e-14  3.88e-14  4.44e-14  5.15e-14  6.00e-14  6.98e-14  8.10e-14
597 36  14  4.16e-15  4.18e-15  4.27e-15  4.34e-15  4.45e-15  4.63e-15  4.87e-15  5.16e-15  5.53e-15  5.96e-15  6.46e-15
598 36  15  5.64e-15  5.66e-15  5.85e-15  5.94e-15  6.03e-15  6.16e-15  6.38e-15  6.68e-15  7.07e-15  7.57e-15  8.19e-15
599 36  16  6.75e-15  6.80e-15  6.99e-15  7.13e-15  7.35e-15  7.67e-15  8.11e-15  8.67e-15  9.36e-15  1.02e-14  1.12e-14
600 36  17  3.02e-14  3.04e-14  3.31e-14  3.46e-14  3.53e-14  3.56e-14  3.61e-14  3.67e-14  3.76e-14  3.89e-14  4.05e-14
601 36  18  9.77e-14  9.91e-14  1.19e-13  1.31e-13  1.35e-13  1.36e-13  1.35e-13  1.34e-13  1.34e-13  1.35e-13  1.38e-13
602 36  19  1.63e-14  1.64e-14  1.67e-14  1.68e-14  1.70e-14  1.72e-14  1.76e-14  1.82e-14  1.90e-14  1.99e-14  2.10e-14
603 36  20  5.72e-14  6.41e-14  6.51e-14  5.58e-14  5.27e-14  5.34e-14  5.68e-14  6.23e-14  6.93e-14  7.77e-14  8.74e-14
604 36  21  1.18e-13  1.27e-13  1.44e-13  1.45e-13  1.50e-13  1.61e-13  1.76e-13  1.94e-13  2.15e-13  2.38e-13  2.64e-13
605 36  22  8.54e-14  9.56e-14  9.84e-14  8.56e-14  8.13e-14  8.27e-14  8.79e-14  9.61e-14  1.07e-13  1.19e-13  1.33e-13
606 36  23  3.44e-12  3.47e-12  3.58e-12  3.64e-12  3.73e-12  3.85e-12  3.99e-12  4.15e-12  4.32e-12  4.49e-12  4.67e-12
607 36  24  5.28e-11  5.29e-11  5.41e-11  5.51e-11  5.65e-11  5.80e-11  5.98e-11  6.16e-11  6.35e-11  6.54e-11  6.73e-11
608 36  25  2.90e-13  3.15e-13  3.49e-13  3.43e-13  3.54e-13  3.79e-13  4.14e-13  4.58e-13  5.09e-13  5.67e-13  6.30e-13
609 36  26  1.23e-14  1.33e-14  1.38e-14  1.20e-14  1.06e-14  9.64e-15  9.07e-15  8.79e-15  8.72e-15  8.83e-15  9.11e-15
610 36  27  2.21e-14  2.30e-14  2.28e-14  1.99e-14  1.75e-14  1.58e-14  1.46e-14  1.38e-14  1.32e-14  1.30e-14  1.29e-14
611 36  28  1.51e-14  1.63e-14  1.69e-14  1.47e-14  1.30e-14  1.18e-14  1.11e-14  1.08e-14  1.07e-14  1.08e-14  1.12e-14
612 36  29  9.56e-14  1.00e-13  1.13e-13  1.11e-13  1.07e-13  1.04e-13  1.01e-13  9.96e-14  9.85e-14  9.79e-14  9.80e-14
613 36  30  1.29e-12  1.35e-12  1.86e-12  2.13e-12  2.27e-12  2.34e-12  2.37e-12  2.39e-12  2.39e-12  2.39e-12  2.38e-12
614 36  31  6.18e-14  6.49e-14  6.50e-14  5.65e-14  4.99e-14  4.51e-14  4.19e-14  3.98e-14  3.85e-14  3.80e-14  3.81e-14
615 36  32  1.00e-13  1.21e-13  1.64e-13  1.63e-13  1.62e-13  1.61e-13  1.62e-13  1.66e-13  1.71e-13  1.79e-13  1.89e-13
616 36  33  2.26e-13  2.77e-13  6.48e-13  8.55e-13  9.73e-13  1.05e-12  1.12e-12  1.19e-12  1.26e-12  1.33e-12  1.41e-12
617 36  34  1.17e-13  1.42e-13  1.96e-13  1.98e-13  1.97e-13  1.97e-13  2.00e-13  2.05e-13  2.13e-13  2.23e-13  2.35e-13
618 36  35  5.86E-13  7.14E-13  1.50E-12  1.90E-12  2.13E-12  2.27E-12  2.41E-12  2.55E-12  2.70E-12  2.85E-12  2.99E-12
619 37  1   2.18e-14  2.22e-14  2.57e-14  2.85e-14  3.18e-14  3.62e-14  4.18e-14  4.84e-14  5.62e-14  6.51e-14  7.51e-14
620 37  2   5.54e-14  5.66e-14  6.55e-14  7.25e-14  8.11e-14  9.23e-14  1.06e-13  1.23e-13  1.43e-13  1.66e-13  1.91e-13
621 37  3   9.48e-17  1.05e-16  1.19e-16  1.08e-16  9.56e-17  8.43e-17  7.45e-17  6.62e-17  5.92e-17  5.34e-17  4.84e-17
622 37  4   7.64e-15  7.63e-15  7.75e-15  8.04e-15  8.52e-15  9.16e-15  9.97e-15  1.09e-14  1.21e-14  1.34e-14  1.49e-14
623 37  5   6.53e-15  6.53e-15  6.65e-15  6.75e-15  6.91e-15  7.13e-15  7.43e-15  7.81e-15  8.28e-15  8.84e-15  9.50e-15
624 37  6   2.79e-14  2.79e-14  2.84e-14  2.86e-14  2.88e-14  2.92e-14  2.97e-14  3.05e-14  3.16e-14  3.29e-14  3.45e-14
625 37  7   4.14e-14  4.14e-14  4.21e-14  4.23e-14  4.24e-14  4.27e-14  4.32e-14  4.41e-14  4.53e-14  4.68e-14  4.86e-14
626 37  8   7.29e-15  7.72e-15  9.02e-15  9.47e-15  1.02e-14  1.13e-14  1.28e-14  1.47e-14  1.70e-14  1.96e-14  2.26e-14
627 37  9   1.69e-14  1.77e-14  1.99e-14  2.10e-14  2.30e-14  2.60e-14  3.00e-14  3.50e-14  4.09e-14  4.77e-14  5.53e-14
628 37  10  1.02e-14  1.08e-14  1.22e-14  1.29e-14  1.45e-14  1.71e-14  2.06e-14  2.52e-14  3.08e-14  3.75e-14  4.54e-14
629 37  11  5.04e-14  5.16e-14  5.91e-14  6.44e-14  7.04e-14  7.77e-14  8.63e-14  9.62e-14  1.07e-13  1.20e-13  1.33e-13
630 37  12  5.00e-13  5.10e-13  5.86e-13  6.42e-13  7.01e-13  7.68e-13  8.44e-13  9.28e-13  1.02e-12  1.12e-12  1.23e-12
631 37  13  1.78e-12  1.81e-12  2.08e-12  2.29e-12  2.50e-12  2.73e-12  2.99e-12  3.28e-12  3.59e-12  3.92e-12  4.27e-12
632 37  14  6.96e-15  6.97e-15  7.10e-15  7.14e-15  7.17e-15  7.23e-15  7.34e-15  7.51e-15  7.75e-15  8.05e-15  8.42e-15
633 37  15  6.98e-15  7.01e-15  7.15e-15  7.24e-15  7.39e-15  7.63e-15  7.95e-15  8.37e-15  8.88e-15  9.49e-15  1.02e-14
634 37  16  2.62e-15  2.66e-15  2.85e-15  3.02e-15  3.27e-15  3.61e-15  4.06e-15  4.63e-15  5.33e-15  6.17e-15  7.19e-15
635 37  17  4.93e-15  4.96e-15  5.19e-15  5.33e-15  5.46e-15  5.63e-15  5.85e-15  6.13e-15  6.49e-15  6.93e-15  7.46e-15
636 37  18  3.39e-14  3.42e-14  3.72e-14  3.90e-14  3.97e-14  4.01e-14  4.05e-14  4.12e-14  4.21e-14  4.35e-14  4.52e-14
637 37  19  1.05e-13  1.07e-13  1.26e-13  1.38e-13  1.42e-13  1.43e-13  1.42e-13  1.42e-13  1.42e-13  1.44e-13  1.47e-13
638 37  20  1.36e-13  1.47e-13  1.65e-13  1.65e-13  1.72e-13  1.85e-13  2.03e-13  2.25e-13  2.50e-13  2.78e-13  3.08e-13
639 37  21  8.70e-14  9.66e-14  1.00e-13  8.93e-14  8.65e-14  8.92e-14  9.57e-14  1.05e-13  1.17e-13  1.31e-13  1.47e-13
640 37  22  3.75e-14  4.38e-14  4.29e-14  3.19e-14  2.61e-14  2.33e-14  2.24e-14  2.29e-14  2.43e-14  2.66e-14  2.97e-14
641 37  23  1.26e-13  1.31e-13  1.36e-13  1.33e-13  1.34e-13  1.38e-13  1.45e-13  1.53e-13  1.63e-13  1.74e-13  1.86e-13
642 37  24  4.00e-12  4.04e-12  4.16e-12  4.23e-12  4.34e-12  4.48e-12  4.64e-12  4.82e-12  5.02e-12  5.22e-12  5.43e-12
643 37  25  5.24e-11  5.25e-11  5.37e-11  5.47e-11  5.61e-11  5.76e-11  5.94e-11  6.12e-11  6.32e-11  6.51e-11  6.70e-11
644 37  26  2.95e-14  3.09e-14  3.08e-14  2.68e-14  2.37e-14  2.14e-14  1.98e-14  1.88e-14  1.81e-14  1.78e-14  1.78e-14
645 37  27  1.66e-14  1.78e-14  1.85e-14  1.60e-14  1.41e-14  1.29e-14  1.21e-14  1.17e-14  1.16e-14  1.17e-14  1.20e-14
646 37  28  3.40e-15  3.78e-15  4.23e-15  3.68e-15  3.25e-15  2.99e-15  2.87e-15  2.86e-15  2.95e-15  3.14e-15  3.43e-15
647 37  29  7.91e-15  8.49e-15  8.86e-15  7.77e-15  6.92e-15  6.36e-15  6.00e-15  5.82e-15  5.77e-15  5.83e-15  6.00e-15
648 37  30  1.09e-13  1.15e-13  1.29e-13  1.27e-13  1.23e-13  1.20e-13  1.17e-13  1.15e-13  1.13e-13  1.13e-13  1.13e-13
649 37  31  1.33e-12  1.39e-12  1.90e-12  2.16e-12  2.29e-12  2.36e-12  2.39e-12  2.40e-12  2.41e-12  2.40e-12  2.40e-12
650 37  32  2.79e-13  3.41e-13  7.43e-13  9.57e-13  1.08e-12  1.16e-12  1.23e-12  1.30e-12  1.38e-12  1.45e-12  1.53e-12
651 37  33  1.25e-13  1.51e-13  2.13e-13  2.18e-13  2.20e-13  2.21e-13  2.24e-13  2.31e-13  2.40e-13  2.51e-13  2.65e-13
652 37  34  3.95e-14  4.76e-14  5.12e-14  4.11e-14  3.51e-14  3.17e-14  2.98e-14  2.91e-14  2.92e-14  2.98e-14  3.10e-14
653 37  35  5.05E-14  6.12E-14  8.12E-14  7.97E-14  7.83E-14  7.75E-14  7.77E-14  7.92E-14  8.19E-14  8.56E-14  9.01E-14
654 37  36  6.69E-13  8.16E-13  1.72E-12  2.18E-12  2.45E-12  2.63E-12  2.79E-12  2.95E-12  3.12E-12  3.29E-12  3.47E-12
655 38  1   1.04e-14  1.01e-14  9.59e-15  9.75e-15  1.02e-14  1.08e-14  1.16e-14  1.27e-14  1.39e-14  1.53e-14  1.69e-14
656 38  3   8.77e-14  8.65e-14  8.92e-14  9.62e-14  1.06e-13  1.19e-13  1.35e-13  1.54e-13  1.76e-13  2.01e-13  2.28e-13
657 38  4   3.48e-14  3.44e-14  3.54e-14  3.81e-14  4.19e-14  4.70e-14  5.32e-14  6.06e-14  6.92e-14  7.90e-14  8.98e-14
658 38  5   1.63e-14  1.62e-14  1.71e-14  1.89e-14  2.15e-14  2.51e-14  2.96e-14  3.52e-14  4.18e-14  4.97e-14  5.88e-14
659 38  6   2.78e-14  2.75e-14  2.83e-14  3.05e-14  3.35e-14  3.76e-14  4.26e-14  4.85e-14  5.54e-14  6.32e-14  7.18e-14
660 38  7   1.10e-14  1.08e-14  1.11e-14  1.20e-14  1.33e-14  1.49e-14  1.69e-14  1.92e-14  2.20e-14  2.51e-14  2.85e-14
661 38  8   4.16e-14  4.09e-14  3.96e-14  3.96e-14  3.98e-14  4.03e-14  4.11e-14  4.22e-14  4.37e-14  4.54e-14  4.76e-14
662 38  9   2.87e-14  2.82e-14  2.73e-14  2.73e-14  2.75e-14  2.80e-14  2.87e-14  2.97e-14  3.09e-14  3.24e-14  3.42e-14
663 38  10  7.16e-15  7.04e-15  6.77e-15  6.80e-15  6.95e-15  7.19e-15  7.52e-15  7.94e-15  8.45e-15  9.05e-15  9.75e-15
664 38  11  3.72e-15  3.66e-15  3.63e-15  3.81e-15  4.11e-15  4.52e-15  5.05e-15  5.72e-15  6.52e-15  7.49e-15  8.64e-15
665 38  12  8.19e-15  8.04e-15  7.73e-15  7.77e-15  7.94e-15  8.22e-15  8.60e-15  9.07e-15  9.65e-15  1.03e-14  1.11e-14
666 38  13  7.17e-15  7.05e-15  6.82e-15  6.82e-15  6.88e-15  7.00e-15  7.18e-15  7.43e-15  7.73e-15  8.11e-15  8.55e-15
667 38  14  2.79e-12  2.75e-12  2.77e-12  2.92e-12  3.11e-12  3.34e-12  3.60e-12  3.89e-12  4.21e-12  4.55e-12  4.90e-12
668 38  15  7.83e-13  7.71e-13  7.77e-13  8.16e-13  8.70e-13  9.37e-13  1.01e-12  1.10e-12  1.20e-12  1.30e-12  1.41e-12
669 38  16  7.77e-14  7.67e-14  7.72e-14  8.10e-14  8.68e-14  9.42e-14  1.03e-13  1.14e-13  1.25e-13  1.38e-13  1.52e-13
670 38  17  1.37e-14  1.36e-14  1.37e-14  1.45e-14  1.58e-14  1.76e-14  1.99e-14  2.28e-14  2.62e-14  3.01e-14  3.46e-14
671 38  18  1.04e-13  1.02e-13  1.03e-13  1.08e-13  1.16e-13  1.26e-13  1.38e-13  1.51e-13  1.67e-13  1.84e-13  2.02e-13
672 38  19  2.45e-13  2.41e-13  2.43e-13  2.55e-13  2.72e-13  2.93e-13  3.17e-13  3.44e-13  3.74e-13  4.06e-13  4.39e-13
673 38  20  8.88e-14  8.91e-14  9.73e-14  1.03e-13  1.06e-13  1.08e-13  1.10e-13  1.12e-13  1.15e-13  1.19e-13  1.24e-13
674 38  21  3.22e-14  3.20e-14  3.28e-14  3.36e-14  3.43e-14  3.49e-14  3.57e-14  3.68e-14  3.82e-14  4.00e-14  4.21e-14
675 38  22  5.10e-15  5.06e-15  5.06e-15  5.13e-15  5.26e-15  5.45e-15  5.70e-15  6.01e-15  6.41e-15  6.89e-15  7.46e-15
676 38  23  1.51e-15  1.51e-15  1.52e-15  1.57e-15  1.67e-15  1.81e-15  2.00e-15  2.25e-15  2.55e-15  2.93e-15  3.39e-15
677 38  24  7.42e-15  7.37e-15  7.36e-15  7.47e-15  7.65e-15  7.92e-15  8.28e-15  8.75e-15  9.32e-15  1.00e-14  1.08e-14
678 38  25  1.13e-14  1.12e-14  1.15e-14  1.18e-14  1.20e-14  1.22e-14  1.25e-14  1.29e-14  1.34e-14  1.40e-14  1.47e-14
679 38  26  6.85e-11  6.73e-11  6.42e-11  6.34e-11  6.36e-11  6.44e-11  6.55e-11  6.69e-11  6.84e-11  7.01e-11  7.17e-11
680 38  27  5.32e-12  5.24e-12  5.00e-12  4.92e-12  4.93e-12  5.01e-12  5.13e-12  5.28e-12  5.45e-12  5.63e-12  5.82e-12
681 38  28  1.68e-13  1.68e-13  1.58e-13  1.51e-13  1.50e-13  1.53e-13  1.59e-13  1.67e-13  1.77e-13  1.87e-13  1.99e-13
682 38  29  1.80e-14  1.88e-14  1.66e-14  1.40e-14  1.29e-14  1.28e-14  1.33e-14  1.42e-14  1.55e-14  1.71e-14  1.90e-14
683 38  30  2.59e-13  2.59e-13  2.43e-13  2.32e-13  2.31e-13  2.36e-13  2.45e-13  2.57e-13  2.72e-13  2.88e-13  3.06e-13
684 38  31  1.99e-12  1.97e-12  1.87e-12  1.84e-12  1.85e-12  1.88e-12  1.92e-12  1.98e-12  2.04e-12  2.11e-12  2.18e-12
685 38  32  6.30e-13  7.07e-13  1.21e-12  1.47e-12  1.63e-12  1.73e-12  1.80e-12  1.85e-12  1.88e-12  1.91e-12  1.93e-12
686 38  33  6.72e-14  7.31e-14  9.14e-14  9.31e-14  9.27e-14  9.22e-14  9.19e-14  9.20e-14  9.25e-14  9.34e-14  9.48e-14
687 38  34  5.54e-15  5.91e-15  6.37e-15  5.86e-15  5.45e-15  5.18e-15  5.04e-15  5.01e-15  5.07e-15  5.23e-15  5.47e-15
688 38  35  1.00e-15  1.07e-15  1.17e-15  1.09e-15  1.03e-15  9.98e-16  1.00e-15  1.04e-15  1.10e-15  1.20e-15  1.34e-15
689 38  36  8.86e-15  9.45e-15  1.02e-14  9.38e-15  8.71e-15  8.28e-15  8.06e-15  8.01e-15  8.12e-15  8.37e-15  8.75e-15
690 38  37  2.64e-14  2.87e-14  3.59e-14  3.66e-14  3.64e-14  3.62e-14  3.61e-14  3.62e-14  3.63e-14  3.67e-14  3.72e-14
691 39  1   7.39e-15  7.21e-15  6.82e-15  6.93e-15  7.24e-15  7.69e-15  8.28e-15  9.00e-15  9.85e-15  1.08e-14  1.20e-14
692 39  2   3.00e-15  2.93e-15  2.77e-15  2.82e-15  2.94e-15  3.12e-15  3.36e-15  3.66e-15  4.00e-15  4.41e-15  4.88e-15
693 39  3   4.71e-14  4.65e-14  4.79e-14  5.16e-14  5.69e-14  6.38e-14  7.24e-14  8.25e-14  9.43e-14  1.08e-13  1.22e-13
694 39  4   7.54e-14  7.45e-14  7.67e-14  8.27e-14  9.11e-14  1.02e-13  1.16e-13  1.32e-13  1.51e-13  1.72e-13  1.96e-13
695 39  5   2.95e-14  2.92e-14  3.03e-14  3.29e-14  3.65e-14  4.13e-14  4.74e-14  5.47e-14  6.33e-14  7.31e-14  8.42e-14
696 39  6   1.03e-14  1.02e-14  1.08e-14  1.19e-14  1.35e-14  1.57e-14  1.84e-14  2.17e-14  2.57e-14  3.04e-14  3.57e-14
697 39  7   1.52e-14  1.51e-14  1.55e-14  1.67e-14  1.83e-14  2.05e-14  2.32e-14  2.65e-14  3.02e-14  3.45e-14  3.92e-14
698 39  8   2.23e-15  2.20e-15  2.09e-15  2.10e-15  2.18e-15  2.30e-15  2.47e-15  2.68e-15  2.93e-15  3.23e-15  3.57e-15
699 39  9   4.94e-14  4.85e-14  4.71e-14  4.70e-14  4.73e-14  4.79e-14  4.89e-14  5.02e-14  5.19e-14  5.41e-14  5.66e-14
700 39  10  2.58e-14  2.54e-14  2.45e-14  2.45e-14  2.48e-14  2.53e-14  2.60e-14  2.70e-14  2.82e-14  2.96e-14  3.14e-14
701 39  11  8.17e-15  8.03e-15  7.76e-15  7.87e-15  8.12e-15  8.51e-15  9.02e-15  9.67e-15  1.05e-14  1.14e-14  1.25e-14
702 39  12  5.81e-15  5.72e-15  5.62e-15  5.70e-15  5.85e-15  6.08e-15  6.39e-15  6.79e-15  7.30e-15  7.92e-15  8.66e-15
703 39  13  5.09e-15  5.00e-15  4.80e-15  4.83e-15  4.96e-15  5.16e-15  5.42e-15  5.76e-15  6.16e-15  6.64e-15  7.19e-15
704 39  14  3.77e-14  3.79e-14  3.75e-14  3.83e-14  4.13e-14  4.59e-14  5.22e-14  5.99e-14  6.90e-14  7.95e-14  9.14e-14
705 39  15  2.94e-12  2.89e-12  2.92e-12  3.07e-12  3.27e-12  3.51e-12  3.79e-12  4.10e-12  4.43e-12  4.78e-12  5.15e-12
706 39  16  6.76e-13  6.66e-13  6.71e-13  7.05e-13  7.51e-13  8.09e-13  8.76e-13  9.52e-13  1.03e-12  1.12e-12  1.22e-12
707 39  17  9.17e-14  9.06e-14  9.12e-14  9.57e-14  1.03e-13  1.12e-13  1.22e-13  1.35e-13  1.49e-13  1.65e-13  1.82e-13
708 39  18  2.12e-13  2.08e-13  2.10e-13  2.21e-13  2.35e-13  2.53e-13  2.73e-13  2.96e-13  3.21e-13  3.47e-13  3.76e-13
709 39  19  5.86e-14  5.79e-14  5.83e-14  6.11e-14  6.56e-14  7.16e-14  7.88e-14  8.72e-14  9.68e-14  1.07e-13  1.19e-13
710 39  20  1.67e-14  1.65e-14  1.63e-14  1.63e-14  1.65e-14  1.68e-14  1.73e-14  1.80e-14  1.88e-14  1.98e-14  2.10e-14
711 39  21  8.05e-14  8.10e-14  8.96e-14  9.55e-14  9.86e-14  1.00e-13  1.02e-13  1.04e-13  1.06e-13  1.10e-13  1.15e-13
712 39  22  2.88e-14  2.86e-14  2.93e-14  3.00e-14  3.06e-14  3.12e-14  3.20e-14  3.30e-14  3.43e-14  3.59e-14  3.79e-14
713 39  23  6.76e-15  6.71e-15  6.71e-15  6.81e-15  7.00e-15  7.27e-15  7.63e-15  8.10e-15  8.68e-15  9.38e-15  1.02e-14
714 39  24  7.81e-15  7.78e-15  8.11e-15  8.38e-15  8.55e-15  8.71e-15  8.89e-15  9.13e-15  9.46e-15  9.90e-15  1.04e-14
715 39  25  5.62e-15  5.58e-15  5.56e-15  5.63e-15  5.77e-15  5.99e-15  6.28e-15  6.65e-15  7.11e-15  7.66e-15  8.32e-15
716 39  26  4.47e-13  4.57e-13  4.33e-13  4.08e-13  4.12e-13  4.33e-13  4.67e-13  5.11e-13  5.62e-13  6.20e-13  6.83e-13
717 39  27  6.89e-11  6.77e-11  6.46e-11  6.39e-11  6.40e-11  6.48e-11  6.59e-11  6.73e-11  6.88e-11  7.04e-11  7.21e-11
718 39  28  4.57e-12  4.51e-12  4.30e-12  4.23e-12  4.24e-12  4.31e-12  4.41e-12  4.54e-12  4.69e-12  4.85e-12  5.01e-12
719 39  29  2.26e-13  2.26e-13  2.12e-13  2.02e-13  2.01e-13  2.05e-13  2.13e-13  2.24e-13  2.37e-13  2.51e-13  2.67e-13
720 39  30  1.87e-12  1.84e-12  1.76e-12  1.73e-12  1.74e-12  1.77e-12  1.81e-12  1.86e-12  1.91e-12  1.97e-12  2.03e-12
721 39  31  1.72e-13  1.73e-13  1.62e-13  1.53e-13  1.52e-13  1.56e-13  1.62e-13  1.71e-13  1.82e-13  1.95e-13  2.08e-13
722 39  32  4.21e-14  4.53e-14  4.87e-14  4.38e-14  3.97e-14  3.68e-14  3.49e-14  3.38e-14  3.33e-14  3.34e-14  3.40e-14
723 39  33  6.02e-13  6.77e-13  1.18e-12  1.45e-12  1.61e-12  1.71e-12  1.78e-12  1.83e-12  1.87e-12  1.90e-12  1.92e-12
724 39  34  5.90e-14  6.41e-14  7.99e-14  8.12e-14  8.08e-14  8.03e-14  8.00e-14  8.01e-14  8.05e-14  8.13e-14  8.26e-14
725 39  35  7.85e-15  8.38e-15  9.04e-15  8.33e-15  7.74e-15  7.36e-15  7.16e-15  7.13e-15  7.24e-15  7.48e-15  7.85e-15
726 39  36  2.08e-14  2.27e-14  2.95e-14  3.07e-14  3.10e-14  3.10e-14  3.11e-14  3.12e-14  3.14e-14  3.16e-14  3.20e-14
727 39  37  7.59e-15  8.10e-15  8.74e-15  8.04e-15  7.47e-15  7.10e-15  6.91e-15  6.86e-15  6.96e-15  7.17e-15  7.50e-15
728 39  38  5.63e-13  6.62e-13  1.31e-12  1.70e-12  1.95e-12  2.15e-12  2.31e-12  2.47e-12  2.63e-12  2.79e-12  2.95e-12
729 40  1   3.93e-15  3.83e-15  3.62e-15  3.68e-15  3.84e-15  4.09e-15  4.40e-15  4.78e-15  5.23e-15  5.76e-15  6.38e-15
730 40  2   6.47e-15  6.31e-15  5.97e-15  6.07e-15  6.33e-15  6.73e-15  7.24e-15  7.87e-15  8.62e-15  9.49e-15  1.05e-14
731 40  3   2.36e-16  2.55e-16  2.34e-16  1.80e-16  1.44e-16  1.20e-16  1.02e-16  8.88e-17  7.83e-17  6.99e-17  6.30e-17
732 40  4   1.22e-13  1.21e-13  1.24e-13  1.34e-13  1.48e-13  1.66e-13  1.88e-13  2.15e-13  2.45e-13  2.80e-13  3.18e-13
733 40  5   3.42e-14  3.38e-14  3.49e-14  3.77e-14  4.16e-14  4.68e-14  5.32e-14  6.08e-14  6.97e-14  7.98e-14  9.11e-14
734 40  6   1.83e-14  1.81e-14  1.88e-14  2.05e-14  2.28e-14  2.59e-14  2.99e-14  3.47e-14  4.03e-14  4.68e-14  5.41e-14
735 40  7   2.56e-15  2.56e-15  2.84e-15  3.28e-15  3.92e-15  4.80e-15  5.95e-15  7.42e-15  9.22e-15  1.14e-14  1.39e-14
736 40  8   7.33e-16  7.18e-16  6.84e-16  6.97e-16  7.31e-16  7.81e-16  8.45e-16  9.24e-16  1.02e-15  1.12e-15  1.25e-15
737 40  9   3.03e-15  2.97e-15  2.82e-15  2.85e-15  2.96e-15  3.14e-15  3.38e-15  3.68e-15  4.03e-15  4.44e-15  4.91e-15
738 40  10  7.37e-14  7.24e-14  7.02e-14  7.01e-14  7.06e-14  7.16e-14  7.32e-14  7.53e-14  7.80e-14  8.14e-14  8.54e-14
739 40  11  1.23e-14  1.21e-14  1.17e-14  1.17e-14  1.19e-14  1.22e-14  1.26e-14  1.32e-14  1.39e-14  1.47e-14  1.57e-14
740 40  12  5.47e-15  5.37e-15  5.19e-15  5.28e-15  5.49e-15  5.79e-15  6.19e-15  6.69e-15  7.29e-15  8.02e-15  8.86e-15
741 40  13  1.30e-15  1.28e-15  1.29e-15  1.39e-15  1.55e-15  1.75e-15  2.02e-15  2.35e-15  2.76e-15  3.25e-15  3.83e-15
742 40  14  3.72e-15  3.72e-15  3.74e-15  3.98e-15  4.45e-15  5.14e-15  6.03e-15  7.13e-15  8.43e-15  9.95e-15  1.17e-14
743 40  15  3.71e-14  3.73e-14  3.70e-14  3.79e-14  4.09e-14  4.56e-14  5.19e-14  5.97e-14  6.89e-14  7.95e-14  9.15e-14
744 40  16  3.61e-12  3.55e-12  3.58e-12  3.77e-12  4.02e-12  4.32e-12  4.66e-12  5.04e-12  5.45e-12  5.89e-12  6.36e-12
745 40  17  3.05e-13  3.01e-13  3.03e-13  3.18e-13  3.40e-13  3.66e-13  3.97e-13  4.32e-13  4.70e-13  5.11e-13  5.55e-13
746 40  18  5.38e-14  5.33e-14  5.36e-14  5.62e-14  6.04e-14  6.60e-14  7.29e-14  8.09e-14  9.00e-14  1.00e-13  1.11e-13
747 40  19  2.76e-15  2.78e-15  2.82e-15  2.99e-15  3.37e-15  3.95e-15  4.74e-15  5.75e-15  6.99e-15  8.48e-15  1.02e-14
748 40  20  1.49e-15  1.48e-15  1.47e-15  1.49e-15  1.54e-15  1.63e-15  1.74e-15  1.89e-15  2.06e-15  2.27e-15  2.51e-15
749 40  21  1.57e-14  1.55e-14  1.53e-14  1.53e-14  1.55e-14  1.58e-14  1.63e-14  1.70e-14  1.78e-14  1.88e-14  2.00e-14
750 40  22  1.09e-13  1.09e-13  1.18e-13  1.25e-13  1.29e-13  1.31e-13  1.33e-13  1.36e-13  1.40e-13  1.45e-13  1.51e-13
751 40  23  1.42e-14  1.41e-14  1.44e-14  1.47e-14  1.50e-14  1.53e-14  1.58e-14  1.63e-14  1.70e-14  1.79e-14  1.89e-14
752 40  24  5.27e-15  5.23e-15  5.21e-15  5.29e-15  5.44e-15  5.66e-15  5.96e-15  6.34e-15  6.82e-15  7.40e-15  8.08e-15
753 40  25  7.72e-16  7.71e-16  7.82e-16  8.15e-16  8.75e-16  9.63e-16  1.08e-15  1.23e-15  1.42e-15  1.66e-15  1.95e-15
754 40  26  2.43e-14  2.52e-14  2.23e-14  1.91e-14  1.82e-14  1.87e-14  2.00e-14  2.19e-14  2.44e-14  2.73e-14  3.07e-14
755 40  27  4.05e-13  4.14e-13  3.92e-13  3.69e-13  3.71e-13  3.91e-13  4.21e-13  4.61e-13  5.07e-13  5.59e-13  6.17e-13
756 40  28  7.35e-11  7.22e-11  6.89e-11  6.81e-11  6.83e-11  6.91e-11  7.04e-11  7.19e-11  7.35e-11  7.53e-11  7.71e-11
757 40  29  2.11e-12  2.08e-12  1.98e-12  1.95e-12  1.95e-12  1.98e-12  2.03e-12  2.09e-12  2.16e-12  2.23e-12  2.31e-12
758 40  30  1.55e-13  1.55e-13  1.45e-13  1.37e-13  1.36e-13  1.39e-13  1.45e-13  1.53e-13  1.63e-13  1.74e-13  1.86e-13
759 40  31  9.45e-15  1.00e-14  8.60e-15  6.84e-15  6.09e-15  5.92e-15  6.12e-15  6.59e-15  7.28e-15  8.17e-15  9.25e-15
760 40  32  3.09e-15  3.28e-15  3.49e-15  3.19e-15  2.95e-15  2.80e-15  2.73e-15  2.72e-15  2.78e-15  2.88e-15  3.04e-15
761 40  33  3.81e-14  4.09e-14  4.39e-14  3.95e-14  3.59e-14  3.33e-14  3.16e-14  3.06e-14  3.02e-14  3.03e-14  3.09e-14
762 40  34  6.62e-13  7.42e-13  1.26e-12  1.53e-12  1.69e-12  1.79e-12  1.86e-12  1.91e-12  1.95e-12  1.98e-12  2.00e-12
763 40  35  2.86e-14  3.11e-14  3.85e-14  3.89e-14  3.86e-14  3.83e-14  3.82e-14  3.82e-14  3.84e-14  3.88e-14  3.95e-14
764 40  36  6.87e-15  7.33e-15  7.91e-15  7.28e-15  6.77e-15  6.44e-15  6.27e-15  6.24e-15  6.34e-15  6.55e-15  6.87e-15
765 40  37  7.51e-16  8.02e-16  8.76e-16  8.17e-16  7.70e-16  7.48e-16  7.50e-16  7.76e-16  8.26e-16  9.01e-16  1.00e-15
766 40  38  2.19e-14  2.61e-14  3.91e-14  4.33e-14  4.64e-14  4.89e-14  5.14e-14  5.41e-14  5.73e-14  6.09e-14  6.50e-14
767 40  39  5.00e-13  5.88e-13  1.16e-12  1.50e-12  1.73e-12  1.90e-12  2.04e-12  2.18e-12  2.32e-12  2.46e-12  2.60e-12
768 41  1   1.04e-14  1.01e-14  9.59e-15  9.75e-15  1.02e-14  1.08e-14  1.16e-14  1.27e-14  1.39e-14  1.53e-14  1.69e-14
769 41  3   2.23e-15  2.22e-15  2.48e-15  2.89e-15  3.47e-15  4.27e-15  5.31e-15  6.62e-15  8.24e-15  1.02e-14  1.25e-14
770 41  4   1.60e-15  1.62e-15  1.75e-15  1.93e-15  2.23e-15  2.68e-15  3.28e-15  4.04e-15  4.99e-15  6.13e-15  7.48e-15
771 41  5   1.72e-13  1.70e-13  1.75e-13  1.89e-13  2.08e-13  2.34e-13  2.65e-13  3.03e-13  3.46e-13  3.95e-13  4.50e-13
772 41  6   1.28e-15  1.29e-15  1.40e-15  1.54e-15  1.79e-15  2.14e-15  2.62e-15  3.23e-15  3.99e-15  4.90e-15  5.98e-15
773 41  7   2.79e-16  2.78e-16  3.09e-16  3.61e-16  4.34e-16  5.34e-16  6.64e-16  8.28e-16  1.03e-15  1.27e-15  1.56e-15
774 41  8   2.79e-16  2.78e-16  3.08e-16  3.57e-16  4.24e-16  5.13e-16  6.26e-16  7.67e-16  9.41e-16  1.15e-15  1.41e-15
775 41  9   1.54e-15  1.51e-15  1.48e-15  1.55e-15  1.67e-15  1.85e-15  2.06e-15  2.33e-15  2.66e-15  3.04e-15  3.50e-15
776 41  10  2.81e-15  2.76e-15  2.64e-15  2.68e-15  2.81e-15  3.01e-15  3.26e-15  3.58e-15  3.95e-15  4.39e-15  4.91e-15
777 41  11  8.83e-14  8.68e-14  8.40e-14  8.40e-14  8.47e-14  8.60e-14  8.80e-14  9.08e-14  9.42e-14  9.85e-14  1.04e-13
778 41  12  3.21e-15  3.16e-15  3.01e-15  3.06e-15  3.21e-15  3.44e-15  3.73e-15  4.09e-15  4.52e-15  5.02e-15  5.61e-15
779 41  13  3.85e-16  3.78e-16  3.70e-16  3.88e-16  4.19e-16  4.61e-16  5.16e-16  5.83e-16  6.64e-16  7.61e-16  8.75e-16
780 41  14  3.94e-16  4.07e-16  4.32e-16  4.72e-16  5.66e-16  7.17e-16  9.33e-16  1.22e-15  1.60e-15  2.08e-15  2.67e-15
781 41  15  6.01e-15  6.02e-15  6.07e-15  6.45e-15  7.24e-15  8.39e-15  9.90e-15  1.18e-14  1.40e-14  1.66e-14  1.97e-14
782 41  16  2.36e-14  2.36e-14  2.35e-14  2.41e-14  2.61e-14  2.93e-14  3.34e-14  3.86e-14  4.47e-14  5.18e-14  5.97e-14
783 41  17  3.95e-12  3.89e-12  3.92e-12  4.13e-12  4.40e-12  4.72e-12  5.10e-12  5.52e-12  5.97e-12  6.46e-12  6.97e-12
784 41  18  3.14e-14  3.15e-14  3.13e-14  3.22e-14  3.49e-14  3.90e-14  4.46e-14  5.15e-14  5.96e-14  6.90e-14  7.97e-14
785 41  19  1.88e-15  1.88e-15  1.90e-15  2.02e-15  2.26e-15  2.62e-15  3.09e-15  3.68e-15  4.38e-15  5.20e-15  6.15e-15
786 41  20  2.46e-16  2.48e-16  2.61e-16  2.82e-16  3.18e-16  3.70e-16  4.39e-16  5.28e-16  6.42e-16  7.85e-16  9.61e-16
787 41  21  2.35e-15  2.34e-15  2.32e-15  2.36e-15  2.46e-15  2.61e-15  2.81e-15  3.06e-15  3.37e-15  3.74e-15  4.19e-15
788 41  22  8.98e-15  8.88e-15  8.76e-15  8.80e-15  8.92e-15  9.13e-15  9.45e-15  9.86e-15  1.04e-14  1.10e-14  1.18e-14
789 41  23  1.21e-13  1.21e-13  1.31e-13  1.38e-13  1.42e-13  1.44e-13  1.47e-13  1.50e-13  1.54e-13  1.60e-13  1.67e-13
790 41  24  1.31e-14  1.29e-14  1.27e-14  1.28e-14  1.30e-14  1.33e-14  1.37e-14  1.43e-14  1.51e-14  1.60e-14  1.71e-14
791 41  25  8.23e-16  8.18e-16  8.12e-16  8.27e-16  8.62e-16  9.14e-16  9.84e-16  1.07e-15  1.18e-15  1.31e-15  1.47e-15
792 41  26  4.32e-15  4.66e-15  3.86e-15  2.80e-15  2.28e-15  2.06e-15  2.02e-15  2.11e-15  2.31e-15  2.61e-15  3.01e-15
793 41  27  3.76e-14  3.91e-14  3.44e-14  2.94e-14  2.79e-14  2.85e-14  3.04e-14  3.33e-14  3.70e-14  4.15e-14  4.67e-14
794 41  28  2.13e-13  2.18e-13  2.06e-13  1.92e-13  1.93e-13  2.03e-13  2.19e-13  2.40e-13  2.64e-13  2.91e-13  3.21e-13
795 41  29  7.56e-11  7.43e-11  7.09e-11  7.01e-11  7.02e-11  7.11e-11  7.24e-11  7.39e-11  7.57e-11  7.75e-11  7.94e-11
796 41  30  3.28e-13  3.35e-13  3.16e-13  2.96e-13  2.98e-13  3.13e-13  3.37e-13  3.69e-13  4.06e-13  4.48e-13  4.94e-13
797 41  31  1.41e-14  1.47e-14  1.29e-14  1.10e-14  1.05e-14  1.07e-14  1.14e-14  1.25e-14  1.39e-14  1.56e-14  1.75e-14
798 41  32  4.20e-16  4.50e-16  4.97e-16  4.69e-16  4.46e-16  4.39e-16  4.47e-16  4.70e-16  5.10e-16  5.67e-16  6.42e-16
799 41  33  4.68e-15  4.98e-15  5.30e-15  4.85e-15  4.49e-15  4.27e-15  4.16e-15  4.16e-15  4.26e-15  4.43e-15  4.69e-15
800 41  34  1.95e-14  2.10e-14  2.25e-14  2.03e-14  1.84e-14  1.71e-14  1.63e-14  1.58e-14  1.56e-14  1.57e-14  1.61e-14
801 41  35  6.82e-13  7.63e-13  1.29e-12  1.56e-12  1.72e-12  1.82e-12  1.89e-12  1.94e-12  1.98e-12  2.01e-12  2.03e-12
802 41  36  3.13e-14  3.36e-14  3.61e-14  3.25e-14  2.95e-14  2.74e-14  2.60e-14  2.53e-14  2.50e-14  2.52e-14  2.57e-14
803 41  37  1.84e-15  1.96e-15  2.08e-15  1.91e-15  1.76e-15  1.68e-15  1.63e-15  1.63e-15  1.67e-15  1.74e-15  1.84e-15
804 41  38  3.36e-15  4.10e-15  5.02e-15  4.74e-15  4.79e-15  5.02e-15  5.39e-15  5.86e-15  6.40e-15  7.00e-15  7.65e-15
805 41  39  3.30e-14  3.94e-14  5.88e-14  6.49e-14  6.95e-14  7.32e-14  7.70e-14  8.11e-14  8.60e-14  9.15e-14  9.76e-14
806 41  40  2.43e-13  2.86e-13  5.60e-13  7.23e-13  8.32e-13  9.13e-13  9.83e-13  1.05e-12  1.12e-12  1.18e-12  1.25e-12
807 42  1   6.47e-15  6.31e-15  5.97e-15  6.07e-15  6.33e-15  6.73e-15  7.24e-15  7.87e-15  8.62e-15  9.49e-15  1.05e-14
808 42  2   3.93e-15  3.83e-15  3.62e-15  3.68e-15  3.84e-15  4.09e-15  4.40e-15  4.78e-15  5.23e-15  5.76e-15  6.38e-15
809 42  3   1.15e-15  1.15e-15  1.27e-15  1.43e-15  1.69e-15  2.05e-15  2.53e-15  3.15e-15  3.90e-15  4.80e-15  5.87e-15
810 42  4   2.68e-15  2.68e-15  2.96e-15  3.38e-15  4.01e-15  4.89e-15  6.05e-15  7.52e-15  9.33e-15  1.15e-14  1.41e-14
811 42  5   5.64e-14  5.57e-14  5.75e-14  6.21e-14  6.85e-14  7.70e-14  8.76e-14  1.00e-13  1.15e-13  1.31e-13  1.50e-13
812 42  6   1.16e-13  1.15e-13  1.18e-13  1.28e-13  1.41e-13  1.58e-13  1.79e-13  2.04e-13  2.33e-13  2.66e-13  3.03e-13
813 42  7   9.61e-16  9.75e-16  1.05e-15  1.14e-15  1.30e-15  1.55e-15  1.88e-15  2.32e-15  2.85e-15  3.50e-15  4.27e-15
814 42  8   1.21e-15  1.18e-15  1.13e-15  1.15e-15  1.20e-15  1.29e-15  1.39e-15  1.52e-15  1.67e-15  1.85e-15  2.06e-15
815 42  9   9.52e-16  9.44e-16  9.45e-16  1.00e-15  1.10e-15  1.23e-15  1.41e-15  1.63e-15  1.90e-15  2.23e-15  2.62e-15
816 42  10  2.47e-15  2.43e-15  2.36e-15  2.44e-15  2.61e-15  2.84e-15  3.15e-15  3.52e-15  3.98e-15  4.51e-15  5.14e-15
817 42  11  2.03e-14  1.99e-14  1.93e-14  1.93e-14  1.96e-14  2.01e-14  2.08e-14  2.17e-14  2.28e-14  2.42e-14  2.58e-14
818 42  12  6.84e-14  6.73e-14  6.52e-14  6.52e-14  6.56e-14  6.65e-14  6.78e-14  6.98e-14  7.22e-14  7.52e-14  7.89e-14
819 42  13  3.17e-15  3.12e-15  2.97e-15  3.01e-15  3.15e-15  3.36e-15  3.64e-15  3.98e-15  4.39e-15  4.86e-15  5.42e-15
820 42  14  6.13e-15  6.12e-15  6.17e-15  6.55e-15  7.33e-15  8.46e-15  9.93e-15  1.17e-14  1.39e-14  1.64e-14  1.92e-14
821 42  15  1.29e-14  1.29e-14  1.28e-14  1.30e-14  1.38e-14  1.53e-14  1.73e-14  1.98e-14  2.28e-14  2.63e-14  3.02e-14
822 42  16  1.10e-14  1.10e-14  1.10e-14  1.16e-14  1.28e-14  1.46e-14  1.71e-14  2.01e-14  2.36e-14  2.78e-14  3.26e-14
823 42  17  5.03e-13  4.95e-13  4.99e-13  5.24e-13  5.59e-13  6.03e-13  6.54e-13  7.11e-13  7.74e-13  8.41e-13  9.14e-13
824 42  18  3.45e-12  3.39e-12  3.42e-12  3.60e-12  3.84e-12  4.12e-12  4.45e-12  4.81e-12  5.20e-12  5.62e-12  6.06e-12
825 42  19  3.35e-14  3.36e-14  3.34e-14  3.43e-14  3.71e-14  4.15e-14  4.73e-14  5.45e-14  6.31e-14  7.30e-14  8.42e-14
826 42  20  2.46e-15  2.44e-15  2.42e-15  2.45e-15  2.54e-15  2.68e-15  2.87e-15  3.10e-15  3.39e-15  3.73e-15  4.13e-15
827 42  21  5.46e-15  5.40e-15  5.33e-15  5.34e-15  5.38e-15  5.47e-15  5.61e-15  5.80e-15  6.05e-15  6.37e-15  6.76e-15
828 42  22  3.66e-15  3.63e-15  3.59e-15  3.65e-15  3.77e-15  3.96e-15  4.22e-15  4.54e-15  4.95e-15  5.43e-15  6.01e-15
829 42  23  2.33e-14  2.32e-14  2.37e-14  2.42e-14  2.47e-14  2.53e-14  2.60e-14  2.69e-14  2.80e-14  2.94e-14  3.12e-14
830 42  24  9.72e-14  9.76e-14  1.07e-13  1.13e-13  1.17e-13  1.19e-13  1.21e-13  1.23e-13  1.26e-13  1.30e-13  1.36e-13
831 42  25  1.42e-14  1.40e-14  1.38e-14  1.39e-14  1.40e-14  1.44e-14  1.48e-14  1.55e-14  1.63e-14  1.72e-14  1.84e-14
832 42  26  4.00e-14  4.15e-14  3.67e-14  3.15e-14  3.00e-14  3.08e-14  3.29e-14  3.61e-14  4.02e-14  4.50e-14  5.06e-14
833 42  27  1.58e-13  1.61e-13  1.54e-13  1.46e-13  1.49e-13  1.57e-13  1.69e-13  1.84e-13  2.03e-13  2.23e-13  2.45e-13
834 42  28  5.73e-14  5.93e-14  5.32e-14  4.67e-14  4.51e-14  4.64e-14  4.97e-14  5.45e-14  6.04e-14  6.74e-14  7.53e-14
835 42  29  3.47e-12  3.42e-12  3.26e-12  3.20e-12  3.21e-12  3.27e-12  3.35e-12  3.45e-12  3.56e-12  3.68e-12  3.81e-12
836 42  30  7.22e-11  7.09e-11  6.76e-11  6.68e-11  6.70e-11  6.78e-11  6.90e-11  7.05e-11  7.21e-11  7.38e-11  7.55e-11
837 42  31  3.61e-13  3.69e-13  3.49e-13  3.27e-13  3.29e-13  3.45e-13  3.72e-13  4.07e-13  4.48e-13  4.95e-13  5.46e-13
838 42  32  5.09e-15  5.41e-15  5.75e-15  5.26e-15  4.86e-15  4.61e-15  4.50e-15  4.49e-15  4.58e-15  4.75e-15  5.02e-15
839 42  33  1.35e-14  1.46e-14  1.57e-14  1.41e-14  1.27e-14  1.17e-14  1.11e-14  1.06e-14  1.04e-14  1.04e-14  1.05e-14
840 42  34  6.04e-15  6.43e-15  6.85e-15  6.26e-15  5.78e-15  5.48e-15  5.33e-15  5.31e-15  5.40e-15  5.60e-15  5.91e-15
841 42  35  4.72e-14  5.12e-14  6.34e-14  6.41e-14  6.36e-14  6.31e-14  6.28e-14  6.29e-14  6.32e-14  6.40e-14  6.50e-14
842 42  36  6.33e-13  7.10e-13  1.23e-12  1.49e-12  1.65e-12  1.76e-12  1.83e-12  1.88e-12  1.92e-12  1.94e-12  1.97e-12
843 42  37  3.45e-14  3.70e-14  3.98e-14  3.58e-14  3.25e-14  3.02e-14  2.87e-14  2.78e-14  2.75e-14  2.77e-14  2.83e-14
844 42  38  3.60e-14  4.29e-14  6.43e-14  7.12e-14  7.64e-14  8.06e-14  8.46e-14  8.92e-14  9.44e-14  1.00e-13  1.07e-13
845 42  39  2.03e-13  2.38e-13  4.84e-13  6.36e-13  7.37e-13  8.12e-13  8.77e-13  9.37e-13  9.97e-13  1.06e-12  1.12e-12
846 42  40  4.14e-14  4.93e-14  7.59e-14  8.56e-14  9.27e-14  9.83e-14  1.04e-13  1.10e-13  1.16e-13  1.24e-13  1.32e-13
847 42  41  4.51E-13  5.31E-13  1.04E-12  1.34E-12  1.54E-12  1.69E-12  1.82E-12  1.95E-12  2.07E-12  2.19E-12  2.32E-12
848 43  1   3.00e-15  2.93e-15  2.77e-15  2.82e-15  2.94e-15  3.12e-15  3.36e-15  3.66e-15  4.00e-15  4.41e-15  4.88e-15
849 43  2   7.39e-15  7.21e-15  6.82e-15  6.93e-15  7.24e-15  7.69e-15  8.28e-15  9.00e-15  9.85e-15  1.08e-14  1.20e-14
850 43  3   2.07e-16  2.24e-16  2.05e-16  1.58e-16  1.27e-16  1.05e-16  8.99e-17  7.81e-17  6.88e-17  6.14e-17  5.53e-17
851 43  4   3.63e-15  3.63e-15  4.03e-15  4.66e-15  5.58e-15  6.84e-15  8.49e-15  1.06e-14  1.32e-14  1.63e-14  1.99e-14
852 43  5   1.20e-14  1.19e-14  1.23e-14  1.33e-14  1.48e-14  1.68e-14  1.93e-14  2.22e-14  2.57e-14  2.97e-14  3.42e-14
853 43  6   6.39e-14  6.31e-14  6.51e-14  7.02e-14  7.75e-14  8.71e-14  9.89e-14  1.13e-13  1.29e-13  1.48e-13  1.69e-13
854 43  7   9.78e-14  9.66e-14  9.95e-14  1.07e-13  1.18e-13  1.33e-13  1.51e-13  1.72e-13  1.96e-13  2.24e-13  2.54e-13
855 43  8   9.07e-16  8.93e-16  8.47e-16  8.52e-16  8.84e-16  9.35e-16  1.00e-15  1.09e-15  1.19e-15  1.31e-15  1.45e-15
856 43  9   2.22e-15  2.18e-15  2.07e-15  2.11e-15  2.20e-15  2.35e-15  2.54e-15  2.77e-15  3.04e-15  3.36e-15  3.72e-15
857 43  10  1.50e-15  1.48e-15  1.51e-15  1.63e-15  1.82e-15  2.08e-15  2.41e-15  2.82e-15  3.32e-15  3.92e-15  4.64e-15
858 43  11  3.32e-15  3.26e-15  3.15e-15  3.20e-15  3.30e-15  3.46e-15  3.67e-15  3.93e-15  4.25e-15  4.63e-15  5.07e-15
859 43  12  2.27e-14  2.23e-14  2.15e-14  2.16e-14  2.19e-14  2.24e-14  2.31e-14  2.41e-14  2.53e-14  2.67e-14  2.84e-14
860 43  13  6.59e-14  6.48e-14  6.27e-14  6.27e-14  6.32e-14  6.41e-14  6.55e-14  6.74e-14  6.99e-14  7.29e-14  7.65e-14
861 43  14  1.53e-14  1.54e-14  1.52e-14  1.56e-14  1.68e-14  1.87e-14  2.12e-14  2.43e-14  2.80e-14  3.23e-14  3.71e-14
862 43  15  1.18e-14  1.18e-14  1.18e-14  1.24e-14  1.37e-14  1.56e-14  1.81e-14  2.12e-14  2.49e-14  2.91e-14  3.40e-14
863 43  16  2.83e-15  2.85e-15  2.90e-15  3.08e-15  3.50e-15  4.13e-15  4.98e-15  6.07e-15  7.43e-15  9.06e-15  1.10e-14
864 43  17  3.73e-14  3.68e-14  3.71e-14  3.89e-14  4.17e-14  4.53e-14  4.97e-14  5.48e-14  6.06e-14  6.70e-14  7.39e-14
865 43  18  5.72e-13  5.64e-13  5.68e-13  5.97e-13  6.37e-13  6.86e-13  7.44e-13  8.08e-13  8.80e-13  9.56e-13  1.04e-12
866 43  19  3.37e-12  3.32e-12  3.35e-12  3.52e-12  3.75e-12  4.03e-12  4.35e-12  4.71e-12  5.10e-12  5.51e-12  5.94e-12
867 43  20  6.79e-15  6.72e-15  6.62e-15  6.64e-15  6.71e-15  6.84e-15  7.04e-15  7.30e-15  7.64e-15  8.04e-15  8.53e-15
868 43  21  3.96e-15  3.93e-15  3.89e-15  3.93e-15  4.05e-15  4.24e-15  4.49e-15  4.80e-15  5.19e-15  5.66e-15  6.21e-15
869 43  22  8.16e-16  8.16e-16  8.30e-16  8.68e-16  9.37e-16  1.04e-15  1.17e-15  1.35e-15  1.57e-15  1.84e-15  2.17e-15
870 43  23  2.75e-15  2.73e-15  2.72e-15  2.77e-15  2.84e-15  2.95e-15  3.10e-15  3.29e-15  3.53e-15  3.81e-15  4.15e-15
871 43  24  2.60e-14  2.59e-14  2.65e-14  2.71e-14  2.76e-14  2.82e-14  2.90e-14  2.99e-14  3.12e-14  3.28e-14  3.47e-14
872 43  25  1.06e-13  1.06e-13  1.15e-13  1.21e-13  1.25e-13  1.27e-13  1.29e-13  1.32e-13  1.36e-13  1.41e-13  1.47e-13
873 43  26  1.82e-13  1.86e-13  1.76e-13  1.66e-13  1.67e-13  1.76e-13  1.90e-13  2.07e-13  2.28e-13  2.52e-13  2.77e-13
874 43  27  6.28e-14  6.50e-14  5.85e-14  5.16e-14  5.00e-14  5.16e-14  5.53e-14  6.07e-14  6.73e-14  7.51e-14  8.38e-14
875 43  28  1.02e-14  1.08e-14  9.23e-15  7.26e-15  6.41e-15  6.18e-15  6.36e-15  6.83e-15  7.54e-15  8.48e-15  9.61e-15
876 43  29  9.18e-14  9.19e-14  8.62e-14  8.20e-14  8.16e-14  8.33e-14  8.66e-14  9.09e-14  9.61e-14  1.02e-13  1.08e-13
877 43  30  3.96e-12  3.90e-12  3.72e-12  3.66e-12  3.67e-12  3.73e-12  3.82e-12  3.93e-12  4.06e-12  4.20e-12  4.34e-12
878 43  31  7.19e-11  7.06e-11  6.74e-11  6.66e-11  6.68e-11  6.76e-11  6.88e-11  7.03e-11  7.19e-11  7.37e-11  7.54e-11
879 43  32  1.71e-14  1.84e-14  1.98e-14  1.78e-14  1.61e-14  1.49e-14  1.42e-14  1.37e-14  1.35e-14  1.36e-14  1.38e-14
880 43  33  6.70e-15  7.13e-15  7.59e-15  6.92e-15  6.39e-15  6.04e-15  5.87e-15  5.84e-15  5.93e-15  6.14e-15  6.45e-15
881 43  34  8.31e-16  8.87e-16  9.69e-16  9.05e-16  8.54e-16  8.31e-16  8.35e-16  8.66e-16  9.24e-16  1.01e-15  1.12e-15
882 43  35  3.19e-15  3.40e-15  3.67e-15  3.38e-15  3.14e-15  2.99e-15  2.91e-15  2.90e-15  2.94e-15  3.04e-15  3.19e-15
883 43  36  5.31e-14  5.77e-14  7.15e-14  7.24e-14  7.19e-14  7.14e-14  7.11e-14  7.12e-14  7.16e-14  7.24e-14  7.35e-14
884 43  37  6.59e-13  7.38e-13  1.25e-12  1.52e-12  1.67e-12  1.78e-12  1.85e-12  1.89e-12  1.93e-12  1.96e-12  1.98e-12
885 43  38  2.29e-13  2.69e-13  5.31e-13  6.89e-13  7.94e-13  8.72e-13  9.40e-13  1.00e-12  1.07e-12  1.13e-12  1.20e-12
886 43  39  4.60e-14  5.48e-14  8.47e-14  9.59e-14  1.04e-13  1.10e-13  1.16e-13  1.23e-13  1.30e-13  1.38e-13  1.47e-13
887 43  40  5.18e-15  6.29e-15  7.96e-15  7.74e-15  7.93e-15  8.32e-15  8.89e-15  9.61e-15  1.04e-14  1.14e-14  1.24e-14
888 43  41  1.72E-14  2.06E-14  3.07E-14  3.38E-14  3.63E-14  3.82E-14  4.02E-14  4.24E-14  4.49E-14  4.78E-14  5.10E-14
889 43  42  5.11E-13  6.01E-13  1.18E-12  1.52E-12  1.75E-12  1.92E-12  2.07E-12  2.21E-12  2.34E-12  2.49E-12  2.64E-12
890 44  1   5.82e-15  5.88e-15  6.61e-15  7.50e-15  8.71e-15  1.03e-14  1.23e-14  1.48e-14  1.79e-14  2.15e-14  2.57e-14
891 44  3   7.51e-15  7.48e-15  7.47e-15  7.64e-15  7.98e-15  8.47e-15  9.10e-15  9.87e-15  1.08e-14  1.18e-14  1.31e-14
892 44  4   3.07e-15  3.06e-15  3.05e-15  3.12e-15  3.26e-15  3.45e-15  3.71e-15  4.02e-15  4.38e-15  4.81e-15  5.31e-15
893 44  5   1.96e-15  1.97e-15  2.06e-15  2.22e-15  2.44e-15  2.74e-15  3.12e-15  3.59e-15  4.16e-15  4.84e-15  5.65e-15
894 44  6   2.46e-15  2.45e-15  2.44e-15  2.50e-15  2.60e-15  2.76e-15  2.96e-15  3.21e-15  3.51e-15  3.85e-15  4.25e-15
895 44  7   9.39e-16  9.35e-16  9.33e-16  9.56e-16  9.98e-16  1.06e-15  1.14e-15  1.23e-15  1.35e-15  1.48e-15  1.63e-15
896 44  8   1.22e-13  1.23e-13  1.31e-13  1.40e-13  1.53e-13  1.69e-13  1.89e-13  2.13e-13  2.39e-13  2.69e-13  3.02e-13
897 44  9   7.99e-14  8.04e-14  8.58e-14  9.20e-14  1.00e-13  1.11e-13  1.24e-13  1.40e-13  1.58e-13  1.78e-13  2.01e-13
898 44  10  1.51e-14  1.52e-14  1.63e-14  1.76e-14  1.93e-14  2.15e-14  2.43e-14  2.76e-14  3.14e-14  3.58e-14  4.07e-14
899 44  11  4.18e-15  4.23e-15  4.65e-15  5.11e-15  5.76e-15  6.62e-15  7.74e-15  9.11e-15  1.08e-14  1.27e-14  1.50e-14
900 44  12  1.72e-14  1.74e-14  1.86e-14  2.01e-14  2.20e-14  2.46e-14  2.78e-14  3.16e-14  3.59e-14  4.09e-14  4.65e-14
901 44  13  2.00e-14  2.01e-14  2.14e-14  2.30e-14  2.51e-14  2.78e-14  3.11e-14  3.50e-14  3.95e-14  4.46e-14  5.01e-14
902 44  14  5.60e-14  5.62e-14  5.76e-14  5.82e-14  5.91e-14  6.04e-14  6.22e-14  6.46e-14  6.75e-14  7.09e-14  7.50e-14
903 44  15  1.97e-14  1.98e-14  2.03e-14  2.06e-14  2.10e-14  2.17e-14  2.25e-14  2.36e-14  2.50e-14  2.66e-14  2.84e-14
904 44  16  3.04e-15  3.05e-15  3.14e-15  3.21e-15  3.34e-15  3.51e-15  3.75e-15  4.03e-15  4.38e-15  4.79e-15  5.26e-15
905 44  17  9.76e-16  9.86e-16  1.04e-15  1.11e-15  1.20e-15  1.33e-15  1.50e-15  1.71e-15  1.97e-15  2.30e-15  2.69e-15
906 44  18  4.05e-15  4.07e-15  4.18e-15  4.28e-15  4.45e-15  4.69e-15  4.99e-15  5.38e-15  5.84e-15  6.38e-15  7.02e-15
907 44  19  6.16e-15  6.19e-15  6.34e-15  6.42e-15  6.56e-15  6.77e-15  7.04e-15  7.39e-15  7.81e-15  8.31e-15  8.89e-15
908 44  20  4.02e-12  4.02e-12  4.17e-12  4.34e-12  4.57e-12  4.84e-12  5.17e-12  5.53e-12  5.92e-12  6.34e-12  6.77e-12
909 44  21  6.75e-13  6.77e-13  7.05e-13  7.33e-13  7.73e-13  8.22e-13  8.81e-13  9.47e-13  1.02e-12  1.10e-12  1.18e-12
910 44  22  4.33e-14  4.37e-14  4.58e-14  4.77e-14  5.05e-14  5.43e-14  5.89e-14  6.42e-14  7.02e-14  7.68e-14  8.39e-14
911 44  23  5.42e-15  5.55e-15  5.89e-15  6.11e-15  6.54e-15  7.16e-15  7.96e-15  8.93e-15  1.01e-14  1.14e-14  1.29e-14
912 44  24  6.30e-14  6.36e-14  6.66e-14  6.94e-14  7.35e-14  7.90e-14  8.56e-14  9.34e-14  1.02e-13  1.12e-13  1.22e-13
913 44  25  2.36e-13  2.37e-13  2.47e-13  2.57e-13  2.70e-13  2.88e-13  3.08e-13  3.32e-13  3.57e-13  3.85e-13  4.14e-13
914 44  26  8.75e-14  8.88e-14  9.69e-14  1.01e-13  1.03e-13  1.06e-13  1.09e-13  1.13e-13  1.19e-13  1.25e-13  1.33e-13
915 44  27  2.18e-14  2.22e-14  2.39e-14  2.45e-14  2.52e-14  2.59e-14  2.68e-14  2.80e-14  2.95e-14  3.13e-14  3.34e-14
916 44  28  2.36e-15  2.41e-15  2.60e-15  2.67e-15  2.77e-15  2.90e-15  3.06e-15  3.26e-15  3.52e-15  3.82e-15  4.18e-15
917 44  29  5.04e-16  5.20e-16  5.71e-16  5.93e-16  6.28e-16  6.78e-16  7.46e-16  8.33e-16  9.43e-16  1.08e-15  1.24e-15
918 44  30  3.64e-15  3.71e-15  4.00e-15  4.12e-15  4.26e-15  4.45e-15  4.71e-15  5.02e-15  5.41e-15  5.88e-15  6.43e-15
919 44  31  8.19e-15  8.31e-15  8.95e-15  9.21e-15  9.44e-15  9.72e-15  1.01e-14  1.05e-14  1.11e-14  1.17e-14  1.25e-14
920 44  32  7.23e-11  7.28e-11  7.41e-11  7.35e-11  7.34e-11  7.38e-11  7.47e-11  7.58e-11  7.72e-11  7.87e-11  8.02e-11
921 44  33  3.98e-12  4.04e-12  4.14e-12  4.07e-12  4.06e-12  4.09e-12  4.16e-12  4.26e-12  4.37e-12  4.50e-12  4.63e-12
922 44  34  9.62e-14  1.02e-13  1.05e-13  9.76e-14  9.50e-14  9.53e-14  9.76e-14  1.01e-13  1.06e-13  1.11e-13  1.18e-13
923 44  35  1.03e-14  1.19e-14  1.21e-14  9.56e-15  8.21e-15  7.58e-15  7.40e-15  7.50e-15  7.82e-15  8.32e-15  8.97e-15
924 44  36  1.54e-13  1.63e-13  1.67e-13  1.56e-13  1.52e-13  1.52e-13  1.56e-13  1.62e-13  1.69e-13  1.78e-13  1.88e-13
925 44  37  1.56e-12  1.59e-12  1.63e-12  1.60e-12  1.59e-12  1.61e-12  1.64e-12  1.67e-12  1.72e-12  1.77e-12  1.82e-12
926 44  38  3.84e-13  4.35e-13  8.07e-13  1.03e-12  1.18e-12  1.29e-12  1.38e-12  1.45e-12  1.50e-12  1.55e-12  1.59e-12
927 44  39  3.19e-14  3.57e-14  5.08e-14  5.36e-14  5.48e-14  5.57e-14  5.66e-14  5.77e-14  5.90e-14  6.06e-14  6.25e-14
928 44  40  2.18e-15  2.45e-15  3.10e-15  2.95e-15  2.79e-15  2.69e-15  2.66e-15  2.68e-15  2.75e-15  2.87e-15  3.03e-15
929 44  41  3.75e-16  4.33e-16  5.36e-16  4.87e-16  4.50e-16  4.32e-16  4.30e-16  4.42e-16  4.68e-16  5.07e-16  5.60e-16
930 44  42  3.60e-15  4.03e-15  5.11e-15  4.85e-15  4.59e-15  4.43e-15  4.37e-15  4.41e-15  4.52e-15  4.72e-15  4.99e-15
931 44  43  1.29e-14  1.45e-14  2.06e-14  2.18e-14  2.23e-14  2.26e-14  2.30e-14  2.34e-14  2.40e-14  2.46e-14  2.54e-14
932 45  1   4.11e-15  4.15e-15  4.66e-15  5.30e-15  6.15e-15  7.27e-15  8.70e-15  1.05e-14  1.26e-14  1.52e-14  1.81e-14
933 45  2   1.71e-15  1.73e-15  1.94e-15  2.21e-15  2.56e-15  3.03e-15  3.63e-15  4.36e-15  5.26e-15  6.32e-15  7.55e-15
934 45  3   4.00e-15  3.98e-15  3.97e-15  4.07e-15  4.25e-15  4.50e-15  4.84e-15  5.25e-15  5.73e-15  6.29e-15  6.94e-15
935 45  4   6.59e-15  6.56e-15  6.55e-15  6.70e-15  6.99e-15  7.42e-15  7.97e-15  8.64e-15  9.43e-15  1.04e-14  1.14e-14
936 45  5   2.87e-15  2.87e-15  2.91e-15  3.03e-15  3.22e-15  3.48e-15  3.82e-15  4.24e-15  4.74e-15  5.34e-15  6.03e-15
937 45  6   1.12e-15  1.12e-15  1.17e-15  1.26e-15  1.38e-15  1.55e-15  1.75e-15  2.01e-15  2.33e-15  2.70e-15  3.14e-15
938 45  7   1.36e-15  1.36e-15  1.36e-15  1.39e-15  1.45e-15  1.53e-15  1.64e-15  1.78e-15  1.95e-15  2.14e-15  2.36e-15
939 45  8   1.25e-15  1.31e-15  1.47e-15  1.57e-15  1.77e-15  2.06e-15  2.44e-15  2.93e-15  3.53e-15  4.25e-15  5.09e-15
940 45  9   1.45e-13  1.46e-13  1.56e-13  1.67e-13  1.82e-13  2.02e-13  2.25e-13  2.53e-13  2.85e-13  3.21e-13  3.60e-13
941 45  10  7.06e-14  7.10e-14  7.58e-14  8.13e-14  8.88e-14  9.85e-14  1.10e-13  1.24e-13  1.40e-13  1.58e-13  1.78e-13
942 45  11  1.60e-14  1.62e-14  1.74e-14  1.88e-14  2.07e-14  2.31e-14  2.62e-14  2.99e-14  3.42e-14  3.91e-14  4.46e-14
943 45  12  1.59e-14  1.60e-14  1.70e-14  1.83e-14  2.00e-14  2.22e-14  2.49e-14  2.81e-14  3.17e-14  3.59e-14  4.05e-14
944 45  13  9.49e-15  9.58e-15  1.03e-14  1.11e-14  1.22e-14  1.37e-14  1.55e-14  1.77e-14  2.03e-14  2.32e-14  2.65e-14
945 45  14  3.07e-15  3.10e-15  3.16e-15  3.24e-15  3.39e-15  3.62e-15  3.91e-15  4.27e-15  4.70e-15  5.20e-15  5.78e-15
946 45  15  5.80e-14  5.82e-14  5.97e-14  6.03e-14  6.11e-14  6.25e-14  6.43e-14  6.67e-14  6.95e-14  7.30e-14  7.71e-14
947 45  16  1.77e-14  1.78e-14  1.82e-14  1.85e-14  1.89e-14  1.95e-14  2.03e-14  2.14e-14  2.26e-14  2.41e-14  2.59e-14
948 45  17  3.78e-15  3.80e-15  3.92e-15  4.02e-15  4.19e-15  4.44e-15  4.75e-15  5.15e-15  5.63e-15  6.20e-15  6.86e-15
949 45  18  4.79e-15  4.82e-15  4.94e-15  5.01e-15  5.11e-15  5.27e-15  5.48e-15  5.75e-15  6.08e-15  6.48e-15  6.96e-15
950 45  19  2.62e-15  2.63e-15  2.71e-15  2.78e-15  2.90e-15  3.08e-15  3.30e-15  3.58e-15  3.91e-15  4.31e-15  4.77e-15
951 45  20  3.42e-14  3.56e-14  3.88e-14  4.03e-14  4.37e-14  4.87e-14  5.52e-14  6.30e-14  7.23e-14  8.28e-14  9.47e-14
952 45  21  4.11e-12  4.11e-12  4.26e-12  4.44e-12  4.67e-12  4.95e-12  5.28e-12  5.64e-12  6.04e-12  6.46e-12  6.91e-12
953 45  22  5.92e-13  5.95e-13  6.19e-13  6.44e-13  6.79e-13  7.23e-13  7.74e-13  8.33e-13  8.97e-13  9.67e-13  1.04e-12
954 45  23  5.60e-14  5.66e-14  5.93e-14  6.18e-14  6.55e-14  7.04e-14  7.64e-14  8.34e-14  9.12e-14  9.99e-14  1.09e-13
955 45  24  2.13e-13  2.13e-13  2.22e-13  2.31e-13  2.43e-13  2.58e-13  2.76e-13  2.96e-13  3.18e-13  3.42e-13  3.66e-13
956 45  25  3.58e-14  3.62e-14  3.81e-14  3.97e-14  4.22e-14  4.56e-14  4.97e-14  5.45e-14  6.00e-14  6.62e-14  7.29e-14
957 45  26  1.20e-14  1.22e-14  1.30e-14  1.33e-14  1.36e-14  1.40e-14  1.46e-14  1.53e-14  1.61e-14  1.72e-14  1.84e-14
958 45  27  8.01e-14  8.13e-14  8.89e-14  9.26e-14  9.52e-14  9.77e-14  1.01e-13  1.04e-13  1.09e-13  1.15e-13  1.22e-13
959 45  28  1.96e-14  1.99e-14  2.14e-14  2.20e-14  2.26e-14  2.33e-14  2.41e-14  2.52e-14  2.65e-14  2.82e-14  3.01e-14
960 45  29  3.30e-15  3.36e-15  3.63e-15  3.73e-15  3.87e-15  4.05e-15  4.29e-15  4.59e-15  4.95e-15  5.39e-15  5.91e-15
961 45  30  6.22e-15  6.31e-15  6.80e-15  7.00e-15  7.16e-15  7.34e-15  7.57e-15  7.86e-15  8.23e-15  8.68e-15  9.23e-15
962 45  31  2.81e-15  2.87e-15  3.09e-15  3.18e-15  3.30e-15  3.46e-15  3.66e-15  3.92e-15  4.23e-15  4.61e-15  5.05e-15
963 45  32  3.64e-13  4.02e-13  4.32e-13  3.97e-13  3.90e-13  4.02e-13  4.26e-13  4.58e-13  4.98e-13  5.44e-13  5.94e-13
964 45  33  7.26e-11  7.30e-11  7.43e-11  7.37e-11  7.36e-11  7.40e-11  7.48e-11  7.60e-11  7.73e-11  7.88e-11  8.03e-11
965 45  34  3.49e-12  3.55e-12  3.63e-12  3.57e-12  3.56e-12  3.59e-12  3.65e-12  3.74e-12  3.83e-12  3.95e-12  4.07e-12
966 45  35  1.37e-13  1.45e-13  1.49e-13  1.39e-13  1.35e-13  1.35e-13  1.38e-13  1.43e-13  1.50e-13  1.58e-13  1.66e-13
967 45  36  1.48e-12  1.50e-12  1.54e-12  1.52e-12  1.52e-12  1.53e-12  1.55e-12  1.59e-12  1.63e-12  1.67e-12  1.72e-12
968 45  37  1.06e-13  1.13e-13  1.17e-13  1.08e-13  1.04e-13  1.04e-13  1.07e-13  1.11e-13  1.17e-13  1.24e-13  1.31e-13
969 45  38  2.09e-14  2.33e-14  2.97e-14  2.82e-14  2.65e-14  2.52e-14  2.45e-14  2.42e-14  2.43e-14  2.48e-14  2.57e-14
970 45  39  3.68e-13  4.18e-13  7.86e-13  1.01e-12  1.16e-12  1.28e-12  1.36e-12  1.43e-12  1.49e-12  1.54e-12  1.58e-12
971 45  40  2.84e-14  3.17e-14  4.51e-14  4.76e-14  4.86e-14  4.93e-14  5.01e-14  5.11e-14  5.22e-14  5.36e-14  5.53e-14
972 45  41  3.23e-15  3.62e-15  4.59e-15  4.36e-15  4.12e-15  3.98e-15  3.93e-15  3.96e-15  4.07e-15  4.25e-15  4.50e-15
973 45  42  1.05e-14  1.18e-14  1.72e-14  1.85e-14  1.92e-14  1.96e-14  2.01e-14  2.05e-14  2.09e-14  2.15e-14  2.21e-14
974 45  43  3.15e-15  3.52e-15  4.47e-15  4.25e-15  4.02e-15  3.88e-15  3.83e-15  3.86e-15  3.96e-15  4.13e-15  4.37e-15
975 45  44  4.68e-13  5.68e-13  1.06e-12  1.31e-12  1.50e-12  1.66e-12  1.80e-12  1.92e-12  2.05e-12  2.18e-12  2.31e-12
976 46  1   2.17e-15  2.19e-15  2.46e-15  2.80e-15  3.24e-15  3.84e-15  4.59e-15  5.53e-15  6.66e-15  8.00e-15  9.56e-15
977 46  2   3.65e-15  3.69e-15  4.15e-15  4.71e-15  5.46e-15  6.46e-15  7.73e-15  9.31e-15  1.12e-14  1.35e-14  1.61e-14
978 46  3   1.08e-17  1.24e-17  1.21e-17  9.04e-18  7.16e-18  5.91e-18  5.01e-18  4.33e-18  3.80e-18  3.38e-18  3.04e-18
979 46  4   1.06e-14  1.05e-14  1.05e-14  1.08e-14  1.12e-14  1.19e-14  1.28e-14  1.39e-14  1.52e-14  1.66e-14  1.84e-14
980 46  5   3.06e-15  3.05e-15  3.06e-15  3.14e-15  3.30e-15  3.52e-15  3.80e-15  4.15e-15  4.57e-15  5.05e-15  5.62e-15
981 46  6   1.86e-15  1.85e-15  1.89e-15  1.98e-15  2.12e-15  2.31e-15  2.55e-15  2.86e-15  3.22e-15  3.65e-15  4.15e-15
982 46  7   4.39e-16  4.42e-16  4.86e-16  5.45e-16  6.25e-16  7.30e-16  8.63e-16  1.03e-15  1.23e-15  1.47e-15  1.76e-15
983 46  8   3.72e-16  3.79e-16  4.34e-16  4.96e-16  5.83e-16  6.99e-16  8.49e-16  1.04e-15  1.26e-15  1.53e-15  1.85e-15
984 46  9   1.67e-15  1.74e-15  1.96e-15  2.13e-15  2.42e-15  2.84e-15  3.38e-15  4.08e-15  4.93e-15  5.94e-15  7.13e-15
985 46  10  2.15e-13  2.16e-13  2.31e-13  2.47e-13  2.70e-13  2.99e-13  3.34e-13  3.75e-13  4.23e-13  4.76e-13  5.35e-13
986 46  11  3.16e-14  3.18e-14  3.40e-14  3.65e-14  3.99e-14  4.43e-14  4.97e-14  5.61e-14  6.34e-14  7.17e-14  8.10e-14
987 46  12  9.28e-15  9.37e-15  1.01e-14  1.09e-14  1.21e-14  1.36e-14  1.55e-14  1.78e-14  2.05e-14  2.36e-14  2.71e-14
988 46  13  5.51e-16  5.67e-16  6.69e-16  7.80e-16  9.39e-16  1.16e-15  1.46e-15  1.84e-15  2.32e-15  2.91e-15  3.62e-15
989 46  14  3.90e-16  3.93e-16  4.10e-16  4.32e-16  4.65e-16  5.11e-16  5.68e-16  6.40e-16  7.25e-16  8.27e-16  9.47e-16
990 46  15  3.12e-15  3.14e-15  3.21e-15  3.30e-15  3.47e-15  3.71e-15  4.02e-15  4.40e-15  4.85e-15  5.38e-15  5.99e-15
991 46  16  7.52e-14  7.56e-14  7.74e-14  7.82e-14  7.95e-14  8.14e-14  8.39e-14  8.73e-14  9.13e-14  9.61e-14  1.02e-13
992 46  17  8.31e-15  8.36e-15  8.56e-15  8.69e-15  8.91e-15  9.23e-15  9.65e-15  1.02e-14  1.08e-14  1.16e-14  1.25e-14
993 46  18  2.54e-15  2.55e-15  2.63e-15  2.71e-15  2.85e-15  3.03e-15  3.28e-15  3.58e-15  3.94e-15  4.38e-15  4.89e-15
994 46  19  3.40e-16  3.44e-16  3.74e-16  4.07e-16  4.56e-16  5.22e-16  6.10e-16  7.21e-16  8.60e-16  1.03e-15  1.24e-15
995 46  20  2.12e-15  2.21e-15  2.41e-15  2.53e-15  2.79e-15  3.17e-15  3.68e-15  4.31e-15  5.06e-15  5.94e-15  6.94e-15
996 46  21  3.22e-14  3.35e-14  3.65e-14  3.80e-14  4.12e-14  4.59e-14  5.20e-14  5.95e-14  6.83e-14  7.83e-14  8.96e-14
997 46  22  4.70e-12  4.71e-12  4.88e-12  5.08e-12  5.34e-12  5.67e-12  6.05e-12  6.47e-12  6.94e-12  7.43e-12  7.94e-12
998 46  23  2.71e-13  2.72e-13  2.83e-13  2.95e-13  3.11e-13  3.31e-13  3.55e-13  3.82e-13  4.12e-13  4.44e-13  4.78e-13
999 46  24  3.27e-14  3.31e-14  3.48e-14  3.63e-14  3.86e-14  4.17e-14  4.55e-14  5.00e-14  5.51e-14  6.08e-14  6.70e-14
1000 46  25  1.06e-15  1.13e-15  1.23e-15  1.26e-15  1.37e-15  1.56e-15  1.82e-15  2.16e-15  2.57e-15  3.06e-15  3.63e-15
1001 46  26  7.30e-16  7.48e-16  8.12e-16  8.40e-16  8.81e-16  9.38e-16  1.01e-15  1.11e-15  1.22e-15  1.35e-15  1.52e-15
1002 46  27  1.11e-14  1.12e-14  1.20e-14  1.23e-14  1.26e-14  1.30e-14  1.35e-14  1.42e-14  1.50e-14  1.60e-14  1.71e-14
1003 46  28  9.99e-14  1.01e-13  1.11e-13  1.15e-13  1.18e-13  1.21e-13  1.25e-13  1.29e-13  1.35e-13  1.43e-13  1.52e-13
1004 46  29  9.47e-15  9.61e-15  1.04e-14  1.06e-14  1.09e-14  1.13e-14  1.17e-14  1.22e-14  1.29e-14  1.37e-14  1.47e-14
1005 46  30  2.60e-15  2.65e-15  2.86e-15  2.95e-15  3.06e-15  3.21e-15  3.40e-15  3.65e-15  3.95e-15  4.32e-15  4.75e-15
1006 46  31  2.67e-16  2.76e-16  3.05e-16  3.18e-16  3.39e-16  3.71e-16  4.14e-16  4.68e-16  5.38e-16  6.24e-16  7.30e-16
1007 46  32  1.76e-14  2.01e-14  2.05e-14  1.67e-14  1.49e-14  1.43e-14  1.45e-14  1.53e-14  1.65e-14  1.80e-14  1.98e-14
1008 46  33  3.31e-13  3.67e-13  3.93e-13  3.61e-13  3.54e-13  3.64e-13  3.86e-13  4.15e-13  4.51e-13  4.93e-13  5.38e-13
1009 46  34  7.61e-11  7.65e-11  7.79e-11  7.73e-11  7.71e-11  7.76e-11  7.85e-11  7.98e-11  8.12e-11  8.28e-11  8.44e-11
1010 46  35  1.62e-12  1.65e-12  1.69e-12  1.66e-12  1.66e-12  1.67e-12  1.70e-12  1.74e-12  1.79e-12  1.84e-12  1.89e-12
1011 46  36  9.64e-14  1.03e-13  1.06e-13  9.74e-14  9.39e-14  9.40e-14  9.63e-14  1.00e-13  1.05e-13  1.11e-13  1.18e-13
1012 46  37  6.18e-15  7.26e-15  7.34e-15  5.52e-15  4.53e-15  4.04e-15  3.85e-15  3.86e-15  4.01e-15  4.27e-15  4.64e-15
1013 46  38  1.31e-15  1.47e-15  1.84e-15  1.73e-15  1.62e-15  1.56e-15  1.54e-15  1.55e-15  1.60e-15  1.68e-15  1.79e-15
1014 46  39  1.90e-14  2.11e-14  2.70e-14  2.56e-14  2.41e-14  2.29e-14  2.23e-14  2.20e-14  2.21e-14  2.26e-14  2.34e-14
1015 46  40  3.97e-13  4.50e-13  8.32e-13  1.06e-12  1.21e-12  1.33e-12  1.41e-12  1.48e-12  1.54e-12  1.59e-12  1.63e-12
1016 46  41  1.37e-14  1.54e-14  2.18e-14  2.29e-14  2.33e-14  2.36e-14  2.40e-14  2.44e-14  2.50e-14  2.57e-14  2.65e-14
1017 46  42  2.87e-15  3.22e-15  4.08e-15  3.87e-15  3.66e-15  3.54e-15  3.49e-15  3.52e-15  3.61e-15  3.77e-15  4.00e-15
1018 46  43  2.92e-16  3.36e-16  4.17e-16  3.79e-16  3.50e-16  3.36e-16  3.34e-16  3.43e-16  3.62e-16  3.92e-16  4.33e-16
1019 46  44  2.21e-14  2.69e-14  3.46e-14  3.30e-14  3.31e-14  3.38e-14  3.49e-14  3.62e-14  3.79e-14  3.99e-14  4.21e-14
1020 46  45  4.22e-13  5.12e-13  9.49e-13  1.17e-12  1.35e-12  1.49e-12  1.61e-12  1.72e-12  1.83e-12  1.95e-12  2.06e-12
1021 47  1   5.82e-15  5.88e-15  6.61e-15  7.50e-15  8.71e-15  1.03e-14  1.23e-14  1.48e-14  1.79e-14  2.15e-14  2.57e-14
1022 47  3   3.90e-16  3.92e-16  4.31e-16  4.85e-16  5.57e-16  6.52e-16  7.71e-16  9.18e-16  1.10e-15  1.32e-15  1.57e-15
1023 47  4   2.41e-16  2.44e-16  2.67e-16  2.95e-16  3.35e-16  3.88e-16  4.57e-16  5.42e-16  6.46e-16  7.72e-16  9.23e-16
1024 47  5   1.51e-14  1.50e-14  1.50e-14  1.54e-14  1.61e-14  1.71e-14  1.83e-14  1.99e-14  2.18e-14  2.40e-14  2.65e-14
1025 47  6   1.93e-16  1.95e-16  2.13e-16  2.36e-16  2.68e-16  3.11e-16  3.66e-16  4.35e-16  5.19e-16  6.20e-16  7.41e-16
1026 47  7   4.85e-17  4.88e-17  5.36e-17  6.03e-17  6.94e-17  8.12e-17  9.61e-17  1.15e-16  1.37e-16  1.64e-16  1.97e-16
1027 47  8   5.96e-17  6.26e-17  8.46e-17  1.09e-16  1.44e-16  1.94e-16  2.65e-16  3.61e-16  4.86e-16  6.46e-16  8.45e-16
1028 47  9   7.28e-16  7.44e-16  8.63e-16  9.97e-16  1.19e-15  1.45e-15  1.78e-15  2.21e-15  2.74e-15  3.37e-15  4.13e-15
1029 47  10  1.52e-15  1.58e-15  1.79e-15  1.97e-15  2.26e-15  2.67e-15  3.21e-15  3.90e-15  4.73e-15  5.73e-15  6.90e-15
1030 47  11  2.54e-13  2.56e-13  2.73e-13  2.93e-13  3.19e-13  3.54e-13  3.95e-13  4.45e-13  5.01e-13  5.65e-13  6.35e-13
1031 47  12  1.74e-15  1.80e-15  2.04e-15  2.25e-15  2.59e-15  3.05e-15  3.67e-15  4.45e-15  5.41e-15  6.55e-15  7.89e-15
1032 47  13  1.82e-16  1.86e-16  2.16e-16  2.50e-16  2.97e-16  3.62e-16  4.46e-16  5.53e-16  6.84e-16  8.44e-16  1.03e-15
1033 47  14  6.88e-17  7.10e-17  8.54e-17  1.01e-16  1.22e-16  1.51e-16  1.90e-16  2.41e-16  3.07e-16  3.89e-16  4.92e-16
1034 47  15  6.68e-16  6.73e-16  7.09e-16  7.52e-16  8.18e-16  9.08e-16  1.02e-15  1.17e-15  1.34e-15  1.55e-15  1.80e-15
1035 47  16  2.07e-15  2.09e-15  2.14e-15  2.20e-15  2.32e-15  2.50e-15  2.72e-15  2.99e-15  3.31e-15  3.69e-15  4.14e-15
1036 47  17  8.41e-14  8.45e-14  8.66e-14  8.75e-14  8.90e-14  9.12e-14  9.42e-14  9.80e-14  1.03e-13  1.08e-13  1.15e-13
1037 47  18  2.76e-15  2.78e-15  2.85e-15  2.94e-15  3.10e-15  3.33e-15  3.62e-15  3.99e-15  4.42e-15  4.93e-15  5.52e-15
1038 47  19  2.09e-16  2.10e-16  2.21e-16  2.35e-16  2.55e-16  2.83e-16  3.19e-16  3.64e-16  4.19e-16  4.84e-16  5.62e-16
1039 47  20  1.84e-16  2.07e-16  2.27e-16  2.12e-16  2.24e-16  2.58e-16  3.13e-16  3.92e-16  4.96e-16  6.28e-16  7.92e-16
1040 47  21  3.38e-15  3.53e-15  3.85e-15  4.03e-15  4.44e-15  5.06e-15  5.88e-15  6.89e-15  8.11e-15  9.53e-15  1.12e-14
1041 47  22  1.84e-14  1.91e-14  2.08e-14  2.17e-14  2.35e-14  2.62e-14  2.98e-14  3.41e-14  3.92e-14  4.50e-14  5.16e-14
1042 47  23  4.99e-12  5.00e-12  5.18e-12  5.40e-12  5.68e-12  6.02e-12  6.43e-12  6.88e-12  7.37e-12  7.90e-12  8.45e-12
1043 47  24  2.67e-14  2.78e-14  3.03e-14  3.15e-14  3.42e-14  3.82e-14  4.33e-14  4.96e-14  5.70e-14  6.55e-14  7.50e-14
1044 47  25  1.18e-15  1.24e-15  1.35e-15  1.41e-15  1.56e-15  1.77e-15  2.06e-15  2.41e-15  2.84e-15  3.34e-15  3.91e-15
1045 47  26  8.63e-17  9.12e-17  1.04e-16  1.10e-16  1.21e-16  1.37e-16  1.60e-16  1.90e-16  2.28e-16  2.77e-16  3.38e-16
1046 47  27  1.15e-15  1.18e-15  1.29e-15  1.33e-15  1.40e-15  1.49e-15  1.61e-15  1.77e-15  1.95e-15  2.18e-15  2.45e-15
1047 47  28  5.96e-15  6.06e-15  6.48e-15  6.63e-15  6.80e-15  7.03e-15  7.33e-15  7.71e-15  8.18e-15  8.73e-15  9.39e-15
1048 47  29  1.07e-13  1.09e-13  1.19e-13  1.23e-13  1.26e-13  1.30e-13  1.34e-13  1.39e-13  1.45e-13  1.53e-13  1.63e-13
1049 47  30  9.18e-15  9.32e-15  9.97e-15  1.02e-14  1.05e-14  1.08e-14  1.13e-14  1.19e-14  1.26e-14  1.34e-14  1.44e-14
1050 47  31  4.33e-16  4.44e-16  4.83e-16  4.99e-16  5.25e-16  5.60e-16  6.06e-16  6.63e-16  7.34e-16  8.19e-16  9.19e-16
1051 47  32  3.40e-15  4.05e-15  4.04e-15  2.87e-15  2.19e-15  1.81e-15  1.60e-15  1.51e-15  1.49e-15  1.54e-15  1.64e-15
1052 47  33  2.78e-14  3.19e-14  3.26e-14  2.63e-14  2.34e-14  2.24e-14  2.27e-14  2.39e-14  2.57e-14  2.80e-14  3.08e-14
1053 47  34  1.70e-13  1.89e-13  2.02e-13  1.85e-13  1.81e-13  1.86e-13  1.96e-13  2.11e-13  2.30e-13  2.51e-13  2.74e-13
1054 47  35  7.77e-11  7.81e-11  7.95e-11  7.89e-11  7.88e-11  7.92e-11  8.02e-11  8.14e-11  8.29e-11  8.45e-11  8.62e-11
1055 47  36  2.73e-13  3.02e-13  3.24e-13  2.95e-13  2.89e-13  2.97e-13  3.14e-13  3.38e-13  3.67e-13  4.01e-13  4.38e-13
1056 47  37  1.09e-14  1.25e-14  1.28e-14  1.03e-14  9.18e-15  8.81e-15  8.92e-15  9.37e-15  1.01e-14  1.10e-14  1.21e-14
1057 47  38  1.83e-16  2.13e-16  2.62e-16  2.34e-16  2.15e-16  2.06e-16  2.05e-16  2.13e-16  2.27e-16  2.49e-16  2.79e-16
1058 47  39  2.04e-15  2.29e-15  2.87e-15  2.69e-15  2.53e-15  2.43e-15  2.40e-15  2.43e-15  2.50e-15  2.63e-15  2.80e-15
1059 47  40  9.60e-15  1.07e-14  1.37e-14  1.30e-14  1.22e-14  1.16e-14  1.13e-14  1.11e-14  1.12e-14  1.15e-14  1.19e-14
1060 47  41  4.06e-13  4.60e-13  8.47e-13  1.07e-12  1.23e-12  1.34e-12  1.43e-12  1.50e-12  1.56e-12  1.61e-12  1.65e-12
1061 47  42  1.58e-14  1.76e-14  2.25e-14  2.13e-14  2.00e-14  1.91e-14  1.85e-14  1.84e-14  1.85e-14  1.89e-14  1.96e-14
1062 47  43  8.29e-16  9.30e-16  1.17e-15  1.09e-15  1.03e-15  9.89e-16  9.76e-16  9.86e-16  1.02e-15  1.07e-15  1.14e-15
1063 47  44  4.59e-15  5.60e-15  6.03e-15  4.74e-15  4.17e-15  3.99e-15  4.00e-15  4.14e-15  4.34e-15  4.58e-15  4.87e-15
1064 47  45  3.47e-14  4.23e-14  5.40e-14  5.13e-14  5.14e-14  5.24e-14  5.40e-14  5.60e-14  5.86e-14  6.17e-14  6.52e-14
1065 47  46  2.07e-13  2.51e-13  4.61e-13  5.67e-13  6.50e-13  7.17e-13  7.75e-13  8.30e-13  8.83e-13  9.38e-13  9.93e-13
1066 48  1   3.65e-15  3.69e-15  4.15e-15  4.71e-15  5.46e-15  6.46e-15  7.73e-15  9.31e-15  1.12e-14  1.35e-14  1.61e-14
1067 48  2   2.17e-15  2.19e-15  2.46e-15  2.80e-15  3.24e-15  3.84e-15  4.59e-15  5.53e-15  6.66e-15  8.00e-15  9.56e-15
1068 48  3   1.89e-16  1.91e-16  2.09e-16  2.33e-16  2.67e-16  3.10e-16  3.66e-16  4.36e-16  5.20e-16  6.23e-16  7.45e-16
1069 48  4   4.42e-16  4.45e-16  4.89e-16  5.46e-16  6.25e-16  7.29e-16  8.60e-16  1.02e-15  1.22e-15  1.46e-15  1.75e-15
1070 48  5   5.16e-15  5.14e-15  5.15e-15  5.30e-15  5.56e-15  5.93e-15  6.41e-15  7.00e-15  7.69e-15  8.51e-15  9.46e-15
1071 48  6   1.00e-14  9.97e-15  9.95e-15  1.02e-14  1.06e-14  1.13e-14  1.21e-14  1.32e-14  1.44e-14  1.58e-14  1.74e-14
1072 48  7   1.37e-16  1.39e-16  1.52e-16  1.67e-16  1.89e-16  2.19e-16  2.58e-16  3.06e-16  3.65e-16  4.36e-16  5.20e-16
1073 48  8   6.27e-16  6.38e-16  7.30e-16  8.35e-16  9.82e-16  1.18e-15  1.43e-15  1.75e-15  2.13e-15  2.59e-15  3.12e-15
1074 48  9   4.51e-16  4.78e-16  5.49e-16  5.91e-16  6.72e-16  7.99e-16  9.77e-16  1.21e-15  1.51e-15  1.88e-15  2.34e-15
1075 48  10  1.23e-15  1.27e-15  1.46e-15  1.65e-15  1.94e-15  2.33e-15  2.85e-15  3.51e-15  4.31e-15  5.28e-15  6.43e-15
1076 48  11  5.32e-14  5.35e-14  5.72e-14  6.14e-14  6.71e-14  7.46e-14  8.37e-14  9.44e-14  1.07e-13  1.21e-13  1.36e-13
1077 48  12  2.01e-13  2.02e-13  2.16e-13  2.31e-13  2.52e-13  2.79e-13  3.12e-13  3.51e-13  3.95e-13  4.45e-13  4.99e-13
1078 48  13  1.71e-15  1.78e-15  2.01e-15  2.21e-15  2.53e-15  2.98e-15  3.58e-15  4.33e-15  5.26e-15  6.36e-15  7.65e-15
1079 48  14  6.58e-16  6.62e-16  6.91e-16  7.27e-16  7.84e-16  8.61e-16  9.59e-16  1.08e-15  1.22e-15  1.40e-15  1.60e-15
1080 48  15  1.02e-15  1.03e-15  1.06e-15  1.08e-15  1.14e-15  1.23e-15  1.33e-15  1.47e-15  1.64e-15  1.84e-15  2.08e-15
1081 48  16  1.13e-15  1.14e-15  1.19e-15  1.24e-15  1.34e-15  1.47e-15  1.64e-15  1.84e-15  2.10e-15  2.40e-15  2.75e-15
1082 48  17  1.40e-14  1.41e-14  1.44e-14  1.46e-14  1.50e-14  1.55e-14  1.63e-14  1.71e-14  1.82e-14  1.95e-14  2.10e-14
1083 48  18  7.02e-14  7.05e-14  7.23e-14  7.30e-14  7.41e-14  7.58e-14  7.81e-14  8.11e-14  8.47e-14  8.91e-14  9.42e-14
1084 48  19  2.89e-15  2.91e-15  2.98e-15  3.06e-15  3.23e-15  3.46e-15  3.76e-15  4.13e-15  4.58e-15  5.10e-15  5.70e-15
1085 48  20  3.56e-15  3.72e-15  4.06e-15  4.26e-15  4.69e-15  5.34e-15  6.20e-15  7.26e-15  8.52e-15  1.00e-14  1.17e-14
1086 48  21  1.23e-14  1.28e-14  1.39e-14  1.44e-14  1.56e-14  1.73e-14  1.95e-14  2.22e-14  2.53e-14  2.89e-14  3.30e-14
1087 48  22  6.07e-15  6.34e-15  6.91e-15  7.21e-15  7.90e-15  8.93e-15  1.03e-14  1.19e-14  1.39e-14  1.62e-14  1.89e-14
1088 48  23  4.56e-13  4.58e-13  4.77e-13  4.96e-13  5.23e-13  5.57e-13  5.97e-13  6.43e-13  6.93e-13  7.47e-13  8.05e-13
1089 48  24  4.53e-12  4.54e-12  4.71e-12  4.90e-12  5.15e-12  5.46e-12  5.83e-12  6.23e-12  6.68e-12  7.15e-12  7.64e-12
1090 48  25  2.87e-14  2.99e-14  3.26e-14  3.39e-14  3.68e-14  4.11e-14  4.66e-14  5.33e-14  6.12e-14  7.03e-14  8.05e-14
1091 48  26  1.23e-15  1.26e-15  1.37e-15  1.41e-15  1.48e-15  1.58e-15  1.70e-15  1.86e-15  2.05e-15  2.28e-15  2.55e-15
1092 48  27  4.20e-15  4.26e-15  4.54e-15  4.63e-15  4.72e-15  4.84e-15  5.00e-15  5.21e-15  5.46e-15  5.77e-15  6.13e-15
1093 48  28  1.78e-15  1.82e-15  1.97e-15  2.03e-15  2.12e-15  2.24e-15  2.40e-15  2.60e-15  2.84e-15  3.14e-15  3.49e-15
1094 48  29  1.59e-14  1.62e-14  1.74e-14  1.79e-14  1.84e-14  1.90e-14  1.97e-14  2.06e-14  2.18e-14  2.31e-14  2.48e-14
1095 48  30  9.09e-14  9.22e-14  1.01e-13  1.05e-13  1.08e-13  1.10e-13  1.14e-13  1.18e-13  1.23e-13  1.30e-13  1.38e-13
1096 48  31  9.96e-15  1.01e-14  1.08e-14  1.11e-14  1.13e-14  1.17e-14  1.22e-14  1.28e-14  1.36e-14  1.45e-14  1.56e-14
1097 48  32  2.96e-14  3.38e-14  3.46e-14  2.81e-14  2.50e-14  2.41e-14  2.45e-14  2.58e-14  2.78e-14  3.03e-14  3.34e-14
1098 48  33  1.32e-13  1.46e-13  1.58e-13  1.47e-13  1.46e-13  1.51e-13  1.60e-13  1.73e-13  1.88e-13  2.05e-13  2.24e-13
1099 48  34  3.97e-14  4.51e-14  4.67e-14  3.89e-14  3.55e-14  3.47e-14  3.57e-14  3.77e-14  4.07e-14  4.45e-14  4.88e-14
1100 48  35  2.74e-12  2.78e-12  2.85e-12  2.80e-12  2.79e-12  2.81e-12  2.86e-12  2.93e-12  3.01e-12  3.10e-12  3.19e-12
1101 48  36  7.49e-11  7.53e-11  7.67e-11  7.61e-11  7.60e-11  7.64e-11  7.73e-11  7.85e-11  7.99e-11  8.14e-11  8.30e-11
1102 48  37  2.98e-13  3.30e-13  3.54e-13  3.24e-13  3.17e-13  3.26e-13  3.45e-13  3.71e-13  4.03e-13  4.40e-13  4.81e-13
1103 48  38  2.20e-15  2.47e-15  3.10e-15  2.91e-15  2.73e-15  2.63e-15  2.59e-15  2.62e-15  2.70e-15  2.83e-15  3.02e-15
1104 48  39  7.06e-15  7.87e-15  1.01e-14  9.59e-15  8.99e-15  8.54e-15  8.26e-15  8.13e-15  8.13e-15  8.25e-15  8.49e-15
1105 48  40  2.56e-15  2.87e-15  3.60e-15  3.39e-15  3.18e-15  3.06e-15  3.01e-15  3.03e-15  3.12e-15  3.27e-15  3.48e-15
1106 48  41  2.32e-14  2.59e-14  3.67e-14  3.85e-14  3.92e-14  3.98e-14  4.04e-14  4.12e-14  4.21e-14  4.33e-14  4.46e-14
1107 48  42  3.82e-13  4.33e-13  8.09e-13  1.03e-12  1.19e-12  1.30e-12  1.39e-12  1.46e-12  1.52e-12  1.57e-12  1.61e-12
1108 48  43  1.73e-14  1.93e-14  2.46e-14  2.34e-14  2.19e-14  2.09e-14  2.03e-14  2.01e-14  2.02e-14  2.07e-14  2.14e-14
1109 48  44  3.72e-14  4.53e-14  5.83e-14  5.57e-14  5.58e-14  5.70e-14  5.88e-14  6.10e-14  6.38e-14  6.71e-14  7.10e-14
1110 48  45  1.69e-13  2.05e-13  3.98e-13  5.04e-13  5.84e-13  6.49e-13  7.04e-13  7.55e-13  8.06e-13  8.56e-13  9.06e-13
1111 48  46  4.13e-14  5.03e-14  6.62e-14  6.47e-14  6.59e-14  6.80e-14  7.05e-14  7.36e-14  7.72e-14  8.13e-14  8.60e-14
1112 48  47  3.87E-13  4.71E-13  8.63E-13  1.06E-12  1.22E-12  1.34E-12  1.46E-12  1.56E-12  1.66E-12  1.76E-12  1.86E-12
1113 49  1   1.71e-15  1.73e-15  1.94e-15  2.21e-15  2.56e-15  3.03e-15  3.63e-15  4.36e-15  5.26e-15  6.32e-15  7.55e-15
1114 49  2   4.11e-15  4.15e-15  4.66e-15  5.30e-15  6.15e-15  7.27e-15  8.70e-15  1.05e-14  1.26e-14  1.52e-14  1.81e-14
1115 49  3   9.46e-18  1.08e-17  1.07e-17  7.93e-18  6.22e-18  5.10e-18  4.30e-18  3.70e-18  3.24e-18  2.88e-18  2.58e-18
1116 49  4   6.21e-16  6.25e-16  6.87e-16  7.71e-16  8.86e-16  1.03e-15  1.22e-15  1.46e-15  1.74e-15  2.09e-15  2.50e-15
1117 49  5   1.20e-15  1.20e-15  1.21e-15  1.26e-15  1.34e-15  1.45e-15  1.59e-15  1.77e-15  1.98e-15  2.22e-15  2.51e-15
1118 49  6   5.72e-15  5.69e-15  5.70e-15  5.85e-15  6.13e-15  6.53e-15  7.04e-15  7.67e-15  8.42e-15  9.29e-15  1.03e-14
1119 49  7   8.40e-15  8.36e-15  8.34e-15  8.54e-15  8.92e-15  9.46e-15  1.02e-14  1.10e-14  1.20e-14  1.32e-14  1.46e-14
1120 49  8   5.21e-16  5.44e-16  6.11e-16  6.56e-16  7.37e-16  8.57e-16  1.02e-15  1.22e-15  1.47e-15  1.77e-15  2.12e-15
1121 49  9   1.18e-15  1.21e-15  1.38e-15  1.55e-15  1.80e-15  2.14e-15  2.59e-15  3.15e-15  3.83e-15  4.63e-15  5.57e-15
1122 49  10  6.08e-16  6.25e-16  7.42e-16  8.70e-16  1.05e-15  1.31e-15  1.65e-15  2.10e-15  2.66e-15  3.35e-15  4.18e-15
1123 49  11  6.68e-15  6.73e-15  7.24e-15  7.82e-15  8.61e-15  9.64e-15  1.09e-14  1.25e-14  1.42e-14  1.63e-14  1.86e-14
1124 49  12  5.95e-14  5.99e-14  6.40e-14  6.88e-14  7.51e-14  8.34e-14  9.35e-14  1.06e-13  1.19e-13  1.35e-13  1.52e-13
1125 49  13  1.90e-13  1.91e-13  2.04e-13  2.19e-13  2.38e-13  2.64e-13  2.95e-13  3.32e-13  3.74e-13  4.21e-13  4.73e-13
1126 49  14  1.28e-15  1.29e-15  1.32e-15  1.35e-15  1.41e-15  1.51e-15  1.63e-15  1.78e-15  1.96e-15  2.17e-15  2.41e-15
1127 49  15  1.18e-15  1.18e-15  1.23e-15  1.28e-15  1.37e-15  1.49e-15  1.64e-15  1.83e-15  2.06e-15  2.33e-15  2.65e-15
1128 49  16  3.53e-16  3.58e-16  3.92e-16  4.30e-16  4.85e-16  5.60e-16  6.57e-16  7.83e-16  9.40e-16  1.14e-15  1.38e-15
1129 49  17  1.57e-15  1.58e-15  1.63e-15  1.67e-15  1.75e-15  1.85e-15  1.98e-15  2.14e-15  2.34e-15  2.58e-15  2.86e-15
1130 49  18  1.55e-14  1.56e-14  1.60e-14  1.62e-14  1.66e-14  1.72e-14  1.80e-14  1.90e-14  2.01e-14  2.15e-14  2.31e-14
1131 49  19  7.00e-14  7.03e-14  7.20e-14  7.28e-14  7.40e-14  7.57e-14  7.82e-14  8.13e-14  8.51e-14  8.96e-14  9.49e-14
1132 49  20  1.43e-14  1.48e-14  1.62e-14  1.68e-14  1.82e-14  2.03e-14  2.30e-14  2.63e-14  3.01e-14  3.45e-14  3.95e-14
1133 49  21  6.62e-15  6.90e-15  7.52e-15  7.86e-15  8.61e-15  9.73e-15  1.12e-14  1.30e-14  1.51e-14  1.76e-14  2.04e-14
1134 49  22  1.04e-15  1.11e-15  1.21e-15  1.23e-15  1.34e-15  1.53e-15  1.79e-15  2.13e-15  2.55e-15  3.05e-15  3.64e-15
1135 49  23  2.34e-14  2.36e-14  2.47e-14  2.57e-14  2.73e-14  2.93e-14  3.18e-14  3.47e-14  3.80e-14  4.16e-14  4.56e-14
1136 49  24  5.12e-13  5.14e-13  5.35e-13  5.57e-13  5.87e-13  6.25e-13  6.70e-13  7.21e-13  7.77e-13  8.38e-13  9.03e-13
1137 49  25  4.48e-12  4.49e-12  4.66e-12  4.85e-12  5.10e-12  5.41e-12  5.77e-12  6.17e-12  6.61e-12  7.08e-12  7.58e-12
1138 49  26  4.99e-15  5.07e-15  5.42e-15  5.54e-15  5.67e-15  5.84e-15  6.08e-15  6.37e-15  6.73e-15  7.15e-15  7.66e-15
1139 49  27  1.94e-15  1.98e-15  2.14e-15  2.21e-15  2.30e-15  2.43e-15  2.60e-15  2.81e-15  3.06e-15  3.37e-15  3.73e-15
1140 49  28  2.72e-16  2.82e-16  3.13e-16  3.27e-16  3.50e-16  3.84e-16  4.31e-16  4.91e-16  5.67e-16  6.61e-16  7.77e-16
1141 49  29  1.37e-15  1.40e-15  1.51e-15  1.56e-15  1.61e-15  1.69e-15  1.79e-15  1.91e-15  2.07e-15  2.25e-15  2.47e-15
1142 49  30  1.77e-14  1.79e-14  1.93e-14  1.99e-14  2.04e-14  2.10e-14  2.18e-14  2.28e-14  2.41e-14  2.56e-14  2.74e-14
1143 49  31  9.77e-14  9.92e-14  1.08e-13  1.12e-13  1.15e-13  1.18e-13  1.22e-13  1.27e-13  1.32e-13  1.40e-13  1.49e-13
1144 49  32  1.52e-13  1.68e-13  1.80e-13  1.65e-13  1.63e-13  1.67e-13  1.77e-13  1.91e-13  2.08e-13  2.27e-13  2.48e-13
1145 49  33  4.31e-14  4.90e-14  5.07e-14  4.25e-14  3.89e-14  3.82e-14  3.93e-14  4.16e-14  4.50e-14  4.91e-14  5.40e-14
1146 49  34  6.64e-15  7.82e-15  7.88e-15  5.88e-15  4.78e-15  4.22e-15  3.99e-15  3.97e-15  4.10e-15  4.36e-15  4.73e-15
1147 49  35  5.70e-14  6.03e-14  6.20e-14  5.78e-14  5.61e-14  5.63e-14  5.76e-14  5.97e-14  6.24e-14  6.57e-14  6.93e-14
1148 49  36  3.07e-12  3.12e-12  3.20e-12  3.14e-12  3.13e-12  3.16e-12  3.21e-12  3.29e-12  3.38e-12  3.48e-12  3.58e-12
1149 49  37  7.48e-11  7.53e-11  7.66e-11  7.60e-11  7.59e-11  7.63e-11  7.72e-11  7.84e-11  7.99e-11  8.14e-11  8.30e-11
1150 49  38  8.69e-15  9.69e-15  1.24e-14  1.18e-14  1.10e-14  1.05e-14  1.02e-14  1.01e-14  1.01e-14  1.03e-14  1.07e-14
1151 49  39  2.81e-15  3.14e-15  3.95e-15  3.72e-15  3.49e-15  3.36e-15  3.30e-15  3.33e-15  3.42e-15  3.58e-15  3.80e-15
1152 49  40  3.20e-16  3.69e-16  4.57e-16  4.14e-16  3.82e-16  3.67e-16  3.65e-16  3.75e-16  3.96e-16  4.30e-16  4.75e-16
1153 49  41  1.35e-15  1.51e-15  1.91e-15  1.82e-15  1.72e-15  1.66e-15  1.64e-15  1.65e-15  1.69e-15  1.77e-15  1.87e-15
1154 49  42  2.58e-14  2.88e-14  4.08e-14  4.30e-14  4.38e-14  4.44e-14  4.51e-14  4.59e-14  4.70e-14  4.83e-14  4.98e-14
1155 49  43  3.96e-13  4.48e-13  8.28e-13  1.05e-12  1.20e-12  1.32e-12  1.40e-12  1.47e-12  1.53e-12  1.58e-12  1.62e-12
1156 49  44  1.95e-13  2.37e-13  4.40e-13  5.45e-13  6.27e-13  6.92e-13  7.49e-13  8.02e-13  8.54e-13  9.07e-13  9.61e-13
1157 49  45  4.49e-14  5.48e-14  7.26e-14  7.13e-14  7.27e-14  7.51e-14  7.80e-14  8.14e-14  8.53e-14  8.99e-14  9.51e-14
1158 49  46  6.42e-15  7.84e-15  8.60e-15  6.92e-15  6.21e-15  5.99e-15  6.05e-15  6.25e-15  6.55e-15  6.92e-15  7.35e-15
1159 49  47  1.80E-14  2.20E-14  2.81E-14  2.68E-14  2.68E-14  2.73E-14  2.81E-14  2.93E-14  3.05E-14  3.21E-14  3.40E-14
1160 49  48  4.31E-13  5.24E-13  9.64E-13  1.19E-12  1.36E-12  1.51E-12  1.62E-12  1.74E-12  1.86E-12  1.97E-12  2.08E-12
1161 50  1   9.43e-16  9.43e-16  9.94e-16  1.09e-15  1.22e-15  1.39e-15  1.60e-15  1.87e-15  2.19e-15  2.58e-15  3.04e-15
1162 50  3   6.36e-15  6.40e-15  6.97e-15  7.73e-15  8.76e-15  1.01e-14  1.18e-14  1.38e-14  1.63e-14  1.92e-14  2.25e-14
1163 50  4   2.66e-15  2.67e-15  2.91e-15  3.23e-15  3.65e-15  4.21e-15  4.91e-15  5.77e-15  6.79e-15  7.99e-15  9.37e-15
1164 50  5   1.16e-15  1.18e-15  1.34e-15  1.53e-15  1.78e-15  2.12e-15  2.57e-15  3.13e-15  3.82e-15  4.65e-15  5.64e-15
1165 50  6   2.13e-15  2.14e-15  2.33e-15  2.58e-15  2.92e-15  3.37e-15  3.93e-15  4.61e-15  5.43e-15  6.39e-15  7.49e-15
1166 50  7   7.95e-16  8.00e-16  8.72e-16  9.67e-16  1.09e-15  1.26e-15  1.47e-15  1.73e-15  2.04e-15  2.39e-15  2.81e-15
1167 50  8   9.01e-15  8.98e-15  8.97e-15  9.20e-15  9.61e-15  1.02e-14  1.09e-14  1.18e-14  1.29e-14  1.41e-14  1.56e-14
1168 50  9   6.18e-15  6.16e-15  6.18e-15  6.35e-15  6.65e-15  7.07e-15  7.61e-15  8.28e-15  9.06e-15  9.99e-15  1.11e-14
1169 50  10  1.34e-15  1.33e-15  1.35e-15  1.41e-15  1.49e-15  1.61e-15  1.76e-15  1.95e-15  2.17e-15  2.44e-15  2.75e-15
1170 50  11  5.27e-16  5.29e-16  5.62e-16  6.10e-16  6.78e-16  7.71e-16  8.91e-16  1.04e-15  1.23e-15  1.46e-15  1.74e-15
1171 50  12  1.53e-15  1.53e-15  1.55e-15  1.61e-15  1.71e-15  1.84e-15  2.02e-15  2.23e-15  2.48e-15  2.79e-15  3.14e-15
1172 50  13  1.55e-15  1.54e-15  1.54e-15  1.59e-15  1.66e-15  1.77e-15  1.90e-15  2.07e-15  2.27e-15  2.50e-15  2.77e-15
1173 50  14  2.51e-13  2.52e-13  2.65e-13  2.82e-13  3.04e-13  3.32e-13  3.66e-13  4.06e-13  4.51e-13  5.01e-13  5.57e-13
1174 50  15  7.87e-14  7.90e-14  8.35e-14  8.88e-14  9.59e-14  1.05e-13  1.16e-13  1.29e-13  1.44e-13  1.61e-13  1.79e-13
1175 50  16  8.88e-15  8.94e-15  9.50e-15  1.01e-14  1.10e-14  1.22e-14  1.36e-14  1.53e-14  1.72e-14  1.94e-14  2.19e-14
1176 50  17  1.71e-15  1.73e-15  1.87e-15  2.02e-15  2.23e-15  2.52e-15  2.88e-15  3.32e-15  3.85e-15  4.47e-15  5.18e-15
1177 50  18  1.18e-14  1.19e-14  1.27e-14  1.35e-14  1.47e-14  1.62e-14  1.81e-14  2.04e-14  2.30e-14  2.59e-14  2.92e-14
1178 50  19  2.46e-14  2.47e-14  2.61e-14  2.77e-14  3.00e-14  3.28e-14  3.63e-14  4.04e-14  4.50e-14  5.03e-14  5.60e-14
1179 50  20  6.31e-14  6.34e-14  6.56e-14  6.69e-14  6.86e-14  7.08e-14  7.36e-14  7.70e-14  8.11e-14  8.60e-14  9.17e-14
1180 50  21  1.45e-14  1.46e-14  1.51e-14  1.55e-14  1.59e-14  1.66e-14  1.75e-14  1.85e-14  1.98e-14  2.13e-14  2.30e-14
1181 50  22  1.57e-15  1.58e-15  1.63e-15  1.69e-15  1.77e-15  1.88e-15  2.02e-15  2.20e-15  2.41e-15  2.66e-15  2.96e-15
1182 50  23  3.66e-16  3.70e-16  3.90e-16  4.12e-16  4.46e-16  4.92e-16  5.52e-16  6.28e-16  7.22e-16  8.38e-16  9.79e-16
1183 50  24  2.28e-15  2.30e-15  2.37e-15  2.45e-15  2.57e-15  2.73e-15  2.94e-15  3.19e-15  3.50e-15  3.87e-15  4.30e-15
1184 50  25  5.09e-15  5.12e-15  5.28e-15  5.41e-15  5.58e-15  5.81e-15  6.11e-15  6.48e-15  6.92e-15  7.44e-15  8.04e-15
1185 50  26  5.55e-12  5.55e-12  5.69e-12  5.85e-12  6.09e-12  6.39e-12  6.74e-12  7.14e-12  7.58e-12  8.05e-12  8.54e-12
1186 50  27  6.34e-13  6.36e-13  6.54e-13  6.73e-13  7.01e-13  7.38e-13  7.83e-13  8.34e-13  8.91e-13  9.52e-13  1.02e-12
1187 50  28  2.89e-14  2.92e-14  3.03e-14  3.11e-14  3.26e-14  3.47e-14  3.72e-14  4.02e-14  4.36e-14  4.73e-14  5.13e-14
1188 50  29  2.77e-15  2.85e-15  2.98e-15  3.04e-15  3.20e-15  3.46e-15  3.79e-15  4.19e-15  4.67e-15  5.21e-15  5.83e-15
1189 50  30  4.45e-14  4.49e-14  4.65e-14  4.79e-14  5.02e-14  5.34e-14  5.73e-14  6.18e-14  6.70e-14  7.27e-14  7.89e-14
1190 50  31  2.38e-13  2.38e-13  2.45e-13  2.52e-13  2.63e-13  2.77e-13  2.94e-13  3.13e-13  3.34e-13  3.57e-13  3.81e-13
1191 50  32  8.62e-14  8.74e-14  9.48e-14  9.80e-14  1.01e-13  1.04e-13  1.08e-13  1.13e-13  1.19e-13  1.27e-13  1.37e-13
1192 50  33  1.64e-14  1.66e-14  1.79e-14  1.85e-14  1.91e-14  1.98e-14  2.06e-14  2.17e-14  2.31e-14  2.47e-14  2.66e-14
1193 50  34  1.33e-15  1.35e-15  1.47e-15  1.52e-15  1.58e-15  1.66e-15  1.77e-15  1.90e-15  2.06e-15  2.25e-15  2.48e-15
1194 50  35  2.20e-16  2.27e-16  2.49e-16  2.58e-16  2.73e-16  2.95e-16  3.23e-16  3.60e-16  4.06e-16  4.63e-16  5.32e-16
1195 50  36  2.12e-15  2.16e-15  2.35e-15  2.43e-15  2.53e-15  2.66e-15  2.83e-15  3.04e-15  3.30e-15  3.60e-15  3.97e-15
1196 50  37  6.43e-15  6.53e-15  7.05e-15  7.27e-15  7.49e-15  7.76e-15  8.10e-15  8.53e-15  9.06e-15  9.69e-15  1.04e-14
1197 50  38  7.99e-11  8.06e-11  8.30e-11  8.25e-11  8.21e-11  8.23e-11  8.29e-11  8.38e-11  8.49e-11  8.62e-11  8.76e-11
1198 50  39  3.29e-12  3.35e-12  3.47e-12  3.42e-12  3.40e-12  3.41e-12  3.46e-12  3.52e-12  3.60e-12  3.69e-12  3.79e-12
1199 50  40  6.24e-14  6.61e-14  6.83e-14  6.34e-14  6.14e-14  6.13e-14  6.24e-14  6.45e-14  6.71e-14  7.03e-14  7.39e-14
1200 50  41  5.64e-15  6.51e-15  6.60e-15  5.15e-15  4.37e-15  4.00e-15  3.86e-15  3.87e-15  4.00e-15  4.21e-15  4.49e-15
1201 50  42  1.03e-13  1.09e-13  1.12e-13  1.04e-13  1.01e-13  1.01e-13  1.03e-13  1.06e-13  1.11e-13  1.16e-13  1.22e-13
1202 50  43  1.34e-12  1.36e-12  1.41e-12  1.39e-12  1.38e-12  1.39e-12  1.40e-12  1.43e-12  1.46e-12  1.50e-12  1.54e-12
1203 50  44  2.68e-13  2.97e-13  5.46e-13  7.22e-13  8.58e-13  9.66e-13  1.06e-12  1.13e-12  1.20e-12  1.26e-12  1.31e-12
1204 50  45  1.89e-14  2.06e-14  2.99e-14  3.29e-14  3.44e-14  3.57e-14  3.70e-14  3.83e-14  3.98e-14  4.15e-14  4.34e-14
1205 50  46  1.03e-15  1.13e-15  1.51e-15  1.53e-15  1.50e-15  1.48e-15  1.49e-15  1.53e-15  1.59e-15  1.68e-15  1.80e-15
1206 50  47  1.35e-16  1.53e-16  2.04e-16  1.98e-16  1.91e-16  1.89e-16  1.91e-16  2.00e-16  2.13e-16  2.32e-16  2.58e-16
1207 50  48  1.73e-15  1.90e-15  2.55e-15  2.57e-15  2.52e-15  2.50e-15  2.51e-15  2.58e-15  2.68e-15  2.83e-15  3.03e-15
1208 50  49  7.86e-15  8.58e-15  1.25e-14  1.37e-14  1.44e-14  1.49e-14  1.54e-14  1.60e-14  1.66e-14  1.73e-14  1.81e-14
1209 51  1   6.62e-16  6.62e-16  6.97e-16  7.62e-16  8.53e-16  9.73e-16  1.12e-15  1.31e-15  1.54e-15  1.81e-15  2.13e-15
1210 51  2   2.81e-16  2.81e-16  2.96e-16  3.24e-16  3.62e-16  4.12e-16  4.76e-16  5.55e-16  6.51e-16  7.66e-16  9.03e-16
1211 51  3   3.36e-15  3.38e-15  3.68e-15  4.08e-15  4.62e-15  5.33e-15  6.22e-15  7.30e-15  8.60e-15  1.01e-14  1.19e-14
1212 51  4   5.66e-15  5.69e-15  6.20e-15  6.88e-15  7.79e-15  8.98e-15  1.05e-14  1.23e-14  1.45e-14  1.70e-14  2.00e-14
1213 51  5   2.25e-15  2.27e-15  2.50e-15  2.79e-15  3.18e-15  3.70e-15  4.36e-15  5.17e-15  6.15e-15  7.31e-15  8.65e-15
1214 51  6   6.40e-16  6.47e-16  7.34e-16  8.39e-16  9.80e-16  1.17e-15  1.41e-15  1.72e-15  2.10e-15  2.55e-15  3.10e-15
1215 51  7   1.19e-15  1.20e-15  1.31e-15  1.45e-15  1.64e-15  1.89e-15  2.21e-15  2.59e-15  3.05e-15  3.59e-15  4.21e-15
1216 51  8   1.84e-16  1.86e-16  1.99e-16  2.14e-16  2.38e-16  2.70e-16  3.12e-16  3.64e-16  4.28e-16  5.05e-16  5.96e-16
1217 51  9   1.07e-14  1.07e-14  1.07e-14  1.10e-14  1.15e-14  1.22e-14  1.30e-14  1.41e-14  1.54e-14  1.69e-14  1.86e-14
1218 51  10  5.60e-15  5.58e-15  5.60e-15  5.76e-15  6.05e-15  6.44e-15  6.95e-15  7.57e-15  8.30e-15  9.17e-15  1.02e-14
1219 51  11  1.49e-15  1.49e-15  1.52e-15  1.59e-15  1.70e-15  1.85e-15  2.04e-15  2.27e-15  2.56e-15  2.90e-15  3.30e-15
1220 51  12  1.22e-15  1.22e-15  1.23e-15  1.27e-15  1.34e-15  1.44e-15  1.57e-15  1.72e-15  1.92e-15  2.14e-15  2.42e-15
1221 51  13  8.86e-16  8.85e-16  9.01e-16  9.41e-16  1.00e-15  1.09e-15  1.20e-15  1.34e-15  1.50e-15  1.69e-15  1.92e-15
1222 51  14  2.38e-15  2.46e-15  2.73e-15  2.96e-15  3.33e-15  3.85e-15  4.53e-15  5.37e-15  6.40e-15  7.62e-15  9.03e-15
1223 51  15  2.66e-13  2.66e-13  2.81e-13  2.98e-13  3.22e-13  3.51e-13  3.87e-13  4.29e-13  4.77e-13  5.30e-13  5.88e-13
1224 51  16  7.02e-14  7.06e-14  7.46e-14  7.93e-14  8.57e-14  9.39e-14  1.04e-13  1.16e-13  1.29e-13  1.44e-13  1.61e-13
1225 51  17  1.08e-14  1.09e-14  1.16e-14  1.24e-14  1.35e-14  1.49e-14  1.66e-14  1.87e-14  2.11e-14  2.39e-14  2.70e-14
1226 51  18  2.08e-14  2.09e-14  2.20e-14  2.34e-14  2.53e-14  2.76e-14  3.05e-14  3.38e-14  3.76e-14  4.19e-14  4.66e-14
1227 51  19  6.52e-15  6.57e-15  7.00e-15  7.50e-15  8.18e-15  9.07e-15  1.02e-14  1.15e-14  1.30e-14  1.48e-14  1.68e-14
1228 51  20  3.07e-15  3.09e-15  3.16e-15  3.26e-15  3.44e-15  3.69e-15  4.01e-15  4.40e-15  4.86e-15  5.41e-15  6.04e-15
1229 51  21  6.30e-14  6.33e-14  6.55e-14  6.69e-14  6.85e-14  7.06e-14  7.32e-14  7.65e-14  8.05e-14  8.52e-14  9.07e-14
1230 51  22  1.31e-14  1.32e-14  1.36e-14  1.40e-14  1.44e-14  1.50e-14  1.58e-14  1.68e-14  1.79e-14  1.93e-14  2.09e-14
1231 51  23  2.10e-15  2.12e-15  2.19e-15  2.26e-15  2.38e-15  2.53e-15  2.73e-15  2.97e-15  3.27e-15  3.62e-15  4.04e-15
1232 51  24  4.12e-15  4.14e-15  4.28e-15  4.37e-15  4.49e-15  4.66e-15  4.87e-15  5.14e-15  5.46e-15  5.83e-15  6.27e-15
1233 51  25  1.52e-15  1.53e-15  1.58e-15  1.64e-15  1.73e-15  1.85e-15  2.00e-15  2.19e-15  2.41e-15  2.69e-15  3.00e-15
1234 51  26  3.51e-14  3.65e-14  3.94e-14  4.07e-14  4.38e-14  4.84e-14  5.44e-14  6.16e-14  7.00e-14  7.96e-14  9.04e-14
1235 51  27  5.61e-12  5.61e-12  5.75e-12  5.92e-12  6.15e-12  6.45e-12  6.81e-12  7.21e-12  7.65e-12  8.12e-12  8.61e-12
1236 51  28  5.64e-13  5.66e-13  5.82e-13  5.99e-13  6.25e-13  6.58e-13  6.98e-13  7.44e-13  7.94e-13  8.49e-13  9.07e-13
1237 51  29  4.00e-14  4.04e-14  4.18e-14  4.31e-14  4.51e-14  4.80e-14  5.15e-14  5.56e-14  6.03e-14  6.55e-14  7.11e-14
1238 51  30  2.19e-13  2.20e-13  2.26e-13  2.32e-13  2.42e-13  2.55e-13  2.70e-13  2.87e-13  3.05e-13  3.26e-13  3.47e-13
1239 51  31  2.56e-14  2.59e-14  2.69e-14  2.77e-14  2.91e-14  3.11e-14  3.36e-14  3.65e-14  3.99e-14  4.36e-14  4.76e-14
1240 51  32  9.48e-15  9.62e-15  1.04e-14  1.07e-14  1.10e-14  1.15e-14  1.20e-14  1.27e-14  1.35e-14  1.44e-14  1.56e-14
1241 51  33  7.96e-14  8.08e-14  8.77e-14  9.06e-14  9.31e-14  9.59e-14  9.95e-14  1.04e-13  1.10e-13  1.18e-13  1.27e-13
1242 51  34  1.48e-14  1.50e-14  1.62e-14  1.67e-14  1.72e-14  1.79e-14  1.86e-14  1.96e-14  2.09e-14  2.23e-14  2.41e-14
1243 51  35  1.93e-15  1.97e-15  2.14e-15  2.21e-15  2.30e-15  2.42e-15  2.58e-15  2.77e-15  3.01e-15  3.30e-15  3.63e-15
1244 51  36  5.17e-15  5.25e-15  5.66e-15  5.84e-15  6.00e-15  6.19e-15  6.44e-15  6.75e-15  7.13e-15  7.59e-15  8.14e-15
1245 51  37  1.67e-15  1.70e-15  1.85e-15  1.91e-15  2.00e-15  2.10e-15  2.24e-15  2.41e-15  2.62e-15  2.88e-15  3.17e-15
1246 51  38  3.28e-13  3.61e-13  3.87e-13  3.54e-13  3.47e-13  3.56e-13  3.76e-13  4.03e-13  4.37e-13  4.75e-13  5.16e-13
1247 51  39  8.00e-11  8.06e-11  8.30e-11  8.26e-11  8.22e-11  8.24e-11  8.29e-11  8.38e-11  8.49e-11  8.62e-11  8.76e-11
1248 51  40  2.93e-12  2.99e-12  3.09e-12  3.04e-12  3.02e-12  3.04e-12  3.08e-12  3.13e-12  3.21e-12  3.29e-12  3.38e-12
1249 51  41  9.24e-14  9.80e-14  1.01e-13  9.38e-14  9.07e-14  9.05e-14  9.21e-14  9.51e-14  9.90e-14  1.04e-13  1.09e-13
1250 51  42  1.28e-12  1.30e-12  1.35e-12  1.33e-12  1.32e-12  1.33e-12  1.35e-12  1.37e-12  1.40e-12  1.43e-12  1.47e-12
1251 51  43  7.26e-14  7.77e-14  8.03e-14  7.34e-14  7.05e-14  7.02e-14  7.16e-14  7.42e-14  7.76e-14  8.18e-14  8.65e-14
1252 51  44  1.30e-14  1.41e-14  1.89e-14  1.90e-14  1.85e-14  1.81e-14  1.80e-14  1.81e-14  1.85e-14  1.91e-14  2.01e-14
1253 51  45  2.58e-13  2.86e-13  5.32e-13  7.08e-13  8.44e-13  9.53e-13  1.04e-12  1.12e-12  1.19e-12  1.24e-12  1.30e-12
1254 51  46  1.70e-14  1.85e-14  2.69e-14  2.95e-14  3.09e-14  3.20e-14  3.31e-14  3.43e-14  3.57e-14  3.72e-14  3.89e-14
1255 51  47  1.57e-15  1.72e-15  2.30e-15  2.32e-15  2.28e-15  2.26e-15  2.27e-15  2.33e-15  2.43e-15  2.56e-15  2.74e-15
1256 51  48  6.62e-15  7.22e-15  1.06e-14  1.18e-14  1.25e-14  1.31e-14  1.36e-14  1.41e-14  1.47e-14  1.53e-14  1.59e-14
1257 51  49  1.54e-15  1.69e-15  2.26e-15  2.28e-15  2.24e-15  2.22e-15  2.24e-15  2.29e-15  2.38e-15  2.52e-15  2.69e-15
1258 51  50  3.70e-13  4.48e-13  8.21e-13  9.97e-13  1.15e-12  1.28e-12  1.40e-12  1.51e-12  1.62e-12  1.73e-12  1.84e-12
1259 52  1   3.47e-16  3.47e-16  3.66e-16  4.00e-16  4.47e-16  5.10e-16  5.88e-16  6.86e-16  8.04e-16  9.47e-16  1.12e-15
1260 52  2   5.96e-16  5.96e-16  6.28e-16  6.86e-16  7.68e-16  8.74e-16  1.01e-15  1.18e-15  1.38e-15  1.63e-15  1.92e-15
1261 52  3   3.74e-18  4.19e-18  3.89e-18  2.76e-18  2.09e-18  1.68e-18  1.42e-18  1.25e-18  1.12e-18  1.02e-18  9.48e-19
1262 52  4   9.02e-15  9.07e-15  9.88e-15  1.10e-14  1.24e-14  1.43e-14  1.67e-14  1.96e-14  2.31e-14  2.72e-14  3.18e-14
1263 52  5   2.56e-15  2.57e-15  2.81e-15  3.12e-15  3.54e-15  4.09e-15  4.79e-15  5.64e-15  6.66e-15  7.85e-15  9.23e-15
1264 52  6   1.40e-15  1.41e-15  1.56e-15  1.75e-15  2.00e-15  2.33e-15  2.76e-15  3.29e-15  3.93e-15  4.69e-15  5.58e-15
1265 52  7   1.28e-16  1.31e-16  1.67e-16  2.06e-16  2.58e-16  3.29e-16  4.24e-16  5.49e-16  7.07e-16  9.05e-16  1.15e-15
1266 52  8   6.47e-17  6.50e-17  6.98e-17  7.70e-17  8.68e-17  9.96e-17  1.16e-16  1.36e-16  1.61e-16  1.90e-16  2.25e-16
1267 52  9   2.58e-16  2.61e-16  2.78e-16  3.01e-16  3.36e-16  3.83e-16  4.43e-16  5.18e-16  6.09e-16  7.19e-16  8.49e-16
1268 52  10  1.62e-14  1.61e-14  1.62e-14  1.66e-14  1.73e-14  1.84e-14  1.97e-14  2.14e-14  2.34e-14  2.56e-14  2.83e-14
1269 52  11  2.56e-15  2.55e-15  2.57e-15  2.65e-15  2.78e-15  2.98e-15  3.22e-15  3.52e-15  3.89e-15  4.31e-15  4.80e-15
1270 52  12  9.18e-16  9.18e-16  9.43e-16  9.92e-16  1.07e-15  1.17e-15  1.31e-15  1.47e-15  1.67e-15  1.91e-15  2.20e-15
1271 52  13  1.27e-16  1.29e-16  1.45e-16  1.65e-16  1.94e-16  2.33e-16  2.82e-16  3.46e-16  4.26e-16  5.26e-16  6.49e-16
1272 52  14  2.61e-16  2.66e-16  3.01e-16  3.40e-16  3.95e-16  4.70e-16  5.67e-16  6.88e-16  8.36e-16  1.01e-15  1.22e-15
1273 52  15  2.43e-15  2.50e-15  2.78e-15  3.02e-15  3.40e-15  3.94e-15  4.65e-15  5.53e-15  6.59e-15  7.85e-15  9.32e-15
1274 52  16  3.35e-13  3.37e-13  3.55e-13  3.77e-13  4.07e-13  4.45e-13  4.90e-13  5.44e-13  6.05e-13  6.73e-13  7.47e-13
1275 52  17  3.18e-14  3.20e-14  3.38e-14  3.59e-14  3.89e-14  4.26e-14  4.72e-14  5.25e-14  5.87e-14  6.56e-14  7.33e-14
1276 52  18  6.13e-15  6.18e-15  6.60e-15  7.07e-15  7.72e-15  8.57e-15  9.64e-15  1.09e-14  1.24e-14  1.41e-14  1.60e-14
1277 52  19  2.07e-16  2.13e-16  2.45e-16  2.76e-16  3.23e-16  3.88e-16  4.75e-16  5.87e-16  7.27e-16  8.98e-16  1.10e-15
1278 52  20  2.34e-16  2.36e-16  2.47e-16  2.62e-16  2.83e-16  3.13e-16  3.52e-16  3.99e-16  4.57e-16  5.26e-16  6.09e-16
1279 52  21  2.94e-15  2.96e-15  3.03e-15  3.13e-15  3.31e-15  3.55e-15  3.86e-15  4.24e-15  4.69e-15  5.23e-15  5.85e-15
1280 52  22  7.60e-14  7.64e-14  7.90e-14  8.07e-14  8.27e-14  8.54e-14  8.88e-14  9.31e-14  9.82e-14  1.04e-13  1.11e-13
1281 52  23  6.17e-15  6.21e-15  6.41e-15  6.57e-15  6.79e-15  7.09e-15  7.47e-15  7.95e-15  8.52e-15  9.19e-15  9.97e-15
1282 52  24  1.43e-15  1.44e-15  1.50e-15  1.55e-15  1.64e-15  1.75e-15  1.90e-15  2.09e-15  2.31e-15  2.58e-15  2.90e-15
1283 52  25  1.31e-16  1.33e-16  1.43e-16  1.54e-16  1.71e-16  1.94e-16  2.25e-16  2.64e-16  3.13e-16  3.75e-16  4.50e-16
1284 52  26  1.51e-15  1.58e-15  1.71e-15  1.75e-15  1.90e-15  2.12e-15  2.43e-15  2.81e-15  3.26e-15  3.79e-15  4.39e-15
1285 52  27  3.26e-14  3.39e-14  3.67e-14  3.79e-14  4.07e-14  4.50e-14  5.06e-14  5.73e-14  6.52e-14  7.41e-14  8.42e-14
1286 52  28  6.18e-12  6.18e-12  6.33e-12  6.52e-12  6.78e-12  7.11e-12  7.51e-12  7.96e-12  8.45e-12  8.97e-12  9.52e-12
1287 52  29  2.61e-13  2.62e-13  2.69e-13  2.77e-13  2.89e-13  3.04e-13  3.23e-13  3.44e-13  3.68e-13  3.93e-13  4.21e-13
1288 52  30  2.34e-14  2.37e-14  2.47e-14  2.54e-14  2.67e-14  2.85e-14  3.08e-14  3.35e-14  3.66e-14  4.00e-14  4.38e-14
1289 52  31  5.63e-16  6.02e-16  6.48e-16  6.43e-16  6.82e-16  7.59e-16  8.67e-16  1.01e-15  1.18e-15  1.38e-15  1.61e-15
1290 52  32  4.35e-16  4.46e-16  4.87e-16  5.06e-16  5.34e-16  5.72e-16  6.20e-16  6.81e-16  7.54e-16  8.43e-16  9.47e-16
1291 52  33  8.74e-15  8.87e-15  9.56e-15  9.86e-15  1.02e-14  1.06e-14  1.11e-14  1.17e-14  1.25e-14  1.34e-14  1.44e-14
1292 52  34  9.47e-14  9.61e-14  1.04e-13  1.08e-13  1.11e-13  1.14e-13  1.18e-13  1.24e-13  1.31e-13  1.40e-13  1.51e-13
1293 52  35  7.11e-15  7.22e-15  7.80e-15  8.05e-15  8.30e-15  8.61e-15  9.00e-15  9.49e-15  1.01e-14  1.08e-14  1.17e-14
1294 52  36  1.54e-15  1.57e-15  1.71e-15  1.77e-15  1.85e-15  1.95e-15  2.08e-15  2.24e-15  2.44e-15  2.67e-15  2.95e-15
1295 52  37  1.20e-16  1.24e-16  1.37e-16  1.43e-16  1.52e-16  1.66e-16  1.85e-16  2.08e-16  2.38e-16  2.75e-16  3.19e-16
1296 52  38  1.27e-14  1.45e-14  1.47e-14  1.18e-14  1.04e-14  9.92e-15  9.97e-15  1.04e-14  1.11e-14  1.20e-14  1.31e-14
1297 52  39  3.00e-13  3.31e-13  3.53e-13  3.23e-13  3.16e-13  3.25e-13  3.43e-13  3.68e-13  3.98e-13  4.32e-13  4.71e-13
1298 52  40  8.30e-11  8.36e-11  8.61e-11  8.56e-11  8.53e-11  8.54e-11  8.60e-11  8.70e-11  8.82e-11  8.95e-11  9.10e-11
1299 52  41  1.38e-12  1.40e-12  1.45e-12  1.43e-12  1.42e-12  1.43e-12  1.44e-12  1.47e-12  1.50e-12  1.54e-12  1.58e-12
1300 52  42  6.63e-14  7.10e-14  7.34e-14  6.70e-14  6.42e-14  6.39e-14  6.51e-14  6.74e-14  7.05e-14  7.43e-14  7.86e-14
1301 52  43  3.51e-15  4.13e-15  4.17e-15  3.10e-15  2.52e-15  2.22e-15  2.09e-15  2.07e-15  2.12e-15  2.23e-15  2.40e-15
1302 52  44  6.37e-16  6.99e-16  9.32e-16  9.33e-16  9.12e-16  9.01e-16  9.07e-16  9.30e-16  9.71e-16  1.03e-15  1.11e-15
1303 52  45  1.19e-14  1.29e-14  1.72e-14  1.74e-14  1.69e-14  1.66e-14  1.64e-14  1.65e-14  1.69e-14  1.75e-14  1.84e-14
1304 52  46  2.76e-13  3.05e-13  5.60e-13  7.39e-13  8.76e-13  9.86e-13  1.08e-12  1.15e-12  1.22e-12  1.28e-12  1.34e-12
1305 52  47  8.21e-15  8.96e-15  1.30e-14  1.42e-14  1.49e-14  1.54e-14  1.59e-14  1.65e-14  1.71e-14  1.78e-14  1.87e-14
1306 52  48  1.41e-15  1.55e-15  2.07e-15  2.09e-15  2.05e-15  2.03e-15  2.05e-15  2.10e-15  2.18e-15  2.31e-15  2.47e-15
1307 52  49  1.08e-16  1.22e-16  1.63e-16  1.58e-16  1.53e-16  1.51e-16  1.54e-16  1.60e-16  1.71e-16  1.87e-16  2.07e-16
1308 52  50  1.33e-14  1.62e-14  2.07e-14  1.93e-14  1.93e-14  1.99e-14  2.08e-14  2.18e-14  2.31e-14  2.45e-14  2.61e-14
1309 52  51  3.36e-13  4.07e-13  7.44e-13  9.02e-13  1.04e-12  1.16e-12  1.26e-12  1.36e-12  1.46e-12  1.56e-12  1.66e-12
1310 53  1   9.43e-16  9.43e-16  9.94e-16  1.09e-15  1.22e-15  1.39e-15  1.60e-15  1.87e-15  2.19e-15  2.58e-15  3.04e-15
1311 53  3   1.13e-16  1.16e-16  1.47e-16  1.82e-16  2.28e-16  2.91e-16  3.75e-16  4.85e-16  6.27e-16  8.03e-16  1.02e-15
1312 53  4   6.98e-17  7.23e-17  9.06e-17  1.09e-16  1.35e-16  1.70e-16  2.18e-16  2.81e-16  3.62e-16  4.63e-16  5.87e-16
1313 53  5   1.29e-14  1.29e-14  1.41e-14  1.56e-14  1.77e-14  2.04e-14  2.38e-14  2.80e-14  3.30e-14  3.89e-14  4.56e-14
1314 53  6   5.59e-17  5.79e-17  7.25e-17  8.74e-17  1.08e-16  1.36e-16  1.74e-16  2.25e-16  2.89e-16  3.70e-16  4.69e-16
1315 53  7   1.38e-17  1.42e-17  1.89e-17  2.36e-17  2.95e-17  3.74e-17  4.80e-17  6.18e-17  7.94e-17  1.01e-16  1.28e-16
1316 53  8   2.73e-17  2.80e-17  3.40e-17  4.08e-17  5.01e-17  6.28e-17  7.96e-17  1.02e-16  1.31e-16  1.67e-16  2.13e-16
1317 53  9   1.45e-16  1.46e-16  1.61e-16  1.81e-16  2.08e-16  2.44e-16  2.90e-16  3.48e-16  4.20e-16  5.08e-16  6.16e-16
1318 53  10  2.50e-16  2.53e-16  2.71e-16  2.96e-16  3.32e-16  3.80e-16  4.42e-16  5.19e-16  6.14e-16  7.30e-16  8.68e-16
1319 53  11  1.94e-14  1.93e-14  1.93e-14  1.99e-14  2.08e-14  2.21e-14  2.37e-14  2.57e-14  2.81e-14  3.09e-14  3.42e-14
1320 53  12  2.86e-16  2.89e-16  3.10e-16  3.38e-16  3.80e-16  4.36e-16  5.08e-16  5.97e-16  7.06e-16  8.39e-16  9.96e-16
1321 53  13  3.64e-17  3.66e-17  4.02e-17  4.53e-17  5.21e-17  6.10e-17  7.24e-17  8.69e-17  1.05e-16  1.27e-16  1.54e-16
1322 53  14  1.66e-17  1.77e-17  2.28e-17  2.78e-17  3.56e-17  4.74e-17  6.42e-17  8.73e-17  1.18e-16  1.58e-16  2.09e-16
1323 53  15  4.42e-16  4.52e-16  5.13e-16  5.80e-16  6.76e-16  8.06e-16  9.76e-16  1.19e-15  1.45e-15  1.77e-15  2.14e-15
1324 53  16  1.61e-15  1.66e-15  1.84e-15  2.01e-15  2.27e-15  2.64e-15  3.12e-15  3.72e-15  4.45e-15  5.31e-15  6.32e-15
1325 53  17  3.72e-13  3.73e-13  3.94e-13  4.19e-13  4.51e-13  4.93e-13  5.44e-13  6.04e-13  6.72e-13  7.47e-13  8.31e-13
1326 53  18  2.14e-15  2.21e-15  2.46e-15  2.68e-15  3.03e-15  3.52e-15  4.16e-15  4.96e-15  5.93e-15  7.08e-15  8.41e-15
1327 53  19  1.38e-16  1.41e-16  1.61e-16  1.81e-16  2.11e-16  2.52e-16  3.06e-16  3.72e-16  4.54e-16  5.53e-16  6.68e-16
1328 53  20  2.51e-17  2.60e-17  3.03e-17  3.47e-17  4.12e-17  5.04e-17  6.29e-17  7.94e-17  1.01e-16  1.28e-16  1.63e-16
1329 53  21  3.86e-16  3.90e-16  4.10e-16  4.34e-16  4.72e-16  5.23e-16  5.89e-16  6.71e-16  7.72e-16  8.95e-16  1.04e-15
1330 53  22  1.73e-15  1.74e-15  1.78e-15  1.84e-15  1.95e-15  2.10e-15  2.29e-15  2.52e-15  2.79e-15  3.12e-15  3.50e-15
1331 53  23  8.21e-14  8.26e-14  8.54e-14  8.72e-14  8.94e-14  9.24e-14  9.62e-14  1.01e-13  1.06e-13  1.13e-13  1.21e-13
1332 53  24  2.51e-15  2.53e-15  2.59e-15  2.68e-15  2.84e-15  3.05e-15  3.33e-15  3.66e-15  4.06e-15  4.54e-15  5.09e-15
1333 53  25  1.35e-16  1.37e-16  1.44e-16  1.52e-16  1.65e-16  1.83e-16  2.07e-16  2.36e-16  2.71e-16  3.14e-16  3.66e-16
1334 53  26  1.10e-16  1.26e-16  1.34e-16  1.17e-16  1.14e-16  1.24e-16  1.42e-16  1.70e-16  2.08e-16  2.56e-16  3.16e-16
1335 53  27  2.43e-15  2.55e-15  2.75e-15  2.82e-15  3.04e-15  3.41e-15  3.90e-15  4.51e-15  5.25e-15  6.10e-15  7.07e-15
1336 53  28  1.76e-14  1.83e-14  1.98e-14  2.05e-14  2.20e-14  2.43e-14  2.74e-14  3.10e-14  3.53e-14  4.02e-14  4.57e-14
1337 53  29  6.45e-12  6.45e-12  6.61e-12  6.81e-12  7.08e-12  7.43e-12  7.84e-12  8.31e-12  8.82e-12  9.37e-12  9.95e-12
1338 53  30  2.71e-14  2.82e-14  3.05e-14  3.15e-14  3.38e-14  3.74e-14  4.21e-14  4.77e-14  5.43e-14  6.18e-14  7.03e-14
1339 53  31  9.10e-16  9.57e-16  1.03e-15  1.06e-15  1.14e-15  1.28e-15  1.46e-15  1.69e-15  1.97e-15  2.29e-15  2.65e-15
1340 53  32  3.98e-17  4.21e-17  4.74e-17  4.94e-17  5.38e-17  6.06e-17  6.99e-17  8.22e-17  9.80e-17  1.18e-16  1.42e-16
1341 53  33  6.96e-16  7.13e-16  7.80e-16  8.11e-16  8.56e-16  9.17e-16  9.95e-16  1.09e-15  1.21e-15  1.36e-15  1.53e-15
1342 53  34  4.56e-15  4.63e-15  4.99e-15  5.15e-15  5.32e-15  5.53e-15  5.81e-15  6.14e-15  6.55e-15  7.03e-15  7.60e-15
1343 53  35  9.98e-14  1.01e-13  1.10e-13  1.13e-13  1.17e-13  1.20e-13  1.25e-13  1.31e-13  1.38e-13  1.48e-13  1.59e-13
1344 53  36  7.30e-15  7.41e-15  7.99e-15  8.24e-15  8.51e-15  8.86e-15  9.29e-15  9.83e-15  1.05e-14  1.13e-14  1.22e-14
1345 53  37  2.74e-16  2.80e-16  3.06e-16  3.19e-16  3.36e-16  3.60e-16  3.91e-16  4.30e-16  4.77e-16  5.34e-16  6.02e-16
1346 53  38  1.98e-15  2.37e-15  2.37e-15  1.67e-15  1.26e-15  1.03e-15  9.02e-16  8.35e-16  8.12e-16  8.22e-16  8.59e-16
1347 53  39  2.04e-14  2.33e-14  2.37e-14  1.90e-14  1.66e-14  1.58e-14  1.59e-14  1.65e-14  1.76e-14  1.90e-14  2.08e-14
1348 53  40  1.52e-13  1.67e-13  1.79e-13  1.63e-13  1.59e-13  1.63e-13  1.72e-13  1.84e-13  2.00e-13  2.17e-13  2.36e-13
1349 53  41  8.43e-11  8.50e-11  8.75e-11  8.70e-11  8.66e-11  8.68e-11  8.74e-11  8.84e-11  8.96e-11  9.10e-11  9.25e-11
1350 53  42  2.50e-13  2.76e-13  2.95e-13  2.68e-13  2.62e-13  2.69e-13  2.83e-13  3.04e-13  3.29e-13  3.57e-13  3.89e-13
1351 53  43  8.27e-15  9.49e-15  9.63e-15  7.70e-15  6.76e-15  6.42e-15  6.44e-15  6.70e-15  7.14e-15  7.73e-15  8.45e-15
1352 53  44  6.71e-17  7.73e-17  1.03e-16  9.83e-17  9.41e-17  9.27e-17  9.43e-17  9.89e-17  1.07e-16  1.18e-16  1.32e-16
1353 53  45  1.01e-15  1.11e-15  1.48e-15  1.48e-15  1.45e-15  1.43e-15  1.44e-15  1.48e-15  1.55e-15  1.64e-15  1.77e-15
1354 53  46  5.93e-15  6.44e-15  8.61e-15  8.68e-15  8.46e-15  8.28e-15  8.22e-15  8.28e-15  8.47e-15  8.78e-15  9.22e-15
1355 53  47  2.80e-13  3.11e-13  5.68e-13  7.48e-13  8.86e-13  9.97e-13  1.09e-12  1.17e-12  1.23e-12  1.29e-12  1.35e-12
1356 53  48  9.98e-15  1.09e-14  1.45e-14  1.46e-14  1.42e-14  1.39e-14  1.38e-14  1.39e-14  1.43e-14  1.48e-14  1.55e-14
1357 53  49  4.22e-16  4.63e-16  6.17e-16  6.18e-16  6.04e-16  5.97e-16  6.01e-16  6.17e-16  6.45e-16  6.85e-16  7.37e-16
1358 53  50  2.18e-15  2.66e-15  2.84e-15  2.20e-15  1.94e-15  1.89e-15  1.95e-15  2.06e-15  2.19e-15  2.35e-15  2.52e-15
1359 53  51  2.13e-14  2.59e-14  3.29e-14  3.06e-14  3.05e-14  3.14e-14  3.28e-14  3.45e-14  3.65e-14  3.88e-14  4.13e-14
1360 53  52  1.64e-13  1.99e-13  3.61e-13  4.36e-13  5.01e-13  5.57e-13  6.09e-13  6.57e-13  7.05e-13  7.53e-13  8.00e-13
1361 54  1   5.96e-16  5.96e-16  6.28e-16  6.86e-16  7.68e-16  8.74e-16  1.01e-15  1.18e-15  1.38e-15  1.63e-15  1.92e-15
1362 54  2   3.47e-16  3.47e-16  3.66e-16  4.00e-16  4.47e-16  5.10e-16  5.88e-16  6.86e-16  8.04e-16  9.47e-16  1.12e-15
1363 54  3   5.54e-17  5.72e-17  7.24e-17  8.83e-17  1.10e-16  1.39e-16  1.78e-16  2.30e-16  2.97e-16  3.81e-16  4.83e-16
1364 54  4   1.27e-16  1.31e-16  1.66e-16  2.03e-16  2.54e-16  3.23e-16  4.17e-16  5.39e-16  6.95e-16  8.89e-16  1.13e-15
1365 54  5   4.39e-15  4.41e-15  4.82e-15  5.35e-15  6.08e-15  7.02e-15  8.21e-15  9.67e-15  1.14e-14  1.35e-14  1.58e-14
1366 54  6   8.50e-15  8.55e-15  9.32e-15  1.03e-14  1.17e-14  1.35e-14  1.57e-14  1.85e-14  2.18e-14  2.56e-14  3.00e-14
1367 54  7   3.96e-17  4.11e-17  5.10e-17  6.10e-17  7.52e-17  9.51e-17  1.22e-16  1.57e-16  2.02e-16  2.58e-16  3.27e-16
1368 54  8   1.11e-16  1.11e-16  1.20e-16  1.32e-16  1.49e-16  1.71e-16  2.00e-16  2.34e-16  2.77e-16  3.27e-16  3.88e-16
1369 54  9   8.28e-17  8.46e-17  9.48e-17  1.06e-16  1.22e-16  1.45e-16  1.76e-16  2.15e-16  2.65e-16  3.28e-16  4.06e-16
1370 54  10  2.29e-16  2.31e-16  2.51e-16  2.79e-16  3.18e-16  3.70e-16  4.37e-16  5.21e-16  6.25e-16  7.52e-16  9.05e-16
1371 54  11  4.38e-15  4.37e-15  4.40e-15  4.54e-15  4.77e-15  5.10e-15  5.52e-15  6.04e-15  6.66e-15  7.39e-15  8.24e-15
1372 54  12  1.51e-14  1.50e-14  1.50e-14  1.54e-14  1.61e-14  1.70e-14  1.83e-14  1.98e-14  2.16e-14  2.37e-14  2.61e-14
1373 54  13  2.75e-16  2.78e-16  2.98e-16  3.24e-16  3.63e-16  4.16e-16  4.84e-16  5.68e-16  6.70e-16  7.95e-16  9.43e-16
1374 54  14  4.46e-16  4.56e-16  5.16e-16  5.82e-16  6.77e-16  8.04e-16  9.69e-16  1.18e-15  1.43e-15  1.73e-15  2.09e-15
1375 54  15  8.15e-16  8.45e-16  9.35e-16  1.00e-15  1.12e-15  1.29e-15  1.51e-15  1.79e-15  2.12e-15  2.53e-15  3.00e-15
1376 54  16  8.03e-16  8.23e-16  9.27e-16  1.03e-15  1.19e-15  1.40e-15  1.68e-15  2.04e-15  2.46e-15  2.98e-15  3.58e-15
1377 54  17  5.45e-14  5.48e-14  5.79e-14  6.16e-14  6.66e-14  7.30e-14  8.09e-14  9.01e-14  1.01e-13  1.13e-13  1.26e-13
1378 54  18  3.18e-13  3.19e-13  3.36e-13  3.57e-13  3.85e-13  4.21e-13  4.64e-13  5.14e-13  5.71e-13  6.35e-13  7.05e-13
1379 54  19  2.22e-15  2.29e-15  2.55e-15  2.78e-15  3.14e-15  3.65e-15  4.31e-15  5.13e-15  6.13e-15  7.32e-15  8.69e-15
1380 54  20  4.00e-16  4.04e-16  4.24e-16  4.48e-16  4.86e-16  5.37e-16  6.03e-16  6.84e-16  7.84e-16  9.03e-16  1.04e-15
1381 54  21  1.08e-15  1.09e-15  1.11e-15  1.14e-15  1.20e-15  1.28e-15  1.38e-15  1.51e-15  1.67e-15  1.85e-15  2.06e-15
1382 54  22  6.57e-16  6.62e-16  6.90e-16  7.25e-16  7.81e-16  8.56e-16  9.54e-16  1.08e-15  1.22e-15  1.40e-15  1.61e-15
1383 54  23  1.06e-14  1.06e-14  1.10e-14  1.13e-14  1.16e-14  1.22e-14  1.28e-14  1.36e-14  1.46e-14  1.58e-14  1.71e-14
1384 54  24  7.15e-14  7.19e-14  7.44e-14  7.59e-14  7.78e-14  8.02e-14  8.34e-14  8.72e-14  9.19e-14  9.74e-14  1.04e-13
1385 54  25  2.67e-15  2.68e-15  2.75e-15  2.85e-15  3.01e-15  3.23e-15  3.52e-15  3.88e-15  4.30e-15  4.80e-15  5.38e-15
1386 54  26  2.59e-15  2.72e-15  2.93e-15  3.00e-15  3.25e-15  3.64e-15  4.17e-15  4.82e-15  5.60e-15  6.50e-15  7.53e-15
1387 54  27  1.33e-14  1.38e-14  1.49e-14  1.54e-14  1.65e-14  1.82e-14  2.04e-14  2.30e-14  2.61e-14  2.96e-14  3.35e-14
1388 54  28  4.32e-15  4.52e-15  4.88e-15  5.01e-15  5.41e-15  6.03e-15  6.85e-15  7.87e-15  9.07e-15  1.05e-14  1.20e-14
1389 54  29  4.47e-13  4.49e-13  4.62e-13  4.75e-13  4.95e-13  5.22e-13  5.54e-13  5.90e-13  6.31e-13  6.74e-13  7.21e-13
1390 54  30  6.00e-12  6.00e-12  6.15e-12  6.33e-12  6.58e-12  6.90e-12  7.29e-12  7.72e-12  8.19e-12  8.69e-12  9.22e-12
1391 54  31  2.93e-14  3.04e-14  3.29e-14  3.39e-14  3.65e-14  4.04e-14  4.54e-14  5.14e-14  5.85e-14  6.66e-14  7.57e-14
1392 54  32  7.46e-16  7.64e-16  8.34e-16  8.68e-16  9.15e-16  9.79e-16  1.06e-15  1.16e-15  1.29e-15  1.44e-15  1.62e-15
1393 54  33  3.50e-15  3.55e-15  3.81e-15  3.93e-15  4.04e-15  4.17e-15  4.35e-15  4.56e-15  4.82e-15  5.13e-15  5.49e-15
1394 54  34  1.06e-15  1.08e-15  1.17e-15  1.22e-15  1.28e-15  1.36e-15  1.46e-15  1.59e-15  1.74e-15  1.93e-15  2.16e-15
1395 54  35  1.22e-14  1.24e-14  1.34e-14  1.38e-14  1.42e-14  1.48e-14  1.54e-14  1.63e-14  1.73e-14  1.85e-14  2.00e-14
1396 54  36  8.73e-14  8.85e-14  9.60e-14  9.92e-14  1.02e-13  1.05e-13  1.09e-13  1.14e-13  1.21e-13  1.29e-13  1.39e-13
1397 54  37  7.91e-15  8.03e-15  8.65e-15  8.92e-15  9.21e-15  9.58e-15  1.00e-14  1.06e-14  1.13e-14  1.22e-14  1.31e-14
1398 54  38  2.17e-14  2.49e-14  2.53e-14  2.03e-14  1.79e-14  1.70e-14  1.71e-14  1.78e-14  1.90e-14  2.06e-14  2.25e-14
1399 54  39  1.24e-13  1.36e-13  1.46e-13  1.36e-13  1.34e-13  1.39e-13  1.47e-13  1.58e-13  1.71e-13  1.86e-13  2.03e-13
1400 54  40  2.85e-14  3.24e-14  3.34e-14  2.75e-14  2.49e-14  2.41e-14  2.46e-14  2.58e-14  2.76e-14  3.00e-14  3.27e-14
1401 54  41  2.36e-12  2.40e-12  2.49e-12  2.45e-12  2.43e-12  2.44e-12  2.47e-12  2.52e-12  2.58e-12  2.65e-12  2.72e-12
1402 54  42  8.19e-11  8.26e-11  8.50e-11  8.45e-11  8.42e-11  8.43e-11  8.49e-11  8.58e-11  8.70e-11  8.83e-11  8.98e-11
1403 54  43  2.72e-13  3.00e-13  3.20e-13  2.92e-13  2.86e-13  2.93e-13  3.09e-13  3.31e-13  3.59e-13  3.90e-13  4.24e-13
1404 54  44  1.09e-15  1.20e-15  1.60e-15  1.60e-15  1.56e-15  1.54e-15  1.55e-15  1.59e-15  1.66e-15  1.76e-15  1.90e-15
1405 54  45  4.65e-15  5.05e-15  6.76e-15  6.82e-15  6.64e-15  6.49e-15  6.42e-15  6.44e-15  6.55e-15  6.75e-15  7.05e-15
1406 54  46  1.26e-15  1.38e-15  1.84e-15  1.84e-15  1.80e-15  1.77e-15  1.78e-15  1.82e-15  1.90e-15  2.01e-15  2.16e-15
1407 54  47  1.41e-14  1.54e-14  2.22e-14  2.44e-14  2.55e-14  2.64e-14  2.73e-14  2.82e-14  2.93e-14  3.06e-14  3.20e-14
1408 54  48  2.66e-13  2.95e-13  5.45e-13  7.23e-13  8.60e-13  9.70e-13  1.06e-12  1.14e-12  1.20e-12  1.26e-12  1.32e-12
1409 54  49  1.09e-14  1.18e-14  1.58e-14  1.59e-14  1.55e-14  1.52e-14  1.51e-14  1.52e-14  1.55e-14  1.61e-14  1.69e-14
1410 54  50  2.28e-14  2.78e-14  3.54e-14  3.31e-14  3.30e-14  3.41e-14  3.56e-14  3.74e-14  3.96e-14  4.21e-14  4.48e-14
1411 54  51  1.40e-13  1.69e-13  3.22e-13  3.98e-13  4.61e-13  5.16e-13  5.65e-13  6.12e-13  6.56e-13  7.01e-13  7.45e-13
1412 54  52  2.52e-14  3.06e-14  4.01e-14  3.84e-14  3.90e-14  4.07e-14  4.28e-14  4.52e-14  4.79e-14  5.10e-14  5.43e-14
1413 54  53  3.09E-13  3.75E-13  6.81E-13  8.22E-13  9.44E-13  1.05E-12  1.14E-12  1.24E-12  1.33E-12  1.42E-12  1.51E-12
1414 55  1   2.81e-16  2.81e-16  2.96e-16  3.24e-16  3.62e-16  4.12e-16  4.76e-16  5.55e-16  6.51e-16  7.66e-16  9.03e-16
1415 55  2   6.62e-16  6.62e-16  6.97e-16  7.62e-16  8.53e-16  9.73e-16  1.12e-15  1.31e-15  1.54e-15  1.81e-15  2.13e-15
1416 55  3   3.27e-18  3.69e-18  3.48e-18  2.43e-18  1.80e-18  1.41e-18  1.17e-18  1.01e-18  9.01e-19  8.21e-19  7.60e-19
1417 55  4   1.79e-16  1.84e-16  2.34e-16  2.89e-16  3.62e-16  4.62e-16  5.96e-16  7.71e-16  9.94e-16  1.27e-15  1.61e-15
1418 55  5   9.57e-16  9.64e-16  1.06e-15  1.18e-15  1.35e-15  1.57e-15  1.85e-15  2.19e-15  2.61e-15  3.10e-15  3.67e-15
1419 55  6   4.85e-15  4.88e-15  5.32e-15  5.91e-15  6.70e-15  7.73e-15  9.04e-15  1.06e-14  1.25e-14  1.48e-14  1.74e-14
1420 55  7   7.12e-15  7.16e-15  7.80e-15  8.65e-15  9.80e-15  1.13e-14  1.32e-14  1.55e-14  1.82e-14  2.14e-14  2.51e-14
1421 55  8   7.80e-17  7.91e-17  8.47e-17  9.12e-17  1.01e-16  1.15e-16  1.33e-16  1.55e-16  1.82e-16  2.14e-16  2.53e-16
1422 55  9   2.00e-16  2.01e-16  2.15e-16  2.36e-16  2.66e-16  3.05e-16  3.54e-16  4.15e-16  4.90e-16  5.79e-16  6.85e-16
1423 55  10  1.44e-16  1.46e-16  1.66e-16  1.90e-16  2.23e-16  2.68e-16  3.26e-16  4.01e-16  4.96e-16  6.15e-16  7.61e-16
1424 55  11  6.34e-16  6.33e-16  6.46e-16  6.75e-16  7.21e-16  7.84e-16  8.64e-16  9.64e-16  1.08e-15  1.23e-15  1.40e-15
1425 55  12  4.83e-15  4.81e-15  4.84e-15  4.99e-15  5.24e-15  5.60e-15  6.06e-15  6.62e-15  7.29e-15  8.08e-15  8.99e-15
1426 55  13  1.43e-14  1.42e-14  1.42e-14  1.46e-14  1.52e-14  1.62e-14  1.74e-14  1.88e-14  2.06e-14  2.26e-14  2.49e-14
1427 55  14  1.01e-15  1.04e-15  1.16e-15  1.26e-15  1.41e-15  1.64e-15  1.93e-15  2.29e-15  2.72e-15  3.24e-15  3.84e-15
1428 55  15  8.48e-16  8.70e-16  9.77e-16  1.09e-15  1.25e-15  1.47e-15  1.76e-15  2.12e-15  2.55e-15  3.07e-15  3.68e-15
1429 55  16  2.03e-16  2.09e-16  2.41e-16  2.73e-16  3.22e-16  3.89e-16  4.79e-16  5.95e-16  7.41e-16  9.20e-16  1.14e-15
1430 55  17  4.60e-15  4.63e-15  4.92e-15  5.26e-15  5.72e-15  6.33e-15  7.07e-15  7.96e-15  8.98e-15  1.02e-14  1.15e-14
1431 55  18  6.04e-14  6.07e-14  6.42e-14  6.83e-14  7.38e-14  8.09e-14  8.96e-14  9.97e-14  1.11e-13  1.24e-13  1.39e-13
1432 55  19  3.09e-13  3.10e-13  3.27e-13  3.48e-13  3.75e-13  4.10e-13  4.52e-13  5.02e-13  5.58e-13  6.20e-13  6.89e-13
1433 55  20  1.30e-15  1.31e-15  1.34e-15  1.39e-15  1.46e-15  1.57e-15  1.70e-15  1.87e-15  2.07e-15  2.30e-15  2.57e-15
1434 55  21  7.03e-16  7.09e-16  7.38e-16  7.74e-16  8.31e-16  9.10e-16  1.01e-15  1.14e-15  1.29e-15  1.47e-15  1.68e-15
1435 55  22  1.29e-16  1.31e-16  1.42e-16  1.53e-16  1.71e-16  1.95e-16  2.28e-16  2.69e-16  3.22e-16  3.87e-16  4.68e-16
1436 55  23  8.94e-16  8.99e-16  9.31e-16  9.63e-16  1.01e-15  1.08e-15  1.16e-15  1.27e-15  1.39e-15  1.54e-15  1.72e-15
1437 55  24  1.17e-14  1.17e-14  1.21e-14  1.24e-14  1.28e-14  1.34e-14  1.41e-14  1.50e-14  1.60e-14  1.73e-14  1.87e-14
1438 55  25  7.22e-14  7.26e-14  7.51e-14  7.67e-14  7.86e-14  8.12e-14  8.45e-14  8.85e-14  9.34e-14  9.91e-14  1.06e-13
1439 55  26  1.49e-14  1.55e-14  1.68e-14  1.73e-14  1.86e-14  2.06e-14  2.31e-14  2.62e-14  2.98e-14  3.38e-14  3.84e-14
1440 55  27  4.71e-15  4.93e-15  5.32e-15  5.47e-15  5.90e-15  6.58e-15  7.48e-15  8.58e-15  9.89e-15  1.14e-14  1.31e-14
1441 55  28  5.35e-16  5.75e-16  6.18e-16  6.09e-16  6.43e-16  7.15e-16  8.18e-16  9.51e-16  1.12e-15  1.31e-15  1.54e-15
1442 55  29  1.70e-14  1.72e-14  1.78e-14  1.83e-14  1.92e-14  2.04e-14  2.19e-14  2.36e-14  2.56e-14  2.78e-14  3.02e-14
1443 55  30  4.96e-13  4.98e-13  5.12e-13  5.27e-13  5.50e-13  5.79e-13  6.14e-13  6.55e-13  6.99e-13  7.48e-13  7.99e-13
1444 55  31  5.96e-12  5.97e-12  6.11e-12  6.29e-12  6.54e-12  6.87e-12  7.25e-12  7.68e-12  8.15e-12  8.66e-12  9.19e-12
1445 55  32  4.03e-15  4.09e-15  4.40e-15  4.54e-15  4.69e-15  4.87e-15  5.10e-15  5.38e-15  5.72e-15  6.13e-15  6.61e-15
1446 55  33  1.15e-15  1.18e-15  1.28e-15  1.33e-15  1.39e-15  1.48e-15  1.59e-15  1.72e-15  1.89e-15  2.09e-15  2.33e-15
1447 55  34  1.19e-16  1.24e-16  1.37e-16  1.43e-16  1.53e-16  1.67e-16  1.87e-16  2.12e-16  2.44e-16  2.82e-16  3.30e-16
1448 55  35  8.21e-16  8.37e-16  9.08e-16  9.40e-16  9.80e-16  1.03e-15  1.10e-15  1.18e-15  1.28e-15  1.41e-15  1.55e-15
1449 55  36  1.34e-14  1.36e-14  1.47e-14  1.52e-14  1.56e-14  1.62e-14  1.69e-14  1.79e-14  1.90e-14  2.04e-14  2.20e-14
1450 55  37  9.31e-14  9.45e-14  1.02e-13  1.06e-13  1.09e-13  1.12e-13  1.16e-13  1.22e-13  1.29e-13  1.38e-13  1.48e-13
1451 55  38  1.40e-13  1.54e-13  1.64e-13  1.50e-13  1.47e-13  1.51e-13  1.60e-13  1.71e-13  1.86e-13  2.02e-13  2.19e-13
1452 55  39  3.10e-14  3.52e-14  3.62e-14  2.99e-14  2.71e-14  2.64e-14  2.69e-14  2.83e-14  3.03e-14  3.29e-14  3.59e-14
1453 55  40  3.71e-15  4.38e-15  4.40e-15  3.26e-15  2.62e-15  2.29e-15  2.13e-15  2.09e-15  2.14e-15  2.24e-15  2.40e-15
1454 55  41  3.93e-14  4.16e-14  4.30e-14  3.99e-14  3.86e-14  3.85e-14  3.92e-14  4.04e-14  4.21e-14  4.41e-14  4.64e-14
1455 55  42  2.62e-12  2.67e-12  2.76e-12  2.72e-12  2.70e-12  2.71e-12  2.75e-12  2.80e-12  2.86e-12  2.94e-12  3.01e-12
1456 55  43  8.19e-11  8.26e-11  8.50e-11  8.45e-11  8.42e-11  8.43e-11  8.49e-11  8.59e-11  8.70e-11  8.84e-11  8.98e-11
1457 55  44  5.52e-15  5.99e-15  8.02e-15  8.08e-15  7.87e-15  7.71e-15  7.64e-15  7.69e-15  7.86e-15  8.14e-15  8.54e-15
1458 55  45  1.37e-15  1.51e-15  2.01e-15  2.01e-15  1.96e-15  1.94e-15  1.95e-15  2.00e-15  2.08e-15  2.20e-15  2.36e-15
1459 55  46  1.16e-16  1.32e-16  1.75e-16  1.70e-16  1.64e-16  1.62e-16  1.65e-16  1.72e-16  1.83e-16  2.00e-16  2.22e-16
1460 55  47  6.66e-16  7.31e-16  9.79e-16  9.88e-16  9.70e-16  9.61e-16  9.67e-16  9.91e-16  1.03e-15  1.09e-15  1.17e-15
1461 55  48  1.55e-14  1.69e-14  2.45e-14  2.69e-14  2.81e-14  2.91e-14  3.01e-14  3.12e-14  3.24e-14  3.38e-14  3.53e-14
1462 55  49  2.75e-13  3.04e-13  5.57e-13  7.35e-13  8.72e-13  9.81e-13  1.07e-12  1.15e-12  1.22e-12  1.28e-12  1.33e-12
1463 55  50  1.57e-13  1.90e-13  3.49e-13  4.24e-13  4.87e-13  5.43e-13  5.94e-13  6.41e-13  6.88e-13  7.34e-13  7.81e-13
1464 55  51  2.74e-14  3.33e-14  4.38e-14  4.21e-14  4.28e-14  4.46e-14  4.70e-14  4.96e-14  5.26e-14  5.59e-14  5.96e-14
1465 55  52  2.99e-15  3.64e-15  3.97e-15  3.14e-15  2.83e-15  2.78e-15  2.87e-15  3.03e-15  3.23e-15  3.45e-15  3.70e-15
1466 55  53  1.11E-14  1.34E-14  1.71E-14  1.59E-14  1.59E-14  1.64E-14  1.70E-14  1.80E-14  1.89E-14  2.02E-14  2.15E-14
1467 55  54  3.41E-13  4.13E-13  7.52E-13  9.10E-13  1.05E-12  1.17E-12  1.27E-12  1.38E-12  1.48E-12  1.57E-12  1.67E-12
1468 56  1   3.78e-16  3.81e-16  4.38e-16  5.09e-16  6.03e-16  7.31e-16  9.01e-16  1.12e-15  1.40e-15  1.74e-15  2.14e-15
1469 56  3   9.21e-16  9.09e-16  9.09e-16  9.63e-16  1.05e-15  1.17e-15  1.33e-15  1.53e-15  1.78e-15  2.08e-15  2.44e-15
1470 56  4   3.93e-16  3.87e-16  3.87e-16  4.10e-16  4.45e-16  4.96e-16  5.65e-16  6.51e-16  7.57e-16  8.85e-16  1.04e-15
1471 56  5   2.49e-16  2.47e-16  2.59e-16  2.84e-16  3.21e-16  3.73e-16  4.42e-16  5.32e-16  6.45e-16  7.86e-16  9.58e-16
1472 56  6   3.14e-16  3.10e-16  3.10e-16  3.28e-16  3.56e-16  3.97e-16  4.52e-16  5.21e-16  6.06e-16  7.08e-16  8.29e-16
1473 56  7   1.15e-16  1.14e-16  1.14e-16  1.21e-16  1.32e-16  1.47e-16  1.67e-16  1.93e-16  2.24e-16  2.62e-16  3.06e-16
1474 56  8   1.09e-14  1.08e-14  1.12e-14  1.20e-14  1.32e-14  1.48e-14  1.69e-14  1.95e-14  2.26e-14  2.62e-14  3.03e-14
1475 56  9   7.47e-15  7.41e-15  7.66e-15  8.23e-15  9.05e-15  1.02e-14  1.16e-14  1.34e-14  1.56e-14  1.81e-14  2.10e-14
1476 56  10  1.49e-15  1.48e-15  1.54e-15  1.66e-15  1.84e-15  2.08e-15  2.40e-15  2.79e-15  3.26e-15  3.81e-15  4.45e-15
1477 56  11  4.23e-16  4.21e-16  4.47e-16  4.93e-16  5.58e-16  6.46e-16  7.64e-16  9.13e-16  1.10e-15  1.32e-15  1.58e-15
1478 56  12  1.70e-15  1.69e-15  1.76e-15  1.90e-15  2.10e-15  2.38e-15  2.74e-15  3.18e-15  3.72e-15  4.36e-15  5.09e-15
1479 56  13  1.87e-15  1.85e-15  1.92e-15  2.06e-15  2.26e-15  2.55e-15  2.91e-15  3.36e-15  3.90e-15  4.53e-15  5.24e-15
1480 56  14  1.57e-14  1.55e-14  1.50e-14  1.52e-14  1.56e-14  1.64e-14  1.75e-14  1.90e-14  2.08e-14  2.29e-14  2.54e-14
1481 56  15  5.42e-15  5.34e-15  5.18e-15  5.26e-15  5.44e-15  5.75e-15  6.20e-15  6.77e-15  7.47e-15  8.31e-15  9.28e-15
1482 56  16  7.43e-16  7.32e-16  7.16e-16  7.39e-16  7.80e-16  8.42e-16  9.25e-16  1.03e-15  1.16e-15  1.32e-15  1.50e-15
1483 56  17  2.04e-16  2.01e-16  2.02e-16  2.15e-16  2.35e-16  2.65e-16  3.04e-16  3.54e-16  4.19e-16  4.98e-16  5.96e-16
1484 56  18  9.91e-16  9.76e-16  9.55e-16  9.82e-16  1.03e-15  1.11e-15  1.22e-15  1.36e-15  1.54e-15  1.74e-15  1.99e-15
1485 56  19  1.69e-15  1.67e-15  1.62e-15  1.64e-15  1.70e-15  1.80e-15  1.94e-15  2.12e-15  2.34e-15  2.60e-15  2.90e-15
1486 56  20  4.19e-13  4.15e-13  4.18e-13  4.34e-13  4.58e-13  4.91e-13  5.34e-13  5.86e-13  6.45e-13  7.12e-13  7.85e-13
1487 56  21  8.24e-14  8.16e-14  8.22e-14  8.55e-14  9.04e-14  9.74e-14  1.06e-13  1.17e-13  1.29e-13  1.43e-13  1.59e-13
1488 56  22  6.36e-15  6.29e-15  6.34e-15  6.62e-15  7.06e-15  7.67e-15  8.45e-15  9.40e-15  1.05e-14  1.18e-14  1.32e-14
1489 56  23  9.30e-16  9.20e-16  9.31e-16  9.83e-16  1.06e-15  1.18e-15  1.32e-15  1.50e-15  1.72e-15  1.96e-15  2.25e-15
1490 56  24  9.25e-15  9.15e-15  9.22e-15  9.64e-15  1.03e-14  1.12e-14  1.23e-14  1.37e-14  1.53e-14  1.71e-14  1.92e-14
1491 56  25  2.89e-14  2.86e-14  2.88e-14  2.99e-14  3.17e-14  3.41e-14  3.72e-14  4.09e-14  4.53e-14  5.02e-14  5.56e-14
1492 56  26  6.91e-14  6.86e-14  6.88e-14  6.96e-14  7.06e-14  7.25e-14  7.56e-14  7.97e-14  8.49e-14  9.11e-14  9.84e-14
1493 56  27  1.18e-14  1.17e-14  1.16e-14  1.18e-14  1.21e-14  1.26e-14  1.33e-14  1.43e-14  1.54e-14  1.67e-14  1.83e-14
1494 56  28  9.80e-16  9.65e-16  9.45e-16  9.70e-16  1.02e-15  1.09e-15  1.17e-15  1.28e-15  1.42e-15  1.58e-15  1.76e-15
1495 56  29  1.80e-16  1.77e-16  1.75e-16  1.82e-16  1.96e-16  2.16e-16  2.41e-16  2.73e-16  3.13e-16  3.62e-16  4.20e-16
1496 56  30  1.51e-15  1.48e-15  1.45e-15  1.49e-15  1.57e-15  1.67e-15  1.81e-15  1.98e-15  2.18e-15  2.42e-15  2.71e-15
1497 56  31  4.44e-15  4.39e-15  4.35e-15  4.41e-15  4.54e-15  4.73e-15  5.00e-15  5.35e-15  5.77e-15  6.27e-15  6.85e-15
1498 56  32  7.59e-12  7.49e-12  7.33e-12  7.38e-12  7.52e-12  7.76e-12  8.09e-12  8.50e-12  8.96e-12  9.46e-12  9.99e-12
1499 56  33  6.38e-13  6.29e-13  6.14e-13  6.20e-13  6.36e-13  6.60e-13  6.93e-13  7.32e-13  7.77e-13  8.25e-13  8.77e-13
1500 56  34  2.22e-14  2.19e-14  2.13e-14  2.16e-14  2.24e-14  2.36e-14  2.51e-14  2.69e-14  2.89e-14  3.12e-14  3.37e-14
1501 56  35  1.70e-15  1.68e-15  1.61e-15  1.64e-15  1.74e-15  1.87e-15  2.04e-15  2.24e-15  2.47e-15  2.73e-15  3.01e-15
1502 56  36  3.56e-14  3.51e-14  3.41e-14  3.46e-14  3.58e-14  3.78e-14  4.02e-14  4.31e-14  4.63e-14  4.99e-14  5.38e-14
1503 56  37  2.51e-13  2.47e-13  2.41e-13  2.44e-13  2.50e-13  2.59e-13  2.72e-13  2.88e-13  3.05e-13  3.24e-13  3.45e-13
1504 56  38  9.04e-14  9.00e-14  9.34e-14  9.66e-14  1.00e-13  1.05e-13  1.10e-13  1.17e-13  1.25e-13  1.34e-13  1.45e-13
1505 56  39  1.40e-14  1.39e-14  1.41e-14  1.46e-14  1.53e-14  1.61e-14  1.70e-14  1.80e-14  1.92e-14  2.07e-14  2.24e-14
1506 56  40  8.99e-16  8.88e-16  8.97e-16  9.39e-16  1.00e-15  1.07e-15  1.15e-15  1.25e-15  1.35e-15  1.48e-15  1.63e-15
1507 56  41  1.18e-16  1.17e-16  1.19e-16  1.26e-16  1.38e-16  1.52e-16  1.68e-16  1.88e-16  2.11e-16  2.38e-16  2.71e-16
1508 56  42  1.48e-15  1.46e-15  1.48e-15  1.54e-15  1.64e-15  1.76e-15  1.89e-15  2.05e-15  2.22e-15  2.43e-15  2.68e-15
1509 56  43  5.69e-15  5.63e-15  5.72e-15  5.93e-15  6.20e-15  6.52e-15  6.89e-15  7.31e-15  7.81e-15  8.40e-15  9.09e-15
1510 56  44  9.30e-11  9.23e-11  9.16e-11  9.01e-11  8.87e-11  8.81e-11  8.80e-11  8.85e-11  8.94e-11  9.06e-11  9.19e-11
1511 56  45  3.04e-12  3.03e-12  2.97e-12  2.92e-12  2.91e-12  2.92e-12  2.96e-12  3.01e-12  3.07e-12  3.14e-12  3.21e-12
1512 56  46  4.61e-14  4.64e-14  4.39e-14  4.20e-14  4.24e-14  4.37e-14  4.52e-14  4.70e-14  4.89e-14  5.10e-14  5.32e-14
1513 56  47  2.50e-15  2.62e-15  2.39e-15  2.07e-15  2.01e-15  2.06e-15  2.15e-15  2.25e-15  2.37e-15  2.52e-15  2.68e-15
1514 56  48  7.77e-14  7.81e-14  7.39e-14  7.08e-14  7.14e-14  7.35e-14  7.62e-14  7.91e-14  8.23e-14  8.59e-14  8.96e-14
1515 56  49  1.27e-12  1.26e-12  1.24e-12  1.22e-12  1.21e-12  1.22e-12  1.23e-12  1.25e-12  1.28e-12  1.31e-12  1.34e-12
1516 56  50  2.18e-13  2.32e-13  3.91e-13  5.31e-13  6.54e-13  7.60e-13  8.51e-13  9.30e-13  1.00e-12  1.06e-12  1.12e-12
1517 56  51  1.48e-14  1.52e-14  1.97e-14  2.25e-14  2.47e-14  2.66e-14  2.82e-14  2.97e-14  3.12e-14  3.28e-14  3.45e-14
1518 56  52  6.42e-16  6.54e-16  8.05e-16  8.81e-16  9.40e-16  9.91e-16  1.04e-15  1.09e-15  1.14e-15  1.21e-15  1.29e-15
1519 56  53  5.63e-17  5.84e-17  7.57e-17  8.52e-17  9.34e-17  1.01e-16  1.08e-16  1.16e-16  1.25e-16  1.36e-16  1.49e-16
1520 56  54  1.10e-15  1.12e-15  1.38e-15  1.51e-15  1.61e-15  1.70e-15  1.78e-15  1.86e-15  1.96e-15  2.07e-15  2.21e-15
1521 56  55  6.30e-15  6.45e-15  8.38e-15  9.56e-15  1.05e-14  1.13e-14  1.20e-14  1.26e-14  1.33e-14  1.39e-14  1.46e-14
1522 57  1   2.64e-16  2.66e-16  3.06e-16  3.56e-16  4.21e-16  5.11e-16  6.31e-16  7.84e-16  9.77e-16  1.21e-15  1.50e-15
1523 57  2   1.14e-16  1.14e-16  1.32e-16  1.54e-16  1.83e-16  2.22e-16  2.74e-16  3.40e-16  4.23e-16  5.25e-16  6.48e-16
1524 57  3   4.84e-16  4.78e-16  4.78e-16  5.06e-16  5.51e-16  6.14e-16  6.99e-16  8.05e-16  9.36e-16  1.09e-15  1.28e-15
1525 57  4   8.30e-16  8.19e-16  8.19e-16  8.68e-16  9.44e-16  1.05e-15  1.20e-15  1.38e-15  1.61e-15  1.88e-15  2.20e-15
1526 57  5   3.69e-16  3.65e-16  3.70e-16  3.97e-16  4.38e-16  4.96e-16  5.73e-16  6.70e-16  7.91e-16  9.38e-16  1.12e-15
1527 57  6   1.30e-16  1.29e-16  1.36e-16  1.49e-16  1.68e-16  1.95e-16  2.32e-16  2.79e-16  3.39e-16  4.14e-16  5.06e-16
1528 57  7   1.78e-16  1.76e-16  1.76e-16  1.86e-16  2.03e-16  2.27e-16  2.58e-16  2.97e-16  3.45e-16  4.03e-16  4.72e-16
1529 57  8   7.96e-17  7.90e-17  8.47e-17  9.66e-17  1.15e-16  1.40e-16  1.73e-16  2.15e-16  2.67e-16  3.32e-16  4.10e-16
1530 57  9   1.30e-14  1.29e-14  1.34e-14  1.44e-14  1.58e-14  1.77e-14  2.02e-14  2.33e-14  2.70e-14  3.13e-14  3.62e-14
1531 57  10  6.76e-15  6.71e-15  6.94e-15  7.46e-15  8.21e-15  9.23e-15  1.06e-14  1.22e-14  1.42e-14  1.65e-14  1.91e-14
1532 57  11  1.62e-15  1.60e-15  1.67e-15  1.81e-15  2.01e-15  2.28e-15  2.63e-15  3.07e-15  3.60e-15  4.22e-15  4.94e-15
1533 57  12  1.44e-15  1.43e-15  1.48e-15  1.59e-15  1.74e-15  1.96e-15  2.24e-15  2.59e-15  3.01e-15  3.50e-15  4.06e-15
1534 57  13  9.39e-16  9.32e-16  9.72e-16  1.05e-15  1.17e-15  1.33e-15  1.53e-15  1.79e-15  2.10e-15  2.47e-15  2.90e-15
1535 57  14  3.85e-16  3.78e-16  3.73e-16  3.97e-16  4.39e-16  4.96e-16  5.70e-16  6.61e-16  7.73e-16  9.08e-16  1.07e-15
1536 57  15  1.66e-14  1.63e-14  1.58e-14  1.60e-14  1.64e-14  1.72e-14  1.84e-14  1.99e-14  2.18e-14  2.40e-14  2.66e-14
1537 57  16  4.93e-15  4.86e-15  4.72e-15  4.80e-15  4.97e-15  5.26e-15  5.67e-15  6.20e-15  6.85e-15  7.62e-15  8.53e-15
1538 57  17  9.32e-16  9.18e-16  9.00e-16  9.28e-16  9.81e-16  1.06e-15  1.17e-15  1.31e-15  1.48e-15  1.69e-15  1.93e-15
1539 57  18  1.37e-15  1.35e-15  1.31e-15  1.32e-15  1.37e-15  1.44e-15  1.54e-15  1.68e-15  1.85e-15  2.06e-15  2.29e-15
1540 57  19  5.88e-16  5.79e-16  5.69e-16  5.88e-16  6.23e-16  6.76e-16  7.49e-16  8.42e-16  9.57e-16  1.10e-15  1.26e-15
1541 57  20  3.51e-15  3.46e-15  3.43e-15  3.67e-15  4.12e-15  4.73e-15  5.50e-15  6.43e-15  7.54e-15  8.85e-15  1.03e-14
1542 57  21  4.30e-13  4.26e-13  4.29e-13  4.46e-13  4.70e-13  5.04e-13  5.47e-13  6.00e-13  6.61e-13  7.29e-13  8.03e-13
1543 57  22  7.44e-14  7.36e-14  7.42e-14  7.72e-14  8.16e-14  8.79e-14  9.60e-14  1.06e-13  1.17e-13  1.30e-13  1.44e-13
1544 57  23  8.46e-15  8.37e-15  8.43e-15  8.82e-15  9.40e-15  1.02e-14  1.13e-14  1.25e-14  1.40e-14  1.57e-14  1.76e-14
1545 57  24  2.54e-14  2.52e-14  2.54e-14  2.64e-14  2.79e-14  2.99e-14  3.26e-14  3.58e-14  3.95e-14  4.37e-14  4.83e-14
1546 57  25  5.13e-15  5.07e-15  5.11e-15  5.36e-15  5.74e-15  6.27e-15  6.95e-15  7.77e-15  8.74e-15  9.84e-15  1.11e-14
1547 57  26  3.17e-15  3.10e-15  2.97e-15  3.05e-15  3.23e-15  3.49e-15  3.80e-15  4.18e-15  4.62e-15  5.15e-15  5.75e-15
1548 57  27  6.80e-14  6.75e-14  6.79e-14  6.86e-14  6.95e-14  7.13e-14  7.41e-14  7.81e-14  8.30e-14  8.90e-14  9.60e-14
1549 57  28  1.08e-14  1.06e-14  1.05e-14  1.07e-14  1.10e-14  1.15e-14  1.21e-14  1.30e-14  1.40e-14  1.52e-14  1.67e-14
1550 57  29  1.39e-15  1.37e-15  1.34e-15  1.38e-15  1.44e-15  1.54e-15  1.67e-15  1.83e-15  2.02e-15  2.25e-15  2.52e-15
1551 57  30  3.71e-15  3.67e-15  3.64e-15  3.69e-15  3.77e-15  3.91e-15  4.11e-15  4.37e-15  4.70e-15  5.08e-15  5.52e-15
1552 57  31  1.03e-15  1.02e-15  9.95e-16  1.02e-15  1.08e-15  1.16e-15  1.26e-15  1.39e-15  1.54e-15  1.72e-15  1.94e-15
1553 57  32  4.30e-14  4.22e-14  3.99e-14  4.14e-14  4.55e-14  5.09e-14  5.70e-14  6.39e-14  7.16e-14  8.01e-14  8.95e-14
1554 57  33  7.63e-12  7.53e-12  7.37e-12  7.42e-12  7.56e-12  7.80e-12  8.13e-12  8.53e-12  8.99e-12  9.49e-12  1.00e-11
1555 57  34  5.75e-13  5.67e-13  5.54e-13  5.59e-13  5.73e-13  5.95e-13  6.25e-13  6.60e-13  7.00e-13  7.44e-13  7.91e-13
1556 57  35  3.23e-14  3.18e-14  3.09e-14  3.13e-14  3.25e-14  3.42e-14  3.65e-14  3.91e-14  4.20e-14  4.53e-14  4.89e-14
1557 57  36  2.35e-13  2.32e-13  2.26e-13  2.28e-13  2.34e-13  2.42e-13  2.54e-13  2.68e-13  2.84e-13  3.01e-13  3.20e-13
1558 57  37  2.08e-14  2.05e-14  1.99e-14  2.02e-14  2.11e-14  2.24e-14  2.40e-14  2.59e-14  2.80e-14  3.04e-14  3.30e-14
1559 57  38  8.56e-15  8.45e-15  8.49e-15  8.81e-15  9.25e-15  9.76e-15  1.03e-14  1.10e-14  1.17e-14  1.26e-14  1.36e-14
1560 57  39  8.40e-14  8.37e-14  8.70e-14  9.00e-14  9.35e-14  9.76e-14  1.03e-13  1.09e-13  1.16e-13  1.25e-13  1.35e-13
1561 57  40  1.28e-14  1.26e-14  1.28e-14  1.33e-14  1.39e-14  1.46e-14  1.54e-14  1.64e-14  1.75e-14  1.89e-14  2.04e-14
1562 57  41  1.35e-15  1.34e-15  1.35e-15  1.41e-15  1.50e-15  1.61e-15  1.73e-15  1.88e-15  2.04e-15  2.24e-15  2.46e-15
1563 57  42  4.75e-15  4.71e-15  4.79e-15  4.95e-15  5.16e-15  5.41e-15  5.69e-15  6.02e-15  6.41e-15  6.87e-15  7.40e-15
1564 57  43  1.18e-15  1.17e-15  1.18e-15  1.23e-15  1.32e-15  1.41e-15  1.52e-15  1.65e-15  1.80e-15  1.97e-15  2.17e-15
1565 57  44  3.78e-13  3.79e-13  3.43e-13  3.32e-13  3.54e-13  3.86e-13  4.18e-13  4.49e-13  4.81e-13  5.14e-13  5.47e-13
1566 57  45  9.29e-11  9.23e-11  9.16e-11  9.01e-11  8.87e-11  8.80e-11  8.80e-11  8.84e-11  8.93e-11  9.04e-11  9.17e-11
1567 57  46  2.74e-12  2.73e-12  2.68e-12  2.63e-12  2.62e-12  2.63e-12  2.67e-12  2.71e-12  2.76e-12  2.83e-12  2.89e-12
1568 57  47  7.04e-14  7.07e-14  6.69e-14  6.41e-14  6.46e-14  6.65e-14  6.89e-14  7.16e-14  7.45e-14  7.77e-14  8.11e-14
1569 57  48  1.22e-12  1.22e-12  1.20e-12  1.18e-12  1.17e-12  1.17e-12  1.19e-12  1.21e-12  1.23e-12  1.25e-12  1.28e-12
1570 57  49  5.56e-14  5.60e-14  5.25e-14  5.00e-14  5.06e-14  5.24e-14  5.46e-14  5.71e-14  5.97e-14  6.25e-14  6.56e-14
1571 57  50  1.09e-14  1.10e-14  1.33e-14  1.43e-14  1.49e-14  1.54e-14  1.59e-14  1.63e-14  1.69e-14  1.76e-14  1.84e-14
1572 57  51  2.09e-13  2.23e-13  3.81e-13  5.20e-13  6.42e-13  7.48e-13  8.39e-13  9.17e-13  9.87e-13  1.05e-12  1.11e-12
1573 57  52  1.35e-14  1.38e-14  1.79e-14  2.04e-14  2.24e-14  2.41e-14  2.56e-14  2.70e-14  2.83e-14  2.97e-14  3.12e-14
1574 57  53  1.00e-15  1.02e-15  1.26e-15  1.37e-15  1.47e-15  1.55e-15  1.62e-15  1.70e-15  1.78e-15  1.89e-15  2.01e-15
1575 57  54  5.46e-15  5.60e-15  7.33e-15  8.42e-15  9.30e-15  1.00e-14  1.07e-14  1.13e-14  1.18e-14  1.24e-14  1.30e-14
1576 57  55  9.90e-16  1.01e-15  1.24e-15  1.36e-15  1.45e-15  1.52e-15  1.60e-15  1.67e-15  1.76e-15  1.86e-15  1.98e-15
1577 57  56  2.93e-13  3.46e-13  6.70e-13  1.05e-12  1.51e-12  1.89e-12  2.16e-12  2.35e-12  2.48e-12  2.58e-12  2.65e-12
1578 58  1   1.38e-16  1.39e-16  1.60e-16  1.85e-16  2.19e-16  2.66e-16  3.28e-16  4.08e-16  5.09e-16  6.33e-16  7.80e-16
1579 58  2   2.40e-16  2.42e-16  2.79e-16  3.24e-16  3.85e-16  4.68e-16  5.77e-16  7.17e-16  8.92e-16  1.11e-15  1.36e-15
1580 58  3   7.95e-19  7.31e-19  4.04e-19  2.53e-19  1.75e-19  1.30e-19  1.01e-19  8.16e-20  6.76e-20  5.72e-20  4.92e-20
1581 58  4   1.31e-15  1.30e-15  1.30e-15  1.37e-15  1.49e-15  1.66e-15  1.89e-15  2.18e-15  2.54e-15  2.97e-15  3.47e-15
1582 58  5   3.85e-16  3.80e-16  3.81e-16  4.05e-16  4.42e-16  4.95e-16  5.66e-16  6.55e-16  7.65e-16  8.99e-16  1.06e-15
1583 58  6   2.41e-16  2.38e-16  2.43e-16  2.62e-16  2.90e-16  3.29e-16  3.82e-16  4.50e-16  5.34e-16  6.37e-16  7.61e-16
1584 58  7   5.15e-17  5.15e-17  5.70e-17  6.57e-17  7.78e-17  9.41e-17  1.15e-16  1.43e-16  1.78e-16  2.22e-16  2.77e-16
1585 58  8   2.47e-17  2.49e-17  2.90e-17  3.43e-17  4.16e-17  5.14e-17  6.44e-17  8.10e-17  1.02e-16  1.27e-16  1.58e-16
1586 58  9   1.09e-16  1.08e-16  1.18e-16  1.36e-16  1.63e-16  1.99e-16  2.47e-16  3.08e-16  3.84e-16  4.78e-16  5.90e-16
1587 58  10  1.97e-14  1.96e-14  2.03e-14  2.18e-14  2.39e-14  2.68e-14  3.06e-14  3.53e-14  4.09e-14  4.75e-14  5.50e-14
1588 58  11  3.02e-15  3.00e-15  3.11e-15  3.35e-15  3.68e-15  4.15e-15  4.75e-15  5.50e-15  6.40e-15  7.45e-15  8.65e-15
1589 58  12  9.30e-16  9.24e-16  9.66e-16  1.05e-15  1.17e-15  1.33e-15  1.55e-15  1.81e-15  2.14e-15  2.52e-15  2.97e-15
1590 58  13  3.83e-17  3.86e-17  4.54e-17  5.45e-17  6.72e-17  8.48e-17  1.09e-16  1.40e-16  1.81e-16  2.33e-16  2.96e-16
1591 58  14  5.12e-17  5.05e-17  5.13e-17  5.51e-17  6.12e-17  7.01e-17  8.22e-17  9.79e-17  1.18e-16  1.42e-16  1.71e-16
1592 58  15  4.00e-16  3.93e-16  3.89e-16  4.15e-16  4.59e-16  5.20e-16  5.98e-16  6.95e-16  8.14e-16  9.58e-16  1.13e-15
1593 58  16  2.14e-14  2.11e-14  2.05e-14  2.07e-14  2.13e-14  2.24e-14  2.39e-14  2.60e-14  2.85e-14  3.14e-14  3.49e-14
1594 58  17  2.27e-15  2.23e-15  2.17e-15  2.21e-15  2.29e-15  2.43e-15  2.63e-15  2.88e-15  3.19e-15  3.56e-15  4.00e-15
1595 58  18  5.71e-16  5.63e-16  5.54e-16  5.75e-16  6.12e-16  6.68e-16  7.43e-16  8.39e-16  9.58e-16  1.10e-15  1.27e-15
1596 58  19  4.93e-17  4.87e-17  5.14e-17  5.80e-17  6.73e-17  7.98e-17  9.63e-17  1.18e-16  1.45e-16  1.79e-16  2.22e-16
1597 58  20  2.11e-16  2.09e-16  2.16e-16  2.39e-16  2.73e-16  3.20e-16  3.80e-16  4.55e-16  5.46e-16  6.55e-16  7.81e-16
1598 58  21  3.38e-15  3.33e-15  3.30e-15  3.54e-15  3.98e-15  4.57e-15  5.31e-15  6.21e-15  7.29e-15  8.56e-15  1.00e-14
1599 58  22  5.04e-13  4.99e-13  5.03e-13  5.23e-13  5.51e-13  5.91e-13  6.43e-13  7.05e-13  7.77e-13  8.58e-13  9.46e-13
1600 58  23  3.41e-14  3.38e-14  3.40e-14  3.54e-14  3.75e-14  4.04e-14  4.41e-14  4.86e-14  5.38e-14  5.97e-14  6.61e-14
1601 58  24  4.78e-15  4.73e-15  4.77e-15  5.00e-15  5.36e-15  5.86e-15  6.50e-15  7.28e-15  8.19e-15  9.23e-15  1.04e-14
1602 58  25  1.17e-16  1.16e-16  1.19e-16  1.32e-16  1.52e-16  1.80e-16  2.15e-16  2.59e-16  3.13e-16  3.79e-16  4.56e-16
1603 58  26  1.66e-16  1.63e-16  1.60e-16  1.68e-16  1.83e-16  2.03e-16  2.29e-16  2.60e-16  2.98e-16  3.43e-16  3.97e-16
1604 58  27  2.98e-15  2.92e-15  2.80e-15  2.88e-15  3.05e-15  3.29e-15  3.58e-15  3.94e-15  4.37e-15  4.87e-15  5.44e-15
1605 58  28  7.88e-14  7.81e-14  7.84e-14  7.93e-14  8.05e-14  8.27e-14  8.63e-14  9.10e-14  9.70e-14  1.04e-13  1.13e-13
1606 58  29  5.09e-15  5.03e-15  4.98e-15  5.06e-15  5.20e-15  5.43e-15  5.75e-15  6.16e-15  6.66e-15  7.25e-15  7.95e-15
1607 58  30  9.70e-16  9.55e-16  9.33e-16  9.61e-16  1.02e-15  1.09e-15  1.19e-15  1.31e-15  1.46e-15  1.63e-15  1.84e-15
1608 58  31  6.76e-17  6.65e-17  6.58e-17  6.98e-17  7.67e-17  8.64e-17  9.91e-17  1.15e-16  1.36e-16  1.61e-16  1.92e-16
1609 58  32  1.28e-15  1.27e-15  1.20e-15  1.25e-15  1.38e-15  1.56e-15  1.77e-15  2.03e-15  2.33e-15  2.67e-15  3.06e-15
1610 58  33  3.99e-14  3.91e-14  3.70e-14  3.84e-14  4.22e-14  4.72e-14  5.28e-14  5.92e-14  6.64e-14  7.43e-14  8.31e-14
1611 58  34  8.21e-12  8.10e-12  7.92e-12  7.98e-12  8.13e-12  8.40e-12  8.76e-12  9.20e-12  9.69e-12  1.02e-11  1.08e-11
1612 58  35  2.68e-13  2.65e-13  2.58e-13  2.61e-13  2.67e-13  2.78e-13  2.92e-13  3.09e-13  3.27e-13  3.48e-13  3.70e-13
1613 58  36  1.91e-14  1.89e-14  1.83e-14  1.86e-14  1.94e-14  2.06e-14  2.21e-14  2.38e-14  2.58e-14  2.80e-14  3.04e-14
1614 58  37  3.57e-16  3.54e-16  3.32e-16  3.40e-16  3.74e-16  4.23e-16  4.83e-16  5.55e-16  6.39e-16  7.37e-16  8.49e-16
1615 58  38  3.11e-16  3.07e-16  3.09e-16  3.27e-16  3.55e-16  3.87e-16  4.24e-16  4.67e-16  5.18e-16  5.77e-16  6.46e-16
1616 58  39  7.91e-15  7.81e-15  7.85e-15  8.14e-15  8.55e-15  9.02e-15  9.56e-15  1.02e-14  1.09e-14  1.17e-14  1.26e-14
1617 58  40  9.71e-14  9.66e-14  1.00e-13  1.04e-13  1.08e-13  1.13e-13  1.18e-13  1.25e-13  1.34e-13  1.44e-13  1.56e-13
1618 58  41  6.13e-15  6.06e-15  6.16e-15  6.38e-15  6.68e-15  7.04e-15  7.44e-15  7.91e-15  8.45e-15  9.10e-15  9.85e-15
1619 58  42  1.10e-15  1.08e-15  1.09e-15  1.14e-15  1.22e-15  1.31e-15  1.41e-15  1.53e-15  1.67e-15  1.83e-15  2.02e-15
1620 58  43  6.64e-17  6.58e-17  6.69e-17  7.17e-17  7.93e-17  8.84e-17  9.89e-17  1.11e-16  1.26e-16  1.44e-16  1.66e-16
1621 58  44  8.96e-15  9.22e-15  8.02e-15  7.07e-15  7.12e-15  7.52e-15  8.03e-15  8.59e-15  9.21e-15  9.90e-15  1.06e-14
1622 58  45  3.47e-13  3.48e-13  3.15e-13  3.04e-13  3.25e-13  3.54e-13  3.83e-13  4.12e-13  4.41e-13  4.71e-13  5.02e-13
1623 58  46  9.57e-11  9.50e-11  9.43e-11  9.28e-11  9.14e-11  9.07e-11  9.07e-11  9.12e-11  9.21e-11  9.33e-11  9.46e-11
1624 58  47  1.30e-12  1.29e-12  1.27e-12  1.24e-12  1.24e-12  1.24e-12  1.26e-12  1.28e-12  1.31e-12  1.34e-12  1.37e-12
1625 58  48  5.10e-14  5.14e-14  4.81e-14  4.58e-14  4.63e-14  4.80e-14  5.00e-14  5.22e-14  5.46e-14  5.72e-14  6.01e-14
1626 58  49  1.44e-15  1.53e-15  1.37e-15  1.14e-15  1.09e-15  1.10e-15  1.15e-15  1.21e-15  1.28e-15  1.36e-15  1.46e-15
1627 58  50  4.03e-16  4.11e-16  5.05e-16  5.53e-16  5.91e-16  6.23e-16  6.54e-16  6.86e-16  7.24e-16  7.69e-16  8.23e-16
1628 58  51  9.99e-15  1.01e-14  1.22e-14  1.31e-14  1.37e-14  1.42e-14  1.46e-14  1.50e-14  1.55e-14  1.62e-14  1.69e-14
1629 58  52  2.23e-13  2.38e-13  3.99e-13  5.41e-13  6.65e-13  7.73e-13  8.65e-13  9.45e-13  1.02e-12  1.08e-12  1.14e-12
1630 58  53  6.50e-15  6.66e-15  8.63e-15  9.84e-15  1.08e-14  1.16e-14  1.23e-14  1.30e-14  1.36e-14  1.43e-14  1.50e-14
1631 58  54  9.09e-16  9.27e-16  1.14e-15  1.25e-15  1.33e-15  1.40e-15  1.47e-15  1.54e-15  1.62e-15  1.71e-15  1.83e-15
1632 58  55  4.55e-17  4.72e-17  6.16e-17  6.87e-17  7.43e-17  7.94e-17  8.46e-17  9.05e-17  9.77e-17  1.07e-16  1.18e-16
1633 58  56  5.55e-15  6.66e-15  1.01e-14  1.47e-14  2.15e-14  2.72e-14  3.12e-14  3.38e-14  3.55e-14  3.67e-14  3.75e-14
1634 58  57  2.67e-13  3.16e-13  6.12e-13  9.58e-13  1.38e-12  1.72e-12  1.97e-12  2.14e-12  2.26e-12  2.35e-12  2.42e-12
1635 59  1   3.78e-16  3.81e-16  4.38e-16  5.09e-16  6.03e-16  7.31e-16  9.01e-16  1.12e-15  1.40e-15  1.74e-15  2.14e-15
1636 59  3   4.60e-17  4.61e-17  5.11e-17  5.78e-17  6.70e-17  8.02e-17  9.84e-17  1.23e-16  1.54e-16  1.93e-16  2.42e-16
1637 59  4   2.71e-17  2.71e-17  2.94e-17  3.35e-17  3.94e-17  4.76e-17  5.83e-17  7.23e-17  9.01e-17  1.13e-16  1.40e-16
1638 59  5   1.89e-15  1.87e-15  1.87e-15  1.98e-15  2.16e-15  2.41e-15  2.74e-15  3.16e-15  3.68e-15  4.30e-15  5.04e-15
1639 59  6   2.14e-17  2.14e-17  2.32e-17  2.56e-17  2.93e-17  3.49e-17  4.30e-17  5.39e-17  6.81e-17  8.60e-17  1.08e-16
1640 59  7   5.77e-18  5.75e-18  5.90e-18  6.69e-18  8.04e-18  9.94e-18  1.24e-17  1.56e-17  1.96e-17  2.46e-17  3.07e-17
1641 59  8   2.87e-18  2.99e-18  4.37e-18  5.78e-18  7.75e-18  1.07e-17  1.51e-17  2.12e-17  2.95e-17  4.06e-17  5.48e-17
1642 59  9   5.01e-17  5.04e-17  5.90e-17  7.07e-17  8.66e-17  1.08e-16  1.37e-16  1.74e-16  2.21e-16  2.80e-16  3.51e-16
1643 59  10  1.02e-16  1.02e-16  1.13e-16  1.31e-16  1.57e-16  1.92e-16  2.39e-16  3.00e-16  3.76e-16  4.70e-16  5.83e-16
1644 59  11  2.36e-14  2.34e-14  2.42e-14  2.60e-14  2.86e-14  3.21e-14  3.66e-14  4.23e-14  4.90e-14  5.69e-14  6.59e-14
1645 59  12  1.17e-16  1.17e-16  1.29e-16  1.50e-16  1.79e-16  2.20e-16  2.73e-16  3.43e-16  4.30e-16  5.37e-16  6.67e-16
1646 59  13  1.26e-17  1.27e-17  1.51e-17  1.81e-17  2.20e-17  2.72e-17  3.43e-17  4.35e-17  5.53e-17  6.99e-17  8.77e-17
1647 59  14  9.05e-18  9.09e-18  1.05e-17  1.24e-17  1.52e-17  1.91e-17  2.47e-17  3.22e-17  4.23e-17  5.54e-17  7.22e-17
1648 59  15  9.10e-17  8.99e-17  9.28e-17  1.01e-16  1.14e-16  1.32e-16  1.56e-16  1.87e-16  2.25e-16  2.74e-16  3.32e-16
1649 59  16  2.74e-16  2.69e-16  2.67e-16  2.86e-16  3.18e-16  3.61e-16  4.16e-16  4.86e-16  5.71e-16  6.74e-16  7.96e-16
1650 59  17  2.40e-14  2.37e-14  2.29e-14  2.32e-14  2.39e-14  2.51e-14  2.69e-14  2.92e-14  3.20e-14  3.54e-14  3.93e-14
1651 59  18  3.65e-16  3.59e-16  3.57e-16  3.83e-16  4.25e-16  4.83e-16  5.57e-16  6.49e-16  7.63e-16  9.00e-16  1.06e-15
1652 59  19  2.87e-17  2.83e-17  2.93e-17  3.24e-17  3.68e-17  4.27e-17  5.04e-17  6.01e-17  7.23e-17  8.72e-17  1.05e-16
1653 59  20  8.73e-18  8.81e-18  1.04e-17  1.23e-17  1.50e-17  1.88e-17  2.42e-17  3.14e-17  4.10e-17  5.33e-17  6.86e-17
1654 59  21  3.51e-16  3.47e-16  3.60e-16  3.96e-16  4.52e-16  5.29e-16  6.30e-16  7.56e-16  9.09e-16  1.09e-15  1.31e-15
1655 59  22  1.98e-15  1.95e-15  1.94e-15  2.08e-15  2.34e-15  2.70e-15  3.14e-15  3.68e-15  4.32e-15  5.08e-15  5.95e-15
1656 59  23  5.42e-13  5.36e-13  5.41e-13  5.61e-13  5.92e-13  6.35e-13  6.91e-13  7.58e-13  8.35e-13  9.22e-13  1.02e-12
1657 59  24  2.88e-15  2.84e-15  2.82e-15  3.03e-15  3.41e-15  3.92e-15  4.56e-15  5.34e-15  6.28e-15  7.38e-15  8.64e-15
1658 59  25  1.23e-16  1.21e-16  1.26e-16  1.38e-16  1.58e-16  1.85e-16  2.21e-16  2.65e-16  3.19e-16  3.83e-16  4.58e-16
1659 59  26  1.26e-17  1.24e-17  1.28e-17  1.51e-17  1.89e-17  2.36e-17  2.92e-17  3.59e-17  4.43e-17  5.47e-17  6.77e-17
1660 59  27  2.74e-16  2.69e-16  2.64e-16  2.78e-16  3.02e-16  3.35e-16  3.78e-16  4.30e-16  4.95e-16  5.72e-16  6.64e-16
1661 59  28  1.65e-15  1.61e-15  1.54e-15  1.59e-15  1.69e-15  1.82e-15  1.99e-15  2.19e-15  2.43e-15  2.71e-15  3.04e-15
1662 59  29  8.35e-14  8.28e-14  8.30e-14  8.40e-14  8.53e-14  8.77e-14  9.15e-14  9.66e-14  1.03e-13  1.11e-13  1.20e-13
1663 59  30  2.53e-15  2.48e-15  2.38e-15  2.45e-15  2.60e-15  2.80e-15  3.06e-15  3.37e-15  3.74e-15  4.17e-15  4.68e-15
1664 59  31  1.03e-16  1.01e-16  9.89e-17  1.04e-16  1.12e-16  1.24e-16  1.40e-16  1.60e-16  1.84e-16  2.12e-16  2.47e-16
1665 59  32  5.78e-17  5.87e-17  5.34e-17  5.11e-17  5.54e-17  6.35e-17  7.47e-17  8.93e-17  1.08e-16  1.30e-16  1.57e-16
1666 59  33  2.09e-15  2.06e-15  1.95e-15  2.03e-15  2.24e-15  2.53e-15  2.89e-15  3.31e-15  3.80e-15  4.35e-15  4.98e-15
1667 59  34  2.09e-14  2.05e-14  1.94e-14  2.01e-14  2.21e-14  2.47e-14  2.77e-14  3.10e-14  3.48e-14  3.90e-14  4.36e-14
1668 59  35  8.48e-12  8.37e-12  8.19e-12  8.24e-12  8.40e-12  8.68e-12  9.05e-12  9.50e-12  1.00e-11  1.06e-11  1.12e-11
1669 59  36  3.34e-14  3.28e-14  3.10e-14  3.22e-14  3.54e-14  3.95e-14  4.43e-14  4.97e-14  5.57e-14  6.24e-14  6.98e-14
1670 59  37  8.20e-16  8.08e-16  7.66e-16  7.95e-16  8.77e-16  9.90e-16  1.13e-15  1.29e-15  1.49e-15  1.70e-15  1.95e-15
1671 59  38  2.17e-17  2.17e-17  2.23e-17  2.45e-17  2.81e-17  3.25e-17  3.77e-17  4.40e-17  5.17e-17  6.12e-17  7.27e-17
1672 59  39  5.05e-16  4.99e-16  5.02e-16  5.32e-16  5.77e-16  6.30e-16  6.91e-16  7.62e-16  8.45e-16  9.42e-16  1.06e-15
1673 59  40  4.06e-15  4.00e-15  4.02e-15  4.17e-15  4.39e-15  4.63e-15  4.91e-15  5.23e-15  5.59e-15  6.02e-15  6.51e-15
1674 59  41  1.01e-13  1.01e-13  1.04e-13  1.08e-13  1.12e-13  1.17e-13  1.23e-13  1.31e-13  1.39e-13  1.50e-13  1.63e-13
1675 59  42  6.68e-15  6.59e-15  6.62e-15  6.87e-15  7.22e-15  7.63e-15  8.09e-15  8.61e-15  9.22e-15  9.92e-15  1.07e-14
1676 59  43  2.05e-16  2.02e-16  2.04e-16  2.16e-16  2.35e-16  2.57e-16  2.82e-16  3.10e-16  3.44e-16  3.84e-16  4.30e-16
1677 59  44  6.11e-16  6.79e-16  6.22e-16  4.76e-16  4.18e-16  3.99e-16  3.97e-16  4.05e-16  4.21e-16  4.45e-16  4.77e-16
1678 59  45  1.45e-14  1.49e-14  1.30e-14  1.14e-14  1.15e-14  1.21e-14  1.29e-14  1.39e-14  1.48e-14  1.59e-14  1.72e-14
1679 59  46  1.73e-13  1.73e-13  1.57e-13  1.52e-13  1.62e-13  1.76e-13  1.91e-13  2.05e-13  2.19e-13  2.34e-13  2.50e-13
1680 59  47  9.69e-11  9.62e-11  9.55e-11  9.39e-11  9.25e-11  9.18e-11  9.18e-11  9.24e-11  9.33e-11  9.45e-11  9.59e-11
1681 59  48  2.91e-13  2.92e-13  2.65e-13  2.55e-13  2.72e-13  2.96e-13  3.21e-13  3.45e-13  3.70e-13  3.95e-13  4.21e-13
1682 59  49  6.03e-15  6.21e-15  5.41e-15  4.76e-15  4.79e-15  5.05e-15  5.39e-15  5.77e-15  6.18e-15  6.64e-15  7.14e-15
1683 59  50  2.58e-17  2.71e-17  3.63e-17  4.17e-17  4.68e-17  5.13e-17  5.57e-17  6.03e-17  6.56e-17  7.20e-17  7.99e-17
1684 59  51  6.49e-16  6.62e-16  8.15e-16  8.92e-16  9.53e-16  1.01e-15  1.06e-15  1.11e-15  1.17e-15  1.24e-15  1.33e-15
1685 59  52  4.95e-15  5.03e-15  6.07e-15  6.50e-15  6.80e-15  7.03e-15  7.24e-15  7.45e-15  7.71e-15  8.03e-15  8.43e-15
1686 59  53  2.27e-13  2.41e-13  4.04e-13  5.46e-13  6.72e-13  7.80e-13  8.73e-13  9.53e-13  1.02e-12  1.09e-12  1.15e-12
1687 59  54  8.48e-15  8.62e-15  1.04e-14  1.11e-14  1.17e-14  1.20e-14  1.24e-14  1.28e-14  1.32e-14  1.38e-14  1.44e-14
1688 59  55  2.76e-16  2.81e-16  3.46e-16  3.79e-16  4.06e-16  4.28e-16  4.50e-16  4.72e-16  4.98e-16  5.30e-16  5.67e-16
1689 59  56  4.71e-16  5.79e-16  7.16e-16  8.67e-16  1.21e-15  1.54e-15  1.80e-15  1.98e-15  2.11e-15  2.22e-15  2.31e-15
1690 59  57  8.94e-15  1.07e-14  1.62e-14  2.36e-14  3.45e-14  4.37e-14  5.01e-14  5.44e-14  5.71e-14  5.89e-14  6.03e-14
1691 59  58  1.30e-13  1.53e-13  2.96e-13  4.63e-13  6.65e-13  8.33e-13  9.53e-13  1.04e-12  1.09e-12  1.14e-12  1.17e-12
1692 60  1   2.40e-16  2.42e-16  2.79e-16  3.24e-16  3.85e-16  4.68e-16  5.77e-16  7.17e-16  8.92e-16  1.11e-15  1.36e-15
1693 60  2   1.38e-16  1.39e-16  1.60e-16  1.85e-16  2.19e-16  2.66e-16  3.28e-16  4.08e-16  5.09e-16  6.33e-16  7.80e-16
1694 60  3   2.23e-17  2.23e-17  2.43e-17  2.77e-17  3.27e-17  3.96e-17  4.86e-17  6.04e-17  7.54e-17  9.42e-17  1.17e-16
1695 60  4   5.11e-17  5.11e-17  5.63e-17  6.29e-17  7.19e-17  8.54e-17  1.05e-16  1.30e-16  1.64e-16  2.07e-16  2.60e-16
1696 60  5   6.70e-16  6.61e-16  6.63e-16  7.05e-16  7.69e-16  8.60e-16  9.83e-16  1.14e-15  1.33e-15  1.56e-15  1.84e-15
1697 60  6   1.23e-15  1.22e-15  1.22e-15  1.29e-15  1.40e-15  1.57e-15  1.78e-15  2.06e-15  2.39e-15  2.79e-15  3.27e-15
1698 60  7   1.50e-17  1.49e-17  1.64e-17  1.88e-17  2.21e-17  2.66e-17  3.25e-17  4.01e-17  4.98e-17  6.21e-17  7.72e-17
1699 60  8   4.29e-17  4.32e-17  5.01e-17  5.87e-17  7.03e-17  8.66e-17  1.08e-16  1.37e-16  1.73e-16  2.18e-16  2.71e-16
1700 60  9   2.78e-17  2.74e-17  2.92e-17  3.33e-17  3.97e-17  4.91e-17  6.22e-17  7.98e-17  1.03e-16  1.32e-16  1.68e-16
1701 60  10  8.41e-17  8.44e-17  9.71e-17  1.14e-16  1.37e-16  1.70e-16  2.13e-16  2.70e-16  3.43e-16  4.33e-16  5.42e-16
1702 60  11  5.26e-15  5.22e-15  5.40e-15  5.82e-15  6.40e-15  7.21e-15  8.26e-15  9.55e-15  1.11e-14  1.29e-14  1.50e-14
1703 60  12  1.83e-14  1.82e-14  1.88e-14  2.02e-14  2.22e-14  2.49e-14  2.84e-14  3.28e-14  3.80e-14  4.40e-14  5.10e-14
1704 60  13  1.13e-16  1.13e-16  1.24e-16  1.43e-16  1.69e-16  2.07e-16  2.57e-16  3.23e-16  4.05e-16  5.07e-16  6.30e-16
1705 60  14  8.84e-17  8.72e-17  8.88e-17  9.63e-17  1.08e-16  1.24e-16  1.46e-16  1.73e-16  2.08e-16  2.50e-16  3.01e-16
1706 60  15  1.31e-16  1.29e-16  1.27e-16  1.35e-16  1.49e-16  1.69e-16  1.95e-16  2.27e-16  2.68e-16  3.17e-16  3.76e-16
1707 60  16  1.55e-16  1.53e-16  1.55e-16  1.69e-16  1.89e-16  2.18e-16  2.55e-16  3.02e-16  3.61e-16  4.34e-16  5.21e-16
1708 60  17  3.95e-15  3.89e-15  3.78e-15  3.84e-15  3.99e-15  4.23e-15  4.57e-15  5.01e-15  5.55e-15  6.20e-15  6.95e-15
1709 60  18  2.01e-14  1.98e-14  1.92e-14  1.94e-14  1.99e-14  2.09e-14  2.23e-14  2.42e-14  2.65e-14  2.92e-14  3.24e-14
1710 60  19  3.74e-16  3.67e-16  3.64e-16  3.90e-16  4.33e-16  4.92e-16  5.67e-16  6.60e-16  7.75e-16  9.14e-16  1.08e-15
1711 60  20  3.67e-16  3.63e-16  3.76e-16  4.14e-16  4.74e-16  5.55e-16  6.59e-16  7.90e-16  9.48e-16  1.14e-15  1.36e-15
1712 60  21  1.31e-15  1.28e-15  1.26e-15  1.35e-15  1.51e-15  1.73e-15  2.00e-15  2.33e-15  2.72e-15  3.17e-15  3.69e-15
1713 60  22  6.67e-16  6.59e-16  6.70e-16  7.31e-16  8.30e-16  9.65e-16  1.14e-15  1.35e-15  1.61e-15  1.92e-15  2.28e-15
1714 60  23  5.94e-14  5.88e-14  5.92e-14  6.16e-14  6.52e-14  7.02e-14  7.67e-14  8.45e-14  9.36e-14  1.04e-13  1.15e-13
1715 60  24  4.82e-13  4.77e-13  4.81e-13  5.00e-13  5.27e-13  5.65e-13  6.14e-13  6.74e-13  7.42e-13  8.18e-13  9.03e-13
1716 60  25  3.04e-15  3.00e-15  2.98e-15  3.20e-15  3.60e-15  4.13e-15  4.81e-15  5.64e-15  6.62e-15  7.78e-15  9.10e-15
1717 60  26  2.89e-16  2.84e-16  2.78e-16  2.91e-16  3.15e-16  3.49e-16  3.92e-16  4.45e-16  5.11e-16  5.90e-16  6.84e-16
1718 60  27  1.18e-15  1.15e-15  1.10e-15  1.13e-15  1.19e-15  1.28e-15  1.38e-15  1.51e-15  1.67e-15  1.85e-15  2.05e-15
1719 60  28  4.66e-16  4.57e-16  4.44e-16  4.63e-16  5.00e-16  5.49e-16  6.12e-16  6.90e-16  7.83e-16  8.96e-16  1.03e-15
1720 60  29  8.85e-15  8.75e-15  8.65e-15  8.80e-15  9.06e-15  9.46e-15  1.00e-14  1.07e-14  1.16e-14  1.26e-14  1.38e-14
1721 60  30  7.46e-14  7.40e-14  7.43e-14  7.51e-14  7.62e-14  7.82e-14  8.15e-14  8.59e-14  9.14e-14  9.80e-14  1.06e-13
1722 60  31  2.70e-15  2.65e-15  2.53e-15  2.61e-15  2.77e-15  2.99e-15  3.26e-15  3.59e-15  3.98e-15  4.44e-15  4.97e-15
1723 60  32  2.23e-15  2.20e-15  2.09e-15  2.17e-15  2.39e-15  2.71e-15  3.09e-15  3.54e-15  4.06e-15  4.65e-15  5.32e-15
1724 60  33  1.70e-14  1.67e-14  1.58e-14  1.64e-14  1.80e-14  2.00e-14  2.24e-14  2.51e-14  2.80e-14  3.13e-14  3.49e-14
1725 60  34  3.79e-15  3.72e-15  3.53e-15  3.66e-15  4.04e-15  4.54e-15  5.15e-15  5.85e-15  6.65e-15  7.56e-15  8.58e-15
1726 60  35  4.67e-13  4.60e-13  4.49e-13  4.54e-13  4.65e-13  4.84e-13  5.08e-13  5.37e-13  5.69e-13  6.05e-13  6.44e-13
1727 60  36  8.01e-12  7.90e-12  7.73e-12  7.79e-12  7.94e-12  8.19e-12  8.54e-12  8.96e-12  9.45e-12  9.98e-12  1.05e-11
1728 60  37  3.60e-14  3.53e-14  3.34e-14  3.47e-14  3.81e-14  4.25e-14  4.77e-14  5.35e-14  6.00e-14  6.72e-14  7.51e-14
1729 60  38  5.41e-16  5.34e-16  5.38e-16  5.71e-16  6.20e-16  6.78e-16  7.44e-16  8.20e-16  9.08e-16  1.01e-15  1.13e-15
1730 60  39  3.29e-15  3.24e-15  3.26e-15  3.37e-15  3.53e-15  3.70e-15  3.90e-15  4.13e-15  4.39e-15  4.69e-15  5.04e-15
1731 60  40  7.53e-16  7.44e-16  7.49e-16  7.89e-16  8.49e-16  9.19e-16  1.00e-15  1.09e-15  1.20e-15  1.33e-15  1.48e-15
1732 60  41  1.07e-14  1.05e-14  1.07e-14  1.11e-14  1.16e-14  1.22e-14  1.29e-14  1.38e-14  1.47e-14  1.58e-14  1.71e-14
1733 60  42  9.01e-14  8.98e-14  9.32e-14  9.65e-14  1.00e-13  1.05e-13  1.10e-13  1.16e-13  1.24e-13  1.34e-13  1.45e-13
1734 60  43  7.20e-15  7.11e-15  7.15e-15  7.41e-15  7.79e-15  8.23e-15  8.72e-15  9.28e-15  9.93e-15  1.07e-14  1.15e-14
1735 60  44  1.56e-14  1.60e-14  1.39e-14  1.23e-14  1.24e-14  1.31e-14  1.40e-14  1.50e-14  1.60e-14  1.72e-14  1.85e-14
1736 60  45  1.51e-13  1.51e-13  1.37e-13  1.34e-13  1.43e-13  1.56e-13  1.69e-13  1.82e-13  1.95e-13  2.08e-13  2.22e-13
1737 60  46  2.15e-14  2.20e-14  1.94e-14  1.75e-14  1.79e-14  1.91e-14  2.05e-14  2.19e-14  2.35e-14  2.52e-14  2.70e-14
1738 60  47  2.25e-12  2.24e-12  2.20e-12  2.16e-12  2.15e-12  2.16e-12  2.19e-12  2.23e-12  2.27e-12  2.32e-12  2.38e-12
1739 60  48  9.46e-11  9.40e-11  9.33e-11  9.18e-11  9.03e-11  8.96e-11  8.96e-11  9.01e-11  9.10e-11  9.21e-11  9.34e-11
1740 60  49  3.15e-13  3.16e-13  2.87e-13  2.77e-13  2.95e-13  3.21e-13  3.48e-13  3.74e-13  4.01e-13  4.28e-13  4.56e-13
1741 60  50  7.01e-16  7.14e-16  8.79e-16  9.61e-16  1.03e-15  1.08e-15  1.14e-15  1.19e-15  1.26e-15  1.34e-15  1.43e-15
1742 60  51  4.12e-15  4.18e-15  5.03e-15  5.37e-15  5.59e-15  5.76e-15  5.91e-15  6.07e-15  6.26e-15  6.49e-15  6.78e-15
1743 60  52  8.06e-16  8.21e-16  1.01e-15  1.10e-15  1.17e-15  1.24e-15  1.30e-15  1.36e-15  1.43e-15  1.52e-15  1.62e-15
1744 60  53  1.13e-14  1.16e-14  1.50e-14  1.71e-14  1.88e-14  2.02e-14  2.14e-14  2.26e-14  2.37e-14  2.49e-14  2.62e-14
1745 60  54  2.15e-13  2.29e-13  3.88e-13  5.29e-13  6.53e-13  7.59e-13  8.51e-13  9.30e-13  1.00e-12  1.06e-12  1.12e-12
1746 60  55  9.18e-15  9.33e-15  1.13e-14  1.21e-14  1.26e-14  1.30e-14  1.34e-14  1.38e-14  1.43e-14  1.49e-14  1.56e-14
1747 60  56  9.65e-15  1.16e-14  1.75e-14  2.56e-14  3.73e-14  4.73e-14  5.42e-14  5.88e-14  6.17e-14  6.37e-14  6.52e-14
1748 60  57  1.19e-13  1.40e-13  2.75e-13  4.32e-13  6.20e-13  7.75e-13  8.88e-13  9.65e-13  1.02e-12  1.06e-12  1.09e-12
1749 60  58  1.09e-14  1.31e-14  2.04e-14  3.00e-14  4.36e-14  5.52e-14  6.33e-14  6.87e-14  7.22e-14  7.45e-14  7.63e-14
1750 60  59  2.45E-13  2.90E-13  5.61E-13  8.78E-13  1.27E-12  1.58E-12  1.81E-12  1.96E-12  2.07E-12  2.16E-12  2.21E-12
1751 61  1   1.14e-16  1.14e-16  1.32e-16  1.54e-16  1.83e-16  2.22e-16  2.74e-16  3.40e-16  4.23e-16  5.25e-16  6.48e-16
1752 61  2   2.64e-16  2.66e-16  3.06e-16  3.56e-16  4.21e-16  5.11e-16  6.31e-16  7.84e-16  9.77e-16  1.21e-15  1.50e-15
1753 61  3   7.46e-19  6.93e-19  3.95e-19  2.48e-19  1.72e-19  1.28e-19  9.96e-20  8.04e-20  6.66e-20  5.64e-20  4.85e-20
1754 61  4   7.23e-17  7.23e-17  7.97e-17  9.07e-17  1.06e-16  1.28e-16  1.57e-16  1.95e-16  2.44e-16  3.06e-16  3.82e-16
1755 61  5   1.59e-16  1.57e-16  1.60e-16  1.71e-16  1.88e-16  2.13e-16  2.46e-16  2.88e-16  3.40e-16  4.04e-16  4.80e-16
1756 61  6   7.28e-16  7.18e-16  7.20e-16  7.63e-16  8.31e-16  9.29e-16  1.06e-15  1.22e-15  1.43e-15  1.68e-15  1.97e-15
1757 61  7   1.03e-15  1.02e-15  1.02e-15  1.08e-15  1.17e-15  1.31e-15  1.49e-15  1.71e-15  1.99e-15  2.33e-15  2.73e-15
1758 61  8   3.43e-17  3.40e-17  3.63e-17  4.10e-17  4.84e-17  5.89e-17  7.28e-17  9.09e-17  1.14e-16  1.42e-16  1.75e-16
1759 61  9   8.05e-17  8.07e-17  9.14e-17  1.07e-16  1.29e-16  1.58e-16  1.97e-16  2.48e-16  3.11e-16  3.88e-16  4.81e-16
1760 61  10  4.08e-17  4.12e-17  4.89e-17  5.91e-17  7.33e-17  9.32e-17  1.20e-16  1.56e-16  2.02e-16  2.60e-16  3.32e-16
1761 61  11  6.97e-16  6.92e-16  7.22e-16  7.81e-16  8.66e-16  9.83e-16  1.13e-15  1.32e-15  1.55e-15  1.82e-15  2.13e-15
1762 61  12  5.77e-15  5.72e-15  5.93e-15  6.38e-15  7.02e-15  7.90e-15  9.04e-15  1.05e-14  1.22e-14  1.42e-14  1.64e-14
1763 61  13  1.73e-14  1.71e-14  1.77e-14  1.90e-14  2.09e-14  2.34e-14  2.68e-14  3.09e-14  3.58e-14  4.15e-14  4.81e-14
1764 61  14  1.66e-16  1.63e-16  1.61e-16  1.72e-16  1.90e-16  2.15e-16  2.47e-16  2.86e-16  3.35e-16  3.93e-16  4.62e-16
1765 61  15  1.58e-16  1.55e-16  1.57e-16  1.70e-16  1.90e-16  2.17e-16  2.53e-16  2.98e-16  3.54e-16  4.22e-16  5.05e-16
1766 61  16  5.03e-17  4.99e-17  5.29e-17  5.88e-17  6.73e-17  7.95e-17  9.64e-17  1.19e-16  1.48e-16  1.86e-16  2.32e-16
1767 61  17  4.02e-16  3.96e-16  3.89e-16  4.00e-16  4.22e-16  4.56e-16  5.03e-16  5.63e-16  6.37e-16  7.26e-16  8.31e-16
1768 61  18  4.31e-15  4.25e-15  4.13e-15  4.20e-15  4.36e-15  4.62e-15  4.99e-15  5.46e-15  6.05e-15  6.75e-15  7.56e-15
1769 61  19  1.97e-14  1.94e-14  1.88e-14  1.90e-14  1.96e-14  2.05e-14  2.20e-14  2.39e-14  2.62e-14  2.89e-14  3.21e-14
1770 61  20  1.52e-15  1.49e-15  1.48e-15  1.59e-15  1.78e-15  2.05e-15  2.38e-15  2.78e-15  3.26e-15  3.82e-15  4.47e-15
1771 61  21  7.16e-16  7.08e-16  7.20e-16  7.84e-16  8.89e-16  1.03e-15  1.22e-15  1.44e-15  1.72e-15  2.04e-15  2.42e-15
1772 61  22  1.07e-16  1.06e-16  1.10e-16  1.21e-16  1.39e-16  1.64e-16  1.97e-16  2.40e-16  2.92e-16  3.55e-16  4.31e-16
1773 61  23  3.65e-15  3.61e-15  3.64e-15  3.81e-15  4.06e-15  4.41e-15  4.87e-15  5.42e-15  6.06e-15  6.79e-15  7.61e-15
1774 61  24  6.52e-14  6.45e-14  6.50e-14  6.76e-14  7.16e-14  7.71e-14  8.42e-14  9.27e-14  1.03e-13  1.14e-13  1.26e-13
1775 61  25  4.76e-13  4.71e-13  4.75e-13  4.93e-13  5.20e-13  5.58e-13  6.07e-13  6.66e-13  7.33e-13  8.09e-13  8.93e-13
1776 61  26  1.37e-15  1.34e-15  1.28e-15  1.32e-15  1.39e-15  1.50e-15  1.64e-15  1.80e-15  1.99e-15  2.22e-15  2.48e-15
1777 61  27  5.02e-16  4.92e-16  4.78e-16  4.98e-16  5.35e-16  5.88e-16  6.54e-16  7.36e-16  8.35e-16  9.53e-16  1.09e-15
1778 61  28  6.38e-17  6.29e-17  6.29e-17  6.79e-17  7.62e-17  8.71e-17  1.01e-16  1.18e-16  1.39e-16  1.64e-16  1.96e-16
1779 61  29  5.99e-16  5.90e-16  5.78e-16  5.94e-16  6.23e-16  6.65e-16  7.20e-16  7.88e-16  8.71e-16  9.70e-16  1.09e-15
1780 61  30  9.67e-15  9.56e-15  9.45e-15  9.61e-15  9.89e-15  1.03e-14  1.09e-14  1.17e-14  1.26e-14  1.38e-14  1.51e-14
1781 61  31  7.59e-14  7.52e-14  7.55e-14  7.63e-14  7.75e-14  7.97e-14  8.31e-14  8.77e-14  9.35e-14  1.00e-13  1.08e-13
1782 61  32  1.86e-14  1.82e-14  1.72e-14  1.79e-14  1.97e-14  2.20e-14  2.46e-14  2.76e-14  3.09e-14  3.46e-14  3.87e-14
1783 61  33  4.12e-15  4.05e-15  3.84e-15  3.98e-15  4.39e-15  4.94e-15  5.59e-15  6.35e-15  7.22e-15  8.21e-15  9.31e-15
1784 61  34  3.26e-16  3.24e-16  3.03e-16  3.09e-16  3.40e-16  3.85e-16  4.41e-16  5.08e-16  5.88e-16  6.80e-16  7.87e-16
1785 61  35  1.39e-14  1.37e-14  1.33e-14  1.35e-14  1.40e-14  1.48e-14  1.57e-14  1.69e-14  1.82e-14  1.96e-14  2.11e-14
1786 61  36  5.13e-13  5.06e-13  4.94e-13  4.99e-13  5.11e-13  5.31e-13  5.58e-13  5.89e-13  6.25e-13  6.65e-13  7.07e-13
1787 61  37  7.98e-12  7.88e-12  7.71e-12  7.77e-12  7.91e-12  8.17e-12  8.52e-12  8.95e-12  9.43e-12  9.96e-12  1.05e-11
1788 61  38  3.70e-15  3.65e-15  3.67e-15  3.80e-15  3.99e-15  4.22e-15  4.46e-15  4.75e-15  5.07e-15  5.45e-15  5.89e-15
1789 61  39  8.18e-16  8.07e-16  8.13e-16  8.56e-16  9.21e-16  9.98e-16  1.08e-15  1.18e-15  1.30e-15  1.44e-15  1.60e-15
1790 61  40  6.48e-17  6.42e-17  6.55e-17  7.06e-17  7.83e-17  8.76e-17  9.85e-17  1.11e-16  1.27e-16  1.45e-16  1.68e-16
1791 61  41  5.85e-16  5.78e-16  5.83e-16  6.11e-16  6.52e-16  7.00e-16  7.54e-16  8.16e-16  8.87e-16  9.71e-16  1.07e-15
1792 61  42  1.16e-14  1.15e-14  1.17e-14  1.21e-14  1.27e-14  1.34e-14  1.41e-14  1.50e-14  1.60e-14  1.73e-14  1.87e-14
1793 61  43  9.58e-14  9.53e-14  9.88e-14  1.02e-13  1.06e-13  1.11e-13  1.17e-13  1.24e-13  1.32e-13  1.42e-13  1.54e-13
1794 61  44  1.63e-13  1.64e-13  1.48e-13  1.43e-13  1.53e-13  1.67e-13  1.80e-13  1.94e-13  2.08e-13  2.22e-13  2.36e-13
1795 61  45  2.34e-14  2.40e-14  2.11e-14  1.91e-14  1.95e-14  2.08e-14  2.23e-14  2.40e-14  2.57e-14  2.75e-14  2.95e-14
1796 61  46  1.45e-15  1.55e-15  1.39e-15  1.14e-15  1.08e-15  1.09e-15  1.13e-15  1.18e-15  1.25e-15  1.34e-15  1.43e-15
1797 61  47  3.04e-14  3.05e-14  2.89e-14  2.77e-14  2.79e-14  2.87e-14  2.98e-14  3.09e-14  3.22e-14  3.36e-14  3.50e-14
1798 61  48  2.48e-12  2.46e-12  2.42e-12  2.37e-12  2.36e-12  2.38e-12  2.41e-12  2.45e-12  2.50e-12  2.55e-12  2.61e-12
1799 61  49  9.47e-11  9.40e-11  9.33e-11  9.18e-11  9.04e-11  8.97e-11  8.97e-11  9.02e-11  9.11e-11  9.23e-11  9.36e-11
1800 61  50  4.70e-15  4.77e-15  5.76e-15  6.16e-15  6.44e-15  6.65e-15  6.85e-15  7.05e-15  7.28e-15  7.58e-15  7.95e-15
1801 61  51  8.78e-16  8.95e-16  1.10e-15  1.20e-15  1.28e-15  1.34e-15  1.41e-15  1.47e-15  1.55e-15  1.64e-15  1.76e-15
1802 61  52  4.84e-17  5.02e-17  6.52e-17  7.31e-17  7.99e-17  8.60e-17  9.20e-17  9.86e-17  1.06e-16  1.16e-16  1.28e-16
1803 61  53  4.32e-16  4.40e-16  5.42e-16  5.93e-16  6.34e-16  6.68e-16  7.00e-16  7.33e-16  7.71e-16  8.16e-16  8.71e-16
1804 61  54  1.24e-14  1.27e-14  1.64e-14  1.87e-14  2.06e-14  2.21e-14  2.35e-14  2.47e-14  2.59e-14  2.72e-14  2.86e-14
1805 61  55  2.22e-13  2.37e-13  3.98e-13  5.39e-13  6.63e-13  7.70e-13  8.62e-13  9.41e-13  1.01e-12  1.08e-12  1.13e-12
1806 61  56  1.26e-13  1.49e-13  2.89e-13  4.53e-13  6.51e-13  8.15e-13  9.33e-13  1.01e-12  1.07e-12  1.11e-12  1.14e-12
1807 61  57  1.19e-14  1.42e-14  2.22e-14  3.27e-14  4.77e-14  6.03e-14  6.91e-14  7.50e-14  7.88e-14  8.14e-14  8.33e-14
1808 61  58  6.69e-16  8.19e-16  1.05e-15  1.32e-15  1.86e-15  2.37e-15  2.75e-15  3.02e-15  3.21e-15  3.36e-15  3.49e-15
1809 61  59  4.63E-15  5.56E-15  8.41E-15  1.22E-14  1.79E-14  2.27E-14  2.60E-14  2.82E-14  2.96E-14  3.06E-14  3.12E-14
1810 61  60  2.70E-13  3.18E-13  6.15E-13  9.64E-13  1.39E-12  1.74E-12  1.98E-12  2.16E-12  2.28E-12  2.37E-12  2.43E-12
1811 62  1   1.11e-16  1.11e-16  1.19e-16  1.32e-16  1.52e-16  1.80e-16  2.17e-16  2.64e-16  3.23e-16  3.97e-16  4.86e-16
1812 62  3   4.36e-16  4.40e-16  4.95e-16  5.64e-16  6.53e-16  7.69e-16  9.19e-16  1.11e-15  1.34e-15  1.61e-15  1.94e-15
1813 62  4   1.89e-16  1.90e-16  2.14e-16  2.44e-16  2.83e-16  3.33e-16  3.98e-16  4.79e-16  5.78e-16  6.98e-16  8.39e-16
1814 62  5   8.16e-17  8.27e-17  9.59e-17  1.11e-16  1.32e-16  1.60e-16  1.96e-16  2.43e-16  3.03e-16  3.76e-16  4.65e-16
1815 62  6   1.51e-16  1.52e-16  1.71e-16  1.95e-16  2.26e-16  2.66e-16  3.18e-16  3.83e-16  4.62e-16  5.58e-16  6.72e-16
1816 62  7   5.49e-17  5.54e-17  6.26e-17  7.13e-17  8.24e-17  9.69e-17  1.16e-16  1.39e-16  1.68e-16  2.02e-16  2.43e-16
1817 62  8   1.24e-15  1.23e-15  1.24e-15  1.31e-15  1.43e-15  1.59e-15  1.80e-15  2.06e-15  2.37e-15  2.74e-15  3.17e-15
1818 62  9   8.75e-16  8.69e-16  8.77e-16  9.30e-16  1.02e-15  1.14e-15  1.29e-15  1.48e-15  1.70e-15  1.97e-15  2.29e-15
1819 62  10  1.95e-16  1.94e-16  1.97e-16  2.09e-16  2.31e-16  2.61e-16  2.99e-16  3.47e-16  4.06e-16  4.77e-16  5.61e-16
1820 62  11  7.66e-17  7.66e-17  8.00e-17  8.68e-17  9.86e-17  1.16e-16  1.38e-16  1.67e-16  2.04e-16  2.50e-16  3.06e-16
1821 62  12  2.23e-16  2.22e-16  2.28e-16  2.46e-16  2.72e-16  3.06e-16  3.50e-16  4.04e-16  4.71e-16  5.51e-16  6.47e-16
1822 62  13  2.19e-16  2.17e-16  2.18e-16  2.31e-16  2.52e-16  2.82e-16  3.20e-16  3.67e-16  4.24e-16  4.92e-16  5.72e-16
1823 62  14  2.29e-14  2.29e-14  2.40e-14  2.58e-14  2.83e-14  3.14e-14  3.53e-14  4.01e-14  4.56e-14  5.19e-14  5.91e-14
1824 62  15  7.68e-15  7.67e-15  8.05e-15  8.67e-15  9.52e-15  1.06e-14  1.20e-14  1.36e-14  1.55e-14  1.77e-14  2.02e-14
1825 62  16  9.35e-16  9.35e-16  9.87e-16  1.07e-15  1.18e-15  1.32e-15  1.50e-15  1.72e-15  1.98e-15  2.28e-15  2.62e-15
1826 62  17  1.93e-16  1.93e-16  2.05e-16  2.23e-16  2.48e-16  2.83e-16  3.28e-16  3.84e-16  4.52e-16  5.32e-16  6.25e-16
1827 62  18  1.25e-15  1.25e-15  1.32e-15  1.42e-15  1.57e-15  1.76e-15  2.00e-15  2.29e-15  2.63e-15  3.03e-15  3.49e-15
1828 62  19  2.40e-15  2.40e-15  2.52e-15  2.72e-15  2.98e-15  3.32e-15  3.74e-15  4.25e-15  4.85e-15  5.54e-15  6.32e-15
1829 62  20  1.92e-14  1.91e-14  1.90e-14  1.95e-14  2.05e-14  2.19e-14  2.36e-14  2.57e-14  2.83e-14  3.12e-14  3.45e-14
1830 62  21  4.26e-15  4.24e-15  4.24e-15  4.37e-15  4.61e-15  4.96e-15  5.40e-15  5.94e-15  6.58e-15  7.32e-15  8.18e-15
1831 62  22  4.11e-16  4.10e-16  4.14e-16  4.33e-16  4.64e-16  5.07e-16  5.61e-16  6.28e-16  7.08e-16  8.04e-16  9.17e-16
1832 62  23  8.51e-17  8.49e-17  8.79e-17  9.44e-17  1.04e-16  1.17e-16  1.33e-16  1.54e-16  1.80e-16  2.12e-16  2.50e-16
1833 62  24  5.98e-16  5.95e-16  5.99e-16  6.23e-16  6.67e-16  7.29e-16  8.08e-16  9.05e-16  1.02e-15  1.16e-15  1.33e-15
1834 62  25  1.49e-15  1.48e-15  1.49e-15  1.53e-15  1.62e-15  1.74e-15  1.90e-15  2.08e-15  2.31e-15  2.57e-15  2.87e-15
1835 62  26  5.66e-13  5.65e-13  5.81e-13  6.08e-13  6.44e-13  6.91e-13  7.46e-13  8.11e-13  8.83e-13  9.64e-13  1.05e-12
1836 62  27  7.75e-14  7.73e-14  7.97e-14  8.35e-14  8.87e-14  9.53e-14  1.03e-13  1.13e-13  1.23e-13  1.35e-13  1.48e-13
1837 62  28  4.35e-15  4.35e-15  4.49e-15  4.72e-15  5.04e-15  5.46e-15  5.97e-15  6.57e-15  7.26e-15  8.04e-15  8.91e-15
1838 62  29  4.97e-16  4.98e-16  5.20e-16  5.49e-16  5.93e-16  6.50e-16  7.21e-16  8.08e-16  9.09e-16  1.03e-15  1.16e-15
1839 62  30  6.69e-15  6.69e-15  6.91e-15  7.26e-15  7.75e-15  8.39e-15  9.17e-15  1.01e-14  1.12e-14  1.24e-14  1.37e-14
1840 62  31  2.91e-14  2.90e-14  2.99e-14  3.13e-14  3.33e-14  3.57e-14  3.88e-14  4.23e-14  4.63e-14  5.07e-14  5.56e-14
1841 62  32  6.39e-14  6.41e-14  6.69e-14  6.92e-14  7.21e-14  7.60e-14  8.07e-14  8.62e-14  9.28e-14  1.00e-13  1.09e-13
1842 62  33  8.49e-15  8.50e-15  8.78e-15  9.08e-15  9.53e-15  1.01e-14  1.08e-14  1.17e-14  1.27e-14  1.39e-14  1.53e-14
1843 62  34  5.55e-16  5.55e-16  5.70e-16  5.94e-16  6.30e-16  6.78e-16  7.38e-16  8.12e-16  9.01e-16  1.01e-15  1.13e-15
1844 62  35  8.32e-17  8.33e-17  8.58e-17  9.02e-17  9.72e-17  1.07e-16  1.19e-16  1.35e-16  1.55e-16  1.78e-16  2.06e-16
1845 62  36  8.88e-16  8.88e-16  9.11e-16  9.47e-16  1.00e-15  1.08e-15  1.18e-15  1.30e-15  1.44e-15  1.61e-15  1.80e-15
1846 62  37  3.34e-15  3.34e-15  3.45e-15  3.57e-15  3.75e-15  3.98e-15  4.26e-15  4.60e-15  5.01e-15  5.48e-15  6.02e-15
1847 62  38  8.75e-12  8.72e-12  8.79e-12  8.94e-12  9.17e-12  9.49e-12  9.87e-12  1.03e-11  1.08e-11  1.13e-11  1.19e-11
1848 62  39  5.59e-13  5.59e-13  5.64e-13  5.74e-13  5.90e-13  6.13e-13  6.41e-13  6.74e-13  7.10e-13  7.50e-13  7.92e-13
1849 62  40  1.52e-14  1.52e-14  1.54e-14  1.56e-14  1.61e-14  1.69e-14  1.79e-14  1.90e-14  2.03e-14  2.18e-14  2.33e-14
1850 62  41  9.62e-16  9.77e-16  9.83e-16  9.81e-16  1.01e-15  1.07e-15  1.15e-15  1.25e-15  1.37e-15  1.50e-15  1.65e-15
1851 62  42  2.50e-14  2.51e-14  2.54e-14  2.57e-14  2.66e-14  2.78e-14  2.94e-14  3.13e-14  3.35e-14  3.59e-14  3.84e-14
1852 62  43  2.27e-13  2.27e-13  2.29e-13  2.33e-13  2.40e-13  2.49e-13  2.60e-13  2.74e-13  2.88e-13  3.04e-13  3.22e-13
1853 62  44  7.75e-14  7.87e-14  9.07e-14  9.80e-14  1.03e-13  1.07e-13  1.12e-13  1.19e-13  1.27e-13  1.37e-13  1.49e-13
1854 62  45  1.00e-14  1.01e-14  1.14e-14  1.25e-14  1.32e-14  1.37e-14  1.44e-14  1.52e-14  1.62e-14  1.73e-14  1.87e-14
1855 62  46  5.29e-16  5.34e-16  6.07e-16  6.73e-16  7.18e-16  7.58e-16  8.02e-16  8.55e-16  9.21e-16  1.00e-15  1.10e-15
1856 62  47  5.88e-17  5.97e-17  7.01e-17  8.02e-17  8.72e-17  9.33e-17  1.00e-16  1.09e-16  1.19e-16  1.33e-16  1.49e-16
1857 62  48  8.91e-16  9.00e-16  1.03e-15  1.14e-15  1.22e-15  1.29e-15  1.36e-15  1.45e-15  1.56e-15  1.70e-15  1.86e-15
1858 62  49  4.18e-15  4.22e-15  4.76e-15  5.19e-15  5.47e-15  5.72e-15  5.99e-15  6.32e-15  6.72e-15  7.22e-15  7.80e-15
1859 62  50  9.19e-11  9.25e-11  9.63e-11  9.65e-11  9.62e-11  9.62e-11  9.65e-11  9.71e-11  9.80e-11  9.90e-11  1.00e-10
1860 62  51  2.40e-12  2.43e-12  2.52e-12  2.49e-12  2.48e-12  2.49e-12  2.51e-12  2.55e-12  2.59e-12  2.64e-12  2.70e-12
1861 62  52  3.12e-14  3.24e-14  3.24e-14  3.01e-14  2.91e-14  2.90e-14  2.94e-14  3.02e-14  3.12e-14  3.25e-14  3.40e-14
1862 62  53  1.95e-15  2.15e-15  2.00e-15  1.56e-15  1.33e-15  1.23e-15  1.18e-15  1.19e-15  1.22e-15  1.28e-15  1.36e-15
1863 62  54  5.35e-14  5.55e-14  5.55e-14  5.16e-14  4.99e-14  4.97e-14  5.04e-14  5.17e-14  5.35e-14  5.58e-14  5.83e-14
1864 62  55  1.02e-12  1.03e-12  1.07e-12  1.06e-12  1.05e-12  1.06e-12  1.07e-12  1.08e-12  1.10e-12  1.12e-12  1.15e-12
1865 62  56  1.59e-13  1.71e-13  3.55e-13  5.26e-13  6.42e-13  7.27e-13  7.95e-13  8.55e-13  9.10e-13  9.61e-13  1.01e-12
1866 62  57  1.07e-14  1.11e-14  2.16e-14  3.12e-14  3.52e-14  3.63e-14  3.63e-14  3.61e-14  3.59e-14  3.60e-14  3.63e-14
1867 62  58  3.99e-16  4.15e-16  8.45e-16  1.24e-15  1.38e-15  1.41e-15  1.38e-15  1.35e-15  1.33e-15  1.31e-15  1.32e-15
1868 62  59  3.01e-17  3.21e-17  7.56e-17  1.15e-16  1.30e-16  1.33e-16  1.31e-16  1.28e-16  1.26e-16  1.27e-16  1.29e-16
1869 62  60  6.93e-16  7.21e-16  1.47e-15  2.16e-15  2.41e-15  2.44e-15  2.40e-15  2.35e-15  2.30e-15  2.29e-15  2.29e-15
1870 62  61  4.63e-15  4.81e-15  9.34e-15  1.35e-14  1.52e-14  1.57e-14  1.57e-14  1.56e-14  1.55e-14  1.55e-14  1.57e-14
1871 63  1   7.71e-17  7.73e-17  8.41e-17  9.48e-17  1.09e-16  1.29e-16  1.54e-16  1.87e-16  2.28e-16  2.78e-16  3.40e-16
1872 63  2   3.40e-17  3.41e-17  3.69e-17  4.11e-17  4.72e-17  5.55e-17  6.66e-17  8.07e-17  9.87e-17  1.21e-16  1.48e-16
1873 63  3   2.28e-16  2.30e-16  2.59e-16  2.95e-16  3.42e-16  4.03e-16  4.81e-16  5.79e-16  7.00e-16  8.45e-16  1.02e-15
1874 63  4   3.97e-16  4.00e-16  4.52e-16  5.17e-16  5.99e-16  7.05e-16  8.41e-16  1.01e-15  1.22e-15  1.47e-15  1.77e-15
1875 63  5   1.61e-16  1.62e-16  1.84e-16  2.11e-16  2.45e-16  2.91e-16  3.50e-16  4.25e-16  5.17e-16  6.29e-16  7.62e-16
1876 63  6   3.98e-17  4.03e-17  4.91e-17  5.95e-17  7.09e-17  8.48e-17  1.03e-16  1.26e-16  1.56e-16  1.93e-16  2.37e-16
1877 63  7   8.67e-17  8.75e-17  9.84e-17  1.12e-16  1.29e-16  1.52e-16  1.82e-16  2.19e-16  2.64e-16  3.19e-16  3.84e-16
1878 63  8   2.07e-17  2.08e-17  2.30e-17  2.59e-17  2.98e-17  3.50e-17  4.18e-17  5.05e-17  6.16e-17  7.55e-17  9.24e-17
1879 63  9   1.48e-15  1.47e-15  1.48e-15  1.57e-15  1.71e-15  1.91e-15  2.16e-15  2.47e-15  2.84e-15  3.28e-15  3.80e-15
1880 63  10  8.07e-16  8.02e-16  8.12e-16  8.64e-16  9.46e-16  1.06e-15  1.20e-15  1.37e-15  1.59e-15  1.84e-15  2.14e-15
1881 63  11  2.21e-16  2.19e-16  2.27e-16  2.45e-16  2.72e-16  3.08e-16  3.54e-16  4.11e-16  4.81e-16  5.67e-16  6.70e-16
1882 63  12  1.69e-16  1.68e-16  1.71e-16  1.83e-16  2.02e-16  2.26e-16  2.57e-16  2.96e-16  3.45e-16  4.03e-16  4.72e-16
1883 63  13  1.29e-16  1.28e-16  1.32e-16  1.42e-16  1.58e-16  1.79e-16  2.05e-16  2.39e-16  2.80e-16  3.30e-16  3.89e-16
1884 63  14  1.63e-16  1.66e-16  1.88e-16  2.11e-16  2.45e-16  2.91e-16  3.52e-16  4.29e-16  5.25e-16  6.41e-16  7.79e-16
1885 63  15  2.44e-14  2.44e-14  2.55e-14  2.74e-14  3.00e-14  3.34e-14  3.75e-14  4.25e-14  4.84e-14  5.51e-14  6.26e-14
1886 63  16  7.01e-15  7.00e-15  7.35e-15  7.91e-15  8.69e-15  9.68e-15  1.09e-14  1.24e-14  1.42e-14  1.62e-14  1.85e-14
1887 63  17  1.16e-15  1.16e-15  1.23e-15  1.33e-15  1.46e-15  1.64e-15  1.87e-15  2.14e-15  2.47e-15  2.85e-15  3.28e-15
1888 63  18  2.00e-15  1.99e-15  2.09e-15  2.25e-15  2.47e-15  2.75e-15  3.09e-15  3.50e-15  3.99e-15  4.55e-15  5.18e-15
1889 63  19  6.80e-16  6.81e-16  7.21e-16  7.83e-16  8.67e-16  9.76e-16  1.11e-15  1.28e-15  1.48e-15  1.71e-15  1.98e-15
1890 63  20  4.20e-16  4.19e-16  4.29e-16  4.58e-16  5.04e-16  5.68e-16  6.50e-16  7.53e-16  8.78e-16  1.03e-15  1.21e-15
1891 63  21  1.95e-14  1.94e-14  1.93e-14  1.98e-14  2.08e-14  2.22e-14  2.40e-14  2.61e-14  2.86e-14  3.15e-14  3.49e-14
1892 63  22  3.90e-15  3.88e-15  3.88e-15  4.01e-15  4.24e-15  4.56e-15  4.96e-15  5.46e-15  6.05e-15  6.74e-15  7.54e-15
1893 63  23  5.58e-16  5.56e-16  5.59e-16  5.81e-16  6.22e-16  6.81e-16  7.56e-16  8.49e-16  9.61e-16  1.10e-15  1.25e-15
1894 63  24  1.26e-15  1.25e-15  1.25e-15  1.28e-15  1.35e-15  1.45e-15  1.57e-15  1.72e-15  1.89e-15  2.10e-15  2.34e-15
1895 63  25  3.61e-16  3.60e-16  3.65e-16  3.84e-16  4.14e-16  4.55e-16  5.07e-16  5.72e-16  6.51e-16  7.46e-16  8.57e-16
1896 63  26  3.55e-15  3.60e-15  3.81e-15  4.05e-15  4.46e-15  5.03e-15  5.75e-15  6.65e-15  7.72e-15  8.98e-15  1.04e-14
1897 63  27  5.74e-13  5.72e-13  5.88e-13  6.16e-13  6.53e-13  6.99e-13  7.56e-13  8.20e-13  8.94e-13  9.75e-13  1.06e-12
1898 63  28  7.06e-14  7.04e-14  7.26e-14  7.60e-14  8.08e-14  8.68e-14  9.41e-14  1.03e-13  1.12e-13  1.23e-13  1.35e-13
1899 63  29  6.14e-15  6.14e-15  6.35e-15  6.67e-15  7.13e-15  7.71e-15  8.44e-15  9.29e-15  1.03e-14  1.14e-14  1.26e-14
1900 63  30  2.64e-14  2.63e-14  2.71e-14  2.84e-14  3.01e-14  3.23e-14  3.50e-14  3.81e-14  4.17e-14  4.56e-14  4.99e-14
1901 63  31  3.72e-15  3.72e-15  3.85e-15  4.05e-15  4.34e-15  4.72e-15  5.18e-15  5.74e-15  6.38e-15  7.11e-15  7.92e-15
1902 63  32  2.59e-15  2.58e-15  2.61e-15  2.71e-15  2.87e-15  3.09e-15  3.37e-15  3.71e-15  4.12e-15  4.61e-15  5.16e-15
1903 63  33  6.25e-14  6.27e-14  6.56e-14  6.78e-14  7.07e-14  7.44e-14  7.89e-14  8.43e-14  9.06e-14  9.79e-14  1.06e-13
1904 63  34  7.78e-15  7.79e-15  8.04e-15  8.33e-15  8.74e-15  9.27e-15  9.94e-15  1.07e-14  1.17e-14  1.28e-14  1.41e-14
1905 63  35  8.20e-16  8.20e-16  8.43e-16  8.79e-16  9.33e-16  1.00e-15  1.09e-15  1.20e-15  1.34e-15  1.49e-15  1.68e-15
1906 63  36  2.86e-15  2.87e-15  2.96e-15  3.06e-15  3.21e-15  3.39e-15  3.63e-15  3.90e-15  4.23e-15  4.61e-15  5.04e-15
1907 63  37  6.23e-16  6.23e-16  6.37e-16  6.64e-16  7.06e-16  7.63e-16  8.35e-16  9.24e-16  1.03e-15  1.16e-15  1.30e-15
1908 63  38  3.72e-14  3.80e-14  3.92e-14  3.98e-14  4.21e-14  4.57e-14  5.04e-14  5.61e-14  6.27e-14  7.02e-14  7.85e-14
1909 63  39  8.77e-12  8.74e-12  8.82e-12  8.96e-12  9.20e-12  9.51e-12  9.90e-12  1.03e-11  1.08e-11  1.14e-11  1.19e-11
1910 63  40  5.09e-13  5.08e-13  5.14e-13  5.22e-13  5.37e-13  5.58e-13  5.83e-13  6.13e-13  6.46e-13  6.82e-13  7.21e-13
1911 63  41  2.29e-14  2.29e-14  2.32e-14  2.35e-14  2.43e-14  2.54e-14  2.69e-14  2.86e-14  3.06e-14  3.28e-14  3.52e-14
1912 63  42  2.16e-13  2.15e-13  2.17e-13  2.21e-13  2.27e-13  2.36e-13  2.46e-13  2.59e-13  2.72e-13  2.87e-13  3.03e-13
1913 63  43  1.47e-14  1.48e-14  1.50e-14  1.52e-14  1.57e-14  1.66e-14  1.76e-14  1.89e-14  2.03e-14  2.19e-14  2.36e-14
1914 63  44  6.39e-15  6.43e-15  7.20e-15  7.88e-15  8.34e-15  8.72e-15  9.13e-15  9.62e-15  1.02e-14  1.09e-14  1.18e-14
1915 63  45  7.25e-14  7.36e-14  8.50e-14  9.18e-14  9.61e-14  1.00e-13  1.05e-13  1.11e-13  1.19e-13  1.29e-13  1.40e-13
1916 63  46  9.20e-15  9.28e-15  1.05e-14  1.14e-14  1.21e-14  1.26e-14  1.32e-14  1.39e-14  1.48e-14  1.59e-14  1.72e-14
1917 63  47  8.19e-16  8.27e-16  9.41e-16  1.05e-15  1.12e-15  1.18e-15  1.25e-15  1.33e-15  1.43e-15  1.56e-15  1.71e-15
1918 63  48  3.59e-15  3.62e-15  4.08e-15  4.44e-15  4.67e-15  4.87e-15  5.09e-15  5.36e-15  5.69e-15  6.10e-15  6.58e-15
1919 63  49  7.23e-16  7.30e-16  8.30e-16  9.23e-16  9.87e-16  1.04e-15  1.10e-15  1.18e-15  1.27e-15  1.38e-15  1.52e-15
1920 63  50  2.95e-13  3.12e-13  3.16e-13  2.90e-13  2.84e-13  2.90e-13  3.03e-13  3.23e-13  3.46e-13  3.73e-13  4.02e-13
1921 63  51  9.19e-11  9.24e-11  9.63e-11  9.64e-11  9.62e-11  9.61e-11  9.65e-11  9.71e-11  9.79e-11  9.89e-11  1.00e-10
1922 63  52  2.18e-12  2.21e-12  2.29e-12  2.27e-12  2.26e-12  2.26e-12  2.28e-12  2.32e-12  2.36e-12  2.41e-12  2.46e-12
1923 63  53  4.89e-14  5.08e-14  5.07e-14  4.72e-14  4.56e-14  4.53e-14  4.60e-14  4.72e-14  4.89e-14  5.09e-14  5.32e-14
1924 63  54  9.86e-13  9.97e-13  1.04e-12  1.03e-12  1.02e-12  1.03e-12  1.04e-12  1.05e-12  1.07e-12  1.09e-12  1.11e-12
1925 63  55  3.94e-14  4.12e-14  4.07e-14  3.73e-14  3.57e-14  3.55e-14  3.60e-14  3.71e-14  3.86e-14  4.04e-14  4.25e-14
1926 63  56  8.28e-15  8.54e-15  1.64e-14  2.35e-14  2.61e-14  2.63e-14  2.57e-14  2.50e-14  2.43e-14  2.39e-14  2.37e-14
1927 63  57  1.52e-13  1.64e-13  3.42e-13  5.06e-13  6.20e-13  7.05e-13  7.74e-13  8.34e-13  8.90e-13  9.41e-13  9.91e-13
1928 63  58  9.81e-15  1.02e-14  1.98e-14  2.86e-14  3.22e-14  3.32e-14  3.32e-14  3.30e-14  3.29e-14  3.29e-14  3.32e-14
1929 63  59  6.36e-16  6.62e-16  1.35e-15  1.98e-15  2.21e-15  2.25e-15  2.21e-15  2.16e-15  2.12e-15  2.10e-15  2.11e-15
1930 63  60  4.09e-15  4.24e-15  8.20e-15  1.18e-14  1.33e-14  1.38e-14  1.38e-14  1.38e-14  1.37e-14  1.38e-14  1.39e-14
1931 63  61  6.31e-16  6.56e-16  1.34e-15  1.96e-15  2.19e-15  2.22e-15  2.18e-15  2.13e-15  2.09e-15  2.08e-15  2.09e-15
1932 63  62  2.50e-13  3.03e-13  6.29e-13  7.55e-13  8.47e-13  9.29e-13  1.00e-12  1.08e-12  1.15e-12  1.22e-12  1.30e-12
1933 64  1   4.04e-17  4.05e-17  4.45e-17  5.07e-17  5.86e-17  6.88e-17  8.20e-17  9.88e-17  1.20e-16  1.46e-16  1.78e-16
1934 64  2   7.07e-17  7.08e-17  7.71e-17  8.67e-17  1.00e-16  1.18e-16  1.41e-16  1.71e-16  2.08e-16  2.55e-16  3.12e-16
1935 64  3   1.44e-19  1.73e-19  1.64e-19  1.10e-19  7.82e-20  5.88e-20  4.62e-20  3.74e-20  3.11e-20  2.64e-20  2.28e-20
1936 64  4   6.24e-16  6.29e-16  7.11e-16  8.12e-16  9.41e-16  1.11e-15  1.32e-15  1.59e-15  1.92e-15  2.32e-15  2.79e-15
1937 64  5   1.79e-16  1.81e-16  2.06e-16  2.37e-16  2.75e-16  3.23e-16  3.85e-16  4.64e-16  5.60e-16  6.76e-16  8.14e-16
1938 64  6   1.01e-16  1.02e-16  1.18e-16  1.38e-16  1.61e-16  1.90e-16  2.28e-16  2.76e-16  3.36e-16  4.09e-16  4.95e-16
1939 64  7   6.63e-18  6.91e-18  9.61e-18  1.21e-17  1.53e-17  1.98e-17  2.60e-17  3.45e-17  4.57e-17  6.00e-17  7.79e-17
1940 64  8   7.89e-18  7.92e-18  8.81e-18  1.00e-17  1.18e-17  1.40e-17  1.68e-17  2.04e-17  2.49e-17  3.04e-17  3.72e-17
1941 64  9   2.96e-17  2.98e-17  3.26e-17  3.65e-17  4.22e-17  4.98e-17  5.99e-17  7.27e-17  8.90e-17  1.09e-16  1.34e-16
1942 64  10  2.27e-15  2.25e-15  2.27e-15  2.40e-15  2.62e-15  2.93e-15  3.31e-15  3.79e-15  4.36e-15  5.05e-15  5.85e-15
1943 64  11  3.68e-16  3.65e-16  3.71e-16  3.96e-16  4.34e-16  4.86e-16  5.53e-16  6.35e-16  7.35e-16  8.56e-16  9.98e-16
1944 64  12  1.35e-16  1.34e-16  1.38e-16  1.48e-16  1.64e-16  1.87e-16  2.18e-16  2.56e-16  3.03e-16  3.60e-16  4.30e-16
1945 64  13  1.64e-17  1.66e-17  1.89e-17  2.16e-17  2.55e-17  3.10e-17  3.85e-17  4.83e-17  6.11e-17  7.76e-17  9.82e-17
1946 64  14  1.87e-17  1.90e-17  2.21e-17  2.57e-17  3.06e-17  3.71e-17  4.57e-17  5.67e-17  7.05e-17  8.74e-17  1.08e-16
1947 64  15  1.69e-16  1.72e-16  1.98e-16  2.25e-16  2.61e-16  3.10e-16  3.73e-16  4.54e-16  5.54e-16  6.76e-16  8.22e-16
1948 64  16  3.14e-14  3.13e-14  3.28e-14  3.53e-14  3.87e-14  4.30e-14  4.84e-14  5.48e-14  6.24e-14  7.11e-14  8.10e-14
1949 64  17  3.17e-15  3.17e-15  3.33e-15  3.59e-15  3.94e-15  4.39e-15  4.96e-15  5.64e-15  6.44e-15  7.37e-15  8.42e-15
1950 64  18  6.51e-16  6.51e-16  6.91e-16  7.51e-16  8.32e-16  9.37e-16  1.07e-15  1.23e-15  1.43e-15  1.65e-15  1.91e-15
1951 64  19  1.57e-17  1.60e-17  1.92e-17  2.25e-17  2.70e-17  3.30e-17  4.10e-17  5.13e-17  6.43e-17  8.06e-17  1.00e-16
1952 64  20  3.34e-17  3.33e-17  3.49e-17  3.87e-17  4.39e-17  5.07e-17  5.92e-17  7.00e-17  8.34e-17  9.98e-17  1.20e-16
1953 64  21  4.10e-16  4.09e-16  4.20e-16  4.48e-16  4.94e-16  5.58e-16  6.39e-16  7.40e-16  8.64e-16  1.01e-15  1.19e-15
1954 64  22  2.34e-14  2.33e-14  2.32e-14  2.38e-14  2.50e-14  2.67e-14  2.89e-14  3.15e-14  3.46e-14  3.82e-14  4.23e-14
1955 64  23  1.81e-15  1.80e-15  1.80e-15  1.86e-15  1.96e-15  2.11e-15  2.31e-15  2.54e-15  2.82e-15  3.15e-15  3.53e-15
1956 64  24  3.44e-16  3.43e-16  3.48e-16  3.65e-16  3.94e-16  4.34e-16  4.85e-16  5.49e-16  6.26e-16  7.18e-16  8.27e-16
1957 64  25  2.09e-17  2.10e-17  2.27e-17  2.55e-17  2.93e-17  3.42e-17  4.05e-17  4.87e-17  5.92e-17  7.23e-17  8.85e-17
1958 64  26  1.54e-16  1.56e-16  1.67e-16  1.81e-16  2.03e-16  2.34e-16  2.74e-16  3.23e-16  3.82e-16  4.52e-16  5.33e-16
1959 64  27  3.36e-15  3.41e-15  3.61e-15  3.84e-15  4.23e-15  4.77e-15  5.46e-15  6.31e-15  7.33e-15  8.52e-15  9.89e-15
1960 64  28  6.44e-13  6.43e-13  6.61e-13  6.92e-13  7.34e-13  7.86e-13  8.50e-13  9.23e-13  1.01e-12  1.10e-12  1.20e-12
1961 64  29  3.27e-14  3.27e-14  3.37e-14  3.53e-14  3.75e-14  4.03e-14  4.37e-14  4.77e-14  5.22e-14  5.73e-14  6.28e-14
1962 64  30  3.46e-15  3.47e-15  3.59e-15  3.78e-15  4.05e-15  4.40e-15  4.84e-15  5.36e-15  5.96e-15  6.65e-15  7.41e-15
1963 64  31  6.33e-17  6.44e-17  6.91e-17  7.45e-17  8.33e-17  9.58e-17  1.12e-16  1.33e-16  1.58e-16  1.89e-16  2.24e-16
1964 64  32  1.04e-16  1.04e-16  1.07e-16  1.13e-16  1.23e-16  1.36e-16  1.53e-16  1.73e-16  1.99e-16  2.29e-16  2.66e-16
1965 64  33  2.43e-15  2.42e-15  2.44e-15  2.54e-15  2.69e-15  2.90e-15  3.17e-15  3.49e-15  3.88e-15  4.33e-15  4.86e-15
1966 64  34  7.04e-14  7.06e-14  7.37e-14  7.62e-14  7.95e-14  8.37e-14  8.89e-14  9.51e-14  1.02e-13  1.11e-13  1.20e-13
1967 64  35  3.69e-15  3.69e-15  3.81e-15  3.95e-15  4.14e-15  4.40e-15  4.72e-15  5.10e-15  5.56e-15  6.09e-15  6.70e-15
1968 64  36  5.83e-16  5.83e-16  6.00e-16  6.28e-16  6.69e-16  7.23e-16  7.90e-16  8.74e-16  9.74e-16  1.09e-15  1.23e-15
1969 64  37  3.25e-17  3.26e-17  3.40e-17  3.62e-17  3.96e-17  4.45e-17  5.07e-17  5.86e-17  6.85e-17  8.06e-17  9.52e-17
1970 64  38  9.49e-16  9.77e-16  9.80e-16  9.75e-16  1.03e-15  1.12e-15  1.25e-15  1.42e-15  1.62e-15  1.84e-15  2.10e-15
1971 64  39  3.46e-14  3.53e-14  3.65e-14  3.70e-14  3.91e-14  4.24e-14  4.68e-14  5.21e-14  5.83e-14  6.53e-14  7.30e-14
1972 64  40  9.29e-12  9.25e-12  9.33e-12  9.49e-12  9.74e-12  1.01e-11  1.05e-11  1.10e-11  1.15e-11  1.20e-11  1.26e-11
1973 64  41  2.39e-13  2.39e-13  2.42e-13  2.46e-13  2.53e-13  2.62e-13  2.74e-13  2.89e-13  3.04e-13  3.21e-13  3.39e-13
1974 64  42  1.36e-14  1.37e-14  1.39e-14  1.41e-14  1.45e-14  1.53e-14  1.63e-14  1.74e-14  1.88e-14  2.02e-14  2.19e-14
1975 64  43  2.20e-16  2.30e-16  2.28e-16  2.19e-16  2.26e-16  2.44e-16  2.71e-16  3.06e-16  3.49e-16  4.00e-16  4.58e-16
1976 64  44  1.94e-16  1.96e-16  2.28e-16  2.60e-16  2.82e-16  3.00e-16  3.20e-16  3.45e-16  3.75e-16  4.12e-16  4.57e-16
1977 64  45  5.92e-15  5.96e-15  6.68e-15  7.31e-15  7.73e-15  8.08e-15  8.47e-15  8.92e-15  9.48e-15  1.01e-14  1.09e-14
1978 64  46  8.20e-14  8.32e-14  9.58e-14  1.04e-13  1.09e-13  1.13e-13  1.18e-13  1.25e-13  1.34e-13  1.45e-13  1.58e-13
1979 64  47  4.42e-15  4.47e-15  5.05e-15  5.51e-15  5.81e-15  6.07e-15  6.36e-15  6.72e-15  7.15e-15  7.68e-15  8.31e-15
1980 64  48  6.71e-16  6.78e-16  7.72e-16  8.60e-16  9.20e-16  9.72e-16  1.03e-15  1.10e-15  1.19e-15  1.29e-15  1.42e-15
1981 64  49  3.41e-17  3.46e-17  4.10e-17  4.77e-17  5.23e-17  5.63e-17  6.07e-17  6.63e-17  7.33e-17  8.21e-17  9.28e-17
1982 64  50  7.69e-15  8.35e-15  7.67e-15  6.11e-15  5.36e-15  5.08e-15  5.07e-15  5.24e-15  5.54e-15  5.95e-15  6.44e-15
1983 64  51  2.73e-13  2.88e-13  2.92e-13  2.68e-13  2.62e-13  2.67e-13  2.80e-13  2.98e-13  3.19e-13  3.44e-13  3.71e-13
1984 64  52  9.41e-11  9.46e-11  9.86e-11  9.87e-11  9.84e-11  9.84e-11  9.88e-11  9.94e-11  1.00e-10  1.01e-10  1.03e-10
1985 64  53  1.04e-12  1.05e-12  1.09e-12  1.08e-12  1.07e-12  1.07e-12  1.08e-12  1.10e-12  1.12e-12  1.14e-12  1.17e-12
1986 64  54  3.64e-14  3.81e-14  3.76e-14  3.44e-14  3.29e-14  3.27e-14  3.32e-14  3.42e-14  3.55e-14  3.72e-14  3.91e-14
1987 64  55  1.27e-15  1.42e-15  1.30e-15  9.69e-16  7.93e-16  7.04e-16  6.66e-16  6.59e-16  6.74e-16  7.07e-16  7.54e-16
1988 64  56  2.57e-16  2.68e-16  5.52e-16  8.12e-16  9.07e-16  9.20e-16  9.05e-16  8.84e-16  8.69e-16  8.63e-16  8.68e-16
1989 64  57  7.65e-15  7.89e-15  1.52e-14  2.18e-14  2.41e-14  2.43e-14  2.38e-14  2.31e-14  2.25e-14  2.21e-14  2.20e-14
1990 64  58  1.62e-13  1.75e-13  3.62e-13  5.36e-13  6.54e-13  7.39e-13  8.08e-13  8.69e-13  9.23e-13  9.75e-13  1.02e-12
1991 64  59  4.74e-15  4.93e-15  9.59e-15  1.38e-14  1.56e-14  1.61e-14  1.61e-14  1.60e-14  1.59e-14  1.59e-14  1.61e-14
1992 64  60  5.83e-16  6.07e-16  1.24e-15  1.81e-15  2.02e-15  2.05e-15  2.02e-15  1.97e-15  1.94e-15  1.92e-15  1.93e-15
1993 64  61  2.50e-17  2.67e-17  6.22e-17  9.44e-17  1.06e-16  1.08e-16  1.07e-16  1.05e-16  1.03e-16  1.04e-16  1.06e-16
1994 64  62  4.39e-15  5.34e-15  8.24e-15  8.20e-15  8.34e-15  8.68e-15  9.14e-15  9.68e-15  1.03e-14  1.10e-14  1.18e-14
1995 64  63  2.30e-13  2.79e-13  5.78e-13  6.94e-13  7.79e-13  8.53e-13  9.23e-13  9.90e-13  1.06e-12  1.12e-12  1.19e-12
1996 65  1   1.11e-16  1.11e-16  1.19e-16  1.32e-16  1.52e-16  1.80e-16  2.17e-16  2.64e-16  3.23e-16  3.97e-16  4.86e-16
1997 65  3   6.26e-18  6.50e-18  9.01e-18  1.14e-17  1.44e-17  1.84e-17  2.39e-17  3.14e-17  4.13e-17  5.40e-17  7.00e-17
1998 65  4   3.60e-18  3.68e-18  4.69e-18  5.85e-18  7.41e-18  9.64e-18  1.28e-17  1.70e-17  2.26e-17  2.98e-17  3.88e-17
1999 65  5   8.98e-16  9.06e-16  1.02e-15  1.17e-15  1.35e-15  1.59e-15  1.90e-15  2.29e-15  2.76e-15  3.34e-15  4.02e-15
2000 65  6   3.08e-18  3.23e-18  4.54e-18  5.66e-18  6.93e-18  8.66e-18  1.11e-17  1.44e-17  1.88e-17  2.45e-17  3.17e-17
2001 65  7   2.89e-19  2.34e-19  6.64e-20  6.12e-20  2.18e-19  6.24e-19  1.31e-18  2.30e-18  3.63e-18  5.32e-18  7.42e-18
2002 65  8   3.48e-18  3.53e-18  4.55e-18  5.62e-18  6.81e-18  8.36e-18  1.05e-17  1.34e-17  1.74e-17  2.26e-17  2.94e-17
2003 65  9   1.83e-17  1.84e-17  2.10e-17  2.45e-17  2.88e-17  3.43e-17  4.16e-17  5.11e-17  6.34e-17  7.89e-17  9.82e-17
2004 65  10  2.97e-17  2.99e-17  3.32e-17  3.79e-17  4.40e-17  5.20e-17  6.24e-17  7.58e-17  9.29e-17  1.14e-16  1.40e-16
2005 65  11  2.73e-15  2.71e-15  2.74e-15  2.90e-15  3.17e-15  3.54e-15  4.01e-15  4.59e-15  5.29e-15  6.12e-15  7.10e-15
2006 65  12  3.41e-17  3.43e-17  3.75e-17  4.25e-17  4.94e-17  5.86e-17  7.06e-17  8.60e-17  1.06e-16  1.30e-16  1.60e-16
2007 65  13  4.34e-18  4.35e-18  4.97e-18  5.86e-18  6.91e-18  8.27e-18  1.01e-17  1.24e-17  1.55e-17  1.94e-17  2.42e-17
2008 65  14  4.33e-19  4.06e-19  2.34e-19  2.61e-19  6.42e-19  1.42e-18  2.59e-18  4.23e-18  6.41e-18  9.24e-18  1.28e-17
2009 65  15  3.26e-17  3.32e-17  3.90e-17  4.55e-17  5.42e-17  6.60e-17  8.14e-17  1.01e-16  1.26e-16  1.57e-16  1.94e-16
2010 65  16  1.15e-16  1.17e-16  1.33e-16  1.51e-16  1.75e-16  2.09e-16  2.53e-16  3.10e-16  3.80e-16  4.66e-16  5.68e-16
2011 65  17  3.51e-14  3.50e-14  3.67e-14  3.95e-14  4.33e-14  4.81e-14  5.42e-14  6.14e-14  6.99e-14  7.97e-14  9.08e-14
2012 65  18  1.54e-16  1.56e-16  1.77e-16  1.98e-16  2.30e-16  2.74e-16  3.34e-16  4.09e-16  5.03e-16  6.18e-16  7.54e-16
2013 65  19  1.04e-17  1.05e-17  1.18e-17  1.35e-17  1.61e-17  1.98e-17  2.47e-17  3.09e-17  3.88e-17  4.84e-17  6.00e-17
2014 65  20  3.35e-18  3.45e-18  4.60e-18  5.65e-18  6.72e-18  8.06e-18  9.85e-18  1.23e-17  1.56e-17  2.00e-17  2.56e-17
2015 65  21  5.75e-17  5.74e-17  6.05e-17  6.67e-17  7.55e-17  8.71e-17  1.02e-16  1.21e-16  1.45e-16  1.74e-16  2.09e-16
2016 65  22  2.47e-16  2.47e-16  2.52e-16  2.68e-16  2.96e-16  3.34e-16  3.84e-16  4.47e-16  5.23e-16  6.15e-16  7.23e-16
2017 65  23  2.53e-14  2.52e-14  2.51e-14  2.58e-14  2.71e-14  2.90e-14  3.13e-14  3.42e-14  3.75e-14  4.15e-14  4.60e-14
2018 65  24  3.59e-16  3.58e-16  3.68e-16  3.94e-16  4.35e-16  4.92e-16  5.64e-16  6.54e-16  7.65e-16  8.98e-16  1.06e-15
2019 65  25  2.02e-17  2.02e-17  2.16e-17  2.39e-17  2.69e-17  3.08e-17  3.60e-17  4.26e-17  5.08e-17  6.10e-17  7.34e-17
2020 65  26  5.10e-18  5.39e-18  6.19e-18  6.75e-18  7.73e-18  9.27e-18  1.15e-17  1.46e-17  1.86e-17  2.36e-17  2.99e-17
2021 65  27  2.56e-16  2.60e-16  2.78e-16  3.02e-16  3.39e-16  3.91e-16  4.57e-16  5.39e-16  6.39e-16  7.57e-16  8.93e-16
2022 65  28  1.86e-15  1.89e-15  2.00e-15  2.13e-15  2.34e-15  2.64e-15  3.03e-15  3.51e-15  4.08e-15  4.74e-15  5.51e-15
2023 65  29  6.79e-13  6.77e-13  6.97e-13  7.29e-13  7.73e-13  8.29e-13  8.96e-13  9.73e-13  1.06e-12  1.16e-12  1.26e-12
2024 65  30  2.87e-15  2.90e-15  3.08e-15  3.28e-15  3.61e-15  4.07e-15  4.67e-15  5.40e-15  6.28e-15  7.30e-15  8.48e-15
2025 65  31  9.61e-17  9.73e-17  1.04e-16  1.12e-16  1.26e-16  1.46e-16  1.71e-16  2.02e-16  2.39e-16  2.83e-16  3.34e-16
2026 65  32  6.62e-18  6.73e-18  6.95e-18  7.39e-18  8.41e-18  1.00e-17  1.22e-17  1.52e-17  1.89e-17  2.36e-17  2.94e-17
2027 65  33  1.73e-16  1.73e-16  1.78e-16  1.89e-16  2.05e-16  2.26e-16  2.54e-16  2.89e-16  3.32e-16  3.83e-16  4.44e-16
2028 65  34  1.29e-15  1.29e-15  1.30e-15  1.35e-15  1.43e-15  1.55e-15  1.69e-15  1.86e-15  2.07e-15  2.32e-15  2.60e-15
2029 65  35  7.36e-14  7.38e-14  7.71e-14  7.97e-14  8.31e-14  8.76e-14  9.30e-14  9.95e-14  1.07e-13  1.16e-13  1.26e-13
2030 65  36  2.07e-15  2.06e-15  2.08e-15  2.16e-15  2.30e-15  2.48e-15  2.70e-15  2.98e-15  3.32e-15  3.71e-15  4.17e-15
2031 65  37  6.77e-17  6.78e-17  7.01e-17  7.42e-17  8.04e-17  8.89e-17  9.99e-17  1.14e-16  1.30e-16  1.50e-16  1.74e-16
2032 65  38  4.84e-17  5.33e-17  5.05e-17  4.19e-17  3.91e-17  4.01e-17  4.39e-17  5.01e-17  5.87e-17  6.97e-17  8.31e-17
2033 65  39  1.56e-15  1.61e-15  1.61e-15  1.60e-15  1.68e-15  1.84e-15  2.06e-15  2.33e-15  2.66e-15  3.03e-15  3.46e-15
2034 65  40  1.78e-14  1.82e-14  1.88e-14  1.90e-14  2.01e-14  2.18e-14  2.41e-14  2.68e-14  3.00e-14  3.36e-14  3.76e-14
2035 65  41  9.52e-12  9.49e-12  9.57e-12  9.73e-12  9.99e-12  1.03e-11  1.08e-11  1.12e-11  1.18e-11  1.24e-11  1.30e-11
2036 65  42  2.93e-14  2.99e-14  3.09e-14  3.14e-14  3.31e-14  3.60e-14  3.97e-14  4.42e-14  4.94e-14  5.54e-14  6.20e-14
2037 65  43  6.36e-16  6.54e-16  6.56e-16  6.51e-16  6.85e-16  7.49e-16  8.38e-16  9.48e-16  1.08e-15  1.23e-15  1.41e-15
2038 65  44  1.20e-17  1.25e-17  1.60e-17  1.94e-17  2.16e-17  2.34e-17  2.54e-17  2.81e-17  3.16e-17  3.60e-17  4.16e-17
2039 65  45  3.19e-16  3.23e-16  3.71e-16  4.19e-16  4.53e-16  4.83e-16  5.17e-16  5.58e-16  6.10e-16  6.72e-16  7.47e-16
2040 65  46  3.00e-15  3.02e-15  3.39e-15  3.71e-15  3.93e-15  4.11e-15  4.30e-15  4.54e-15  4.82e-15  5.16e-15  5.57e-15
2041 65  47  8.47e-14  8.59e-14  9.89e-14  1.07e-13  1.12e-13  1.17e-13  1.22e-13  1.30e-13  1.39e-13  1.50e-13  1.63e-13
2042 65  48  5.05e-15  5.09e-15  5.70e-15  6.25e-15  6.61e-15  6.91e-15  7.24e-15  7.64e-15  8.12e-15  8.69e-15  9.38e-15
2043 65  49  1.33e-16  1.34e-16  1.53e-16  1.72e-16  1.86e-16  1.99e-16  2.13e-16  2.30e-16  2.52e-16  2.78e-16  3.09e-16
2044 65  50  6.98e-16  7.93e-16  7.13e-16  4.97e-16  3.76e-16  3.08e-16  2.71e-16  2.51e-16  2.45e-16  2.48e-16  2.59e-16
2045 65  51  1.27e-14  1.38e-14  1.26e-14  1.00e-14  8.80e-15  8.33e-15  8.31e-15  8.58e-15  9.08e-15  9.74e-15  1.05e-14
2046 65  52  1.36e-13  1.44e-13  1.45e-13  1.33e-13  1.30e-13  1.32e-13  1.39e-13  1.47e-13  1.58e-13  1.70e-13  1.84e-13
2047 65  53  9.50e-11  9.56e-11  9.96e-11  9.97e-11  9.94e-11  9.94e-11  9.98e-11  1.00e-10  1.01e-10  1.02e-10  1.04e-10
2048 65  54  2.33e-13  2.46e-13  2.49e-13  2.28e-13  2.23e-13  2.27e-13  2.38e-13  2.53e-13  2.71e-13  2.92e-13  3.15e-13
2049 65  55  5.38e-15  5.85e-15  5.37e-15  4.27e-15  3.74e-15  3.53e-15  3.53e-15  3.64e-15  3.85e-15  4.14e-15  4.48e-15
2050 65  56  1.44e-17  1.56e-17  3.89e-17  6.03e-17  6.83e-17  6.96e-17  6.87e-17  6.75e-17  6.70e-17  6.74e-17  6.90e-17
2051 65  57  4.22e-16  4.39e-16  9.09e-16  1.34e-15  1.49e-15  1.52e-15  1.49e-15  1.46e-15  1.43e-15  1.42e-15  1.43e-15
2052 65  58  3.78e-15  3.89e-15  7.49e-15  1.08e-14  1.19e-14  1.20e-14  1.18e-14  1.14e-14  1.11e-14  1.09e-14  1.09e-14
2053 65  59  1.64e-13  1.77e-13  3.67e-13  5.43e-13  6.62e-13  7.48e-13  8.17e-13  8.77e-13  9.32e-13  9.84e-13  1.03e-12
2054 65  60  6.57e-15  6.77e-15  1.30e-14  1.87e-14  2.07e-14  2.09e-14  2.04e-14  1.99e-14  1.93e-14  1.90e-14  1.89e-14
2055 65  61  1.82e-16  1.90e-16  3.93e-16  5.80e-16  6.48e-16  6.57e-16  6.46e-16  6.31e-16  6.20e-16  6.15e-16  6.18e-16
2056 65  62  3.65e-16  4.45e-16  5.26e-16  4.30e-16  3.94e-16  3.92e-16  4.10e-16  4.41e-16  4.85e-16  5.42e-16  6.13e-16
2057 65  63  7.21e-15  8.77e-15  1.35e-14  1.34e-14  1.36e-14  1.42e-14  1.49e-14  1.58e-14  1.68e-14  1.80e-14  1.93e-14
2058 65  64  1.12e-13  1.35e-13  2.80e-13  3.36e-13  3.76e-13  4.12e-13  4.46e-13  4.78e-13  5.11e-13  5.43e-13  5.75e-13
2059 66  1   7.07e-17  7.08e-17  7.71e-17  8.67e-17  1.00e-16  1.18e-16  1.41e-16  1.71e-16  2.08e-16  2.55e-16  3.12e-16
2060 66  2   4.04e-17  4.05e-17  4.45e-17  5.07e-17  5.86e-17  6.88e-17  8.20e-17  9.88e-17  1.20e-16  1.46e-16  1.78e-16
2061 66  3   3.08e-18  3.23e-18  4.54e-18  5.68e-18  7.02e-18  8.87e-18  1.15e-17  1.50e-17  1.97e-17  2.58e-17  3.34e-17
2062 66  4   6.63e-18  6.91e-18  9.60e-18  1.20e-17  1.51e-17  1.94e-17  2.54e-17  3.35e-17  4.42e-17  5.81e-17  7.54e-17
2063 66  5   3.15e-16  3.18e-16  3.61e-16  4.13e-16  4.79e-16  5.65e-16  6.74e-16  8.12e-16  9.82e-16  1.19e-15  1.43e-15
2064 66  6   5.85e-16  5.89e-16  6.66e-16  7.61e-16  8.81e-16  1.04e-15  1.24e-15  1.49e-15  1.80e-15  2.17e-15  2.61e-15
2065 66  7   2.45e-18  2.66e-18  4.27e-18  5.44e-18  6.51e-18  7.74e-18  9.34e-18  1.15e-17  1.44e-17  1.82e-17  2.29e-17
2066 66  8   1.36e-17  1.37e-17  1.57e-17  1.82e-17  2.12e-17  2.50e-17  2.98e-17  3.60e-17  4.38e-17  5.36e-17  6.55e-17
2067 66  9   9.05e-18  9.22e-18  1.08e-17  1.25e-17  1.49e-17  1.80e-17  2.24e-17  2.81e-17  3.57e-17  4.54e-17  5.77e-17
2068 66  10  2.84e-17  2.86e-17  3.18e-17  3.61e-17  4.22e-17  5.04e-17  6.13e-17  7.53e-17  9.34e-17  1.16e-16  1.44e-16
2069 66  11  6.47e-16  6.43e-16  6.51e-16  6.93e-16  7.60e-16  8.52e-16  9.69e-16  1.11e-15  1.29e-15  1.50e-15  1.75e-15
2070 66  12  2.09e-15  2.08e-15  2.10e-15  2.22e-15  2.43e-15  2.70e-15  3.06e-15  3.50e-15  4.02e-15  4.65e-15  5.39e-15
2071 66  13  3.22e-17  3.24e-17  3.56e-17  4.00e-17  4.62e-17  5.47e-17  6.58e-17  8.02e-17  9.84e-17  1.21e-16  1.49e-16
2072 66  14  3.30e-17  3.34e-17  3.87e-17  4.50e-17  5.36e-17  6.52e-17  8.03e-17  9.96e-17  1.24e-16  1.54e-16  1.89e-16
2073 66  15  5.60e-17  5.72e-17  6.27e-17  6.76e-17  7.73e-17  9.20e-17  1.12e-16  1.38e-16  1.69e-16  2.08e-16  2.54e-16
2074 66  16  6.00e-17  6.10e-17  7.00e-17  8.08e-17  9.55e-17  1.15e-16  1.41e-16  1.74e-16  2.16e-16  2.67e-16  3.28e-16
2075 66  17  5.59e-15  5.58e-15  5.86e-15  6.31e-15  6.93e-15  7.73e-15  8.73e-15  9.93e-15  1.13e-14  1.30e-14  1.48e-14
2076 66  18  2.95e-14  2.95e-14  3.08e-14  3.32e-14  3.64e-14  4.04e-14  4.55e-14  5.15e-14  5.86e-14  6.68e-14  7.60e-14
2077 66  19  1.57e-16  1.60e-16  1.84e-16  2.10e-16  2.45e-16  2.90e-16  3.50e-16  4.26e-16  5.21e-16  6.36e-16  7.74e-16
2078 66  20  5.93e-17  5.93e-17  6.23e-17  6.82e-17  7.68e-17  8.84e-17  1.03e-16  1.22e-16  1.46e-16  1.75e-16  2.10e-16
2079 66  21  1.50e-16  1.50e-16  1.51e-16  1.59e-16  1.75e-16  1.97e-16  2.25e-16  2.60e-16  3.03e-16  3.55e-16  4.15e-16
2080 66  22  9.90e-17  9.90e-17  1.02e-16  1.08e-16  1.21e-16  1.39e-16  1.63e-16  1.93e-16  2.30e-16  2.75e-16  3.30e-16
2081 66  23  3.19e-15  3.17e-15  3.17e-15  3.28e-15  3.47e-15  3.73e-15  4.07e-15  4.48e-15  4.97e-15  5.55e-15  6.22e-15
2082 66  24  2.22e-14  2.20e-14  2.19e-14  2.25e-14  2.36e-14  2.52e-14  2.72e-14  2.97e-14  3.26e-14  3.59e-14  3.98e-14
2083 66  25  3.75e-16  3.75e-16  3.84e-16  4.10e-16  4.53e-16  5.11e-16  5.87e-16  6.80e-16  7.95e-16  9.33e-16  1.10e-15
2084 66  26  2.71e-16  2.74e-16  2.93e-16  3.19e-16  3.58e-16  4.12e-16  4.82e-16  5.69e-16  6.73e-16  7.96e-16  9.40e-16
2085 66  27  1.37e-15  1.39e-15  1.47e-15  1.56e-15  1.71e-15  1.92e-15  2.19e-15  2.53e-15  2.93e-15  3.40e-15  3.93e-15
2086 66  28  4.80e-16  4.86e-16  5.18e-16  5.58e-16  6.22e-16  7.10e-16  8.24e-16  9.64e-16  1.13e-15  1.33e-15  1.56e-15
2087 66  29  5.76e-14  5.75e-14  5.92e-14  6.20e-14  6.59e-14  7.09e-14  7.69e-14  8.39e-14  9.19e-14  1.01e-13  1.10e-13
2088 66  30  6.21e-13  6.20e-13  6.37e-13  6.67e-13  7.07e-13  7.58e-13  8.19e-13  8.89e-13  9.69e-13  1.06e-12  1.15e-12
2089 66  31  3.04e-15  3.08e-15  3.27e-15  3.48e-15  3.83e-15  4.31e-15  4.94e-15  5.72e-15  6.65e-15  7.73e-15  8.98e-15
2090 66  32  1.83e-16  1.83e-16  1.90e-16  2.02e-16  2.20e-16  2.43e-16  2.72e-16  3.08e-16  3.53e-16  4.06e-16  4.70e-16
2091 66  33  1.00e-15  9.97e-16  1.00e-15  1.04e-15  1.10e-15  1.18e-15  1.28e-15  1.40e-15  1.55e-15  1.73e-15  1.93e-15
2092 66  34  2.89e-16  2.89e-16  2.96e-16  3.11e-16  3.35e-16  3.68e-16  4.09e-16  4.61e-16  5.23e-16  5.98e-16  6.86e-16
2093 66  35  6.50e-15  6.50e-15  6.71e-15  6.95e-15  7.30e-15  7.75e-15  8.31e-15  8.99e-15  9.79e-15  1.07e-14  1.18e-14
2094 66  36  6.70e-14  6.73e-14  7.03e-14  7.26e-14  7.58e-14  7.98e-14  8.46e-14  9.05e-14  9.73e-14  1.05e-13  1.14e-13
2095 66  37  2.21e-15  2.20e-15  2.22e-15  2.31e-15  2.45e-15  2.64e-15  2.88e-15  3.18e-15  3.54e-15  3.95e-15  4.44e-15
2096 66  38  1.67e-15  1.72e-15  1.72e-15  1.71e-15  1.80e-15  1.97e-15  2.20e-15  2.49e-15  2.84e-15  3.24e-15  3.69e-15
2097 66  39  1.50e-14  1.53e-14  1.59e-14  1.61e-14  1.71e-14  1.85e-14  2.04e-14  2.26e-14  2.53e-14  2.83e-14  3.16e-14
2098 66  40  2.71e-15  2.79e-15  2.82e-15  2.83e-15  2.98e-15  3.25e-15  3.61e-15  4.06e-15  4.60e-15  5.21e-15  5.90e-15
2099 66  41  4.21e-13  4.21e-13  4.25e-13  4.32e-13  4.44e-13  4.62e-13  4.83e-13  5.08e-13  5.35e-13  5.65e-13  5.97e-13
2100 66  42  9.10e-12  9.07e-12  9.15e-12  9.30e-12  9.54e-12  9.87e-12  1.03e-11  1.07e-11  1.12e-11  1.18e-11  1.24e-11
2101 66  43  3.14e-14  3.21e-14  3.32e-14  3.37e-14  3.55e-14  3.86e-14  4.26e-14  4.74e-14  5.30e-14  5.94e-14  6.65e-14
2102 66  44  3.41e-16  3.45e-16  3.96e-16  4.48e-16  4.84e-16  5.16e-16  5.52e-16  5.96e-16  6.50e-16  7.16e-16  7.96e-16
2103 66  45  2.52e-15  2.54e-15  2.83e-15  3.09e-15  3.26e-15  3.40e-15  3.55e-15  3.73e-15  3.95e-15  4.21e-15  4.52e-15
2104 66  46  4.67e-16  4.72e-16  5.40e-16  6.07e-16  6.53e-16  6.93e-16  7.37e-16  7.91e-16  8.57e-16  9.39e-16  1.04e-15
2105 66  47  7.79e-15  7.86e-15  8.88e-15  9.69e-15  1.02e-14  1.07e-14  1.12e-14  1.18e-14  1.26e-14  1.35e-14  1.46e-14
2106 66  48  7.67e-14  7.78e-14  8.98e-14  9.70e-14  1.02e-13  1.06e-13  1.11e-13  1.17e-13  1.26e-13  1.36e-13  1.48e-13
2107 66  49  5.43e-15  5.47e-15  6.12e-15  6.71e-15  7.10e-15  7.43e-15  7.78e-15  8.20e-15  8.71e-15  9.33e-15  1.01e-14
2108 66  50  1.35e-14  1.47e-14  1.35e-14  1.07e-14  9.42e-15  8.93e-15  8.91e-15  9.21e-15  9.75e-15  1.05e-14  1.13e-14
2109 66  51  1.19e-13  1.25e-13  1.28e-13  1.19e-13  1.17e-13  1.20e-13  1.26e-13  1.34e-13  1.44e-13  1.55e-13  1.67e-13
2110 66  52  1.74e-14  1.88e-14  1.76e-14  1.45e-14  1.31e-14  1.26e-14  1.28e-14  1.33e-14  1.41e-14  1.52e-14  1.64e-14
2111 66  53  1.82e-12  1.85e-12  1.92e-12  1.90e-12  1.89e-12  1.89e-12  1.91e-12  1.94e-12  1.97e-12  2.01e-12  2.06e-12
2112 66  54  9.32e-11  9.38e-11  9.76e-11  9.78e-11  9.75e-11  9.75e-11  9.79e-11  9.85e-11  9.93e-11  1.00e-10  1.02e-10
2113 66  55  2.51e-13  2.65e-13  2.68e-13  2.46e-13  2.40e-13  2.45e-13  2.56e-13  2.73e-13  2.92e-13  3.15e-13  3.40e-13
2114 66  56  4.53e-16  4.72e-16  9.76e-16  1.44e-15  1.61e-15  1.63e-15  1.60e-15  1.57e-15  1.54e-15  1.53e-15  1.54e-15
2115 66  57  3.24e-15  3.34e-15  6.35e-15  9.09e-15  1.01e-14  1.01e-14  9.91e-15  9.61e-15  9.35e-15  9.18e-15  9.10e-15
2116 66  58  5.19e-16  5.40e-16  1.11e-15  1.63e-15  1.82e-15  1.85e-15  1.81e-15  1.77e-15  1.74e-15  1.72e-15  1.73e-15
2117 66  59  8.35e-15  8.67e-15  1.69e-14  2.44e-14  2.74e-14  2.83e-14  2.83e-14  2.81e-14  2.80e-14  2.80e-14  2.83e-14
2118 66  60  1.56e-13  1.68e-13  3.49e-13  5.18e-13  6.33e-13  7.18e-13  7.88e-13  8.48e-13  9.03e-13  9.55e-13  1.00e-12
2119 66  61  7.07e-15  7.29e-15  1.40e-14  2.01e-14  2.23e-14  2.25e-14  2.20e-14  2.14e-14  2.08e-14  2.05e-14  2.03e-14
2120 66  62  7.73e-15  9.40e-15  1.45e-14  1.44e-14  1.47e-14  1.53e-14  1.61e-14  1.71e-14  1.81e-14  1.94e-14  2.07e-14
2121 66  63  1.03e-13  1.25e-13  2.63e-13  3.18e-13  3.58e-13  3.93e-13  4.26e-13  4.57e-13  4.88e-13  5.18e-13  5.49e-13
2122 66  64  8.63e-15  1.05e-14  1.67e-14  1.70e-14  1.76e-14  1.85e-14  1.95e-14  2.08e-14  2.21e-14  2.36e-14  2.52e-14
2123 66  65  2.13E-13  2.58E-13  5.34E-13  6.40E-13  7.17E-13  7.87E-13  8.50E-13  9.12E-13  9.74E-13  1.03E-12  1.09E-12
2124 67  1   3.40e-17  3.41e-17  3.69e-17  4.11e-17  4.72e-17  5.55e-17  6.66e-17  8.07e-17  9.87e-17  1.21e-16  1.48e-16
2125 67  2   7.71e-17  7.73e-17  8.41e-17  9.48e-17  1.09e-16  1.29e-16  1.54e-16  1.87e-16  2.28e-16  2.78e-16  3.40e-16
2126 67  3   1.44e-19  1.73e-19  1.64e-19  1.10e-19  7.82e-20  5.88e-20  4.62e-20  3.74e-20  3.11e-20  2.64e-20  2.28e-20
2127 67  4   9.59e-18  9.99e-18  1.40e-17  1.77e-17  2.22e-17  2.85e-17  3.71e-17  4.88e-17  6.43e-17  8.42e-17  1.09e-16
2128 67  5   7.02e-17  7.08e-17  8.00e-17  9.14e-17  1.07e-16  1.26e-16  1.52e-16  1.85e-16  2.25e-16  2.75e-16  3.33e-16
2129 67  6   3.43e-16  3.46e-16  3.90e-16  4.45e-16  5.16e-16  6.08e-16  7.27e-16  8.76e-16  1.06e-15  1.28e-15  1.54e-15
2130 67  7   4.89e-16  4.93e-16  5.57e-16  6.36e-16  7.37e-16  8.68e-16  1.04e-15  1.25e-15  1.50e-15  1.81e-15  2.18e-15
2131 67  8   8.73e-18  8.81e-18  1.01e-17  1.19e-17  1.38e-17  1.61e-17  1.91e-17  2.29e-17  2.77e-17  3.37e-17  4.10e-17
2132 67  9   2.40e-17  2.41e-17  2.70e-17  3.10e-17  3.61e-17  4.26e-17  5.11e-17  6.18e-17  7.55e-17  9.25e-17  1.13e-16
2133 67  10  1.80e-17  1.82e-17  2.10e-17  2.46e-17  2.94e-17  3.58e-17  4.44e-17  5.58e-17  7.07e-17  8.98e-17  1.14e-16
2134 67  11  9.63e-17  9.58e-17  9.90e-17  1.07e-16  1.19e-16  1.34e-16  1.54e-16  1.79e-16  2.10e-16  2.48e-16  2.92e-16
2135 67  12  7.00e-16  6.96e-16  7.02e-16  7.45e-16  8.16e-16  9.14e-16  1.04e-15  1.20e-15  1.39e-15  1.61e-15  1.88e-15
2136 67  13  1.98e-15  1.96e-15  1.98e-15  2.10e-15  2.29e-15  2.56e-15  2.89e-15  3.31e-15  3.81e-15  4.41e-15  5.11e-15
2137 67  14  7.11e-17  7.25e-17  8.18e-17  9.16e-17  1.06e-16  1.26e-16  1.53e-16  1.86e-16  2.28e-16  2.80e-16  3.40e-16
2138 67  15  6.20e-17  6.30e-17  7.31e-17  8.43e-17  9.93e-17  1.19e-16  1.46e-16  1.80e-16  2.22e-16  2.74e-16  3.35e-16
2139 67  16  1.55e-17  1.57e-17  1.86e-17  2.20e-17  2.66e-17  3.25e-17  4.04e-17  5.06e-17  6.37e-17  8.00e-17  9.99e-17
2140 67  17  5.08e-16  5.09e-16  5.37e-16  5.82e-16  6.42e-16  7.21e-16  8.20e-16  9.40e-16  1.08e-15  1.25e-15  1.44e-15
2141 67  18  6.08e-15  6.08e-15  6.38e-15  6.88e-15  7.55e-15  8.42e-15  9.50e-15  1.08e-14  1.23e-14  1.41e-14  1.61e-14
2142 67  19  2.87e-14  2.86e-14  3.00e-14  3.22e-14  3.53e-14  3.93e-14  4.42e-14  5.01e-14  5.70e-14  6.50e-14  7.40e-14
2143 67  20  1.83e-16  1.83e-16  1.89e-16  2.03e-16  2.24e-16  2.52e-16  2.88e-16  3.32e-16  3.87e-16  4.52e-16  5.30e-16
2144 67  21  1.04e-16  1.04e-16  1.09e-16  1.19e-16  1.33e-16  1.52e-16  1.76e-16  2.07e-16  2.45e-16  2.91e-16  3.46e-16
2145 67  22  1.98e-17  1.98e-17  2.17e-17  2.48e-17  2.86e-17  3.36e-17  4.00e-17  4.83e-17  5.89e-17  7.23e-17  8.88e-17
2146 67  23  2.44e-16  2.43e-16  2.45e-16  2.56e-16  2.74e-16  3.00e-16  3.33e-16  3.73e-16  4.22e-16  4.81e-16  5.49e-16
2147 67  24  3.46e-15  3.44e-15  3.44e-15  3.55e-15  3.76e-15  4.05e-15  4.41e-15  4.86e-15  5.39e-15  6.01e-15  6.73e-15
2148 67  25  2.20e-14  2.19e-14  2.18e-14  2.24e-14  2.35e-14  2.51e-14  2.72e-14  2.96e-14  3.25e-14  3.59e-14  3.98e-14
2149 67  26  1.55e-15  1.57e-15  1.67e-15  1.77e-15  1.95e-15  2.20e-15  2.51e-15  2.91e-15  3.38e-15  3.92e-15  4.55e-15
2150 67  27  5.16e-16  5.23e-16  5.57e-16  6.00e-16  6.69e-16  7.63e-16  8.85e-16  1.03e-15  1.22e-15  1.43e-15  1.67e-15
2151 67  28  5.63e-17  5.73e-17  6.06e-17  6.50e-17  7.30e-17  8.45e-17  9.97e-17  1.19e-16  1.42e-16  1.71e-16  2.04e-16
2152 67  29  2.69e-15  2.69e-15  2.78e-15  2.92e-15  3.12e-15  3.38e-15  3.70e-15  4.07e-15  4.50e-15  4.98e-15  5.52e-15
2153 67  30  6.27e-14  6.26e-14  6.45e-14  6.76e-14  7.18e-14  7.72e-14  8.38e-14  9.14e-14  1.00e-13  1.10e-13  1.20e-13
2154 67  31  6.17e-13  6.15e-13  6.33e-13  6.62e-13  7.02e-13  7.52e-13  8.13e-13  8.83e-13  9.63e-13  1.05e-12  1.15e-12
2155 67  32  1.13e-15  1.13e-15  1.14e-15  1.18e-15  1.26e-15  1.35e-15  1.48e-15  1.63e-15  1.80e-15  2.01e-15  2.26e-15
2156 67  33  3.11e-16  3.11e-16  3.18e-16  3.34e-16  3.59e-16  3.94e-16  4.38e-16  4.93e-16  5.59e-16  6.39e-16  7.33e-16
2157 67  34  2.98e-17  3.00e-17  3.11e-17  3.34e-17  3.70e-17  4.18e-17  4.79e-17  5.58e-17  6.55e-17  7.75e-17  9.21e-17
2158 67  35  3.59e-16  3.59e-16  3.68e-16  3.82e-16  4.05e-16  4.36e-16  4.75e-16  5.24e-16  5.82e-16  6.51e-16  7.31e-16
2159 67  36  7.05e-15  7.06e-15  7.28e-15  7.54e-15  7.91e-15  8.40e-15  9.01e-15  9.74e-15  1.06e-14  1.16e-14  1.28e-14
2160 67  37  6.83e-14  6.85e-14  7.16e-14  7.40e-14  7.72e-14  8.13e-14  8.64e-14  9.24e-14  9.94e-14  1.08e-13  1.17e-13
2161 67  38  1.63e-14  1.66e-14  1.72e-14  1.74e-14  1.84e-14  2.00e-14  2.20e-14  2.45e-14  2.74e-14  3.07e-14  3.44e-14
2162 67  39  2.93e-15  3.01e-15  3.05e-15  3.06e-15  3.23e-15  3.52e-15  3.91e-15  4.40e-15  4.98e-15  5.64e-15  6.39e-15
2163 67  40  2.02e-16  2.12e-16  2.10e-16  1.99e-16  2.03e-16  2.19e-16  2.43e-16  2.76e-16  3.15e-16  3.62e-16  4.17e-16
2164 67  41  1.00e-14  1.00e-14  1.01e-14  1.03e-14  1.06e-14  1.11e-14  1.18e-14  1.25e-14  1.34e-14  1.43e-14  1.54e-14
2165 67  42  4.59e-13  4.59e-13  4.63e-13  4.71e-13  4.84e-13  5.03e-13  5.26e-13  5.53e-13  5.83e-13  6.16e-13  6.51e-13
2166 67  43  9.09e-12  9.06e-12  9.13e-12  9.28e-12  9.53e-12  9.86e-12  1.03e-11  1.07e-11  1.12e-11  1.18e-11  1.24e-11
2167 67  44  2.79e-15  2.81e-15  3.15e-15  3.45e-15  3.65e-15  3.81e-15  3.99e-15  4.21e-15  4.47e-15  4.78e-15  5.15e-15
2168 67  45  5.05e-16  5.10e-16  5.83e-16  6.54e-16  7.03e-16  7.46e-16  7.93e-16  8.51e-16  9.23e-16  1.01e-15  1.11e-15
2169 67  46  3.27e-17  3.34e-17  4.04e-17  4.73e-17  5.20e-17  5.60e-17  6.05e-17  6.61e-17  7.33e-17  8.22e-17  9.32e-17
2170 67  47  3.59e-16  3.62e-16  4.13e-16  4.60e-16  4.92e-16  5.19e-16  5.49e-16  5.85e-16  6.30e-16  6.84e-16  7.49e-16
2171 67  48  8.45e-15  8.52e-15  9.63e-15  1.05e-14  1.11e-14  1.16e-14  1.21e-14  1.28e-14  1.36e-14  1.46e-14  1.58e-14
2172 67  49  8.11e-14  8.23e-14  9.48e-14  1.02e-13  1.07e-13  1.12e-13  1.17e-13  1.24e-13  1.33e-13  1.43e-13  1.56e-13
2173 67  50  1.29e-13  1.37e-13  1.38e-13  1.27e-13  1.24e-13  1.27e-13  1.33e-13  1.41e-13  1.51e-13  1.63e-13  1.76e-13
2174 67  51  1.88e-14  2.03e-14  1.90e-14  1.57e-14  1.41e-14  1.37e-14  1.38e-14  1.44e-14  1.53e-14  1.65e-14  1.78e-14
2175 67  52  1.31e-15  1.46e-15  1.33e-15  9.79e-16  7.91e-16  6.95e-16  6.51e-16  6.40e-16  6.53e-16  6.83e-16  7.28e-16
2176 67  53  2.14e-14  2.22e-14  2.22e-14  2.06e-14  1.99e-14  1.98e-14  2.01e-14  2.06e-14  2.14e-14  2.23e-14  2.33e-14
2177 67  54  1.99e-12  2.01e-12  2.09e-12  2.07e-12  2.06e-12  2.06e-12  2.08e-12  2.11e-12  2.15e-12  2.19e-12  2.24e-12
2178 67  55  9.33e-11  9.38e-11  9.77e-11  9.79e-11  9.76e-11  9.76e-11  9.79e-11  9.86e-11  9.94e-11  1.00e-10  1.02e-10
2179 67  56  3.62e-15  3.74e-15  7.17e-15  1.03e-14  1.14e-14  1.15e-14  1.13e-14  1.09e-14  1.06e-14  1.05e-14  1.04e-14
2180 67  57  5.61e-16  5.84e-16  1.20e-15  1.76e-15  1.97e-15  1.99e-15  1.96e-15  1.91e-15  1.88e-15  1.86e-15  1.87e-15
2181 67  58  2.64e-17  2.81e-17  6.58e-17  1.00e-16  1.13e-16  1.15e-16  1.14e-16  1.12e-16  1.10e-16  1.11e-16  1.13e-16
2182 67  59  2.78e-16  2.89e-16  5.89e-16  8.64e-16  9.65e-16  9.80e-16  9.63e-16  9.41e-16  9.25e-16  9.17e-16  9.21e-16
2183 67  60  9.06e-15  9.41e-15  1.83e-14  2.64e-14  2.98e-14  3.07e-14  3.07e-14  3.05e-14  3.04e-14  3.04e-14  3.07e-14
2184 67  61  1.62e-13  1.74e-13  3.61e-13  5.35e-13  6.52e-13  7.37e-13  8.06e-13  8.66e-13  9.21e-13  9.72e-13  1.02e-12
2185 67  62  1.10e-13  1.33e-13  2.75e-13  3.30e-13  3.71e-13  4.06e-13  4.39e-13  4.71e-13  5.03e-13  5.35e-13  5.67e-13
2186 67  63  9.33e-15  1.13e-14  1.81e-14  1.85e-14  1.91e-14  2.01e-14  2.12e-14  2.25e-14  2.40e-14  2.56e-14  2.73e-14
2187 67  64  5.00e-16  6.09e-16  7.52e-16  6.40e-16  6.00e-16  6.04e-16  6.32e-16  6.78e-16  7.39e-16  8.18e-16  9.15e-16
2188 67  65  3.72E-15  4.54E-15  6.97E-15  6.94E-15  7.06E-15  7.34E-15  7.73E-15  8.18E-15  8.71E-15  9.30E-15  9.96E-15
2189 67  66  2.31E-13  2.80E-13  5.81E-13  6.97E-13  7.81E-13  8.56E-13  9.26E-13  9.94E-13  1.06E-12  1.12E-12  1.19E-12
2190 68  1   4.88e-16  4.43e-16  2.04e-16  1.32e-16  1.04e-16  9.48e-17  9.56e-17  1.04e-16  1.19e-16  1.40e-16  1.68e-16
2191 68  3   1.22e-16  1.22e-16  1.22e-16  1.31e-16  1.47e-16  1.69e-16  1.99e-16  2.36e-16  2.84e-16  3.42e-16  4.12e-16
2192 68  4   5.04e-16  4.59e-16  2.24e-16  1.53e-16  1.27e-16  1.20e-16  1.22e-16  1.31e-16  1.47e-16  1.69e-16  1.97e-16
2193 68  5   2.11e-18  3.62e-18  1.89e-17  2.92e-17  3.81e-17  4.80e-17  6.00e-17  7.51e-17  9.41e-17  1.18e-16  1.47e-16
2194 68  6   4.99e-16  4.54e-16  2.16e-16  1.44e-16  1.16e-16  1.06e-16  1.06e-16  1.11e-16  1.23e-16  1.40e-16  1.61e-16
2195 68  7   7.13e-18  7.80e-18  1.16e-17  1.37e-17  1.61e-17  1.92e-17  2.31e-17  2.80e-17  3.40e-17  4.14e-17  5.03e-17
2196 68  8   6.55e-15  6.00e-15  3.06e-15  2.18e-15  1.88e-15  1.81e-15  1.87e-15  2.03e-15  2.27e-15  2.58e-15  2.96e-15
2197 68  9   5.34e-15  4.88e-15  2.43e-15  1.69e-15  1.43e-15  1.35e-15  1.38e-15  1.48e-15  1.64e-15  1.86e-15  2.13e-15
2198 68  10  1.51e-15  1.37e-15  6.56e-16  4.38e-16  3.54e-16  3.23e-16  3.21e-16  3.38e-16  3.70e-16  4.15e-16  4.73e-16
2199 68  11  5.07e-16  4.61e-16  2.17e-16  1.43e-16  1.15e-16  1.04e-16  1.04e-16  1.10e-16  1.22e-16  1.39e-16  1.61e-16
2200 68  12  1.52e-15  1.39e-15  6.72e-16  4.57e-16  3.76e-16  3.49e-16  3.51e-16  3.73e-16  4.12e-16  4.66e-16  5.34e-16
2201 68  13  1.09e-15  1.00e-15  5.14e-16  3.71e-16  3.22e-16  3.12e-16  3.25e-16  3.54e-16  3.97e-16  4.54e-16  5.22e-16
2202 68  14  8.14e-15  7.60e-15  4.62e-15  3.77e-15  3.55e-15  3.60e-15  3.82e-15  4.18e-15  4.66e-15  5.26e-15  5.98e-15
2203 68  15  3.86e-15  3.57e-15  2.01e-15  1.56e-15  1.41e-15  1.40e-15  1.46e-15  1.58e-15  1.76e-15  1.98e-15  2.25e-15
2204 68  16  1.55e-15  1.41e-15  6.68e-16  4.39e-16  3.46e-16  3.07e-16  2.94e-16  2.99e-16  3.17e-16  3.47e-16  3.87e-16
2205 68  17  2.09e-18  3.58e-18  1.79e-17  2.67e-17  3.41e-17  4.20e-17  5.14e-17  6.27e-17  7.67e-17  9.39e-17  1.15e-16
2206 68  18  1.65e-17  2.54e-17  9.47e-17  1.32e-16  1.61e-16  1.92e-16  2.26e-16  2.66e-16  3.14e-16  3.70e-16  4.37e-16
2207 68  19  3.62e-16  3.56e-16  3.09e-16  3.05e-16  3.21e-16  3.50e-16  3.90e-16  4.42e-16  5.05e-16  5.82e-16  6.71e-16
2208 68  20  2.16e-13  1.99e-13  1.08e-13  8.04e-14  7.06e-14  6.80e-14  6.91e-14  7.28e-14  7.85e-14  8.58e-14  9.45e-14
2209 68  21  4.73e-14  4.36e-14  2.35e-14  1.74e-14  1.53e-14  1.47e-14  1.49e-14  1.58e-14  1.70e-14  1.87e-14  2.06e-14
2210 68  22  4.19e-15  3.86e-15  2.06e-15  1.52e-15  1.33e-15  1.28e-15  1.30e-15  1.38e-15  1.50e-15  1.66e-15  1.84e-15
2211 68  23  5.97e-16  5.50e-16  3.01e-16  2.28e-16  2.04e-16  2.01e-16  2.10e-16  2.28e-16  2.53e-16  2.85e-16  3.23e-16
2212 68  24  5.50e-15  5.07e-15  2.77e-15  2.08e-15  1.85e-15  1.80e-15  1.85e-15  1.97e-15  2.15e-15  2.38e-15  2.66e-15
2213 68  25  1.55e-14  1.43e-14  7.81e-15  5.88e-15  5.20e-15  5.03e-15  5.15e-15  5.45e-15  5.91e-15  6.49e-15  7.17e-15
2214 68  26  1.03e-13  9.58e-14  5.38e-14  4.10e-14  3.62e-14  3.46e-14  3.48e-14  3.60e-14  3.82e-14  4.10e-14  4.46e-14
2215 68  27  1.54e-14  1.43e-14  8.17e-15  6.33e-15  5.67e-15  5.50e-15  5.60e-15  5.88e-15  6.30e-15  6.86e-15  7.54e-15
2216 68  28  8.52e-16  7.98e-16  4.95e-16  4.07e-16  3.83e-16  3.87e-16  4.07e-16  4.41e-16  4.87e-16  5.44e-16  6.13e-16
2217 68  29  2.82e-18  4.79e-18  2.36e-17  3.49e-17  4.37e-17  5.22e-17  6.16e-17  7.25e-17  8.56e-17  1.01e-16  1.19e-16
2218 68  30  1.99e-15  1.84e-15  1.02e-15  7.76e-16  6.89e-16  6.67e-16  6.82e-16  7.23e-16  7.85e-16  8.67e-16  9.68e-16
2219 68  31  4.71e-15  4.40e-15  2.66e-15  2.14e-15  1.98e-15  1.96e-15  2.02e-15  2.14e-15  2.31e-15  2.53e-15  2.79e-15
2220 68  32  4.36e-12  4.02e-12  2.15e-12  1.58e-12  1.35e-12  1.26e-12  1.23e-12  1.25e-12  1.29e-12  1.36e-12  1.43e-12
2221 68  33  4.17e-13  3.84e-13  2.09e-13  1.55e-13  1.34e-13  1.26e-13  1.25e-13  1.27e-13  1.33e-13  1.40e-13  1.49e-13
2222 68  34  1.49e-14  1.38e-14  7.86e-15  6.04e-15  5.38e-15  5.19e-15  5.25e-15  5.46e-15  5.79e-15  6.20e-15  6.70e-15
2223 68  35  9.88e-16  9.26e-16  5.79e-16  4.77e-16  4.48e-16  4.51e-16  4.73e-16  5.08e-16  5.54e-16  6.09e-16  6.74e-16
2224 68  36  2.36e-14  2.19e-14  1.25e-14  9.60e-15  8.57e-15  8.28e-15  8.37e-15  8.71e-15  9.24e-15  9.91e-15  1.07e-14
2225 68  37  1.63e-13  1.51e-13  8.20e-14  6.08e-14  5.26e-14  4.95e-14  4.90e-14  5.00e-14  5.21e-14  5.50e-14  5.86e-14
2226 68  38  5.20e-13  4.76e-13  2.42e-13  1.69e-13  1.38e-13  1.25e-13  1.19e-13  1.18e-13  1.20e-13  1.25e-13  1.32e-13
2227 68  39  2.91e-14  2.71e-14  1.57e-14  1.22e-14  1.10e-14  1.06e-14  1.07e-14  1.11e-14  1.17e-14  1.26e-14  1.37e-14
2228 68  40  2.14e-16  2.37e-16  3.25e-16  3.61e-16  3.94e-16  4.32e-16  4.76e-16  5.29e-16  5.92e-16  6.65e-16  7.49e-16
2229 68  41  5.16e-16  4.70e-16  2.25e-16  1.50e-16  1.19e-16  1.06e-16  1.01e-16  1.02e-16  1.07e-16  1.16e-16  1.28e-16
2230 68  42  6.98e-16  7.02e-16  6.69e-16  6.70e-16  6.99e-16  7.48e-16  8.13e-16  8.95e-16  9.94e-16  1.11e-15  1.25e-15
2231 68  43  1.23e-14  1.14e-14  6.57e-15  5.08e-15  4.52e-15  4.35e-15  4.37e-15  4.53e-15  4.79e-15  5.14e-15  5.57e-15
2232 68  44  4.74e-11  4.40e-11  2.48e-11  1.86e-11  1.60e-11  1.48e-11  1.43e-11  1.42e-11  1.43e-11  1.45e-11  1.48e-11
2233 68  45  2.01e-12  1.87e-12  1.11e-12  8.58e-13  7.59e-13  7.16e-13  7.03e-13  7.05e-13  7.18e-13  7.39e-13  7.64e-13
2234 68  46  2.28e-14  2.19e-14  1.60e-14  1.41e-14  1.36e-14  1.36e-14  1.40e-14  1.46e-14  1.53e-14  1.62e-14  1.72e-14
2235 68  47  4.95e-17  7.84e-17  3.07e-16  4.18e-16  4.93e-16  5.59e-16  6.25e-16  6.96e-16  7.72e-16  8.54e-16  9.43e-16
2236 68  48  3.73e-14  3.59e-14  2.66e-14  2.36e-14  2.27e-14  2.28e-14  2.35e-14  2.45e-14  2.58e-14  2.73e-14  2.89e-14
2237 68  49  8.39e-13  7.82e-13  4.61e-13  3.58e-13  3.16e-13  2.99e-13  2.93e-13  2.94e-13  2.99e-13  3.08e-13  3.18e-13
2238 68  50  7.76e-14  8.08e-14  8.85e-14  9.04e-14  9.32e-14  9.74e-14  1.03e-13  1.11e-13  1.21e-13  1.33e-13  1.46e-13
2239 68  51  8.80e-16  1.37e-15  5.17e-15  6.92e-15  8.00e-15  8.90e-15  9.79e-15  1.07e-14  1.18e-14  1.31e-14  1.44e-14
2240 68  52  3.79e-17  5.86e-17  2.20e-16  2.97e-16  3.48e-16  3.93e-16  4.39e-16  4.89e-16  5.47e-16  6.12e-16  6.87e-16
2241 68  53  5.05e-16  4.58e-16  2.13e-16  1.38e-16  1.06e-16  9.11e-17  8.43e-17  8.25e-17  8.41e-17  8.86e-17  9.56e-17
2242 68  54  5.63e-17  8.97e-17  3.65e-16  5.01e-16  5.91e-16  6.70e-16  7.49e-16  8.37e-16  9.35e-16  1.05e-15  1.18e-15
2243 68  55  3.80e-16  5.89e-16  2.20e-15  2.94e-15  3.40e-15  3.78e-15  4.16e-15  4.57e-15  5.03e-15  5.55e-15  6.14e-15
2244 68  56  5.80e-10  5.35e-10  2.89e-10  2.07e-10  1.71e-10  1.52e-10  1.40e-10  1.33e-10  1.28e-10  1.25e-10  1.23e-10
2245 68  57  6.35e-12  6.00e-12  3.84e-12  3.09e-12  2.75e-12  2.59e-12  2.50e-12  2.46e-12  2.45e-12  2.46e-12  2.48e-12
2246 68  58  1.26e-15  2.12e-15  9.42e-15  1.27e-14  1.47e-14  1.61e-14  1.74e-14  1.87e-14  1.99e-14  2.12e-14  2.25e-14
2247 68  59  2.03e-17  3.63e-17  1.90e-16  2.72e-16  3.31e-16  3.84e-16  4.37e-16  4.92e-16  5.51e-16  6.14e-16  6.82e-16
2248 68  60  2.20e-15  3.68e-15  1.64e-14  2.21e-14  2.55e-14  2.81e-14  3.03e-14  3.25e-14  3.46e-14  3.69e-14  3.91e-14
2249 68  61  2.73e-12  2.58e-12  1.66e-12  1.33e-12  1.19e-12  1.12e-12  1.08e-12  1.06e-12  1.06e-12  1.06e-12  1.07e-12
2250 68  62  2.30e-14  3.64e-14  1.69e-13  2.67e-13  3.50e-13  4.26e-13  4.97e-13  5.64e-13  6.27e-13  6.89e-13  7.48e-13
2251 68  63  6.55e-16  1.14e-15  6.46e-15  9.35e-15  1.10e-14  1.22e-14  1.33e-14  1.44e-14  1.55e-14  1.67e-14  1.81e-14
2252 68  64  1.82e-17  3.21e-17  1.87e-16  2.67e-16  3.08e-16  3.36e-16  3.61e-16  3.88e-16  4.20e-16  4.58e-16  5.02e-16
2253 68  65  9.18e-19  1.70e-18  1.16e-17  1.71e-17  2.01e-17  2.25e-17  2.48e-17  2.75e-17  3.08e-17  3.47e-17  3.95e-17
2254 68  66  3.15e-17  5.57e-17  3.29e-16  4.70e-16  5.41e-16  5.90e-16  6.35e-16  6.83e-16  7.39e-16  8.05e-16  8.82e-16
2255 68  67  2.85e-16  4.97e-16  2.82e-15  4.09e-15  4.82e-15  5.35e-15  5.82e-15  6.29e-15  6.79e-15  7.33e-15  7.91e-15
2256 69  1   1.08e-18  1.90e-18  1.04e-17  1.65e-17  2.25e-17  2.96e-17  3.85e-17  4.99e-17  6.42e-17  8.21e-17  1.04e-16
2257 69  2   4.75e-18  5.19e-18  7.72e-18  9.51e-18  1.17e-17  1.46e-17  1.84e-17  2.32e-17  2.95e-17  3.72e-17  4.67e-17
2258 69  3   5.23e-16  4.77e-16  2.38e-16  1.67e-16  1.42e-16  1.36e-16  1.40e-16  1.52e-16  1.72e-16  1.98e-16  2.32e-16
2259 69  4   1.18e-16  1.18e-16  1.14e-16  1.21e-16  1.35e-16  1.56e-16  1.82e-16  2.17e-16  2.60e-16  3.13e-16  3.77e-16
2260 69  5   5.03e-16  4.58e-16  2.23e-16  1.53e-16  1.27e-16  1.19e-16  1.21e-16  1.31e-16  1.48e-16  1.72e-16  2.03e-16
2261 69  6   9.15e-16  8.26e-16  3.58e-16  2.12e-16  1.50e-16  1.19e-16  1.02e-16  9.54e-17  9.48e-17  9.94e-17  1.09e-16
2262 69  7   1.38e-18  2.39e-18  1.27e-17  1.94e-17  2.51e-17  3.10e-17  3.77e-17  4.59e-17  5.57e-17  6.77e-17  8.20e-17
2263 69  8   2.38e-18  2.61e-18  4.26e-18  5.48e-18  6.74e-18  8.35e-18  1.05e-17  1.33e-17  1.71e-17  2.17e-17  2.75e-17
2264 69  9   7.66e-15  7.01e-15  3.58e-15  2.57e-15  2.22e-15  2.14e-15  2.22e-15  2.41e-15  2.70e-15  3.08e-15  3.54e-15
2265 69  10  3.42e-15  3.14e-15  1.66e-15  1.24e-15  1.10e-15  1.09e-15  1.15e-15  1.27e-15  1.44e-15  1.65e-15  1.91e-15
2266 69  11  1.52e-15  1.38e-15  6.68e-16  4.52e-16  3.71e-16  3.43e-16  3.44e-16  3.66e-16  4.04e-16  4.57e-16  5.23e-16
2267 69  12  6.01e-16  5.53e-16  3.03e-16  2.32e-16  2.11e-16  2.12e-16  2.27e-16  2.53e-16  2.88e-16  3.33e-16  3.86e-16
2268 69  13  9.97e-16  9.07e-16  4.31e-16  2.87e-16  2.31e-16  2.10e-16  2.08e-16  2.19e-16  2.40e-16  2.70e-16  3.08e-16
2269 69  14  5.16e-16  4.69e-16  2.26e-16  1.53e-16  1.25e-16  1.17e-16  1.18e-16  1.27e-16  1.43e-16  1.64e-16  1.92e-16
2270 69  15  8.29e-15  7.74e-15  4.76e-15  3.92e-15  3.70e-15  3.77e-15  4.01e-15  4.39e-15  4.90e-15  5.53e-15  6.29e-15
2271 69  16  2.92e-15  2.72e-15  1.62e-15  1.30e-15  1.22e-15  1.23e-15  1.30e-15  1.43e-15  1.60e-15  1.81e-15  2.07e-15
2272 69  17  1.56e-15  1.43e-15  6.95e-16  4.70e-16  3.83e-16  3.49e-16  3.43e-16  3.57e-16  3.85e-16  4.28e-16  4.83e-16
2273 69  18  1.18e-15  1.08e-15  5.84e-16  4.34e-16  3.82e-16  3.69e-16  3.80e-16  4.06e-16  4.45e-16  4.97e-16  5.61e-16
2274 69  19  1.11e-16  1.10e-16  1.02e-16  1.05e-16  1.13e-16  1.27e-16  1.45e-16  1.68e-16  1.96e-16  2.31e-16  2.72e-16
2275 69  20  5.46e-16  5.22e-16  3.82e-16  3.54e-16  3.69e-16  4.10e-16  4.73e-16  5.56e-16  6.62e-16  7.90e-16  9.42e-16
2276 69  21  2.22e-13  2.05e-13  1.11e-13  8.27e-14  7.26e-14  6.99e-14  7.10e-14  7.48e-14  8.06e-14  8.81e-14  9.70e-14
2277 69  22  4.18e-14  3.85e-14  2.09e-14  1.57e-14  1.38e-14  1.33e-14  1.36e-14  1.44e-14  1.56e-14  1.71e-14  1.89e-14
2278 69  23  4.99e-15  4.60e-15  2.53e-15  1.91e-15  1.70e-15  1.66e-15  1.71e-15  1.83e-15  2.00e-15  2.22e-15  2.48e-15
2279 69  24  1.45e-14  1.33e-14  7.17e-15  5.32e-15  4.66e-15  4.47e-15  4.54e-15  4.78e-15  5.16e-15  5.64e-15  6.21e-15
2280 69  25  3.05e-15  2.81e-15  1.53e-15  1.15e-15  1.02e-15  9.92e-16  1.02e-15  1.10e-15  1.20e-15  1.34e-15  1.50e-15
2281 69  26  7.93e-17  1.09e-16  2.97e-16  3.88e-16  4.64e-16  5.44e-16  6.36e-16  7.44e-16  8.72e-16  1.02e-15  1.20e-15
2282 69  27  1.04e-13  9.62e-14  5.41e-14  4.11e-14  3.63e-14  3.47e-14  3.48e-14  3.61e-14  3.82e-14  4.10e-14  4.45e-14
2283 69  28  1.31e-14  1.22e-14  7.12e-15  5.60e-15  5.07e-15  4.96e-15  5.08e-15  5.36e-15  5.76e-15  6.29e-15  6.92e-15
2284 69  29  9.88e-16  9.33e-16  6.20e-16  5.33e-16  5.17e-16  5.32e-16  5.67e-16  6.20e-16  6.89e-16  7.74e-16  8.75e-16
2285 69  30  3.96e-15  3.70e-15  2.26e-15  1.83e-15  1.69e-15  1.67e-15  1.72e-15  1.82e-15  1.96e-15  2.14e-15  2.35e-15
2286 69  31  5.22e-17  7.01e-17  1.73e-16  2.19e-16  2.55e-16  2.91e-16  3.33e-16  3.81e-16  4.38e-16  5.05e-16  5.83e-16
2287 69  32  5.79e-16  8.30e-16  2.49e-15  3.32e-15  4.00e-15  4.72e-15  5.52e-15  6.45e-15  7.52e-15  8.73e-15  1.01e-14
2288 69  33  4.42e-12  4.07e-12  2.18e-12  1.60e-12  1.36e-12  1.27e-12  1.25e-12  1.26e-12  1.30e-12  1.37e-12  1.44e-12
2289 69  34  3.82e-13  3.52e-13  1.92e-13  1.42e-13  1.23e-13  1.16e-13  1.15e-13  1.17e-13  1.22e-13  1.29e-13  1.37e-13
2290 69  35  2.29e-14  2.12e-14  1.19e-14  9.10e-15  8.07e-15  7.75e-15  7.82e-15  8.12e-15  8.59e-15  9.21e-15  9.94e-15
2291 69  36  1.56e-13  1.43e-13  7.76e-14  5.72e-14  4.93e-14  4.62e-14  4.56e-14  4.64e-14  4.82e-14  5.08e-14  5.39e-14
2292 69  37  1.22e-14  1.14e-14  6.61e-15  5.17e-15  4.67e-15  4.57e-15  4.66e-15  4.90e-15  5.24e-15  5.67e-15  6.17e-15
2293 69  38  2.57e-16  3.89e-16  1.36e-15  1.82e-15  2.15e-15  2.46e-15  2.78e-15  3.13e-15  3.54e-15  4.00e-15  4.52e-15
2294 69  39  5.28e-13  4.83e-13  2.44e-13  1.69e-13  1.38e-13  1.24e-13  1.18e-13  1.16e-13  1.18e-13  1.23e-13  1.29e-13
2295 69  40  2.73e-14  2.54e-14  1.47e-14  1.14e-14  1.02e-14  9.81e-15  9.88e-15  1.02e-14  1.08e-14  1.17e-14  1.26e-14
2296 69  41  1.72e-16  2.14e-16  4.23e-16  5.08e-16  5.74e-16  6.40e-16  7.13e-16  7.97e-16  8.96e-16  1.01e-15  1.14e-15
2297 69  42  1.12e-14  1.04e-14  5.91e-15  4.54e-15  4.02e-15  3.85e-15  3.85e-15  3.98e-15  4.19e-15  4.47e-15  4.83e-15
2298 69  43  8.37e-16  8.07e-16  6.06e-16  5.51e-16  5.48e-16  5.71e-16  6.12e-16  6.68e-16  7.39e-16  8.26e-16  9.27e-16
2299 69  44  2.72e-15  4.42e-15  1.88e-14  2.63e-14  3.20e-14  3.74e-14  4.30e-14  4.91e-14  5.57e-14  6.28e-14  7.06e-14
2300 69  45  4.78e-11  4.43e-11  2.49e-11  1.87e-11  1.61e-11  1.49e-11  1.44e-11  1.42e-11  1.43e-11  1.45e-11  1.48e-11
2301 69  46  1.85e-12  1.72e-12  1.01e-12  7.88e-13  6.96e-13  6.57e-13  6.45e-13  6.47e-13  6.59e-13  6.78e-13  7.01e-13
2302 69  47  3.43e-14  3.30e-14  2.44e-14  2.17e-14  2.09e-14  2.10e-14  2.16e-14  2.25e-14  2.37e-14  2.51e-14  2.66e-14
2303 69  48  8.31e-13  7.73e-13  4.52e-13  3.48e-13  3.07e-13  2.88e-13  2.82e-13  2.82e-13  2.87e-13  2.95e-13  3.04e-13
2304 69  49  1.06e-14  1.10e-14  1.14e-14  1.15e-14  1.19e-14  1.25e-14  1.32e-14  1.41e-14  1.51e-14  1.62e-14  1.74e-14
2305 69  50  4.71e-16  7.59e-16  3.16e-15  4.32e-15  5.05e-15  5.65e-15  6.24e-15  6.86e-15  7.54e-15  8.30e-15  9.16e-15
2306 69  51  9.92e-14  9.97e-14  9.36e-14  9.12e-14  9.19e-14  9.48e-14  9.98e-14  1.07e-13  1.16e-13  1.27e-13  1.40e-13
2307 69  52  8.01e-16  1.25e-15  4.75e-15  6.37e-15  7.37e-15  8.20e-15  9.03e-15  9.91e-15  1.09e-14  1.20e-14  1.33e-14
2308 69  53  5.00e-17  8.03e-17  3.34e-16  4.61e-16  5.45e-16  6.18e-16  6.92e-16  7.73e-16  8.65e-16  9.69e-16  1.09e-15
2309 69  54  3.31e-16  5.15e-16  1.94e-15  2.59e-15  2.99e-15  3.32e-15  3.64e-15  3.99e-15  4.38e-15  4.82e-15  5.33e-15
2310 69  55  4.42e-17  7.09e-17  2.95e-16  4.08e-16  4.83e-16  5.48e-16  6.15e-16  6.88e-16  7.71e-16  8.65e-16  9.72e-16
2311 69  56  1.16e-14  2.03e-14  9.96e-14  1.41e-13  1.70e-13  1.96e-13  2.22e-13  2.49e-13  2.76e-13  3.04e-13  3.34e-13
2312 69  57  5.84e-10  5.39e-10  2.90e-10  2.08e-10  1.72e-10  1.52e-10  1.40e-10  1.33e-10  1.28e-10  1.25e-10  1.23e-10
2313 69  58  5.78e-12  5.46e-12  3.51e-12  2.82e-12  2.52e-12  2.37e-12  2.29e-12  2.25e-12  2.24e-12  2.25e-12  2.27e-12
2314 69  59  2.01e-15  3.37e-15  1.50e-14  2.03e-14  2.34e-14  2.58e-14  2.78e-14  2.98e-14  3.18e-14  3.39e-14  3.60e-14
2315 69  60  2.99e-12  2.81e-12  1.74e-12  1.37e-12  1.21e-12  1.12e-12  1.08e-12  1.06e-12  1.05e-12  1.05e-12  1.05e-12
2316 69  61  1.38e-15  2.36e-15  1.11e-14  1.52e-14  1.77e-14  1.97e-14  2.14e-14  2.32e-14  2.49e-14  2.67e-14  2.86e-14
2317 69  62  4.75e-16  8.32e-16  4.69e-15  6.58e-15  7.46e-15  7.99e-15  8.43e-15  8.90e-15  9.45e-15  1.01e-14  1.09e-14
2318 69  63  2.36e-14  3.68e-14  1.66e-13  2.62e-13  3.44e-13  4.19e-13  4.90e-13  5.56e-13  6.20e-13  6.80e-13  7.39e-13
2319 69  64  6.05e-16  1.05e-15  5.95e-15  8.62e-15  1.01e-14  1.13e-14  1.23e-14  1.32e-14  1.43e-14  1.54e-14  1.67e-14
2320 69  65  3.01e-17  5.29e-17  3.05e-16  4.35e-16  5.01e-16  5.46e-16  5.87e-16  6.31e-16  6.83e-16  7.44e-16  8.16e-16
2321 69  66  2.63e-16  4.57e-16  2.56e-15  3.72e-15  4.39e-15  4.88e-15  5.32e-15  5.75e-15  6.20e-15  6.69e-15  7.21e-15
2322 69  67  2.97e-17  5.23e-17  3.03e-16  4.32e-16  4.97e-16  5.42e-16  5.83e-16  6.27e-16  6.78e-16  7.39e-16  8.10e-16
2323 69  68  3.02e-14  5.54e-14  3.09e-13  4.51e-13  5.58e-13  6.51e-13  7.35e-13  8.13e-13  8.88e-13  9.60e-13  1.03e-12
2324 70  1   5.19e-19  9.34e-19  5.77e-18  9.29e-18  1.25e-17  1.61e-17  2.07e-17  2.65e-17  3.38e-17  4.30e-17  5.42e-17
2325 70  2   9.11e-16  8.22e-16  3.57e-16  2.12e-16  1.51e-16  1.21e-16  1.07e-16  1.03e-16  1.06e-16  1.15e-16  1.29e-16
2326 70  4   6.26e-16  5.81e-16  3.46e-16  2.84e-16  2.74e-16  2.89e-16  3.20e-16  3.68e-16  4.31e-16  5.11e-16  6.09e-16
2327 70  5   5.04e-16  4.59e-16  2.24e-16  1.53e-16  1.27e-16  1.19e-16  1.21e-16  1.30e-16  1.46e-16  1.67e-16  1.96e-16
2328 70  6   2.03e-18  3.48e-18  1.76e-17  2.66e-17  3.45e-17  4.31e-17  5.34e-17  6.61e-17  8.18e-17  1.01e-16  1.24e-16
2329 70  7   9.10e-16  8.20e-16  3.50e-16  2.01e-16  1.37e-16  1.03e-16  8.47e-17  7.42e-17  6.93e-17  6.86e-17  7.13e-17
2330 70  8   2.39e-29  2.58e-27  5.18e-21  1.38e-19  5.91e-19  1.38e-18  2.46e-18  3.85e-18  5.56e-18  7.65e-18  1.01e-17
2331 70  9   9.10e-16  8.20e-16  3.50e-16  2.02e-16  1.37e-16  1.04e-16  8.54e-17  7.53e-17  7.07e-17  7.03e-17  7.31e-17
2332 70  10  1.11e-14  1.01e-14  5.24e-15  3.80e-15  3.32e-15  3.22e-15  3.36e-15  3.67e-15  4.12e-15  4.71e-15  5.42e-15
2333 70  11  2.12e-15  1.93e-15  9.66e-16  6.79e-16  5.75e-16  5.47e-16  5.62e-16  6.06e-16  6.75e-16  7.68e-16  8.82e-16
2334 70  12  9.97e-16  9.07e-16  4.31e-16  2.87e-16  2.32e-16  2.11e-16  2.10e-16  2.21e-16  2.43e-16  2.75e-16  3.15e-16
2335 70  13  2.38e-18  2.61e-18  4.26e-18  5.43e-18  6.49e-18  7.67e-18  9.18e-18  1.12e-17  1.39e-17  1.74e-17  2.17e-17
2336 70  14  2.79e-19  5.06e-19  3.04e-18  4.82e-18  6.49e-18  8.42e-18  1.08e-17  1.38e-17  1.75e-17  2.20e-17  2.75e-17
2337 70  15  5.03e-16  4.58e-16  2.23e-16  1.53e-16  1.27e-16  1.19e-16  1.22e-16  1.32e-16  1.50e-16  1.73e-16  2.04e-16
2338 70  16  1.12e-14  1.04e-14  6.37e-15  5.21e-15  4.90e-15  4.98e-15  5.30e-15  5.80e-15  6.47e-15  7.31e-15  8.31e-15
2339 70  17  9.91e-16  9.34e-16  6.12e-16  5.24e-16  5.10e-16  5.30e-16  5.74e-16  6.37e-16  7.20e-16  8.23e-16  9.45e-16
2340 70  18  5.39e-16  4.95e-16  2.63e-16  1.95e-16  1.73e-16  1.70e-16  1.77e-16  1.94e-16  2.18e-16  2.50e-16  2.89e-16
2341 70  19  9.10e-16  8.20e-16  3.50e-16  2.01e-16  1.37e-16  1.03e-16  8.39e-17  7.29e-17  6.74e-17  6.57e-17  6.73e-17
2342 70  20  9.11e-16  8.22e-16  3.57e-16  2.12e-16  1.50e-16  1.19e-16  1.03e-16  9.58e-17  9.48e-17  9.83e-17  1.06e-16
2343 70  21  9.58e-16  8.93e-16  5.34e-16  4.37e-16  4.22e-16  4.46e-16  4.97e-16  5.73e-16  6.72e-16  7.95e-16  9.43e-16
2344 70  22  2.64e-13  2.43e-13  1.32e-13  9.84e-14  8.64e-14  8.32e-14  8.46e-14  8.92e-14  9.62e-14  1.05e-13  1.16e-13
2345 70  23  2.00e-14  1.84e-14  9.92e-15  7.37e-15  6.45e-15  6.21e-15  6.32e-15  6.67e-15  7.21e-15  7.90e-15  8.73e-15
2346 70  24  2.12e-15  1.97e-15  1.16e-15  9.24e-16  8.57e-16  8.63e-16  9.12e-16  9.94e-16  1.10e-15  1.24e-15  1.40e-15
2347 70  25  5.19e-19  9.34e-19  5.77e-18  9.25e-18  1.23e-17  1.55e-17  1.93e-17  2.40e-17  2.98e-17  3.68e-17  4.51e-17
2348 70  26  1.43e-18  2.47e-18  1.30e-17  1.98e-17  2.54e-17  3.13e-17  3.80e-17  4.59e-17  5.55e-17  6.69e-17  8.05e-17
2349 70  27  7.46e-16  7.23e-16  5.67e-16  5.35e-16  5.54e-16  6.01e-16  6.71e-16  7.63e-16  8.78e-16  1.02e-15  1.18e-15
2350 70  28  1.18e-13  1.10e-13  6.17e-14  4.70e-14  4.16e-14  3.98e-14  4.00e-14  4.15e-14  4.40e-14  4.73e-14  5.14e-14
2351 70  29  5.04e-15  4.72e-15  2.92e-15  2.39e-15  2.22e-15  2.21e-15  2.30e-15  2.45e-15  2.65e-15  2.91e-15  3.22e-15
2352 70  30  1.25e-15  1.16e-15  6.30e-16  4.73e-16  4.17e-16  4.04e-16  4.13e-16  4.40e-16  4.81e-16  5.35e-16  6.01e-16
2353 70  31  5.45e-19  9.78e-19  5.90e-18  9.32e-18  1.22e-17  1.51e-17  1.85e-17  2.26e-17  2.76e-17  3.38e-17  4.12e-17
2354 70  32  7.04e-16  6.49e-16  3.53e-16  2.66e-16  2.39e-16  2.38e-16  2.51e-16  2.76e-16  3.11e-16  3.54e-16  4.06e-16
2355 70  33  7.68e-16  1.03e-15  2.54e-15  3.26e-15  3.86e-15  4.52e-15  5.26e-15  6.13e-15  7.13e-15  8.27e-15  9.55e-15
2356 70  34  4.80e-12  4.42e-12  2.37e-12  1.74e-12  1.49e-12  1.39e-12  1.36e-12  1.38e-12  1.43e-12  1.49e-12  1.58e-12
2357 70  35  1.78e-13  1.64e-13  8.95e-14  6.64e-14  5.75e-14  5.41e-14  5.36e-14  5.47e-14  5.70e-14  6.02e-14  6.41e-14
2358 70  36  1.19e-14  1.11e-14  6.36e-15  4.94e-15  4.44e-15  4.32e-15  4.40e-15  4.61e-15  4.93e-15  5.32e-15  5.79e-15
2359 70  37  2.18e-18  3.81e-18  2.03e-17  3.08e-17  3.96e-17  4.88e-17  5.93e-17  7.15e-17  8.57e-17  1.02e-16  1.21e-16
2360 70  38  4.23e-18  7.34e-18  3.80e-17  5.62e-17  7.01e-17  8.33e-17  9.76e-17  1.14e-16  1.33e-16  1.55e-16  1.81e-16
2361 70  39  2.64e-16  3.94e-16  1.30e-15  1.73e-15  2.03e-15  2.31e-15  2.61e-15  2.95e-15  3.33e-15  3.76e-15  4.25e-15
2362 70  40  5.56e-13  5.09e-13  2.59e-13  1.81e-13  1.48e-13  1.34e-13  1.28e-13  1.27e-13  1.29e-13  1.34e-13  1.42e-13
2363 70  41  1.27e-14  1.18e-14  6.86e-15  5.35e-15  4.80e-15  4.64e-15  4.68e-15  4.87e-15  5.16e-15  5.55e-15  6.02e-15
2364 70  42  4.93e-17  7.36e-17  2.47e-16  3.29e-16  3.89e-16  4.45e-16  5.04e-16  5.71e-16  6.48e-16  7.37e-16  8.38e-16
2365 70  43  8.66e-18  9.56e-18  1.47e-17  1.77e-17  2.06e-17  2.37e-17  2.74e-17  3.19e-17  3.73e-17  4.39e-17  5.17e-17
2366 70  44  3.65e-17  6.26e-17  3.15e-16  4.67e-16  5.88e-16  7.06e-16  8.33e-16  9.72e-16  1.13e-15  1.30e-15  1.49e-15
2367 70  45  2.52e-15  4.11e-15  1.75e-14  2.45e-14  2.98e-14  3.49e-14  4.01e-14  4.57e-14  5.19e-14  5.86e-14  6.58e-14
2368 70  46  4.95e-11  4.59e-11  2.59e-11  1.95e-11  1.68e-11  1.55e-11  1.50e-11  1.49e-11  1.49e-11  1.52e-11  1.55e-11
2369 70  47  8.69e-13  8.10e-13  4.78e-13  3.72e-13  3.29e-13  3.11e-13  3.05e-13  3.06e-13  3.12e-13  3.21e-13  3.32e-13
2370 70  48  9.89e-15  1.02e-14  1.06e-14  1.07e-14  1.10e-14  1.16e-14  1.23e-14  1.31e-14  1.40e-14  1.51e-14  1.62e-14
2371 70  49  5.95e-18  1.03e-17  5.30e-17  7.88e-17  9.96e-17  1.20e-16  1.42e-16  1.67e-16  1.95e-16  2.27e-16  2.62e-16
2372 70  50  3.19e-16  3.05e-16  2.16e-16  1.91e-16  1.86e-16  1.91e-16  2.03e-16  2.20e-16  2.42e-16  2.70e-16  3.03e-16
2373 70  51  4.33e-16  6.99e-16  2.93e-15  4.01e-15  4.70e-15  5.26e-15  5.81e-15  6.39e-15  7.02e-15  7.74e-15  8.54e-15
2374 70  52  7.49e-14  7.89e-14  9.00e-14  9.31e-14  9.65e-14  1.01e-13  1.07e-13  1.16e-13  1.26e-13  1.38e-13  1.53e-13
2375 70  53  3.74e-16  5.88e-16  2.27e-15  3.06e-15  3.54e-15  3.95e-15  4.35e-15  4.78e-15  5.26e-15  5.81e-15  6.43e-15
2376 70  54  3.97e-17  6.43e-17  2.73e-16  3.79e-16  4.49e-16  5.11e-16  5.73e-16  6.42e-16  7.19e-16  8.08e-16  9.08e-16
2377 70  55  1.11e-18  1.94e-18  1.04e-17  1.55e-17  1.92e-17  2.26e-17  2.62e-17  3.04e-17  3.53e-17  4.10e-17  4.77e-17
2378 70  56  9.90e-17  1.78e-16  9.55e-16  1.41e-15  1.77e-15  2.10e-15  2.45e-15  2.82e-15  3.21e-15  3.63e-15  4.09e-15
2379 70  57  1.08e-14  1.88e-14  9.23e-14  1.30e-13  1.58e-13  1.82e-13  2.06e-13  2.30e-13  2.56e-13  2.82e-13  3.09e-13
2380 70  58  5.90e-10  5.45e-10  2.94e-10  2.11e-10  1.74e-10  1.54e-10  1.43e-10  1.35e-10  1.30e-10  1.27e-10  1.25e-10
2381 70  59  2.72e-12  2.57e-12  1.66e-12  1.34e-12  1.20e-12  1.12e-12  1.09e-12  1.07e-12  1.07e-12  1.07e-12  1.08e-12
2382 70  60  1.27e-15  2.18e-15  1.02e-14  1.41e-14  1.64e-14  1.82e-14  1.98e-14  2.14e-14  2.31e-14  2.48e-14  2.65e-14
2383 70  61  8.36e-18  1.50e-17  7.96e-17  1.17e-16  1.47e-16  1.77e-16  2.08e-16  2.41e-16  2.78e-16  3.18e-16  3.61e-16
2384 70  62  1.18e-17  2.09e-17  1.22e-16  1.75e-16  2.02e-16  2.20e-16  2.38e-16  2.56e-16  2.78e-16  3.04e-16  3.35e-16
2385 70  63  4.40e-16  7.72e-16  4.36e-15  6.11e-15  6.92e-15  7.42e-15  7.83e-15  8.27e-15  8.78e-15  9.39e-15  1.01e-14
2386 70  64  2.32e-14  3.67e-14  1.71e-13  2.70e-13  3.54e-13  4.31e-13  5.02e-13  5.70e-13  6.34e-13  6.96e-13  7.56e-13
2387 70  65  2.93e-16  5.10e-16  2.88e-15  4.17e-15  4.90e-15  5.44e-15  5.92e-15  6.40e-15  6.91e-15  7.45e-15  8.05e-15
2388 70  66  2.85e-17  4.98e-17  2.83e-16  4.03e-16  4.63e-16  5.05e-16  5.42e-16  5.83e-16  6.31e-16  6.87e-16  7.54e-16
2389 70  67  9.09e-16  8.20e-16  3.56e-16  2.10e-16  1.47e-16  1.13e-16  9.28e-17  8.04e-17  7.29e-17  6.87e-17  6.70e-17
2390 70  68  2.35e-16  4.27e-16  2.09e-15  2.91e-15  3.62e-15  4.29e-15  4.94e-15  5.57e-15  6.21e-15  6.87e-15  7.56e-15
2391 70  69  2.79e-14  5.13e-14  2.86e-13  4.17e-13  5.16e-13  6.02e-13  6.79e-13  7.52e-13  8.21e-13  8.88e-13  9.54e-13
2392 71  1   4.88e-16  4.43e-16  2.04e-16  1.32e-16  1.04e-16  9.48e-17  9.56e-17  1.04e-16  1.19e-16  1.40e-16  1.68e-16
2393 71  3   2.57e-19  4.67e-19  2.92e-18  4.78e-18  6.65e-18  8.90e-18  1.18e-17  1.54e-17  2.02e-17  2.62e-17  3.37e-17
2394 71  4   2.38e-18  2.61e-18  4.26e-18  5.43e-18  6.47e-18  7.58e-18  8.97e-18  1.08e-17  1.32e-17  1.64e-17  2.04e-17
2395 71  5   2.56e-15  2.34e-15  1.13e-15  7.72e-16  6.36e-16  5.91e-16  5.97e-16  6.39e-16  7.12e-16  8.15e-16  9.48e-16
2396 71  6   2.38e-18  2.59e-18  3.48e-18  3.96e-18  4.75e-18  5.77e-18  7.04e-18  8.65e-18  1.07e-17  1.33e-17  1.66e-17
2397 71  7   3.88e-42  6.47e-38  8.46e-25  8.11e-22  1.66e-20  9.15e-20  2.77e-19  6.14e-19  1.13e-18  1.84e-18  2.77e-18
2398 71  8   1.44e-46  1.35e-41  3.88e-26  1.29e-22  4.59e-21  3.47e-20  1.30e-19  3.33e-19  6.81e-19  1.21e-18  1.93e-18
2399 71  9   2.38e-18  2.61e-18  4.26e-18  5.45e-18  6.62e-18  8.05e-18  9.95e-18  1.25e-17  1.58e-17  2.01e-17  2.53e-17
2400 71  10  9.10e-16  8.20e-16  3.50e-16  2.02e-16  1.37e-16  1.04e-16  8.54e-17  7.54e-17  7.09e-17  7.05e-17  7.36e-17
2401 71  11  1.51e-14  1.38e-14  6.99e-15  4.96e-15  4.25e-15  4.07e-15  4.19e-15  4.53e-15  5.06e-15  5.75e-15  6.60e-15
2402 71  12  3.57e-19  6.45e-19  3.71e-18  6.22e-18  8.92e-18  1.22e-17  1.63e-17  2.15e-17  2.80e-17  3.62e-17  4.62e-17
2403 71  13  4.29e-37  9.89e-34  2.73e-23  6.39e-21  7.06e-20  2.76e-19  6.79e-19  1.31e-18  2.18e-18  3.30e-18  4.70e-18
2404 71  14  3.34e-33  1.68e-30  3.97e-22  3.11e-20  2.13e-19  6.48e-19  1.38e-18  2.43e-18  3.87e-18  5.75e-18  8.14e-18
2405 71  15  6.28e-18  6.95e-18  1.04e-17  1.26e-17  1.51e-17  1.84e-17  2.27e-17  2.82e-17  3.52e-17  4.40e-17  5.47e-17
2406 71  16  9.25e-16  8.36e-16  3.73e-16  2.30e-16  1.71e-16  1.44e-16  1.32e-16  1.30e-16  1.36e-16  1.49e-16  1.67e-16
2407 71  17  1.22e-14  1.14e-14  7.03e-15  5.79e-15  5.48e-15  5.58e-15  5.95e-15  6.52e-15  7.29e-15  8.24e-15  9.38e-15
2408 71  18  5.16e-16  4.69e-16  2.26e-16  1.53e-16  1.26e-16  1.17e-16  1.19e-16  1.28e-16  1.44e-16  1.67e-16  1.96e-16
2409 71  19  2.38e-18  2.61e-18  4.26e-18  5.43e-18  6.45e-18  7.51e-18  8.78e-18  1.04e-17  1.25e-17  1.51e-17  1.83e-17
2410 71  20  2.98e-40  2.33e-36  3.06e-24  1.74e-21  2.85e-20  1.39e-19  3.94e-19  8.35e-19  1.49e-18  2.39e-18  3.54e-18
2411 71  21  1.79e-18  3.11e-18  1.67e-17  2.58e-17  3.41e-17  4.32e-17  5.42e-17  6.74e-17  8.35e-17  1.03e-16  1.26e-16
2412 71  22  3.17e-16  3.04e-16  2.23e-16  2.08e-16  2.18e-16  2.43e-16  2.80e-16  3.31e-16  3.94e-16  4.71e-16  5.62e-16
2413 71  23  2.86e-13  2.63e-13  1.43e-13  1.06e-13  9.35e-14  9.00e-14  9.16e-14  9.66e-14  1.04e-13  1.14e-13  1.25e-13
2414 71  24  8.91e-16  8.29e-16  4.87e-16  3.94e-16  3.77e-16  3.97e-16  4.41e-16  5.07e-16  5.94e-16  7.03e-16  8.33e-16
2415 71  25  5.19e-19  9.34e-19  5.77e-18  9.25e-18  1.23e-17  1.55e-17  1.93e-17  2.39e-17  2.95e-17  3.63e-17  4.42e-17
2416 71  26  6.14e-30  8.39e-28  3.48e-21  1.09e-19  5.01e-19  1.21e-18  2.20e-18  3.48e-18  5.08e-18  7.08e-18  9.52e-18
2417 71  27  2.82e-18  4.79e-18  2.37e-17  3.54e-17  4.50e-17  5.49e-17  6.63e-17  7.98e-17  9.62e-17  1.16e-16  1.39e-16
2418 71  28  4.13e-16  4.00e-16  3.16e-16  3.00e-16  3.12e-16  3.39e-16  3.79e-16  4.32e-16  4.98e-16  5.78e-16  6.73e-16
2419 71  29  1.25e-13  1.16e-13  6.52e-14  4.97e-14  4.40e-14  4.22e-14  4.24e-14  4.40e-14  4.67e-14  5.03e-14  5.47e-14
2420 71  30  5.59e-17  7.99e-17  2.38e-16  3.18e-16  3.83e-16  4.51e-16  5.29e-16  6.21e-16  7.30e-16  8.59e-16  1.01e-15
2421 71  31  8.33e-19  1.48e-18  8.75e-18  1.37e-17  1.77e-17  2.15e-17  2.58e-17  3.09e-17  3.70e-17  4.44e-17  5.31e-17
2422 71  32  2.37e-18  2.59e-18  3.39e-18  3.92e-18  4.78e-18  5.86e-18  7.19e-18  8.85e-18  1.09e-17  1.34e-17  1.65e-17
2423 71  33  1.55e-17  2.55e-17  1.17e-16  1.72e-16  2.18e-16  2.66e-16  3.20e-16  3.83e-16  4.55e-16  5.39e-16  6.34e-16
2424 71  34  4.22e-16  5.63e-16  1.37e-15  1.75e-15  2.07e-15  2.42e-15  2.83e-15  3.29e-15  3.83e-15  4.44e-15  5.13e-15
2425 71  35  4.99e-12  4.60e-12  2.47e-12  1.81e-12  1.55e-12  1.44e-12  1.42e-12  1.43e-12  1.48e-12  1.56e-12  1.64e-12
2426 71  36  4.44e-16  6.43e-16  1.99e-15  2.67e-15  3.23e-15  3.81e-15  4.47e-15  5.22e-15  6.09e-15  7.08e-15  8.19e-15
2427 71  37  6.60e-18  1.07e-17  4.67e-17  6.81e-17  8.59e-17  1.05e-16  1.26e-16  1.50e-16  1.79e-16  2.11e-16  2.49e-16
2428 71  38  2.38e-18  2.61e-18  4.26e-18  5.43e-18  6.43e-18  7.45e-18  8.62e-18  1.01e-17  1.19e-17  1.42e-17  1.71e-17
2429 71  39  7.17e-16  6.62e-16  3.56e-16  2.63e-16  2.30e-16  2.21e-16  2.26e-16  2.41e-16  2.65e-16  2.96e-16  3.34e-16
2430 71  40  1.22e-16  1.86e-16  6.60e-16  8.89e-16  1.05e-15  1.20e-15  1.36e-15  1.54e-15  1.74e-15  1.97e-15  2.23e-15
2431 71  41  5.69e-13  5.22e-13  2.65e-13  1.86e-13  1.53e-13  1.38e-13  1.32e-13  1.31e-13  1.34e-13  1.39e-13  1.47e-13
2432 71  42  1.98e-16  3.03e-16  1.08e-15  1.46e-15  1.73e-15  1.98e-15  2.24e-15  2.53e-15  2.86e-15  3.24e-15  3.67e-15
2433 71  43  2.86e-18  4.96e-18  2.58e-17  3.80e-17  4.72e-17  5.62e-17  6.60e-17  7.72e-17  9.04e-17  1.06e-16  1.23e-16
2434 71  44  5.45e-19  9.78e-19  5.92e-18  9.50e-18  1.27e-17  1.62e-17  2.02e-17  2.51e-17  3.08e-17  3.77e-17  4.56e-17
2435 71  45  6.02e-17  1.03e-16  5.22e-16  7.76e-16  9.78e-16  1.17e-15  1.39e-15  1.62e-15  1.88e-15  2.16e-15  2.48e-15
2436 71  46  1.28e-15  2.08e-15  8.86e-15  1.25e-14  1.52e-14  1.77e-14  2.04e-14  2.33e-14  2.64e-14  2.98e-14  3.35e-14
2437 71  47  5.06e-11  4.69e-11  2.64e-11  1.99e-11  1.71e-11  1.59e-11  1.53e-11  1.52e-11  1.53e-11  1.55e-11  1.59e-11
2438 71  48  2.16e-15  3.52e-15  1.49e-14  2.10e-14  2.55e-14  2.98e-14  3.43e-14  3.92e-14  4.44e-14  5.02e-14  5.64e-14
2439 71  49  2.55e-17  4.36e-17  2.18e-16  3.24e-16  4.07e-16  4.89e-16  5.77e-16  6.73e-16  7.81e-16  9.01e-16  1.03e-15
2440 71  50  2.61e-19  4.76e-19  3.00e-18  4.72e-18  6.12e-18  7.55e-18  9.22e-18  1.12e-17  1.37e-17  1.66e-17  2.01e-17
2441 71  51  1.42e-17  2.43e-17  1.22e-16  1.76e-16  2.15e-16  2.49e-16  2.85e-16  3.24e-16  3.69e-16  4.21e-16  4.81e-16
2442 71  52  2.12e-16  3.44e-16  1.46e-15  2.01e-15  2.36e-15  2.64e-15  2.92e-15  3.21e-15  3.54e-15  3.90e-15  4.30e-15
2443 71  53  7.24e-14  7.69e-14  9.07e-14  9.46e-14  9.83e-14  1.03e-13  1.10e-13  1.18e-13  1.29e-13  1.42e-13  1.56e-13
2444 71  54  3.83e-16  6.15e-16  2.54e-15  3.47e-15  4.06e-15  4.54e-15  5.01e-15  5.52e-15  6.07e-15  6.69e-15  7.39e-15
2445 71  55  6.53e-18  1.10e-17  5.27e-17  7.56e-17  9.16e-17  1.06e-16  1.21e-16  1.38e-16  1.57e-16  1.79e-16  2.04e-16
2446 71  56  1.78e-18  3.21e-18  1.63e-17  2.40e-17  3.14e-17  3.95e-17  4.86e-17  5.90e-17  7.09e-17  8.45e-17  9.99e-17
2447 71  57  1.64e-16  2.95e-16  1.58e-15  2.33e-15  2.93e-15  3.49e-15  4.07e-15  4.68e-15  5.33e-15  6.03e-15  6.78e-15
2448 71  58  5.30e-15  9.27e-15  4.55e-14  6.42e-14  7.77e-14  8.97e-14  1.02e-13  1.14e-13  1.26e-13  1.39e-13  1.53e-13
2449 71  59  5.94e-10  5.49e-10  2.96e-10  2.13e-10  1.76e-10  1.56e-10  1.44e-10  1.36e-10  1.31e-10  1.28e-10  1.26e-10
2450 71  60  9.22e-15  1.61e-14  7.91e-14  1.12e-13  1.35e-13  1.56e-13  1.77e-13  1.98e-13  2.19e-13  2.42e-13  2.65e-13
2451 71  61  7.08e-17  1.27e-16  6.84e-16  1.01e-15  1.26e-15  1.51e-15  1.76e-15  2.02e-15  2.30e-15  2.60e-15  2.93e-15
2452 71  62  3.41e-19  6.66e-19  5.33e-18  8.14e-18  9.71e-18  1.09e-17  1.22e-17  1.38e-17  1.57e-17  1.80e-17  2.08e-17
2453 71  63  1.87e-17  3.34e-17  2.02e-16  2.90e-16  3.35e-16  3.66e-16  3.94e-16  4.26e-16  4.63e-16  5.06e-16  5.58e-16
2454 71  64  2.15e-16  3.78e-16  2.14e-15  3.01e-15  3.41e-15  3.65e-15  3.86e-15  4.08e-15  4.33e-15  4.63e-15  4.99e-15
2455 71  65  2.31e-14  3.67e-14  1.72e-13  2.72e-13  3.57e-13  4.33e-13  5.05e-13  5.73e-13  6.38e-13  7.00e-13  7.60e-13
2456 71  66  3.81e-16  6.69e-16  3.77e-15  5.29e-15  6.00e-15  6.43e-15  6.79e-15  7.17e-15  7.62e-15  8.15e-15  8.78e-15
2457 71  67  8.38e-18  1.49e-17  8.86e-17  1.27e-16  1.47e-16  1.60e-16  1.73e-16  1.86e-16  2.02e-16  2.21e-16  2.44e-16
2458 71  68  5.99e-18  1.07e-17  4.42e-17  6.10e-17  8.36e-17  1.11e-16  1.41e-16  1.76e-16  2.19e-16  2.70e-16  3.30e-16
2459 71  69  3.89e-16  7.07e-16  3.45e-15  4.81e-15  5.99e-15  7.11e-15  8.18e-15  9.23e-15  1.03e-14  1.14e-14  1.25e-14
2460 71  70  1.35e-14  2.48e-14  1.38e-13  2.02e-13  2.50e-13  2.91e-13  3.29e-13  3.64e-13  3.97e-13  4.30e-13  4.62e-13
2461 72  1   9.11e-16  8.22e-16  3.57e-16  2.12e-16  1.51e-16  1.21e-16  1.07e-16  1.03e-16  1.06e-16  1.15e-16  1.29e-16
2462 72  2   5.19e-19  9.34e-19  5.77e-18  9.29e-18  1.25e-17  1.61e-17  2.07e-17  2.65e-17  3.38e-17  4.30e-17  5.42e-17
2463 72  3   2.38e-18  2.61e-18  4.26e-18  5.43e-18  6.43e-18  7.46e-18  8.69e-18  1.03e-17  1.23e-17  1.50e-17  1.85e-17
2464 72  4   9.10e-16  8.20e-16  3.50e-16  2.01e-16  1.37e-16  1.03e-16  8.43e-17  7.36e-17  6.85e-17  6.75e-17  6.98e-17
2465 72  5   1.09e-16  1.07e-16  9.91e-17  1.03e-16  1.14e-16  1.31e-16  1.53e-16  1.82e-16  2.19e-16  2.64e-16  3.19e-16
2466 72  6   6.21e-16  5.76e-16  3.37e-16  2.74e-16  2.62e-16  2.74e-16  3.03e-16  3.46e-16  4.04e-16  4.79e-16  5.70e-16
2467 72  7   3.35e-30  5.08e-28  2.93e-21  9.90e-20  4.69e-19  1.15e-18  2.11e-18  3.36e-18  4.93e-18  6.88e-18  9.25e-18
2468 72  8   2.38e-18  2.61e-18  4.26e-18  5.44e-18  6.50e-18  7.69e-18  9.21e-18  1.12e-17  1.38e-17  1.71e-17  2.11e-17
2469 72  9   3.10e-20  5.31e-20  1.57e-19  1.91e-19  4.27e-19  9.66e-19  1.82e-18  3.02e-18  4.59e-18  6.57e-18  9.01e-18
2470 72  10  2.57e-19  4.67e-19  2.92e-18  4.86e-18  6.92e-18  9.47e-18  1.28e-17  1.70e-17  2.24e-17  2.92e-17  3.76e-17
2471 72  11  2.82e-15  2.58e-15  1.36e-15  1.00e-15  8.90e-16  8.77e-16  9.25e-16  1.02e-15  1.15e-15  1.33e-15  1.53e-15
2472 72  12  1.23e-14  1.12e-14  5.63e-15  3.96e-15  3.36e-15  3.19e-15  3.27e-15  3.52e-15  3.91e-15  4.44e-15  5.08e-15
2473 72  13  9.06e-16  8.17e-16  3.48e-16  2.01e-16  1.37e-16  1.04e-16  8.63e-17  7.67e-17  7.27e-17  7.29e-17  7.66e-17
2474 72  14  9.09e-16  8.20e-16  3.52e-16  2.06e-16  1.43e-16  1.10e-16  9.24e-17  8.30e-17  7.93e-17  7.98e-17  8.38e-17
2475 72  15  8.33e-19  1.48e-18  8.40e-18  1.30e-17  1.69e-17  2.11e-17  2.61e-17  3.21e-17  3.95e-17  4.87e-17  5.98e-17
2476 72  16  9.17e-16  8.28e-16  3.62e-16  2.16e-16  1.55e-16  1.24e-16  1.09e-16  1.03e-16  1.04e-16  1.10e-16  1.21e-16
2477 72  17  2.68e-15  2.49e-15  1.43e-15  1.13e-15  1.04e-15  1.04e-15  1.09e-15  1.19e-15  1.33e-15  1.50e-15  1.71e-15
2478 72  18  9.54e-15  8.93e-15  5.60e-15  4.66e-15  4.45e-15  4.55e-15  4.86e-15  5.34e-15  5.97e-15  6.75e-15  7.69e-15
2479 72  19  5.12e-16  4.66e-16  2.25e-16  1.53e-16  1.26e-16  1.18e-16  1.20e-16  1.29e-16  1.45e-16  1.68e-16  1.97e-16
2480 72  20  4.94e-16  4.49e-16  2.09e-16  1.36e-16  1.07e-16  9.66e-17  9.56e-17  1.01e-16  1.12e-16  1.27e-16  1.47e-16
2481 72  21  6.52e-16  5.98e-16  3.11e-16  2.27e-16  1.99e-16  1.96e-16  2.08e-16  2.30e-16  2.63e-16  3.05e-16  3.56e-16
2482 72  22  9.30e-17  9.01e-17  7.28e-17  7.19e-17  7.83e-17  8.97e-17  1.06e-16  1.27e-16  1.53e-16  1.86e-16  2.24e-16
2483 72  23  3.39e-14  3.12e-14  1.70e-14  1.27e-14  1.12e-14  1.09e-14  1.11e-14  1.18e-14  1.27e-14  1.40e-14  1.55e-14
2484 72  24  2.51e-13  2.31e-13  1.25e-13  9.36e-14  8.22e-14  7.91e-14  8.04e-14  8.48e-14  9.14e-14  9.98e-14  1.10e-13
2485 72  25  4.67e-16  4.48e-16  3.33e-16  3.12e-16  3.27e-16  3.65e-16  4.23e-16  4.98e-16  5.94e-16  7.11e-16  8.49e-16
2486 72  26  2.84e-18  4.83e-18  2.40e-17  3.58e-17  4.56e-17  5.58e-17  6.75e-17  8.15e-17  9.84e-17  1.19e-16  1.43e-16
2487 72  27  3.11e-16  3.00e-16  2.30e-16  2.14e-16  2.19e-16  2.36e-16  2.61e-16  2.95e-16  3.38e-16  3.90e-16  4.51e-16
2488 72  28  5.29e-16  4.84e-16  2.48e-16  1.78e-16  1.53e-16  1.48e-16  1.52e-16  1.65e-16  1.85e-16  2.11e-16  2.44e-16
2489 72  29  1.14e-14  1.05e-14  6.10e-15  4.76e-15  4.29e-15  4.18e-15  4.27e-15  4.50e-15  4.84e-15  5.28e-15  5.81e-15
2490 72  30  1.13e-13  1.05e-13  5.91e-14  4.50e-14  3.97e-14  3.80e-14  3.82e-14  3.95e-14  4.19e-14  4.50e-14  4.89e-14
2491 72  31  5.97e-17  8.50e-17  2.51e-16  3.35e-16  4.03e-16  4.75e-16  5.56e-16  6.53e-16  7.67e-16  9.02e-16  1.06e-15
2492 72  32  1.83e-17  2.94e-17  1.27e-16  1.85e-16  2.33e-16  2.83e-16  3.40e-16  4.05e-16  4.82e-16  5.70e-16  6.70e-16
2493 72  33  4.38e-16  5.57e-16  1.16e-15  1.43e-15  1.67e-15  1.93e-15  2.24e-15  2.59e-15  3.00e-15  3.47e-15  4.00e-15
2494 72  34  2.95e-17  4.85e-17  2.17e-16  3.17e-16  4.00e-16  4.84e-16  5.78e-16  6.86e-16  8.10e-16  9.53e-16  1.11e-15
2495 72  35  3.16e-13  2.92e-13  1.59e-13  1.18e-13  1.02e-13  9.61e-14  9.52e-14  9.72e-14  1.01e-13  1.07e-13  1.14e-13
2496 72  36  4.68e-12  4.31e-12  2.31e-12  1.69e-12  1.45e-12  1.35e-12  1.32e-12  1.34e-12  1.38e-12  1.45e-12  1.53e-12
2497 72  37  6.87e-16  9.24e-16  2.30e-15  2.96e-15  3.51e-15  4.11e-15  4.79e-15  5.58e-15  6.49e-15  7.54e-15  8.71e-15
2498 72  38  9.44e-18  1.56e-17  7.07e-17  1.02e-16  1.26e-16  1.49e-16  1.74e-16  2.03e-16  2.36e-16  2.76e-16  3.22e-16
2499 72  39  1.73e-16  2.37e-16  6.12e-16  7.72e-16  8.87e-16  9.96e-16  1.11e-15  1.25e-15  1.40e-15  1.57e-15  1.77e-15
2500 72  40  8.31e-16  7.73e-16  4.51e-16  3.55e-16  3.24e-16  3.22e-16  3.35e-16  3.61e-16  3.98e-16  4.45e-16  5.03e-16
2501 72  41  2.28e-14  2.12e-14  1.23e-14  9.57e-15  8.57e-15  8.27e-15  8.35e-15  8.67e-15  9.19e-15  9.87e-15  1.07e-14
2502 72  42  5.48e-13  5.01e-13  2.54e-13  1.76e-13  1.44e-13  1.30e-13  1.24e-13  1.22e-13  1.24e-13  1.29e-13  1.36e-13
2503 72  43  2.35e-16  3.52e-16  1.18e-15  1.58e-15  1.86e-15  2.12e-15  2.39e-15  2.70e-15  3.05e-15  3.45e-15  3.90e-15
2504 72  44  6.44e-17  1.10e-16  5.58e-16  8.30e-16  1.04e-15  1.26e-15  1.48e-15  1.73e-15  2.00e-15  2.31e-15  2.65e-15
2505 72  45  1.18e-15  1.91e-15  7.90e-15  1.10e-14  1.34e-14  1.56e-14  1.79e-14  2.04e-14  2.30e-14  2.60e-14  2.91e-14
2506 72  46  1.19e-16  2.01e-16  9.67e-16  1.41e-15  1.76e-15  2.09e-15  2.44e-15  2.83e-15  3.25e-15  3.72e-15  4.23e-15
2507 72  47  1.54e-12  1.44e-12  8.49e-13  6.60e-13  5.84e-13  5.52e-13  5.42e-13  5.44e-13  5.54e-13  5.70e-13  5.90e-13
2508 72  48  4.90e-11  4.54e-11  2.56e-11  1.92e-11  1.65e-11  1.53e-11  1.48e-11  1.46e-11  1.47e-11  1.49e-11  1.53e-11
2509 72  49  2.30e-15  3.74e-15  1.60e-14  2.24e-14  2.73e-14  3.19e-14  3.67e-14  4.19e-14  4.75e-14  5.37e-14  6.03e-14
2510 72  50  1.53e-17  2.61e-17  1.30e-16  1.88e-16  2.29e-16  2.65e-16  3.03e-16  3.45e-16  3.93e-16  4.48e-16  5.12e-16
2511 72  51  1.92e-16  3.09e-16  1.28e-15  1.75e-15  2.04e-15  2.28e-15  2.51e-15  2.75e-15  3.01e-15  3.31e-15  3.63e-15
2512 72  52  2.68e-17  4.35e-17  1.88e-16  2.63e-16  3.14e-16  3.59e-16  4.06e-16  4.58e-16  5.17e-16  5.85e-16  6.63e-16
2513 72  53  6.88e-16  1.07e-15  4.07e-15  5.45e-15  6.31e-15  7.03e-15  7.74e-15  8.50e-15  9.36e-15  1.03e-14  1.14e-14
2514 72  54  9.10e-14  9.28e-14  9.29e-14  9.24e-14  9.41e-14  9.77e-14  1.03e-13  1.11e-13  1.20e-13  1.32e-13  1.45e-13
2515 72  55  3.97e-16  6.42e-16  2.70e-15  3.70e-15  4.33e-15  4.85e-15  5.36e-15  5.89e-15  6.48e-15  7.15e-15  7.89e-15
2516 72  56  1.76e-16  3.16e-16  1.70e-15  2.50e-15  3.14e-15  3.74e-15  4.36e-15  5.01e-15  5.71e-15  6.46e-15  7.26e-15
2517 72  57  5.06e-15  8.82e-15  4.28e-14  6.02e-14  7.26e-14  8.38e-14  9.47e-14  1.06e-13  1.17e-13  1.29e-13  1.41e-13
2518 72  58  2.89e-16  5.16e-16  2.72e-15  3.96e-15  4.91e-15  5.79e-15  6.69e-15  7.62e-15  8.61e-15  9.66e-15  1.08e-14
2519 72  59  4.83e-12  4.57e-12  2.95e-12  2.38e-12  2.13e-12  2.00e-12  1.94e-12  1.91e-12  1.90e-12  1.91e-12  1.92e-12
2520 72  60  5.89e-10  5.44e-10  2.93e-10  2.10e-10  1.73e-10  1.54e-10  1.42e-10  1.34e-10  1.30e-10  1.26e-10  1.24e-10
2521 72  61  9.90e-15  1.73e-14  8.49e-14  1.20e-13  1.45e-13  1.68e-13  1.90e-13  2.12e-13  2.35e-13  2.60e-13  2.85e-13
2522 72  62  1.96e-17  3.51e-17  2.15e-16  3.09e-16  3.57e-16  3.90e-16  4.21e-16  4.54e-16  4.94e-16  5.40e-16  5.95e-16
2523 72  63  1.91e-16  3.35e-16  1.89e-15  2.64e-15  2.99e-15  3.19e-15  3.37e-15  3.55e-15  3.76e-15  4.01e-15  4.30e-15
2524 72  64  2.58e-17  4.48e-17  2.52e-16  3.57e-16  4.10e-16  4.46e-16  4.79e-16  5.15e-16  5.58e-16  6.09e-16  6.70e-16
2525 72  65  5.18e-16  9.03e-16  5.11e-15  7.40e-15  8.71e-15  9.68e-15  1.05e-14  1.14e-14  1.23e-14  1.32e-14  1.43e-14
2526 72  66  2.35e-14  3.68e-14  1.68e-13  2.65e-13  3.48e-13  4.24e-13  4.95e-13  5.62e-13  6.26e-13  6.87e-13  7.46e-13
2527 72  67  4.09e-16  7.18e-16  4.05e-15  5.68e-15  6.43e-15  6.89e-15  7.28e-15  7.69e-15  8.16e-15  8.73e-15  9.41e-15
2528 72  68  4.18e-16  7.59e-16  3.71e-15  5.17e-15  6.43e-15  7.63e-15  8.78e-15  9.91e-15  1.10e-14  1.22e-14  1.34e-14
2529 72  69  1.30e-14  2.39e-14  1.34e-13  1.95e-13  2.41e-13  2.81e-13  3.17e-13  3.51e-13  3.83e-13  4.14e-13  4.45e-13
2530 72  70  5.05e-16  9.19e-16  4.60e-15  6.47e-15  8.03e-15  9.50e-15  1.09e-14  1.22e-14  1.36e-14  1.50e-14  1.64e-14
2531 72  71  2.59E-14  4.75E-14  2.65E-13  3.87E-13  4.78E-13  5.58E-13  6.29E-13  6.97E-13  7.60E-13  8.23E-13  8.84E-13
2532 73  1   4.75e-18  5.19e-18  7.72e-18  9.51e-18  1.17e-17  1.46e-17  1.84e-17  2.32e-17  2.95e-17  3.72e-17  4.67e-17
2533 73  2   1.08e-18  1.90e-18  1.04e-17  1.65e-17  2.25e-17  2.96e-17  3.85e-17  4.99e-17  6.42e-17  8.21e-17  1.04e-16
2534 73  4   4.76e-18  5.21e-18  8.51e-18  1.10e-17  1.35e-17  1.67e-17  2.08e-17  2.62e-17  3.33e-17  4.25e-17  5.40e-17
2535 73  5   9.17e-16  8.28e-16  3.62e-16  2.17e-16  1.55e-16  1.24e-16  1.08e-16  1.02e-16  1.02e-16  1.06e-16  1.15e-16
2536 73  6   1.11e-16  1.10e-16  1.03e-16  1.09e-16  1.21e-16  1.39e-16  1.63e-16  1.94e-16  2.33e-16  2.81e-16  3.39e-16
2537 73  7   1.23e-17  1.94e-17  7.75e-17  1.12e-16  1.41e-16  1.72e-16  2.09e-16  2.54e-16  3.09e-16  3.76e-16  4.55e-16
2538 73  8   4.85e-20  8.52e-20  2.82e-19  4.58e-19  1.00e-18  1.89e-18  3.09e-18  4.59e-18  6.43e-18  8.67e-18  1.13e-17
2539 73  9   2.57e-19  4.67e-19  2.92e-18  4.77e-18  6.62e-18  8.90e-18  1.18e-17  1.56e-17  2.04e-17  2.64e-17  3.37e-17
2540 73  10  2.38e-18  2.61e-18  4.26e-18  5.44e-18  6.53e-18  7.79e-18  9.45e-18  1.17e-17  1.47e-17  1.86e-17  2.34e-17
2541 73  11  9.16e-17  8.92e-17  7.53e-17  7.54e-17  8.16e-17  9.21e-17  1.07e-16  1.25e-16  1.49e-16  1.77e-16  2.10e-16
2542 73  12  3.31e-15  3.04e-15  1.57e-15  1.14e-15  9.99e-16  9.75e-16  1.02e-15  1.12e-15  1.26e-15  1.44e-15  1.66e-15
2543 73  13  1.13e-14  1.03e-14  5.20e-15  3.67e-15  3.12e-15  2.97e-15  3.05e-15  3.29e-15  3.66e-15  4.16e-15  4.77e-15
2544 73  14  1.13e-18  1.99e-18  1.07e-17  1.62e-17  2.12e-17  2.66e-17  3.30e-17  4.08e-17  5.03e-17  6.20e-17  7.59e-17
2545 73  15  9.17e-16  8.28e-16  3.62e-16  2.16e-16  1.55e-16  1.24e-16  1.09e-16  1.03e-16  1.03e-16  1.09e-16  1.19e-16
2546 73  16  9.10e-16  8.20e-16  3.50e-16  2.01e-16  1.37e-16  1.03e-16  8.41e-17  7.34e-17  6.80e-17  6.67e-17  6.87e-17
2547 73  17  4.14e-18  7.09e-18  3.56e-17  5.25e-17  6.59e-17  7.93e-17  9.43e-17  1.12e-16  1.33e-16  1.57e-16  1.86e-16
2548 73  18  2.29e-15  2.14e-15  1.32e-15  1.09e-15  1.03e-15  1.05e-15  1.13e-15  1.24e-15  1.40e-15  1.59e-15  1.82e-15
2549 73  19  9.92e-15  9.27e-15  5.70e-15  4.69e-15  4.43e-15  4.51e-15  4.81e-15  5.27e-15  5.88e-15  6.65e-15  7.57e-15
2550 73  20  2.34e-16  2.24e-16  1.66e-16  1.55e-16  1.62e-16  1.81e-16  2.09e-16  2.46e-16  2.93e-16  3.49e-16  4.17e-16
2551 73  21  9.43e-17  9.17e-17  7.62e-17  7.63e-17  8.33e-17  9.54e-17  1.12e-16  1.34e-16  1.62e-16  1.96e-16  2.36e-16
2552 73  22  4.76e-18  5.21e-18  8.51e-18  1.09e-17  1.32e-17  1.59e-17  1.92e-17  2.33e-17  2.85e-17  3.49e-17  4.25e-17
2553 73  23  1.53e-15  1.43e-15  8.61e-16  7.00e-16  6.57e-16  6.65e-16  7.04e-16  7.67e-16  8.50e-16  9.52e-16  1.07e-15
2554 73  24  3.73e-14  3.44e-14  1.87e-14  1.39e-14  1.23e-14  1.18e-14  1.21e-14  1.28e-14  1.38e-14  1.51e-14  1.67e-14
2555 73  25  2.48e-13  2.28e-13  1.24e-13  9.23e-14  8.10e-14  7.80e-14  7.93e-14  8.36e-14  9.01e-14  9.85e-14  1.08e-13
2556 73  26  1.23e-15  1.13e-15  5.98e-16  4.38e-16  3.81e-16  3.68e-16  3.79e-16  4.07e-16  4.50e-16  5.07e-16  5.77e-16
2557 73  27  4.92e-18  8.38e-18  4.17e-17  6.19e-17  7.84e-17  9.53e-17  1.15e-16  1.37e-16  1.64e-16  1.97e-16  2.35e-16
2558 73  28  5.19e-19  9.34e-19  5.76e-18  9.17e-18  1.19e-17  1.47e-17  1.79e-17  2.18e-17  2.67e-17  3.26e-17  3.98e-17
2559 73  29  7.26e-16  6.74e-16  3.86e-16  3.00e-16  2.71e-16  2.66e-16  2.74e-16  2.93e-16  3.20e-16  3.55e-16  3.98e-16
2560 73  30  1.17e-14  1.09e-14  6.38e-15  5.02e-15  4.55e-15  4.46e-15  4.56e-15  4.82e-15  5.19e-15  5.66e-15  6.24e-15
2561 73  31  1.14e-13  1.05e-13  5.91e-14  4.50e-14  3.98e-14  3.81e-14  3.82e-14  3.97e-14  4.20e-14  4.52e-14  4.91e-14
2562 73  32  2.18e-16  3.22e-16  1.06e-15  1.44e-15  1.75e-15  2.07e-15  2.43e-15  2.84e-15  3.32e-15  3.85e-15  4.46e-15
2563 73  33  1.09e-16  1.41e-16  3.09e-16  3.91e-16  4.64e-16  5.45e-16  6.40e-16  7.51e-16  8.82e-16  1.03e-15  1.20e-15
2564 73  34  2.09e-18  3.58e-18  1.80e-17  2.71e-17  3.48e-17  4.30e-17  5.23e-17  6.32e-17  7.59e-17  9.08e-17  1.08e-16
2565 73  35  9.89e-15  9.16e-15  5.19e-15  3.98e-15  3.54e-15  3.41e-15  3.44e-15  3.58e-15  3.79e-15  4.06e-15  4.39e-15
2566 73  36  3.43e-13  3.16e-13  1.72e-13  1.28e-13  1.11e-13  1.04e-13  1.03e-13  1.05e-13  1.10e-13  1.16e-13  1.23e-13
2567 73  37  4.63e-12  4.27e-12  2.29e-12  1.68e-12  1.44e-12  1.34e-12  1.31e-12  1.33e-12  1.38e-12  1.44e-12  1.53e-12
2568 73  38  1.12e-16  1.70e-16  5.99e-16  8.05e-16  9.50e-16  1.09e-15  1.23e-15  1.38e-15  1.56e-15  1.77e-15  2.00e-15
2569 73  39  4.11e-16  3.96e-16  3.01e-16  2.77e-16  2.80e-16  2.96e-16  3.22e-16  3.57e-16  4.02e-16  4.56e-16  5.20e-16
2570 73  40  8.33e-19  1.48e-18  8.76e-18  1.37e-17  1.75e-17  2.11e-17  2.50e-17  2.95e-17  3.50e-17  4.14e-17  4.91e-17
2571 73  41  2.07e-17  3.34e-17  1.39e-16  1.94e-16  2.32e-16  2.67e-16  3.03e-16  3.43e-16  3.88e-16  4.40e-16  4.98e-16
2572 73  42  2.49e-14  2.32e-14  1.34e-14  1.04e-14  9.29e-15  8.96e-15  9.03e-15  9.37e-15  9.92e-15  1.07e-14  1.16e-14
2573 73  43  5.41e-13  4.95e-13  2.52e-13  1.76e-13  1.45e-13  1.31e-13  1.25e-13  1.24e-13  1.26e-13  1.31e-13  1.38e-13
2574 73  44  1.20e-15  1.96e-15  8.29e-15  1.16e-14  1.42e-14  1.65e-14  1.90e-14  2.17e-14  2.46e-14  2.78e-14  3.12e-14
2575 73  45  1.31e-16  2.21e-16  1.05e-15  1.53e-15  1.90e-15  2.25e-15  2.63e-15  3.05e-15  3.50e-15  4.01e-15  4.56e-15
2576 73  46  7.22e-18  1.17e-17  4.96e-17  7.11e-17  8.87e-17  1.07e-16  1.26e-16  1.49e-16  1.74e-16  2.02e-16  2.34e-16
2577 73  47  1.54e-14  1.48e-14  1.09e-14  9.64e-15  9.27e-15  9.31e-15  9.57e-15  9.98e-15  1.05e-14  1.11e-14  1.18e-14
2578 73  48  1.68e-12  1.56e-12  9.21e-13  7.16e-13  6.33e-13  5.98e-13  5.87e-13  5.89e-13  6.00e-13  6.17e-13  6.39e-13
2579 73  49  4.88e-11  4.52e-11  2.55e-11  1.91e-11  1.65e-11  1.53e-11  1.48e-11  1.46e-11  1.47e-11  1.49e-11  1.53e-11
2580 73  50  2.10e-16  3.37e-16  1.40e-15  1.91e-15  2.23e-15  2.50e-15  2.76e-15  3.03e-15  3.33e-15  3.67e-15  4.05e-15
2581 73  51  2.36e-17  3.98e-17  1.93e-16  2.76e-16  3.33e-16  3.83e-16  4.34e-16  4.90e-16  5.54e-16  6.26e-16  7.09e-16
2582 73  52  8.66e-18  9.58e-18  1.51e-17  1.83e-17  2.10e-17  2.39e-17  2.71e-17  3.10e-17  3.57e-17  4.13e-17  4.80e-17
2583 73  53  1.99e-17  3.27e-17  1.44e-16  2.01e-16  2.39e-16  2.72e-16  3.05e-16  3.41e-16  3.82e-16  4.28e-16  4.81e-16
2584 73  54  7.35e-16  1.15e-15  4.38e-15  5.88e-15  6.80e-15  7.57e-15  8.34e-15  9.16e-15  1.01e-14  1.11e-14  1.23e-14
2585 73  55  7.27e-14  7.68e-14  8.87e-14  9.19e-14  9.54e-14  1.00e-13  1.06e-13  1.14e-13  1.25e-13  1.37e-13  1.51e-13
2586 73  56  5.15e-15  9.00e-15  4.41e-14  6.22e-14  7.52e-14  8.68e-14  9.83e-14  1.10e-13  1.22e-13  1.35e-13  1.48e-13
2587 73  57  3.12e-16  5.58e-16  2.94e-15  4.28e-15  5.30e-15  6.26e-15  7.22e-15  8.23e-15  9.29e-15  1.04e-14  1.16e-14
2588 73  58  7.70e-18  1.38e-17  7.31e-17  1.07e-16  1.36e-16  1.63e-16  1.93e-16  2.25e-16  2.60e-16  2.98e-16  3.40e-16
2589 73  59  8.86e-16  1.49e-15  6.64e-15  8.99e-15  1.04e-14  1.14e-14  1.23e-14  1.32e-14  1.41e-14  1.50e-14  1.59e-14
2590 73  60  5.25e-12  4.97e-12  3.20e-12  2.58e-12  2.31e-12  2.17e-12  2.10e-12  2.07e-12  2.06e-12  2.07e-12  2.08e-12
2591 73  61  5.85e-10  5.40e-10  2.91e-10  2.10e-10  1.73e-10  1.53e-10  1.41e-10  1.34e-10  1.29e-10  1.26e-10  1.24e-10
2592 73  62  2.10e-16  3.68e-16  2.08e-15  2.91e-15  3.30e-15  3.53e-15  3.73e-15  3.94e-15  4.18e-15  4.47e-15  4.81e-15
2593 73  63  2.50e-17  4.45e-17  2.66e-16  3.81e-16  4.39e-16  4.79e-16  5.15e-16  5.54e-16  6.00e-16  6.55e-16  7.20e-16
2594 73  64  4.95e-16  4.48e-16  2.01e-16  1.23e-16  8.96e-17  7.18e-17  6.17e-17  5.60e-17  5.32e-17  5.25e-17  5.36e-17
2595 73  65  1.29e-17  2.29e-17  1.34e-16  1.92e-16  2.21e-16  2.41e-16  2.60e-16  2.79e-16  3.02e-16  3.29e-16  3.61e-16
2596 73  66  5.61e-16  9.78e-16  5.52e-15  7.99e-15  9.41e-15  1.04e-14  1.14e-14  1.23e-14  1.33e-14  1.43e-14  1.55e-14
2597 73  67  2.31e-14  3.65e-14  1.71e-13  2.70e-13  3.53e-13  4.29e-13  5.01e-13  5.68e-13  6.32e-13  6.94e-13  7.54e-13
2598 73  68  1.33e-14  2.45e-14  1.37e-13  2.00e-13  2.47e-13  2.88e-13  3.25e-13  3.60e-13  3.93e-13  4.25e-13  4.56e-13
2599 73  69  5.45e-16  9.93e-16  4.97e-15  6.99e-15  8.68e-15  1.03e-14  1.18e-14  1.32e-14  1.47e-14  1.62e-14  1.77e-14
2600 73  70  1.01e-17  1.81e-17  7.88e-17  1.09e-16  1.45e-16  1.86e-16  2.30e-16  2.80e-16  3.38e-16  4.06e-16  4.86e-16
2601 73  71  2.01E-16  3.65E-16  1.79E-15  2.49E-15  3.09E-15  3.66E-15  4.22E-15  4.76E-15  5.31E-15  5.88E-15  6.46E-15
2602 73  72  2.80E-14  5.14E-14  2.87E-13  4.18E-13  5.18E-13  6.03E-13  6.81E-13  7.53E-13  8.22E-13  8.91E-13  9.57E-13
