species,datafile,partner,Tk_K,upper_id,upper_group,upper_label,upper_qn_json,E_u_K,g_u,A_tot_s-1,gamma_tot_cm3_s-1,ncrit_cm-3,n_rad_branches,n_coll_branches,data_mode,is_hfs_resolved,is_collision_hfs_resolved,is_collision_approximate,warnings
CN,cn-hfs.dat,p-H2,5.0,3,N=1,"N=1,J=0.5,F=0.5","{""F"": 0.5, ""J"": 0.5, ""N"": 1}",5.430087811485699,2.0,1.1789999999999999e-05,3.7249746009436834e-11,316512.22526492196,2,70,HFS-resolved spectroscopy + HFS-resolved collisions,True,True,False,
CN,cn-hfs.dat,p-H2,5.0,4,N=1,"N=1,J=0.5,F=1.5","{""F"": 1.5, ""J"": 0.5, ""N"": 1}",5.4323898544889,4.0,1.182e-05,3.147552184400555e-11,375529.9136446596,2,72,HFS-resolved spectroscopy + HFS-resolved collisions,True,True,False,
CN,cn-hfs.dat,p-H2,5.0,5,N=1,"N=1,J=1.5,F=2.5","{""F"": 2.5, ""J"": 1.5, ""N"": 1}",5.4467776232589,6.0,1.19e-05,2.136270841177781e-11,557045.4724476427,1,71,HFS-resolved spectroscopy + HFS-resolved collisions,True,True,False,
CN,cn-hfs.dat,p-H2,5.0,6,N=1,"N=1,J=1.5,F=1.5","{""F"": 1.5, ""J"": 1.5, ""N"": 1}",5.4474970116974,4.0,1.193e-05,2.97671383926053e-11,400777.5232759232,2,72,HFS-resolved spectroscopy + HFS-resolved collisions,True,True,False,
CN,cn-hfs.dat,p-H2,5.0,7,N=1,"N=1,J=1.5,F=0.5","{""F"": 0.5, ""J"": 1.5, ""N"": 1}",5.4480725224482,2.0,1.19e-05,2.975987702048793e-11,399867.24379968195,2,72,HFS-resolved spectroscopy + HFS-resolved collisions,True,True,False,
CN,cn-hfs.dat,p-H2,5.0,8,N=2,"N=2,J=1.5,F=0.5","{""F"": 0.5, ""J"": 1.5, ""N"": 2}",16.3082481454196,2.0,0.00011383,4.996650863913591e-11,2278125.9507662193,4,71,HFS-resolved spectroscopy + HFS-resolved collisions,True,True,False,
CN,cn-hfs.dat,p-H2,5.0,9,N=2,"N=2,J=1.5,F=1.5","{""F"": 1.5, ""J"": 1.5, ""N"": 2}",16.3089675338581,4.0,0.00011392,4.936304241716774e-11,2307799.4066342292,5,72,HFS-resolved spectroscopy + HFS-resolved collisions,True,True,False,
CN,cn-hfs.dat,p-H2,5.0,10,N=2,"N=2,J=1.5,F=2.5","{""F"": 2.5, ""J"": 1.5, ""N"": 2}",16.3102624330474,6.0,0.00011396,3.65769045331057e-11,3115627.2367678075,3,72,HFS-resolved spectroscopy + HFS-resolved collisions,True,True,False,
CN,cn-hfs.dat,p-H2,5.0,11,N=2,"N=2,J=2.5,F=3.5","{""F"": 3.5, ""J"": 2.5, ""N"": 2}",16.335009395331802,8.0,0.000114,2.9514231971175473e-11,3862543.3354097097,1,71,HFS-resolved spectroscopy + HFS-resolved collisions,True,True,False,
CN,cn-hfs.dat,p-H2,5.0,12,N=2,"N=2,J=2.5,F=2.5","{""F"": 2.5, ""J"": 2.5, ""N"": 2}",16.335872661457998,6.0,0.00011430144999999999,3.809548454291318e-11,3000393.652198952,3,72,HFS-resolved spectroscopy + HFS-resolved collisions,True,True,False,
CN,cn-hfs.dat,p-H2,5.0,13,N=2,"N=2,J=2.5,F=1.5","{""F"": 1.5, ""J"": 2.5, ""N"": 2}",16.3364481722088,4.0,0.00011433,3.4929817630373795e-11,3273134.752944787,3,72,HFS-resolved spectroscopy + HFS-resolved collisions,True,True,False,
CN,cn-hfs.dat,p-H2,5.0,14,N=3,"N=3,J=2.5,F=1.5","{""F"": 1.5, ""J"": 2.5, ""N"": 3}",32.6272871174167,4.0,0.00041252,3.435650092339971e-11,12007043.468126833,5,71,HFS-resolved spectroscopy + HFS-resolved collisions,True,True,False,
CN,cn-hfs.dat,p-H2,5.0,15,N=3,"N=3,J=2.5,F=2.5","{""F"": 2.5, ""J"": 2.5, ""N"": 3}",32.6281503835429,6.0,0.00041213999999999997,3.6061796945153214e-11,11428715.009039296,5,72,HFS-resolved spectroscopy + HFS-resolved collisions,True,True,False,
CN,cn-hfs.dat,p-H2,5.0,16,N=3,"N=3,J=2.5,F=3.5","{""F"": 3.5, ""J"": 2.5, ""N"": 3}",32.6291575273568,8.0,0.00041173,3.149732644600247e-11,13071903.125043025,3,72,HFS-resolved spectroscopy + HFS-resolved collisions,True,True,False,
CN,cn-hfs.dat,p-H2,5.0,17,N=3,"N=3,J=3.5,F=4.5","{""F"": 4.5, ""J"": 3.5, ""N"": 3}",32.6642636831556,10.0,0.000413,2.963584805937228e-11,13935825.260427786,1,71,HFS-resolved spectroscopy + HFS-resolved collisions,True,True,False,
CN,cn-hfs.dat,p-H2,5.0,18,N=3,"N=3,J=3.5,F=3.5","{""F"": 3.5, ""J"": 3.5, ""N"": 3}",32.6651269492818,8.0,0.0004135,3.2614775589173274e-11,12678302.779347178,2,72,HFS-resolved spectroscopy + HFS-resolved collisions,True,True,False,
CN,cn-hfs.dat,p-H2,5.0,19,N=3,"N=3,J=3.5,F=2.5","{""F"": 2.5, ""J"": 3.5, ""N"": 3}",32.6658463377203,6.0,0.000412727,3.099303192082179e-11,13316767.493235184,3,72,HFS-resolved spectroscopy + HFS-resolved collisions,True,True,False,
CN,cn-hfs.dat,p-H2,5.0,20,N=4,"N=4,J=3.5,F=2.5","{""F"": 2.5, ""J"": 3.5, ""N"": 4}",54.386629216726206,6.0,0.0010138599999999999,4.268016516950416e-11,23754828.407375127,5,71,HFS-resolved spectroscopy + HFS-resolved collisions,True,True,False,
CN,cn-hfs.dat,p-H2,5.0,21,N=4,"N=4,J=3.5,F=3.5","{""F"": 3.5, ""J"": 3.5, ""N"": 4}",54.3874924828524,8.0,0.00101308,4.3522992327498496e-11,23276892.18555684,5,72,HFS-resolved spectroscopy + HFS-resolved collisions,True,True,False,
CN,cn-hfs.dat,p-H2,5.0,22,N=4,"N=4,J=3.5,F=4.5","{""F"": 4.5, ""J"": 3.5, ""N"": 4}",54.3884996266663,10.0,0.00101336,4.1937370415766244e-11,24163651.41527877,3,72,HFS-resolved spectroscopy + HFS-resolved collisions,True,True,False,
CN,cn-hfs.dat,p-H2,5.0,23,N=4,"N=4,J=4.5,F=5.5","{""F"": 5.5, ""J"": 4.5, ""N"": 4}",54.4339649759795,12.0,0.00102,4.138443118988844e-11,24646949.84739138,1,71,HFS-resolved spectroscopy + HFS-resolved collisions,True,True,False,
CN,cn-hfs.dat,p-H2,5.0,24,N=4,"N=4,J=4.5,F=4.5","{""F"": 4.5, ""J"": 4.5, ""N"": 4}",54.4348282421057,10.0,0.0010149,4.254790098948852e-11,23853115.580266383,2,72,HFS-resolved spectroscopy + HFS-resolved collisions,True,True,False,
CN,cn-hfs.dat,p-H2,5.0,25,N=4,"N=4,J=4.5,F=3.5","{""F"": 3.5, ""J"": 4.5, ""N"": 4}",54.4355476305442,8.0,0.0010151770000000001,4.184890702446284e-11,24258148.472230755,3,72,HFS-resolved spectroscopy + HFS-resolved collisions,True,True,False,
CN,cn-hfs.dat,p-H2,5.0,26,N=5,"N=5,J=4.5,F=3.5","{""F"": 3.5, ""J"": 4.5, ""N"": 5}",81.5854111772219,8.0,0.00202894,5.380687084313119e-11,37707823.707406834,5,71,HFS-resolved spectroscopy + HFS-resolved collisions,True,True,False,
CN,cn-hfs.dat,p-H2,5.0,27,N=5,"N=5,J=4.5,F=4.5","{""F"": 4.5, ""J"": 4.5, ""N"": 5}",81.5862744433481,10.0,0.00202279,5.4392334932104966e-11,37188879.69279017,5,72,HFS-resolved spectroscopy + HFS-resolved collisions,True,True,False,
CN,cn-hfs.dat,p-H2,5.0,28,N=5,"N=5,J=4.5,F=5.5","{""F"": 5.5, ""J"": 4.5, ""N"": 5}",81.58728158716201,12.0,0.00202504,5.347295481368203e-11,37870359.08256666,3,72,HFS-resolved spectroscopy + HFS-resolved collisions,True,True,False,
CN,cn-hfs.dat,p-H2,5.0,29,N=5,"N=5,J=5.5,F=6.5","{""F"": 6.5, ""J"": 5.5, ""N"": 5}",81.6431061299896,14.0,0.00203,5.32151793116874e-11,38147010.42554151,1,71,HFS-resolved spectroscopy + HFS-resolved collisions,True,True,False,
CN,cn-hfs.dat,p-H2,5.0,30,N=5,"N=5,J=5.5,F=5.5","{""F"": 5.5, ""J"": 5.5, ""N"": 5}",81.64396939611579,12.0,0.0020268,5.3856635714793617e-11,37633245.61774044,2,72,HFS-resolved spectroscopy + HFS-resolved collisions,True,True,False,
CN,cn-hfs.dat,p-H2,5.0,31,N=5,"N=5,J=5.5,F=4.5","{""F"": 4.5, ""J"": 5.5, ""N"": 5}",81.6446887845543,10.0,0.002030866,5.33954792804777e-11,38034418.40707514,3,72,HFS-resolved spectroscopy + HFS-resolved collisions,True,True,False,
CN,cn-hfs.dat,p-H2,5.0,32,N=6,"N=6,J=5.5,F=4.5","{""F"": 4.5, ""J"": 5.5, ""N"": 6}",114.2226258550899,10.0,0.00355332,6.243568110151654e-11,56911687.95327983,5,71,HFS-resolved spectroscopy + HFS-resolved collisions,True,True,False,
CN,cn-hfs.dat,p-H2,5.0,33,N=6,"N=6,J=5.5,F=5.5","{""F"": 5.5, ""J"": 5.5, ""N"": 6}",114.2233452435284,12.0,0.00354949,6.291733437977524e-11,56415136.384750955,5,72,HFS-resolved spectroscopy + HFS-resolved collisions,True,True,False,
CN,cn-hfs.dat,p-H2,5.0,34,N=6,"N=6,J=5.5,F=6.5","{""F"": 6.5, ""J"": 5.5, ""N"": 6}",114.2243523873423,14.0,0.00355382,6.214266239275491e-11,57188087.26827792,3,72,HFS-resolved spectroscopy + HFS-resolved collisions,True,True,False,
CN,cn-hfs.dat,p-H2,5.0,35,N=6,"N=6,J=6.5,F=7.5","{""F"": 7.5, ""J"": 6.5, ""N"": 6}",114.29068000137201,16.0,0.00356,6.192420106728825e-11,57489639.56969945,1,71,HFS-resolved spectroscopy + HFS-resolved collisions,True,True,False,
CN,cn-hfs.dat,p-H2,5.0,36,N=6,"N=6,J=6.5,F=6.5","{""F"": 6.5, ""J"": 6.5, ""N"": 6}",114.2915432674982,14.0,0.0035539,6.257308444432236e-11,56795985.55129988,2,72,HFS-resolved spectroscopy + HFS-resolved collisions,True,True,False,
CN,cn-hfs.dat,p-H2,5.0,37,N=6,"N=6,J=6.5,F=5.5","{""F"": 5.5, ""J"": 6.5, ""N"": 6}",114.2922626559367,12.0,0.003558481,6.213228357971278e-11,57272657.54580929,3,72,HFS-resolved spectroscopy + HFS-resolved collisions,True,True,False,
CN,cn-hfs.dat,p-H2,5.0,38,N=7,"N=7,J=6.5,F=5.5","{""F"": 5.5, ""J"": 6.5, ""N"": 7}",152.2966905957655,12.0,0.005698902,8.243938782459455e-11,69128388.14530617,5,71,HFS-resolved spectroscopy + HFS-resolved collisions,True,True,False,
CN,cn-hfs.dat,p-H2,5.0,39,N=7,"N=7,J=6.5,F=6.5","{""F"": 6.5, ""J"": 6.5, ""N"": 7}",152.29755386189169,14.0,0.00570627,8.282077348448058e-11,68899018.445768,5,72,HFS-resolved spectroscopy + HFS-resolved collisions,True,True,False,
CN,cn-hfs.dat,p-H2,5.0,40,N=7,"N=7,J=6.5,F=7.5","{""F"": 7.5, ""J"": 6.5, ""N"": 7}",152.2984171280179,16.0,0.00570265,8.222261598703892e-11,69356221.90491885,3,72,HFS-resolved spectroscopy + HFS-resolved collisions,True,True,False,
CN,cn-hfs.dat,p-H2,5.0,41,N=7,"N=7,J=7.5,F=8.5","{""F"": 8.5, ""J"": 7.5, ""N"": 7}",152.3752478132497,18.0,0.00571,8.207450349896181e-11,69570935.63255277,1,71,HFS-resolved spectroscopy + HFS-resolved collisions,True,True,False,
CN,cn-hfs.dat,p-H2,5.0,42,N=7,"N=7,J=7.5,F=7.5","{""F"": 7.5, ""J"": 7.5, ""N"": 7}",152.37596720168818,16.0,0.005711000000000001,8.26510635165818e-11,69097719.46073309,2,72,HFS-resolved spectroscopy + HFS-resolved collisions,True,True,False,
CN,cn-hfs.dat,p-H2,5.0,43,N=7,"N=7,J=7.5,F=6.5","{""F"": 6.5, ""J"": 7.5, ""N"": 7}",152.37683046781441,14.0,0.0057065150000000005,8.219520382698527e-11,69426374.46354882,3,72,HFS-resolved spectroscopy + HFS-resolved collisions,True,True,False,
CN,cn-hfs.dat,p-H2,5.0,44,N=8,"N=8,J=7.5,F=6.5","{""F"": 6.5, ""J"": 7.5, ""N"": 8}",195.8063105000594,14.0,0.008584535,8.490770080697524e-11,101104315.8442794,5,71,HFS-resolved spectroscopy + HFS-resolved collisions,True,True,False,
CN,cn-hfs.dat,p-H2,5.0,45,N=8,"N=8,J=7.5,F=7.5","{""F"": 7.5, ""J"": 7.5, ""N"": 8}",195.80717376618563,16.0,0.00858305,8.536235072835051e-11,100548425.93679184,5,72,HFS-resolved spectroscopy + HFS-resolved collisions,True,True,False,
CN,cn-hfs.dat,p-H2,5.0,46,N=8,"N=8,J=7.5,F=8.5","{""F"": 8.5, ""J"": 7.5, ""N"": 8}",195.8080370323118,18.0,0.008581420000000001,8.485498993607036e-11,101130410.91001521,3,72,HFS-resolved spectroscopy + HFS-resolved collisions,True,True,False,
CN,cn-hfs.dat,p-H2,5.0,47,N=8,"N=8,J=8.5,F=9.5","{""F"": 9.5, ""J"": 8.5, ""N"": 8}",195.895226911058,20.0,0.00859,8.476204725544774e-11,101342526.26192807,1,71,HFS-resolved spectroscopy + HFS-resolved collisions,True,True,False,
CN,cn-hfs.dat,p-H2,5.0,48,N=8,"N=8,J=8.5,F=8.5","{""F"": 8.5, ""J"": 8.5, ""N"": 8}",195.8960901771842,18.0,0.008589,8.512165876800375e-11,100902638.93246058,2,72,HFS-resolved spectroscopy + HFS-resolved collisions,True,True,False,
CN,cn-hfs.dat,p-H2,5.0,49,N=8,"N=8,J=8.5,F=7.5","{""F"": 7.5, ""J"": 8.5, ""N"": 8}",195.8968095656227,16.0,0.008583462,8.47905232524148e-11,101231383.77678955,3,72,HFS-resolved spectroscopy + HFS-resolved collisions,True,True,False,
CN,cn-hfs.dat,p-H2,5.0,50,N=9,"N=9,J=8.5,F=7.5","{""F"": 7.5, ""J"": 8.5, ""N"": 9}",244.7497590357192,16.0,0.012271263000000001,9.274413304175359e-11,132313091.91790551,5,71,HFS-resolved spectroscopy + HFS-resolved collisions,True,True,False,
CN,cn-hfs.dat,p-H2,5.0,51,N=9,"N=9,J=8.5,F=8.5","{""F"": 8.5, ""J"": 8.5, ""N"": 9}",244.75047842415768,18.0,0.012248895000000001,9.305296627639547e-11,131633579.13402863,5,72,HFS-resolved spectroscopy + HFS-resolved collisions,True,True,False,
CN,cn-hfs.dat,p-H2,5.0,52,N=9,"N=9,J=8.5,F=9.5","{""F"": 9.5, ""J"": 8.5, ""N"": 9}",244.7513416902839,20.0,0.012280221000000001,9.272296988770575e-11,132439901.51385617,3,72,HFS-resolved spectroscopy + HFS-resolved collisions,True,True,False,
CN,cn-hfs.dat,p-H2,5.0,53,N=9,"N=9,J=9.5,F=10.5","{""F"": 10.5, ""J"": 9.5, ""N"": 9}",244.8490346402322,22.0,0.0123,9.261578447663699e-11,132806735.58515035,1,71,HFS-resolved spectroscopy + HFS-resolved collisions,True,True,False,
CN,cn-hfs.dat,p-H2,5.0,54,N=9,"N=9,J=9.5,F=9.5","{""F"": 9.5, ""J"": 9.5, ""N"": 9}",244.8497540286707,20.0,0.012336000000000001,9.291520186789925e-11,132766218.57356042,2,72,HFS-resolved spectroscopy + HFS-resolved collisions,True,True,False,
CN,cn-hfs.dat,p-H2,5.0,55,N=9,"N=9,J=9.5,F=8.5","{""F"": 8.5, ""J"": 9.5, ""N"": 9}",244.8506172947969,18.0,0.012351419,9.26746673052992e-11,133277187.38186114,3,72,HFS-resolved spectroscopy + HFS-resolved collisions,True,True,False,
CN,cn-hfs.dat,p-H2,5.0,56,N=10,"N=10,J=9.5,F=8.5","{""F"": 8.5, ""J"": 9.5, ""N"": 10}",299.1247341597417,18.0,0.01689696,1.0749546461008106e-10,157187654.95168045,5,71,HFS-resolved spectroscopy + HFS-resolved collisions,True,True,False,
CN,cn-hfs.dat,p-H2,5.0,57,N=10,"N=10,J=9.5,F=9.5","{""F"": 9.5, ""J"": 9.5, ""N"": 10}",299.1254535481802,20.0,0.016975696999999998,1.0767643809817332e-10,157654704.2215727,5,72,HFS-resolved spectroscopy + HFS-resolved collisions,True,True,False,
CN,cn-hfs.dat,p-H2,5.0,58,N=10,"N=10,J=9.5,F=10.5","{""F"": 10.5, ""J"": 9.5, ""N"": 10}",299.1264606919941,22.0,0.016989037,1.07408691268631e-10,158171902.09971112,3,72,HFS-resolved spectroscopy + HFS-resolved collisions,True,True,False,
CN,cn-hfs.dat,p-H2,5.0,59,N=10,"N=10,J=10.5,F=11.5","{""F"": 11.5, ""J"": 10.5, ""N"": 10}",299.23451283545677,24.0,0.017,1.0733051458754293e-10,158389252.72396922,1,71,HFS-resolved spectroscopy + HFS-resolved collisions,True,True,False,
CN,cn-hfs.dat,p-H2,5.0,60,N=10,"N=10,J=10.5,F=10.5","{""F"": 10.5, ""J"": 10.5, ""N"": 10}",299.2352322238953,22.0,0.016954,1.0755863600757123e-10,157625650.80135992,2,72,HFS-resolved spectroscopy + HFS-resolved collisions,True,True,False,
CN,cn-hfs.dat,p-H2,5.0,61,N=10,"N=10,J=10.5,F=9.5","{""F"": 9.5, ""J"": 10.5, ""N"": 10}",299.2360954900215,20.0,0.016969382999999998,1.0738079718244123e-10,158029959.2223069,3,72,HFS-resolved spectroscopy + HFS-resolved collisions,True,True,False,
CN,cn-hfs.dat,p-H2,5.0,62,N=11,"N=11,J=10.5,F=9.5","{""F"": 9.5, ""J"": 10.5, ""N"": 11}",358.9292215844991,20.0,0.022622695,1.0648689302730481e-10,212445817.10351157,5,71,HFS-resolved spectroscopy + HFS-resolved collisions,True,True,False,
CN,cn-hfs.dat,p-H2,5.0,63,N=11,"N=11,J=10.5,F=10.5","{""F"": 10.5, ""J"": 10.5, ""N"": 11}",358.9300848506253,22.0,0.022602433,1.0674260285214452e-10,211747066.27032474,5,72,HFS-resolved spectroscopy + HFS-resolved collisions,True,True,False,
CN,cn-hfs.dat,p-H2,5.0,64,N=11,"N=11,J=10.5,F=11.5","{""F"": 11.5, ""J"": 10.5, ""N"": 11}",358.9309481167515,24.0,0.022597766,1.0649324567435398e-10,212199054.0987151,3,72,HFS-resolved spectroscopy + HFS-resolved collisions,True,True,False,
CN,cn-hfs.dat,p-H2,5.0,65,N=11,"N=11,J=11.5,F=12.5","{""F"": 12.5, ""J"": 11.5, ""N"": 11}",359.0495033314163,26.0,0.0227,1.0637114980163251e-10,213403728.7585249,1,71,HFS-resolved spectroscopy + HFS-resolved collisions,True,True,False,
CN,cn-hfs.dat,p-H2,5.0,66,N=11,"N=11,J=11.5,F=11.5","{""F"": 11.5, ""J"": 11.5, ""N"": 11}",359.0502227198548,24.0,0.022671,1.0663188931153904e-10,212609943.8580114,2,72,HFS-resolved spectroscopy + HFS-resolved collisions,True,True,False,
CN,cn-hfs.dat,p-H2,5.0,67,N=11,"N=11,J=11.5,F=10.5","{""F"": 10.5, ""J"": 11.5, ""N"": 11}",359.051085985981,22.0,0.022687353,1.0648926372241054e-10,213048266.1532899,3,72,HFS-resolved spectroscopy + HFS-resolved collisions,True,True,False,
CN,cn-hfs.dat,p-H2,5.0,68,N=12,"N=12,J=11.5,F=10.5","{""F"": 10.5, ""J"": 11.5, ""N"": 12}",424.16091926698823,22.0,0.029449262,6.455333450695376e-10,45620047.70927471,5,71,HFS-resolved spectroscopy + HFS-resolved collisions,True,True,False,
CN,cn-hfs.dat,p-H2,5.0,69,N=12,"N=12,J=11.5,F=11.5","{""F"": 11.5, ""J"": 11.5, ""N"": 12}",424.1616386554267,24.0,0.029529497000000002,6.49515976202982e-10,45463850.13133481,5,72,HFS-resolved spectroscopy + HFS-resolved collisions,True,True,False,
CN,cn-hfs.dat,p-H2,5.0,70,N=12,"N=12,J=11.5,F=12.5","{""F"": 12.5, ""J"": 11.5, ""N"": 12}",424.1626457992406,26.0,0.029506707,6.492630379672422e-10,45446460.48600217,3,71,HFS-resolved spectroscopy + HFS-resolved collisions,True,True,False,
CN,cn-hfs.dat,p-H2,5.0,71,N=12,"N=12,J=12.5,F=13.5","{""F"": 13.5, ""J"": 12.5, ""N"": 12}",424.29141632973204,28.0,0.0295,6.507594662922384e-10,45331649.44657501,1,71,HFS-resolved spectroscopy + HFS-resolved collisions,True,True,False,
CN,cn-hfs.dat,p-H2,5.0,72,N=12,"N=12,J=12.5,F=12.5","{""F"": 12.5, ""J"": 12.5, ""N"": 12}",424.2922795958583,26.0,0.029489,6.505860075154298e-10,45326827.904918656,2,72,HFS-resolved spectroscopy + HFS-resolved collisions,True,True,False,
CN,cn-hfs.dat,p-H2,5.0,73,N=12,"N=12,J=12.5,F=11.5","{""F"": 11.5, ""J"": 12.5, ""N"": 12}",424.2929989842968,24.0,0.029504327,6.468875366474995e-10,45609669.88621615,3,71,HFS-resolved spectroscopy + HFS-resolved collisions,True,True,False,
CN,cn-hfs.dat,p-H2,10.0,3,N=1,"N=1,J=0.5,F=0.5","{""F"": 0.5, ""J"": 0.5, ""N"": 1}",5.430087811485699,2.0,1.1789999999999999e-05,4.4692049422453323e-11,263805.31106449314,2,70,HFS-resolved spectroscopy + HFS-resolved collisions,True,True,False,
CN,cn-hfs.dat,p-H2,10.0,4,N=1,"N=1,J=0.5,F=1.5","{""F"": 1.5, ""J"": 0.5, ""N"": 1}",5.4323898544889,4.0,1.182e-05,3.9099510591108934e-11,302305.57419528975,2,72,HFS-resolved spectroscopy + HFS-resolved collisions,True,True,False,
CN,cn-hfs.dat,p-H2,10.0,5,N=1,"N=1,J=1.5,F=2.5","{""F"": 2.5, ""J"": 1.5, ""N"": 1}",5.4467776232589,6.0,1.19e-05,2.8718762081154804e-11,414363.26420938445,1,71,HFS-resolved spectroscopy + HFS-resolved collisions,True,True,False,
CN,cn-hfs.dat,p-H2,10.0,6,N=1,"N=1,J=1.5,F=1.5","{""F"": 1.5, ""J"": 1.5, ""N"": 1}",5.4474970116974,4.0,1.193e-05,3.733320113840179e-11,319554.7029512165,2,72,HFS-resolved spectroscopy + HFS-resolved collisions,True,True,False,
CN,cn-hfs.dat,p-H2,10.0,7,N=1,"N=1,J=1.5,F=0.5","{""F"": 0.5, ""J"": 1.5, ""N"": 1}",5.4480725224482,2.0,1.19e-05,3.7317155151863406e-11,318888.1883298058,2,72,HFS-resolved spectroscopy + HFS-resolved collisions,True,True,False,
CN,cn-hfs.dat,p-H2,10.0,8,N=2,"N=2,J=1.5,F=0.5","{""F"": 0.5, ""J"": 1.5, ""N"": 2}",16.3082481454196,2.0,0.00011383,5.485629499015647e-11,2075058.1135752222,4,71,HFS-resolved spectroscopy + HFS-resolved collisions,True,True,False,
CN,cn-hfs.dat,p-H2,10.0,9,N=2,"N=2,J=1.5,F=1.5","{""F"": 1.5, ""J"": 1.5, ""N"": 2}",16.3089675338581,4.0,0.00011392,5.416225694500042e-11,2103309.692498249,5,72,HFS-resolved spectroscopy + HFS-resolved collisions,True,True,False,
CN,cn-hfs.dat,p-H2,10.0,10,N=2,"N=2,J=1.5,F=2.5","{""F"": 2.5, ""J"": 1.5, ""N"": 2}",16.3102624330474,6.0,0.00011396,4.1412857166191445e-11,2751802.4062593407,3,72,HFS-resolved spectroscopy + HFS-resolved collisions,True,True,False,
CN,cn-hfs.dat,p-H2,10.0,11,N=2,"N=2,J=2.5,F=3.5","{""F"": 3.5, ""J"": 2.5, ""N"": 2}",16.335009395331802,8.0,0.000114,3.41793844079496e-11,3335343.8622342586,1,71,HFS-resolved spectroscopy + HFS-resolved collisions,True,True,False,
CN,cn-hfs.dat,p-H2,10.0,12,N=2,"N=2,J=2.5,F=2.5","{""F"": 2.5, ""J"": 2.5, ""N"": 2}",16.335872661457998,6.0,0.00011430144999999999,4.28973379557165e-11,2664534.8044206128,3,72,HFS-resolved spectroscopy + HFS-resolved collisions,True,True,False,
CN,cn-hfs.dat,p-H2,10.0,13,N=2,"N=2,J=2.5,F=1.5","{""F"": 1.5, ""J"": 2.5, ""N"": 2}",16.3364481722088,4.0,0.00011433,3.9703195466568683e-11,2879617.085135361,3,72,HFS-resolved spectroscopy + HFS-resolved collisions,True,True,False,
CN,cn-hfs.dat,p-H2,10.0,14,N=3,"N=3,J=2.5,F=1.5","{""F"": 1.5, ""J"": 2.5, ""N"": 3}",32.6272871174167,4.0,0.00041252,3.880859378788858e-11,10629604.418409502,5,71,HFS-resolved spectroscopy + HFS-resolved collisions,True,True,False,
CN,cn-hfs.dat,p-H2,10.0,15,N=3,"N=3,J=2.5,F=2.5","{""F"": 2.5, ""J"": 2.5, ""N"": 3}",32.6281503835429,6.0,0.00041213999999999997,4.077248583506085e-11,10108287.281458685,5,72,HFS-resolved spectroscopy + HFS-resolved collisions,True,True,False,
CN,cn-hfs.dat,p-H2,10.0,16,N=3,"N=3,J=2.5,F=3.5","{""F"": 3.5, ""J"": 2.5, ""N"": 3}",32.6291575273568,8.0,0.00041173,3.530096989917792e-11,11663418.913869226,3,72,HFS-resolved spectroscopy + HFS-resolved collisions,True,True,False,
CN,cn-hfs.dat,p-H2,10.0,17,N=3,"N=3,J=3.5,F=4.5","{""F"": 4.5, ""J"": 3.5, ""N"": 3}",32.6642636831556,10.0,0.000413,3.3084331352116223e-11,12483250.62412309,1,71,HFS-resolved spectroscopy + HFS-resolved collisions,True,True,False,
CN,cn-hfs.dat,p-H2,10.0,18,N=3,"N=3,J=3.5,F=3.5","{""F"": 3.5, ""J"": 3.5, ""N"": 3}",32.6651269492818,8.0,0.0004135,3.6749523881136795e-11,11251846.454866478,2,72,HFS-resolved spectroscopy + HFS-resolved collisions,True,True,False,
CN,cn-hfs.dat,p-H2,10.0,19,N=3,"N=3,J=3.5,F=2.5","{""F"": 2.5, ""J"": 3.5, ""N"": 3}",32.6658463377203,6.0,0.000412727,3.4706991482787064e-11,11891753.861889528,3,72,HFS-resolved spectroscopy + HFS-resolved collisions,True,True,False,
CN,cn-hfs.dat,p-H2,10.0,20,N=4,"N=4,J=3.5,F=2.5","{""F"": 2.5, ""J"": 3.5, ""N"": 4}",54.386629216726206,6.0,0.0010138599999999999,4.438850461512751e-11,22840598.231247433,5,71,HFS-resolved spectroscopy + HFS-resolved collisions,True,True,False,
CN,cn-hfs.dat,p-H2,10.0,21,N=4,"N=4,J=3.5,F=3.5","{""F"": 3.5, ""J"": 3.5, ""N"": 4}",54.3874924828524,8.0,0.00101308,4.5475215313999503e-11,22277629.539625823,5,72,HFS-resolved spectroscopy + HFS-resolved collisions,True,True,False,
CN,cn-hfs.dat,p-H2,10.0,22,N=4,"N=4,J=3.5,F=4.5","{""F"": 4.5, ""J"": 3.5, ""N"": 4}",54.3884996266663,10.0,0.00101336,4.344529409877735e-11,23324965.822443776,3,72,HFS-resolved spectroscopy + HFS-resolved collisions,True,True,False,
CN,cn-hfs.dat,p-H2,10.0,23,N=4,"N=4,J=4.5,F=5.5","{""F"": 5.5, ""J"": 4.5, ""N"": 4}",54.4339649759795,12.0,0.00102,4.2708576826377755e-11,23882790.666300677,1,71,HFS-resolved spectroscopy + HFS-resolved collisions,True,True,False,
CN,cn-hfs.dat,p-H2,10.0,24,N=4,"N=4,J=4.5,F=4.5","{""F"": 4.5, ""J"": 4.5, ""N"": 4}",54.4348282421057,10.0,0.0010149,4.423146605235559e-11,22945203.73343923,2,72,HFS-resolved spectroscopy + HFS-resolved collisions,True,True,False,
CN,cn-hfs.dat,p-H2,10.0,25,N=4,"N=4,J=4.5,F=3.5","{""F"": 3.5, ""J"": 4.5, ""N"": 4}",54.4355476305442,8.0,0.0010151770000000001,4.3300288977991497e-11,23445039.836015653,3,72,HFS-resolved spectroscopy + HFS-resolved collisions,True,True,False,
CN,cn-hfs.dat,p-H2,10.0,26,N=5,"N=5,J=4.5,F=3.5","{""F"": 3.5, ""J"": 4.5, ""N"": 5}",81.5854111772219,8.0,0.00202894,5.4069298777251896e-11,37524806.97703478,5,71,HFS-resolved spectroscopy + HFS-resolved collisions,True,True,False,
CN,cn-hfs.dat,p-H2,10.0,27,N=5,"N=5,J=4.5,F=4.5","{""F"": 4.5, ""J"": 4.5, ""N"": 5}",81.5862744433481,10.0,0.00202279,5.478486688813945e-11,36922422.4662289,5,72,HFS-resolved spectroscopy + HFS-resolved collisions,True,True,False,
CN,cn-hfs.dat,p-H2,10.0,28,N=5,"N=5,J=4.5,F=5.5","{""F"": 5.5, ""J"": 4.5, ""N"": 5}",81.58728158716201,12.0,0.00202504,5.361797508230391e-11,37767931.312056296,3,72,HFS-resolved spectroscopy + HFS-resolved collisions,True,True,False,
CN,cn-hfs.dat,p-H2,10.0,29,N=5,"N=5,J=5.5,F=6.5","{""F"": 6.5, ""J"": 5.5, ""N"": 5}",81.6431061299896,14.0,0.00203,5.330969833610834e-11,38079375.11109526,1,71,HFS-resolved spectroscopy + HFS-resolved collisions,True,True,False,
CN,cn-hfs.dat,p-H2,10.0,30,N=5,"N=5,J=5.5,F=5.5","{""F"": 5.5, ""J"": 5.5, ""N"": 5}",81.64396939611579,12.0,0.0020268,5.4186038709367594e-11,37404468.905190706,2,72,HFS-resolved spectroscopy + HFS-resolved collisions,True,True,False,
CN,cn-hfs.dat,p-H2,10.0,31,N=5,"N=5,J=5.5,F=4.5","{""F"": 4.5, ""J"": 5.5, ""N"": 5}",81.6446887845543,10.0,0.002030866,5.360343291383543e-11,37886864.50855686,3,72,HFS-resolved spectroscopy + HFS-resolved collisions,True,True,False,
CN,cn-hfs.dat,p-H2,10.0,32,N=6,"N=6,J=5.5,F=4.5","{""F"": 4.5, ""J"": 5.5, ""N"": 6}",114.2226258550899,10.0,0.00355332,6.300868777023123e-11,56394127.9487935,5,71,HFS-resolved spectroscopy + HFS-resolved collisions,True,True,False,
CN,cn-hfs.dat,p-H2,10.0,33,N=6,"N=6,J=5.5,F=5.5","{""F"": 5.5, ""J"": 5.5, ""N"": 6}",114.2233452435284,12.0,0.00354949,6.372182764103074e-11,55702890.695408575,5,72,HFS-resolved spectroscopy + HFS-resolved collisions,True,True,False,
CN,cn-hfs.dat,p-H2,10.0,34,N=6,"N=6,J=5.5,F=6.5","{""F"": 6.5, ""J"": 5.5, ""N"": 6}",114.2243523873423,14.0,0.00355382,6.274691150317051e-11,56637369.31212033,3,72,HFS-resolved spectroscopy + HFS-resolved collisions,True,True,False,
CN,cn-hfs.dat,p-H2,10.0,35,N=6,"N=6,J=6.5,F=7.5","{""F"": 7.5, ""J"": 6.5, ""N"": 6}",114.29068000137201,16.0,0.00356,6.24543550309044e-11,57001629.4017991,1,71,HFS-resolved spectroscopy + HFS-resolved collisions,True,True,False,
CN,cn-hfs.dat,p-H2,10.0,36,N=6,"N=6,J=6.5,F=6.5","{""F"": 6.5, ""J"": 6.5, ""N"": 6}",114.2915432674982,14.0,0.0035539,6.32705369130588e-11,56169904.24600756,2,72,HFS-resolved spectroscopy + HFS-resolved collisions,True,True,False,
CN,cn-hfs.dat,p-H2,10.0,37,N=6,"N=6,J=6.5,F=5.5","{""F"": 5.5, ""J"": 6.5, ""N"": 6}",114.2922626559367,12.0,0.003558481,6.27247074937087e-11,56731727.29194339,3,72,HFS-resolved spectroscopy + HFS-resolved collisions,True,True,False,
CN,cn-hfs.dat,p-H2,10.0,38,N=7,"N=7,J=6.5,F=5.5","{""F"": 5.5, ""J"": 6.5, ""N"": 7}",152.2966905957655,12.0,0.005698902,8.136084760999665e-11,70044771.74718846,5,71,HFS-resolved spectroscopy + HFS-resolved collisions,True,True,False,
CN,cn-hfs.dat,p-H2,10.0,39,N=7,"N=7,J=6.5,F=6.5","{""F"": 6.5, ""J"": 6.5, ""N"": 7}",152.29755386189169,14.0,0.00570627,8.183472562641602e-11,69729200.60916087,5,72,HFS-resolved spectroscopy + HFS-resolved collisions,True,True,False,
CN,cn-hfs.dat,p-H2,10.0,40,N=7,"N=7,J=6.5,F=7.5","{""F"": 7.5, ""J"": 6.5, ""N"": 7}",152.2984171280179,16.0,0.00570265,8.10898832154759e-11,70325048.87011178,3,72,HFS-resolved spectroscopy + HFS-resolved collisions,True,True,False,
CN,cn-hfs.dat,p-H2,10.0,41,N=7,"N=7,J=7.5,F=8.5","{""F"": 8.5, ""J"": 7.5, ""N"": 7}",152.3752478132497,18.0,0.00571,8.095153720894858e-11,70536029.29443571,1,71,HFS-resolved spectroscopy + HFS-resolved collisions,True,True,False,
CN,cn-hfs.dat,p-H2,10.0,42,N=7,"N=7,J=7.5,F=7.5","{""F"": 7.5, ""J"": 7.5, ""N"": 7}",152.37596720168818,16.0,0.005711000000000001,8.155549104026643e-11,70025940.9532622,2,72,HFS-resolved spectroscopy + HFS-resolved collisions,True,True,False,
CN,cn-hfs.dat,p-H2,10.0,43,N=7,"N=7,J=7.5,F=6.5","{""F"": 6.5, ""J"": 7.5, ""N"": 7}",152.37683046781441,14.0,0.0057065150000000005,8.102597650680805e-11,70428216.30814312,3,72,HFS-resolved spectroscopy + HFS-resolved collisions,True,True,False,
CN,cn-hfs.dat,p-H2,10.0,44,N=8,"N=8,J=7.5,F=6.5","{""F"": 6.5, ""J"": 7.5, ""N"": 8}",195.8063105000594,14.0,0.008584535,8.576859758621996e-11,100089487.77984028,5,71,HFS-resolved spectroscopy + HFS-resolved collisions,True,True,False,
CN,cn-hfs.dat,p-H2,10.0,45,N=8,"N=8,J=7.5,F=7.5","{""F"": 7.5, ""J"": 7.5, ""N"": 8}",195.80717376618563,16.0,0.00858305,8.62323954026804e-11,99533939.187467,5,72,HFS-resolved spectroscopy + HFS-resolved collisions,True,True,False,
CN,cn-hfs.dat,p-H2,10.0,46,N=8,"N=8,J=7.5,F=8.5","{""F"": 8.5, ""J"": 7.5, ""N"": 8}",195.8080370323118,18.0,0.008581420000000001,8.556706778497009e-11,100288816.9729632,3,72,HFS-resolved spectroscopy + HFS-resolved collisions,True,True,False,
CN,cn-hfs.dat,p-H2,10.0,47,N=8,"N=8,J=8.5,F=9.5","{""F"": 9.5, ""J"": 8.5, ""N"": 8}",195.895226911058,20.0,0.00859,8.542861515312114e-11,100551787.99988033,1,71,HFS-resolved spectroscopy + HFS-resolved collisions,True,True,False,
CN,cn-hfs.dat,p-H2,10.0,48,N=8,"N=8,J=8.5,F=8.5","{""F"": 8.5, ""J"": 8.5, ""N"": 8}",195.8960901771842,18.0,0.008589,8.591867179630555e-11,99966629.14392632,2,72,HFS-resolved spectroscopy + HFS-resolved collisions,True,True,False,
CN,cn-hfs.dat,p-H2,10.0,49,N=8,"N=8,J=8.5,F=7.5","{""F"": 7.5, ""J"": 8.5, ""N"": 8}",195.8968095656227,16.0,0.008583462,8.559723127359021e-11,100277332.24880959,3,72,HFS-resolved spectroscopy + HFS-resolved collisions,True,True,False,
CN,cn-hfs.dat,p-H2,10.0,50,N=9,"N=9,J=8.5,F=7.5","{""F"": 7.5, ""J"": 8.5, ""N"": 9}",244.7497590357192,16.0,0.012271263000000001,9.371237952348703e-11,130946018.68395059,5,71,HFS-resolved spectroscopy + HFS-resolved collisions,True,True,False,
CN,cn-hfs.dat,p-H2,10.0,51,N=9,"N=9,J=8.5,F=8.5","{""F"": 8.5, ""J"": 8.5, ""N"": 9}",244.75047842415768,18.0,0.012248895000000001,9.402099617498088e-11,130278294.19296718,5,72,HFS-resolved spectroscopy + HFS-resolved collisions,True,True,False,
CN,cn-hfs.dat,p-H2,10.0,52,N=9,"N=9,J=8.5,F=9.5","{""F"": 9.5, ""J"": 8.5, ""N"": 9}",244.7513416902839,20.0,0.012280221000000001,9.354168734081472e-11,131280730.00498265,3,72,HFS-resolved spectroscopy + HFS-resolved collisions,True,True,False,
CN,cn-hfs.dat,p-H2,10.0,53,N=9,"N=9,J=9.5,F=10.5","{""F"": 10.5, ""J"": 9.5, ""N"": 9}",244.8490346402322,22.0,0.0123,9.350332827945433e-11,131546119.54816054,1,71,HFS-resolved spectroscopy + HFS-resolved collisions,True,True,False,
CN,cn-hfs.dat,p-H2,10.0,54,N=9,"N=9,J=9.5,F=9.5","{""F"": 9.5, ""J"": 9.5, ""N"": 9}",244.8497540286707,20.0,0.012336000000000001,9.391422340347688e-11,131353905.22265981,2,72,HFS-resolved spectroscopy + HFS-resolved collisions,True,True,False,
CN,cn-hfs.dat,p-H2,10.0,55,N=9,"N=9,J=9.5,F=8.5","{""F"": 8.5, ""J"": 9.5, ""N"": 9}",244.8506172947969,18.0,0.012351419,9.3609825190163e-11,131945754.35760936,3,72,HFS-resolved spectroscopy + HFS-resolved collisions,True,True,False,
CN,cn-hfs.dat,p-H2,10.0,56,N=10,"N=10,J=9.5,F=8.5","{""F"": 8.5, ""J"": 9.5, ""N"": 10}",299.1247341597417,18.0,0.01689696,1.0676257921850087e-10,158266689.73047748,5,71,HFS-resolved spectroscopy + HFS-resolved collisions,True,True,False,
CN,cn-hfs.dat,p-H2,10.0,57,N=10,"N=10,J=9.5,F=9.5","{""F"": 9.5, ""J"": 9.5, ""N"": 10}",299.1254535481802,20.0,0.016975696999999998,1.0710151848687322e-10,158500992.70143032,5,72,HFS-resolved spectroscopy + HFS-resolved collisions,True,True,False,
CN,cn-hfs.dat,p-H2,10.0,58,N=10,"N=10,J=9.5,F=10.5","{""F"": 10.5, ""J"": 9.5, ""N"": 10}",299.1264606919941,22.0,0.016989037,1.0667609957988965e-10,159258138.1106545,3,72,HFS-resolved spectroscopy + HFS-resolved collisions,True,True,False,
CN,cn-hfs.dat,p-H2,10.0,59,N=10,"N=10,J=10.5,F=11.5","{""F"": 11.5, ""J"": 10.5, ""N"": 10}",299.23451283545677,24.0,0.017,1.0659762839177178e-10,159478219.69848087,1,71,HFS-resolved spectroscopy + HFS-resolved collisions,True,True,False,
CN,cn-hfs.dat,p-H2,10.0,60,N=10,"N=10,J=10.5,F=10.5","{""F"": 10.5, ""J"": 10.5, ""N"": 10}",299.2352322238953,22.0,0.016954,1.0695605135673482e-10,158513705.254999,2,72,HFS-resolved spectroscopy + HFS-resolved collisions,True,True,False,
CN,cn-hfs.dat,p-H2,10.0,61,N=10,"N=10,J=10.5,F=9.5","{""F"": 9.5, ""J"": 10.5, ""N"": 10}",299.2360954900215,20.0,0.016969382999999998,1.066396782401075e-10,159128227.69206145,3,72,HFS-resolved spectroscopy + HFS-resolved collisions,True,True,False,
CN,cn-hfs.dat,p-H2,10.0,62,N=11,"N=11,J=10.5,F=9.5","{""F"": 9.5, ""J"": 10.5, ""N"": 11}",358.9292215844991,20.0,0.022622695,1.072013037152688e-10,211030036.1652955,5,71,HFS-resolved spectroscopy + HFS-resolved collisions,True,True,False,
CN,cn-hfs.dat,p-H2,10.0,63,N=11,"N=11,J=10.5,F=10.5","{""F"": 10.5, ""J"": 10.5, ""N"": 11}",358.9300848506253,22.0,0.022602433,1.0742066985509675e-10,210410464.11727986,5,72,HFS-resolved spectroscopy + HFS-resolved collisions,True,True,False,
CN,cn-hfs.dat,p-H2,10.0,64,N=11,"N=11,J=10.5,F=11.5","{""F"": 11.5, ""J"": 10.5, ""N"": 11}",358.9309481167515,24.0,0.022597766,1.0707349011003605e-10,211049121.27901116,3,72,HFS-resolved spectroscopy + HFS-resolved collisions,True,True,False,
CN,cn-hfs.dat,p-H2,10.0,65,N=11,"N=11,J=11.5,F=12.5","{""F"": 12.5, ""J"": 11.5, ""N"": 11}",359.0495033314163,26.0,0.0227,1.0704448173403548e-10,212061375.1617837,1,71,HFS-resolved spectroscopy + HFS-resolved collisions,True,True,False,
CN,cn-hfs.dat,p-H2,10.0,66,N=11,"N=11,J=11.5,F=11.5","{""F"": 11.5, ""J"": 11.5, ""N"": 11}",359.0502227198548,24.0,0.022671,1.0738409735031519e-10,211120645.97461978,2,72,HFS-resolved spectroscopy + HFS-resolved collisions,True,True,False,
CN,cn-hfs.dat,p-H2,10.0,67,N=11,"N=11,J=11.5,F=10.5","{""F"": 10.5, ""J"": 11.5, ""N"": 11}",359.051085985981,22.0,0.022687353,1.0707677404425454e-10,211879309.98578066,3,72,HFS-resolved spectroscopy + HFS-resolved collisions,True,True,False,
CN,cn-hfs.dat,p-H2,10.0,68,N=12,"N=12,J=11.5,F=10.5","{""F"": 10.5, ""J"": 11.5, ""N"": 12}",424.16091926698823,22.0,0.029449262,5.960260315716976e-10,49409355.36379751,5,71,HFS-resolved spectroscopy + HFS-resolved collisions,True,True,False,
CN,cn-hfs.dat,p-H2,10.0,69,N=12,"N=12,J=11.5,F=11.5","{""F"": 11.5, ""J"": 11.5, ""N"": 12}",424.1616386554267,24.0,0.029529497000000002,5.999424028476787e-10,49220553.27284033,5,72,HFS-resolved spectroscopy + HFS-resolved collisions,True,True,False,
CN,cn-hfs.dat,p-H2,10.0,70,N=12,"N=12,J=11.5,F=12.5","{""F"": 12.5, ""J"": 11.5, ""N"": 12}",424.1626457992406,26.0,0.029506707,6.000433166976343e-10,49174294.8865617,3,71,HFS-resolved spectroscopy + HFS-resolved collisions,True,True,False,
CN,cn-hfs.dat,p-H2,10.0,71,N=12,"N=12,J=12.5,F=13.5","{""F"": 13.5, ""J"": 12.5, ""N"": 12}",424.29141632973204,28.0,0.0295,6.016523204290332e-10,49031640.0325088,1,71,HFS-resolved spectroscopy + HFS-resolved collisions,True,True,False,
CN,cn-hfs.dat,p-H2,10.0,72,N=12,"N=12,J=12.5,F=12.5","{""F"": 12.5, ""J"": 12.5, ""N"": 12}",424.2922795958583,26.0,0.029489,6.01234919824847e-10,49047384.021857545,2,72,HFS-resolved spectroscopy + HFS-resolved collisions,True,True,False,
CN,cn-hfs.dat,p-H2,10.0,73,N=12,"N=12,J=12.5,F=11.5","{""F"": 11.5, ""J"": 12.5, ""N"": 12}",424.2929989842968,24.0,0.029504327,5.974758219062002e-10,49381625.02688182,3,71,HFS-resolved spectroscopy + HFS-resolved collisions,True,True,False,
CN,cn-hfs.dat,p-H2,15.0,3,N=1,"N=1,J=0.5,F=0.5","{""F"": 0.5, ""J"": 0.5, ""N"": 1}",5.430087811485699,2.0,1.1789999999999999e-05,5.932176334732045e-11,198746.6207127262,2,70,HFS-resolved spectroscopy + HFS-resolved collisions,True,True,False,
CN,cn-hfs.dat,p-H2,15.0,4,N=1,"N=1,J=0.5,F=1.5","{""F"": 1.5, ""J"": 0.5, ""N"": 1}",5.4323898544889,4.0,1.182e-05,5.4581046838272494e-11,216558.6899610683,2,72,HFS-resolved spectroscopy + HFS-resolved collisions,True,True,False,
CN,cn-hfs.dat,p-H2,15.0,5,N=1,"N=1,J=1.5,F=2.5","{""F"": 2.5, ""J"": 1.5, ""N"": 1}",5.4467776232589,6.0,1.19e-05,4.317219560147202e-11,275640.37071105675,1,71,HFS-resolved spectroscopy + HFS-resolved collisions,True,True,False,
CN,cn-hfs.dat,p-H2,15.0,6,N=1,"N=1,J=1.5,F=1.5","{""F"": 1.5, ""J"": 1.5, ""N"": 1}",5.4474970116974,4.0,1.193e-05,5.303843306725858e-11,224931.23024338682,2,72,HFS-resolved spectroscopy + HFS-resolved collisions,True,True,False,
CN,cn-hfs.dat,p-H2,15.0,7,N=1,"N=1,J=1.5,F=0.5","{""F"": 0.5, ""J"": 1.5, ""N"": 1}",5.4480725224482,2.0,1.19e-05,5.302033927206293e-11,224442.1699932474,2,72,HFS-resolved spectroscopy + HFS-resolved collisions,True,True,False,
CN,cn-hfs.dat,p-H2,15.0,8,N=2,"N=2,J=1.5,F=0.5","{""F"": 0.5, ""J"": 1.5, ""N"": 2}",16.3082481454196,2.0,0.00011383,6.654217791389944e-11,1710644.3397041713,4,71,HFS-resolved spectroscopy + HFS-resolved collisions,True,True,False,
CN,cn-hfs.dat,p-H2,15.0,9,N=2,"N=2,J=1.5,F=1.5","{""F"": 1.5, ""J"": 1.5, ""N"": 2}",16.3089675338581,4.0,0.00011392,6.574936094760597e-11,1732640.4144183241,5,72,HFS-resolved spectroscopy + HFS-resolved collisions,True,True,False,
CN,cn-hfs.dat,p-H2,15.0,10,N=2,"N=2,J=1.5,F=2.5","{""F"": 2.5, ""J"": 1.5, ""N"": 2}",16.3102624330474,6.0,0.00011396,5.286298922458303e-11,2155761.5577857797,3,72,HFS-resolved spectroscopy + HFS-resolved collisions,True,True,False,
CN,cn-hfs.dat,p-H2,15.0,11,N=2,"N=2,J=2.5,F=3.5","{""F"": 3.5, ""J"": 2.5, ""N"": 2}",16.335009395331802,8.0,0.000114,4.520452844825084e-11,2521871.235323353,1,71,HFS-resolved spectroscopy + HFS-resolved collisions,True,True,False,
CN,cn-hfs.dat,p-H2,15.0,12,N=2,"N=2,J=2.5,F=2.5","{""F"": 2.5, ""J"": 2.5, ""N"": 2}",16.335872661457998,6.0,0.00011430144999999999,5.437768475699131e-11,2101991.8466702336,3,72,HFS-resolved spectroscopy + HFS-resolved collisions,True,True,False,
CN,cn-hfs.dat,p-H2,15.0,13,N=2,"N=2,J=2.5,F=1.5","{""F"": 1.5, ""J"": 2.5, ""N"": 2}",16.3364481722088,4.0,0.00011433,5.1046131659053255e-11,2239738.7673493386,3,72,HFS-resolved spectroscopy + HFS-resolved collisions,True,True,False,
CN,cn-hfs.dat,p-H2,15.0,14,N=3,"N=3,J=2.5,F=1.5","{""F"": 1.5, ""J"": 2.5, ""N"": 3}",32.6272871174167,4.0,0.00041252,5.1995912218680194e-11,7933700.600636773,5,71,HFS-resolved spectroscopy + HFS-resolved collisions,True,True,False,
CN,cn-hfs.dat,p-H2,15.0,15,N=3,"N=3,J=2.5,F=2.5","{""F"": 2.5, ""J"": 2.5, ""N"": 3}",32.6281503835429,6.0,0.00041213999999999997,5.461989078803801e-11,7545602.784146547,5,72,HFS-resolved spectroscopy + HFS-resolved collisions,True,True,False,
CN,cn-hfs.dat,p-H2,15.0,16,N=3,"N=3,J=2.5,F=3.5","{""F"": 3.5, ""J"": 2.5, ""N"": 3}",32.6291575273568,8.0,0.00041173,4.7181933980837085e-11,8726433.303205077,3,72,HFS-resolved spectroscopy + HFS-resolved collisions,True,True,False,
CN,cn-hfs.dat,p-H2,15.0,17,N=3,"N=3,J=3.5,F=4.5","{""F"": 4.5, ""J"": 3.5, ""N"": 3}",32.6642636831556,10.0,0.000413,4.408415873125939e-11,9368444.626961842,1,71,HFS-resolved spectroscopy + HFS-resolved collisions,True,True,False,
CN,cn-hfs.dat,p-H2,15.0,18,N=3,"N=3,J=3.5,F=3.5","{""F"": 3.5, ""J"": 3.5, ""N"": 3}",32.6651269492818,8.0,0.0004135,4.914133177766409e-11,8414505.36731171,2,72,HFS-resolved spectroscopy + HFS-resolved collisions,True,True,False,
CN,cn-hfs.dat,p-H2,15.0,19,N=3,"N=3,J=3.5,F=2.5","{""F"": 2.5, ""J"": 3.5, ""N"": 3}",32.6658463377203,6.0,0.000412727,4.638632109547776e-11,8897601.49658079,3,72,HFS-resolved spectroscopy + HFS-resolved collisions,True,True,False,
CN,cn-hfs.dat,p-H2,15.0,20,N=4,"N=4,J=3.5,F=2.5","{""F"": 2.5, ""J"": 3.5, ""N"": 4}",54.386629216726206,6.0,0.0010138599999999999,5.22320631980037e-11,19410682.59464714,5,71,HFS-resolved spectroscopy + HFS-resolved collisions,True,True,False,
CN,cn-hfs.dat,p-H2,15.0,21,N=4,"N=4,J=3.5,F=3.5","{""F"": 3.5, ""J"": 3.5, ""N"": 4}",54.3874924828524,8.0,0.00101308,5.411560442945401e-11,18720663.11890996,5,72,HFS-resolved spectroscopy + HFS-resolved collisions,True,True,False,
CN,cn-hfs.dat,p-H2,15.0,22,N=4,"N=4,J=3.5,F=4.5","{""F"": 4.5, ""J"": 3.5, ""N"": 4}",54.3884996266663,10.0,0.00101336,5.057570010866469e-11,20036499.69892142,3,72,HFS-resolved spectroscopy + HFS-resolved collisions,True,True,False,
CN,cn-hfs.dat,p-H2,15.0,23,N=4,"N=4,J=4.5,F=5.5","{""F"": 5.5, ""J"": 4.5, ""N"": 4}",54.4339649759795,12.0,0.00102,4.933563404172685e-11,20674711.49022448,1,71,HFS-resolved spectroscopy + HFS-resolved collisions,True,True,False,
CN,cn-hfs.dat,p-H2,15.0,24,N=4,"N=4,J=4.5,F=4.5","{""F"": 4.5, ""J"": 4.5, ""N"": 4}",54.4348282421057,10.0,0.0010149,5.189485659415926e-11,19556851.42242452,2,72,HFS-resolved spectroscopy + HFS-resolved collisions,True,True,False,
CN,cn-hfs.dat,p-H2,15.0,25,N=4,"N=4,J=4.5,F=3.5","{""F"": 3.5, ""J"": 4.5, ""N"": 4}",54.4355476305442,8.0,0.0010151770000000001,5.027461856885863e-11,20192634.551957127,3,72,HFS-resolved spectroscopy + HFS-resolved collisions,True,True,False,
CN,cn-hfs.dat,p-H2,15.0,26,N=5,"N=5,J=4.5,F=3.5","{""F"": 3.5, ""J"": 4.5, ""N"": 5}",81.5854111772219,8.0,0.00202894,5.769528331174089e-11,35166479.53762823,5,71,HFS-resolved spectroscopy + HFS-resolved collisions,True,True,False,
CN,cn-hfs.dat,p-H2,15.0,27,N=5,"N=5,J=4.5,F=4.5","{""F"": 4.5, ""J"": 4.5, ""N"": 5}",81.5862744433481,10.0,0.00202279,5.897208302178916e-11,34300806.35362014,5,72,HFS-resolved spectroscopy + HFS-resolved collisions,True,True,False,
CN,cn-hfs.dat,p-H2,15.0,28,N=5,"N=5,J=4.5,F=5.5","{""F"": 5.5, ""J"": 4.5, ""N"": 5}",81.58728158716201,12.0,0.00202504,5.694536083044373e-11,35561105.77698521,3,72,HFS-resolved spectroscopy + HFS-resolved collisions,True,True,False,
CN,cn-hfs.dat,p-H2,15.0,29,N=5,"N=5,J=5.5,F=6.5","{""F"": 6.5, ""J"": 5.5, ""N"": 5}",81.6431061299896,14.0,0.00203,5.6403529988001754e-11,35990655.202463835,1,71,HFS-resolved spectroscopy + HFS-resolved collisions,True,True,False,
CN,cn-hfs.dat,p-H2,15.0,30,N=5,"N=5,J=5.5,F=5.5","{""F"": 5.5, ""J"": 5.5, ""N"": 5}",81.64396939611579,12.0,0.0020268,5.786617991725264e-11,35025640.24268198,2,72,HFS-resolved spectroscopy + HFS-resolved collisions,True,True,False,
CN,cn-hfs.dat,p-H2,15.0,31,N=5,"N=5,J=5.5,F=4.5","{""F"": 4.5, ""J"": 5.5, ""N"": 5}",81.6446887845543,10.0,0.002030866,5.6822831879783487e-11,35740316.57374234,3,72,HFS-resolved spectroscopy + HFS-resolved collisions,True,True,False,
CN,cn-hfs.dat,p-H2,15.0,32,N=6,"N=6,J=5.5,F=4.5","{""F"": 4.5, ""J"": 5.5, ""N"": 6}",114.2226258550899,10.0,0.00355332,6.575797682494252e-11,54036334.01708001,5,71,HFS-resolved spectroscopy + HFS-resolved collisions,True,True,False,
CN,cn-hfs.dat,p-H2,15.0,33,N=6,"N=6,J=5.5,F=5.5","{""F"": 5.5, ""J"": 5.5, ""N"": 6}",114.2233452435284,12.0,0.00354949,6.681024633935175e-11,53127928.64092948,5,72,HFS-resolved spectroscopy + HFS-resolved collisions,True,True,False,
CN,cn-hfs.dat,p-H2,15.0,34,N=6,"N=6,J=5.5,F=6.5","{""F"": 6.5, ""J"": 5.5, ""N"": 6}",114.2243523873423,14.0,0.00355382,6.530651430119277e-11,54417542.23184887,3,72,HFS-resolved spectroscopy + HFS-resolved collisions,True,True,False,
CN,cn-hfs.dat,p-H2,15.0,35,N=6,"N=6,J=6.5,F=7.5","{""F"": 7.5, ""J"": 6.5, ""N"": 6}",114.29068000137201,16.0,0.00356,6.489662648699263e-11,54856472.40405537,1,71,HFS-resolved spectroscopy + HFS-resolved collisions,True,True,False,
CN,cn-hfs.dat,p-H2,15.0,36,N=6,"N=6,J=6.5,F=6.5","{""F"": 6.5, ""J"": 6.5, ""N"": 6}",114.2915432674982,14.0,0.0035539,6.608235189179888e-11,53779865.55047317,2,72,HFS-resolved spectroscopy + HFS-resolved collisions,True,True,False,
CN,cn-hfs.dat,p-H2,15.0,37,N=6,"N=6,J=6.5,F=5.5","{""F"": 5.5, ""J"": 6.5, ""N"": 6}",114.2922626559367,12.0,0.003558481,6.521049026427801e-11,54569149.619617544,3,72,HFS-resolved spectroscopy + HFS-resolved collisions,True,True,False,
CN,cn-hfs.dat,p-H2,15.0,38,N=7,"N=7,J=6.5,F=5.5","{""F"": 5.5, ""J"": 6.5, ""N"": 7}",152.2966905957655,12.0,0.005698902,8.042738347910838e-11,70857732.19864018,5,71,HFS-resolved spectroscopy + HFS-resolved collisions,True,True,False,
CN,cn-hfs.dat,p-H2,15.0,39,N=7,"N=7,J=6.5,F=6.5","{""F"": 6.5, ""J"": 6.5, ""N"": 7}",152.29755386189169,14.0,0.00570627,8.118679098031903e-11,70285694.64438237,5,72,HFS-resolved spectroscopy + HFS-resolved collisions,True,True,False,
CN,cn-hfs.dat,p-H2,15.0,40,N=7,"N=7,J=6.5,F=7.5","{""F"": 7.5, ""J"": 6.5, ""N"": 7}",152.2984171280179,16.0,0.00570265,8.00820204192633e-11,71210116.45490725,3,72,HFS-resolved spectroscopy + HFS-resolved collisions,True,True,False,
CN,cn-hfs.dat,p-H2,15.0,41,N=7,"N=7,J=7.5,F=8.5","{""F"": 8.5, ""J"": 7.5, ""N"": 7}",152.3752478132497,18.0,0.00571,7.985899465466156e-11,71501025.334617,1,71,HFS-resolved spectroscopy + HFS-resolved collisions,True,True,False,
CN,cn-hfs.dat,p-H2,15.0,42,N=7,"N=7,J=7.5,F=7.5","{""F"": 7.5, ""J"": 7.5, ""N"": 7}",152.37596720168818,16.0,0.005711000000000001,8.070940859751223e-11,70760027.84855042,2,72,HFS-resolved spectroscopy + HFS-resolved collisions,True,True,False,
CN,cn-hfs.dat,p-H2,15.0,43,N=7,"N=7,J=7.5,F=6.5","{""F"": 6.5, ""J"": 7.5, ""N"": 7}",152.37683046781441,14.0,0.0057065150000000005,8.001923865731077e-11,71314287.6107412,3,72,HFS-resolved spectroscopy + HFS-resolved collisions,True,True,False,
CN,cn-hfs.dat,p-H2,15.0,44,N=8,"N=8,J=7.5,F=6.5","{""F"": 6.5, ""J"": 7.5, ""N"": 8}",195.8063105000594,14.0,0.008584535,8.749817074700843e-11,98111022.51293072,5,71,HFS-resolved spectroscopy + HFS-resolved collisions,True,True,False,
CN,cn-hfs.dat,p-H2,15.0,45,N=8,"N=8,J=7.5,F=7.5","{""F"": 7.5, ""J"": 7.5, ""N"": 8}",195.80717376618563,16.0,0.00858305,8.817512666005138e-11,97340943.24685144,5,72,HFS-resolved spectroscopy + HFS-resolved collisions,True,True,False,
CN,cn-hfs.dat,p-H2,15.0,46,N=8,"N=8,J=7.5,F=8.5","{""F"": 8.5, ""J"": 7.5, ""N"": 8}",195.8080370323118,18.0,0.008581420000000001,8.724234096472768e-11,98363018.51952246,3,72,HFS-resolved spectroscopy + HFS-resolved collisions,True,True,False,
CN,cn-hfs.dat,p-H2,15.0,47,N=8,"N=8,J=8.5,F=9.5","{""F"": 9.5, ""J"": 8.5, ""N"": 8}",195.895226911058,20.0,0.00859,8.702440209660143e-11,98707946.19725938,1,71,HFS-resolved spectroscopy + HFS-resolved collisions,True,True,False,
CN,cn-hfs.dat,p-H2,15.0,48,N=8,"N=8,J=8.5,F=8.5","{""F"": 8.5, ""J"": 8.5, ""N"": 8}",195.8960901771842,18.0,0.008589,8.777783716294745e-11,97849300.8896506,2,72,HFS-resolved spectroscopy + HFS-resolved collisions,True,True,False,
CN,cn-hfs.dat,p-H2,15.0,49,N=8,"N=8,J=8.5,F=7.5","{""F"": 7.5, ""J"": 8.5, ""N"": 8}",195.8968095656227,16.0,0.008583462,8.721976717905208e-11,98411888.46995139,3,72,HFS-resolved spectroscopy + HFS-resolved collisions,True,True,False,
CN,cn-hfs.dat,p-H2,15.0,50,N=9,"N=9,J=8.5,F=7.5","{""F"": 7.5, ""J"": 8.5, ""N"": 9}",244.7497590357192,16.0,0.012271263000000001,9.584257680934117e-11,128035612.23537552,5,71,HFS-resolved spectroscopy + HFS-resolved collisions,True,True,False,
CN,cn-hfs.dat,p-H2,15.0,51,N=9,"N=9,J=8.5,F=8.5","{""F"": 8.5, ""J"": 8.5, ""N"": 9}",244.75047842415768,18.0,0.012248895000000001,9.631934659057963e-11,127169623.06716879,5,72,HFS-resolved spectroscopy + HFS-resolved collisions,True,True,False,
CN,cn-hfs.dat,p-H2,15.0,52,N=9,"N=9,J=8.5,F=9.5","{""F"": 9.5, ""J"": 8.5, ""N"": 9}",244.7513416902839,20.0,0.012280221000000001,9.562507594183506e-11,128420509.77789102,3,72,HFS-resolved spectroscopy + HFS-resolved collisions,True,True,False,
CN,cn-hfs.dat,p-H2,15.0,53,N=9,"N=9,J=9.5,F=10.5","{""F"": 10.5, ""J"": 9.5, ""N"": 9}",244.8490346402322,22.0,0.0123,9.55234951888904e-11,128764132.59039247,1,71,HFS-resolved spectroscopy + HFS-resolved collisions,True,True,False,
CN,cn-hfs.dat,p-H2,15.0,54,N=9,"N=9,J=9.5,F=9.5","{""F"": 9.5, ""J"": 9.5, ""N"": 9}",244.8497540286707,20.0,0.012336000000000001,9.609798842706279e-11,128368972.14932731,2,72,HFS-resolved spectroscopy + HFS-resolved collisions,True,True,False,
CN,cn-hfs.dat,p-H2,15.0,55,N=9,"N=9,J=9.5,F=8.5","{""F"": 8.5, ""J"": 9.5, ""N"": 9}",244.8506172947969,18.0,0.012351419,9.563958329511023e-11,129145470.67700882,3,72,HFS-resolved spectroscopy + HFS-resolved collisions,True,True,False,
CN,cn-hfs.dat,p-H2,15.0,56,N=10,"N=10,J=9.5,F=8.5","{""F"": 8.5, ""J"": 9.5, ""N"": 10}",299.1247341597417,18.0,0.01689696,1.0666357137351712e-10,158413596.9048871,5,71,HFS-resolved spectroscopy + HFS-resolved collisions,True,True,False,
CN,cn-hfs.dat,p-H2,15.0,57,N=10,"N=10,J=9.5,F=9.5","{""F"": 9.5, ""J"": 9.5, ""N"": 10}",299.1254535481802,20.0,0.016975696999999998,1.0713029406795698e-10,158458418.76651287,5,72,HFS-resolved spectroscopy + HFS-resolved collisions,True,True,False,
CN,cn-hfs.dat,p-H2,15.0,58,N=10,"N=10,J=9.5,F=10.5","{""F"": 10.5, ""J"": 9.5, ""N"": 10}",299.1264606919941,22.0,0.016989037,1.0655676148577049e-10,159436499.03688845,3,72,HFS-resolved spectroscopy + HFS-resolved collisions,True,True,False,
CN,cn-hfs.dat,p-H2,15.0,59,N=10,"N=10,J=10.5,F=11.5","{""F"": 11.5, ""J"": 10.5, ""N"": 10}",299.23451283545677,24.0,0.017,1.064569543526202e-10,159688956.9439536,1,71,HFS-resolved spectroscopy + HFS-resolved collisions,True,True,False,
CN,cn-hfs.dat,p-H2,15.0,60,N=10,"N=10,J=10.5,F=10.5","{""F"": 10.5, ""J"": 10.5, ""N"": 10}",299.2352322238953,22.0,0.016954,1.0693619960574951e-10,158543131.90954706,2,72,HFS-resolved spectroscopy + HFS-resolved collisions,True,True,False,
CN,cn-hfs.dat,p-H2,15.0,61,N=10,"N=10,J=10.5,F=9.5","{""F"": 9.5, ""J"": 10.5, ""N"": 10}",299.2360954900215,20.0,0.016969382999999998,1.0651523987127282e-10,159314132.14210525,3,72,HFS-resolved spectroscopy + HFS-resolved collisions,True,True,False,
CN,cn-hfs.dat,p-H2,15.0,62,N=11,"N=11,J=10.5,F=9.5","{""F"": 9.5, ""J"": 10.5, ""N"": 11}",358.9292215844991,20.0,0.022622695,1.0990942511685576e-10,205830345.9957828,5,71,HFS-resolved spectroscopy + HFS-resolved collisions,True,True,False,
CN,cn-hfs.dat,p-H2,15.0,63,N=11,"N=11,J=10.5,F=10.5","{""F"": 10.5, ""J"": 10.5, ""N"": 11}",358.9300848506253,22.0,0.022602433,1.1033538585879646e-10,204852077.36460757,5,72,HFS-resolved spectroscopy + HFS-resolved collisions,True,True,False,
CN,cn-hfs.dat,p-H2,15.0,64,N=11,"N=11,J=10.5,F=11.5","{""F"": 11.5, ""J"": 10.5, ""N"": 11}",358.9309481167515,24.0,0.022597766,1.0982084337966988e-10,205769372.22996518,3,72,HFS-resolved spectroscopy + HFS-resolved collisions,True,True,False,
CN,cn-hfs.dat,p-H2,15.0,65,N=11,"N=11,J=11.5,F=12.5","{""F"": 12.5, ""J"": 11.5, ""N"": 11}",359.0495033314163,26.0,0.0227,1.0973866913340206e-10,206855069.22272867,1,71,HFS-resolved spectroscopy + HFS-resolved collisions,True,True,False,
CN,cn-hfs.dat,p-H2,15.0,66,N=11,"N=11,J=11.5,F=11.5","{""F"": 11.5, ""J"": 11.5, ""N"": 11}",359.0502227198548,24.0,0.022671,1.1015150361365058e-10,205816527.74815583,2,72,HFS-resolved spectroscopy + HFS-resolved collisions,True,True,False,
CN,cn-hfs.dat,p-H2,15.0,67,N=11,"N=11,J=11.5,F=10.5","{""F"": 10.5, ""J"": 11.5, ""N"": 11}",359.051085985981,22.0,0.022687353,1.0977645061313508e-10,206668669.58518142,3,72,HFS-resolved spectroscopy + HFS-resolved collisions,True,True,False,
CN,cn-hfs.dat,p-H2,15.0,68,N=12,"N=12,J=11.5,F=10.5","{""F"": 10.5, ""J"": 11.5, ""N"": 12}",424.16091926698823,22.0,0.029449262,4.1751295856083006e-10,70534965.19368358,5,71,HFS-resolved spectroscopy + HFS-resolved collisions,True,True,False,
CN,cn-hfs.dat,p-H2,15.0,69,N=12,"N=12,J=11.5,F=11.5","{""F"": 11.5, ""J"": 11.5, ""N"": 12}",424.1616386554267,24.0,0.029529497000000002,4.193936276648608e-10,70409980.15257673,5,72,HFS-resolved spectroscopy + HFS-resolved collisions,True,True,False,
CN,cn-hfs.dat,p-H2,15.0,70,N=12,"N=12,J=11.5,F=12.5","{""F"": 12.5, ""J"": 11.5, ""N"": 12}",424.1626457992406,26.0,0.029506707,4.195752196278501e-10,70325189.90557048,3,71,HFS-resolved spectroscopy + HFS-resolved collisions,True,True,False,
CN,cn-hfs.dat,p-H2,15.0,71,N=12,"N=12,J=12.5,F=13.5","{""F"": 13.5, ""J"": 12.5, ""N"": 12}",424.29141632973204,28.0,0.0295,4.203086938312088e-10,70186509.1847157,1,71,HFS-resolved spectroscopy + HFS-resolved collisions,True,True,False,
CN,cn-hfs.dat,p-H2,15.0,72,N=12,"N=12,J=12.5,F=12.5","{""F"": 12.5, ""J"": 12.5, ""N"": 12}",424.2922795958583,26.0,0.029489,4.2030584975445747e-10,70160812.69681938,2,72,HFS-resolved spectroscopy + HFS-resolved collisions,True,True,False,
CN,cn-hfs.dat,p-H2,15.0,73,N=12,"N=12,J=12.5,F=11.5","{""F"": 11.5, ""J"": 12.5, ""N"": 12}",424.2929989842968,24.0,0.029504327,4.177222067161897e-10,70631454.41067234,3,71,HFS-resolved spectroscopy + HFS-resolved collisions,True,True,False,
CN,cn-hfs.dat,p-H2,20.0,3,N=1,"N=1,J=0.5,F=0.5","{""F"": 0.5, ""J"": 0.5, ""N"": 1}",5.430087811485699,2.0,1.1789999999999999e-05,7.519144749844801e-11,156799.74774050398,2,70,HFS-resolved spectroscopy + HFS-resolved collisions,True,True,False,
CN,cn-hfs.dat,p-H2,20.0,4,N=1,"N=1,J=0.5,F=1.5","{""F"": 1.5, ""J"": 0.5, ""N"": 1}",5.4323898544889,4.0,1.182e-05,7.071448561046509e-11,167151.04264649775,2,72,HFS-resolved spectroscopy + HFS-resolved collisions,True,True,False,
CN,cn-hfs.dat,p-H2,20.0,5,N=1,"N=1,J=1.5,F=2.5","{""F"": 2.5, ""J"": 1.5, ""N"": 1}",5.4467776232589,6.0,1.19e-05,5.821083575008796e-11,204429.2930458745,1,71,HFS-resolved spectroscopy + HFS-resolved collisions,True,True,False,
CN,cn-hfs.dat,p-H2,20.0,6,N=1,"N=1,J=1.5,F=1.5","{""F"": 1.5, ""J"": 1.5, ""N"": 1}",5.4474970116974,4.0,1.193e-05,6.901731616761546e-11,172855.17117221424,2,72,HFS-resolved spectroscopy + HFS-resolved collisions,True,True,False,
CN,cn-hfs.dat,p-H2,20.0,7,N=1,"N=1,J=1.5,F=0.5","{""F"": 0.5, ""J"": 1.5, ""N"": 1}",5.4480725224482,2.0,1.19e-05,6.932654043946922e-11,171651.4328360319,2,72,HFS-resolved spectroscopy + HFS-resolved collisions,True,True,False,
CN,cn-hfs.dat,p-H2,20.0,8,N=2,"N=2,J=1.5,F=0.5","{""F"": 0.5, ""J"": 1.5, ""N"": 2}",16.3082481454196,2.0,0.00011383,7.865793525863564e-11,1447152.1484223413,4,71,HFS-resolved spectroscopy + HFS-resolved collisions,True,True,False,
CN,cn-hfs.dat,p-H2,20.0,9,N=2,"N=2,J=1.5,F=1.5","{""F"": 1.5, ""J"": 1.5, ""N"": 2}",16.3089675338581,4.0,0.00011392,7.773574920586542e-11,1465477.610543237,5,72,HFS-resolved spectroscopy + HFS-resolved collisions,True,True,False,
CN,cn-hfs.dat,p-H2,20.0,10,N=2,"N=2,J=1.5,F=2.5","{""F"": 2.5, ""J"": 1.5, ""N"": 2}",16.3102624330474,6.0,0.00011396,6.475798056896243e-11,1759783.1031596342,3,72,HFS-resolved spectroscopy + HFS-resolved collisions,True,True,False,
CN,cn-hfs.dat,p-H2,20.0,11,N=2,"N=2,J=2.5,F=3.5","{""F"": 3.5, ""J"": 2.5, ""N"": 2}",16.335009395331802,8.0,0.000114,5.67752045371681e-11,2007918.7900656436,1,71,HFS-resolved spectroscopy + HFS-resolved collisions,True,True,False,
CN,cn-hfs.dat,p-H2,20.0,12,N=2,"N=2,J=2.5,F=2.5","{""F"": 2.5, ""J"": 2.5, ""N"": 2}",16.335872661457998,6.0,0.00011430144999999999,6.626687770080936e-11,1724865.4828142591,3,72,HFS-resolved spectroscopy + HFS-resolved collisions,True,True,False,
CN,cn-hfs.dat,p-H2,20.0,13,N=2,"N=2,J=2.5,F=1.5","{""F"": 1.5, ""J"": 2.5, ""N"": 2}",16.3364481722088,4.0,0.00011433,6.286547604418827e-11,1818645.2595958584,3,72,HFS-resolved spectroscopy + HFS-resolved collisions,True,True,False,
CN,cn-hfs.dat,p-H2,20.0,14,N=3,"N=3,J=2.5,F=1.5","{""F"": 1.5, ""J"": 2.5, ""N"": 3}",32.6272871174167,4.0,0.00041252,6.54568907485177e-11,6302163.076839113,5,71,HFS-resolved spectroscopy + HFS-resolved collisions,True,True,False,
CN,cn-hfs.dat,p-H2,20.0,15,N=3,"N=3,J=2.5,F=2.5","{""F"": 2.5, ""J"": 2.5, ""N"": 3}",32.6281503835429,6.0,0.00041213999999999997,6.868109167401263e-11,6000778.233930496,5,72,HFS-resolved spectroscopy + HFS-resolved collisions,True,True,False,
CN,cn-hfs.dat,p-H2,20.0,16,N=3,"N=3,J=2.5,F=3.5","{""F"": 3.5, ""J"": 2.5, ""N"": 3}",32.6291575273568,8.0,0.00041173,5.94264973448452e-11,6928390.842401122,3,72,HFS-resolved spectroscopy + HFS-resolved collisions,True,True,False,
CN,cn-hfs.dat,p-H2,20.0,17,N=3,"N=3,J=3.5,F=4.5","{""F"": 4.5, ""J"": 3.5, ""N"": 3}",32.6642636831556,10.0,0.000413,5.5504738764893044e-11,7440806.121967087,1,71,HFS-resolved spectroscopy + HFS-resolved collisions,True,True,False,
CN,cn-hfs.dat,p-H2,20.0,18,N=3,"N=3,J=3.5,F=3.5","{""F"": 3.5, ""J"": 3.5, ""N"": 3}",32.6651269492818,8.0,0.0004135,6.18569843105973e-11,6684774.639573878,2,72,HFS-resolved spectroscopy + HFS-resolved collisions,True,True,False,
CN,cn-hfs.dat,p-H2,20.0,19,N=3,"N=3,J=3.5,F=2.5","{""F"": 2.5, ""J"": 3.5, ""N"": 3}",32.6658463377203,6.0,0.000412727,5.8440978662105e-11,7062287.618185035,3,72,HFS-resolved spectroscopy + HFS-resolved collisions,True,True,False,
CN,cn-hfs.dat,p-H2,20.0,20,N=4,"N=4,J=3.5,F=2.5","{""F"": 2.5, ""J"": 3.5, ""N"": 4}",54.386629216726206,6.0,0.0010138599999999999,6.107930617610246e-11,16599075.259251667,5,71,HFS-resolved spectroscopy + HFS-resolved collisions,True,True,False,
CN,cn-hfs.dat,p-H2,20.0,21,N=4,"N=4,J=3.5,F=3.5","{""F"": 3.5, ""J"": 3.5, ""N"": 4}",54.3874924828524,8.0,0.00101308,6.387003383446219e-11,15861585.46002484,5,72,HFS-resolved spectroscopy + HFS-resolved collisions,True,True,False,
CN,cn-hfs.dat,p-H2,20.0,22,N=4,"N=4,J=3.5,F=4.5","{""F"": 4.5, ""J"": 3.5, ""N"": 4}",54.3884996266663,10.0,0.00101336,5.859467057911306e-11,17294405.617176168,3,72,HFS-resolved spectroscopy + HFS-resolved collisions,True,True,False,
CN,cn-hfs.dat,p-H2,20.0,23,N=4,"N=4,J=4.5,F=5.5","{""F"": 5.5, ""J"": 4.5, ""N"": 4}",54.4339649759795,12.0,0.00102,5.678127990165724e-11,17963666.92978032,1,71,HFS-resolved spectroscopy + HFS-resolved collisions,True,True,False,
CN,cn-hfs.dat,p-H2,20.0,24,N=4,"N=4,J=4.5,F=4.5","{""F"": 4.5, ""J"": 4.5, ""N"": 4}",54.4348282421057,10.0,0.0010149,6.051122056699534e-11,16772095.992946425,2,72,HFS-resolved spectroscopy + HFS-resolved collisions,True,True,False,
CN,cn-hfs.dat,p-H2,20.0,25,N=4,"N=4,J=4.5,F=3.5","{""F"": 3.5, ""J"": 4.5, ""N"": 4}",54.4355476305442,8.0,0.0010151770000000001,5.8126004393166756e-11,17465108.957658604,3,72,HFS-resolved spectroscopy + HFS-resolved collisions,True,True,False,
CN,cn-hfs.dat,p-H2,20.0,26,N=5,"N=5,J=4.5,F=3.5","{""F"": 3.5, ""J"": 4.5, ""N"": 5}",81.5854111772219,8.0,0.00202894,6.243274774990699e-11,32498009.02769048,5,71,HFS-resolved spectroscopy + HFS-resolved collisions,True,True,False,
CN,cn-hfs.dat,p-H2,20.0,27,N=5,"N=5,J=4.5,F=4.5","{""F"": 4.5, ""J"": 4.5, ""N"": 5}",81.5862744433481,10.0,0.00202279,6.434669663849575e-11,31435801.768724445,5,72,HFS-resolved spectroscopy + HFS-resolved collisions,True,True,False,
CN,cn-hfs.dat,p-H2,20.0,28,N=5,"N=5,J=4.5,F=5.5","{""F"": 5.5, ""J"": 4.5, ""N"": 5}",81.58728158716201,12.0,0.00202504,6.132770366903007e-11,33019987.360502243,3,72,HFS-resolved spectroscopy + HFS-resolved collisions,True,True,False,
CN,cn-hfs.dat,p-H2,20.0,29,N=5,"N=5,J=5.5,F=6.5","{""F"": 6.5, ""J"": 5.5, ""N"": 5}",81.6431061299896,14.0,0.00203,6.051444349334199e-11,33545710.458749373,1,71,HFS-resolved spectroscopy + HFS-resolved collisions,True,True,False,
CN,cn-hfs.dat,p-H2,20.0,30,N=5,"N=5,J=5.5,F=5.5","{""F"": 5.5, ""J"": 5.5, ""N"": 5}",81.64396939611579,12.0,0.0020268,6.265771505003805e-11,32347173.821793698,2,72,HFS-resolved spectroscopy + HFS-resolved collisions,True,True,False,
CN,cn-hfs.dat,p-H2,20.0,31,N=5,"N=5,J=5.5,F=4.5","{""F"": 4.5, ""J"": 5.5, ""N"": 5}",81.6446887845543,10.0,0.002030866,6.110197822661972e-11,33237319.95170055,3,72,HFS-resolved spectroscopy + HFS-resolved collisions,True,True,False,
CN,cn-hfs.dat,p-H2,20.0,32,N=6,"N=6,J=5.5,F=4.5","{""F"": 4.5, ""J"": 5.5, ""N"": 6}",114.2226258550899,10.0,0.00355332,6.914573888105418e-11,51388849.94941609,5,71,HFS-resolved spectroscopy + HFS-resolved collisions,True,True,False,
CN,cn-hfs.dat,p-H2,20.0,33,N=6,"N=6,J=5.5,F=5.5","{""F"": 5.5, ""J"": 5.5, ""N"": 6}",114.2233452435284,12.0,0.00354949,7.057379981841334e-11,50294727.067734085,5,72,HFS-resolved spectroscopy + HFS-resolved collisions,True,True,False,
CN,cn-hfs.dat,p-H2,20.0,34,N=6,"N=6,J=5.5,F=6.5","{""F"": 6.5, ""J"": 5.5, ""N"": 6}",114.2243523873423,14.0,0.00355382,6.849800351320374e-11,51882096.086420424,3,72,HFS-resolved spectroscopy + HFS-resolved collisions,True,True,False,
CN,cn-hfs.dat,p-H2,20.0,35,N=6,"N=6,J=6.5,F=7.5","{""F"": 7.5, ""J"": 6.5, ""N"": 6}",114.29068000137201,16.0,0.00356,6.795787930878103e-11,52385389.83573023,1,71,HFS-resolved spectroscopy + HFS-resolved collisions,True,True,False,
CN,cn-hfs.dat,p-H2,20.0,36,N=6,"N=6,J=6.5,F=6.5","{""F"": 6.5, ""J"": 6.5, ""N"": 6}",114.2915432674982,14.0,0.0035539,6.954682011109013e-11,51100826.67076945,2,72,HFS-resolved spectroscopy + HFS-resolved collisions,True,True,False,
CN,cn-hfs.dat,p-H2,20.0,37,N=6,"N=6,J=6.5,F=5.5","{""F"": 5.5, ""J"": 6.5, ""N"": 6}",114.2922626559367,12.0,0.003558481,6.83366908123764e-11,52072773.17202967,3,72,HFS-resolved spectroscopy + HFS-resolved collisions,True,True,False,
CN,cn-hfs.dat,p-H2,20.0,38,N=7,"N=7,J=6.5,F=5.5","{""F"": 5.5, ""J"": 6.5, ""N"": 7}",152.2966905957655,12.0,0.005698902,8.076597604694198e-11,70560677.63841227,5,71,HFS-resolved spectroscopy + HFS-resolved collisions,True,True,False,
CN,cn-hfs.dat,p-H2,20.0,39,N=7,"N=7,J=6.5,F=6.5","{""F"": 6.5, ""J"": 6.5, ""N"": 7}",152.29755386189169,14.0,0.00570627,8.18056106661019e-11,69754017.52443038,5,72,HFS-resolved spectroscopy + HFS-resolved collisions,True,True,False,
CN,cn-hfs.dat,p-H2,20.0,40,N=7,"N=7,J=6.5,F=7.5","{""F"": 7.5, ""J"": 6.5, ""N"": 7}",152.2984171280179,16.0,0.00570265,8.03394231809214e-11,70981963.45221254,3,72,HFS-resolved spectroscopy + HFS-resolved collisions,True,True,False,
CN,cn-hfs.dat,p-H2,20.0,41,N=7,"N=7,J=7.5,F=8.5","{""F"": 8.5, ""J"": 7.5, ""N"": 7}",152.3752478132497,18.0,0.00571,8.003223636291287e-11,71346250.70462266,1,71,HFS-resolved spectroscopy + HFS-resolved collisions,True,True,False,
CN,cn-hfs.dat,p-H2,20.0,42,N=7,"N=7,J=7.5,F=7.5","{""F"": 7.5, ""J"": 7.5, ""N"": 7}",152.37596720168818,16.0,0.005711000000000001,8.114069432267329e-11,70383918.29984829,2,72,HFS-resolved spectroscopy + HFS-resolved collisions,True,True,False,
CN,cn-hfs.dat,p-H2,20.0,43,N=7,"N=7,J=7.5,F=6.5","{""F"": 6.5, ""J"": 7.5, ""N"": 7}",152.37683046781441,14.0,0.0057065150000000005,8.027005316022694e-11,71091456.5935223,3,72,HFS-resolved spectroscopy + HFS-resolved collisions,True,True,False,
CN,cn-hfs.dat,p-H2,20.0,44,N=8,"N=8,J=7.5,F=6.5","{""F"": 6.5, ""J"": 7.5, ""N"": 8}",195.8063105000594,14.0,0.008584535,8.938521494924316e-11,96039764.5726385,5,71,HFS-resolved spectroscopy + HFS-resolved collisions,True,True,False,
CN,cn-hfs.dat,p-H2,20.0,45,N=8,"N=8,J=7.5,F=7.5","{""F"": 7.5, ""J"": 7.5, ""N"": 8}",195.80717376618563,16.0,0.00858305,9.026929266287393e-11,95082721.34196137,5,72,HFS-resolved spectroscopy + HFS-resolved collisions,True,True,False,
CN,cn-hfs.dat,p-H2,20.0,46,N=8,"N=8,J=7.5,F=8.5","{""F"": 8.5, ""J"": 7.5, ""N"": 8}",195.8080370323118,18.0,0.008581420000000001,8.90740051983167e-11,96340340.60660125,3,72,HFS-resolved spectroscopy + HFS-resolved collisions,True,True,False,
CN,cn-hfs.dat,p-H2,20.0,47,N=8,"N=8,J=8.5,F=9.5","{""F"": 9.5, ""J"": 8.5, ""N"": 8}",195.895226911058,20.0,0.00859,8.878377218192625e-11,96751915.23061542,1,71,HFS-resolved spectroscopy + HFS-resolved collisions,True,True,False,
CN,cn-hfs.dat,p-H2,20.0,48,N=8,"N=8,J=8.5,F=8.5","{""F"": 8.5, ""J"": 8.5, ""N"": 8}",195.8960901771842,18.0,0.008589,8.978121076603687e-11,95665896.31300798,2,72,HFS-resolved spectroscopy + HFS-resolved collisions,True,True,False,
CN,cn-hfs.dat,p-H2,20.0,49,N=8,"N=8,J=8.5,F=7.5","{""F"": 7.5, ""J"": 8.5, ""N"": 8}",195.8968095656227,16.0,0.008583462,8.900923839948921e-11,96433383.2570941,3,72,HFS-resolved spectroscopy + HFS-resolved collisions,True,True,False,
CN,cn-hfs.dat,p-H2,20.0,50,N=9,"N=9,J=8.5,F=7.5","{""F"": 7.5, ""J"": 8.5, ""N"": 9}",244.7497590357192,16.0,0.012271263000000001,9.779687499682549e-11,125477046.17758317,5,71,HFS-resolved spectroscopy + HFS-resolved collisions,True,True,False,
CN,cn-hfs.dat,p-H2,20.0,51,N=9,"N=9,J=8.5,F=8.5","{""F"": 8.5, ""J"": 8.5, ""N"": 9}",244.75047842415768,18.0,0.012248895000000001,9.843570064616043e-11,124435493.62268677,5,72,HFS-resolved spectroscopy + HFS-resolved collisions,True,True,False,
CN,cn-hfs.dat,p-H2,20.0,52,N=9,"N=9,J=8.5,F=9.5","{""F"": 9.5, ""J"": 8.5, ""N"": 9}",244.7513416902839,20.0,0.012280221000000001,9.753534706841044e-11,125905339.64457789,3,72,HFS-resolved spectroscopy + HFS-resolved collisions,True,True,False,
CN,cn-hfs.dat,p-H2,20.0,53,N=9,"N=9,J=9.5,F=10.5","{""F"": 10.5, ""J"": 9.5, ""N"": 9}",244.8490346402322,22.0,0.0123,9.737784064355517e-11,126312104.67095174,1,71,HFS-resolved spectroscopy + HFS-resolved collisions,True,True,False,
CN,cn-hfs.dat,p-H2,20.0,54,N=9,"N=9,J=9.5,F=9.5","{""F"": 9.5, ""J"": 9.5, ""N"": 9}",244.8497540286707,20.0,0.012336000000000001,9.811094827231321e-11,125735203.02505532,2,72,HFS-resolved spectroscopy + HFS-resolved collisions,True,True,False,
CN,cn-hfs.dat,p-H2,20.0,55,N=9,"N=9,J=9.5,F=8.5","{""F"": 8.5, ""J"": 9.5, ""N"": 9}",244.8506172947969,18.0,0.012351419,9.750819330917784e-11,126670575.88521065,3,72,HFS-resolved spectroscopy + HFS-resolved collisions,True,True,False,
CN,cn-hfs.dat,p-H2,20.0,56,N=10,"N=10,J=9.5,F=8.5","{""F"": 8.5, ""J"": 9.5, ""N"": 10}",299.1247341597417,18.0,0.01689696,1.0719339853624622e-10,157630602.54392892,5,71,HFS-resolved spectroscopy + HFS-resolved collisions,True,True,False,
CN,cn-hfs.dat,p-H2,20.0,57,N=10,"N=10,J=9.5,F=9.5","{""F"": 9.5, ""J"": 9.5, ""N"": 10}",299.1254535481802,20.0,0.016975696999999998,1.077902075195551e-10,157488304.27773598,5,72,HFS-resolved spectroscopy + HFS-resolved collisions,True,True,False,
CN,cn-hfs.dat,p-H2,20.0,58,N=10,"N=10,J=9.5,F=10.5","{""F"": 10.5, ""J"": 9.5, ""N"": 10}",299.1264606919941,22.0,0.016989037,1.0706073242664912e-10,158685977.7149363,3,72,HFS-resolved spectroscopy + HFS-resolved collisions,True,True,False,
CN,cn-hfs.dat,p-H2,20.0,59,N=10,"N=10,J=10.5,F=11.5","{""F"": 11.5, ""J"": 10.5, ""N"": 10}",299.23451283545677,24.0,0.017,1.0693537835423212e-10,158974515.8397076,1,71,HFS-resolved spectroscopy + HFS-resolved collisions,True,True,False,
CN,cn-hfs.dat,p-H2,20.0,60,N=10,"N=10,J=10.5,F=10.5","{""F"": 10.5, ""J"": 10.5, ""N"": 10}",299.2352322238953,22.0,0.016954,1.075429045067779e-10,157648708.46436432,2,72,HFS-resolved spectroscopy + HFS-resolved collisions,True,True,False,
CN,cn-hfs.dat,p-H2,20.0,61,N=10,"N=10,J=10.5,F=9.5","{""F"": 9.5, ""J"": 10.5, ""N"": 10}",299.2360954900215,20.0,0.016969382999999998,1.0701247971408135e-10,158573869.56492573,3,72,HFS-resolved spectroscopy + HFS-resolved collisions,True,True,False,
CN,cn-hfs.dat,p-H2,20.0,62,N=11,"N=11,J=10.5,F=9.5","{""F"": 9.5, ""J"": 10.5, ""N"": 11}",358.9292215844991,20.0,0.022622695,1.1197955517676611e-10,202025226.5182585,5,71,HFS-resolved spectroscopy + HFS-resolved collisions,True,True,False,
CN,cn-hfs.dat,p-H2,20.0,63,N=11,"N=11,J=10.5,F=10.5","{""F"": 10.5, ""J"": 10.5, ""N"": 11}",358.9300848506253,22.0,0.022602433,1.1259876276701964e-10,200734292.6739537,5,72,HFS-resolved spectroscopy + HFS-resolved collisions,True,True,False,
CN,cn-hfs.dat,p-H2,20.0,64,N=11,"N=11,J=10.5,F=11.5","{""F"": 11.5, ""J"": 10.5, ""N"": 11}",358.9309481167515,24.0,0.022597766,1.1191162630268296e-10,201925097.03040782,3,72,HFS-resolved spectroscopy + HFS-resolved collisions,True,True,False,
CN,cn-hfs.dat,p-H2,20.0,65,N=11,"N=11,J=11.5,F=12.5","{""F"": 12.5, ""J"": 11.5, ""N"": 11}",359.0495033314163,26.0,0.0227,1.1178237705691817e-10,203073155.1579141,1,71,HFS-resolved spectroscopy + HFS-resolved collisions,True,True,False,
CN,cn-hfs.dat,p-H2,20.0,66,N=11,"N=11,J=11.5,F=11.5","{""F"": 11.5, ""J"": 11.5, ""N"": 11}",359.0502227198548,24.0,0.022671,1.1229014007705748e-10,201896622.30755395,2,72,HFS-resolved spectroscopy + HFS-resolved collisions,True,True,False,
CN,cn-hfs.dat,p-H2,20.0,67,N=11,"N=11,J=11.5,F=10.5","{""F"": 10.5, ""J"": 11.5, ""N"": 11}",359.051085985981,22.0,0.022687353,1.1183052594945964e-10,202872630.77214944,3,72,HFS-resolved spectroscopy + HFS-resolved collisions,True,True,False,
CN,cn-hfs.dat,p-H2,20.0,68,N=12,"N=12,J=11.5,F=10.5","{""F"": 10.5, ""J"": 11.5, ""N"": 12}",424.16091926698823,22.0,0.029449262,3.2466192640350634e-10,90707470.1558906,5,71,HFS-resolved spectroscopy + HFS-resolved collisions,True,True,False,
CN,cn-hfs.dat,p-H2,20.0,69,N=12,"N=12,J=11.5,F=11.5","{""F"": 11.5, ""J"": 11.5, ""N"": 12}",424.1616386554267,24.0,0.029529497000000002,3.2580944076351244e-10,90634258.26703984,5,72,HFS-resolved spectroscopy + HFS-resolved collisions,True,True,False,
CN,cn-hfs.dat,p-H2,20.0,70,N=12,"N=12,J=11.5,F=12.5","{""F"": 12.5, ""J"": 11.5, ""N"": 12}",424.1626457992406,26.0,0.029506707,3.258472554860622e-10,90553799.37444992,3,71,HFS-resolved spectroscopy + HFS-resolved collisions,True,True,False,
CN,cn-hfs.dat,p-H2,20.0,71,N=12,"N=12,J=12.5,F=13.5","{""F"": 13.5, ""J"": 12.5, ""N"": 12}",424.29141632973204,28.0,0.0295,3.2618006738575963e-10,90440842.19012552,1,71,HFS-resolved spectroscopy + HFS-resolved collisions,True,True,False,
CN,cn-hfs.dat,p-H2,20.0,72,N=12,"N=12,J=12.5,F=12.5","{""F"": 12.5, ""J"": 12.5, ""N"": 12}",424.2922795958583,26.0,0.029489,3.264763259178947e-10,90325079.2139096,2,72,HFS-resolved spectroscopy + HFS-resolved collisions,True,True,False,
CN,cn-hfs.dat,p-H2,20.0,73,N=12,"N=12,J=12.5,F=11.5","{""F"": 11.5, ""J"": 12.5, ""N"": 12}",424.2929989842968,24.0,0.029504327,3.2436046272199956e-10,90961539.3701277,3,71,HFS-resolved spectroscopy + HFS-resolved collisions,True,True,False,
CN,cn-hfs.dat,p-H2,25.0,3,N=1,"N=1,J=0.5,F=0.5","{""F"": 0.5, ""J"": 0.5, ""N"": 1}",5.430087811485699,2.0,1.1789999999999999e-05,8.409229481331116e-11,140203.09501809118,2,70,HFS-resolved spectroscopy + HFS-resolved collisions,True,True,False,
CN,cn-hfs.dat,p-H2,25.0,4,N=1,"N=1,J=0.5,F=1.5","{""F"": 1.5, ""J"": 0.5, ""N"": 1}",5.4323898544889,4.0,1.182e-05,8.019128639505455e-11,147397.56064979333,2,72,HFS-resolved spectroscopy + HFS-resolved collisions,True,True,False,
CN,cn-hfs.dat,p-H2,25.0,5,N=1,"N=1,J=1.5,F=2.5","{""F"": 2.5, ""J"": 1.5, ""N"": 1}",5.4467776232589,6.0,1.19e-05,6.762362919503659e-11,175973.99225171178,1,71,HFS-resolved spectroscopy + HFS-resolved collisions,True,True,False,
CN,cn-hfs.dat,p-H2,25.0,6,N=1,"N=1,J=1.5,F=1.5","{""F"": 1.5, ""J"": 1.5, ""N"": 1}",5.4474970116974,4.0,1.193e-05,7.86559860013091e-11,151673.13521187622,2,72,HFS-resolved spectroscopy + HFS-resolved collisions,True,True,False,
CN,cn-hfs.dat,p-H2,25.0,7,N=1,"N=1,J=1.5,F=0.5","{""F"": 0.5, ""J"": 1.5, ""N"": 1}",5.4480725224482,2.0,1.19e-05,7.896372258205533e-11,150702.11498240966,2,72,HFS-resolved spectroscopy + HFS-resolved collisions,True,True,False,
CN,cn-hfs.dat,p-H2,25.0,8,N=2,"N=2,J=1.5,F=0.5","{""F"": 0.5, ""J"": 1.5, ""N"": 2}",16.3082481454196,2.0,0.00011383,8.597960893273773e-11,1323918.5594464587,4,71,HFS-resolved spectroscopy + HFS-resolved collisions,True,True,False,
CN,cn-hfs.dat,p-H2,25.0,9,N=2,"N=2,J=1.5,F=1.5","{""F"": 1.5, ""J"": 1.5, ""N"": 2}",16.3089675338581,4.0,0.00011392,8.50376841955999e-11,1339641.372852608,5,72,HFS-resolved spectroscopy + HFS-resolved collisions,True,True,False,
CN,cn-hfs.dat,p-H2,25.0,10,N=2,"N=2,J=1.5,F=2.5","{""F"": 2.5, ""J"": 1.5, ""N"": 2}",16.3102624330474,6.0,0.00011396,7.216274761229799e-11,1579208.161699471,3,72,HFS-resolved spectroscopy + HFS-resolved collisions,True,True,False,
CN,cn-hfs.dat,p-H2,25.0,11,N=2,"N=2,J=2.5,F=3.5","{""F"": 3.5, ""J"": 2.5, ""N"": 2}",16.335009395331802,8.0,0.000114,6.413222280583562e-11,1777577.5579328078,1,71,HFS-resolved spectroscopy + HFS-resolved collisions,True,True,False,
CN,cn-hfs.dat,p-H2,25.0,12,N=2,"N=2,J=2.5,F=2.5","{""F"": 2.5, ""J"": 2.5, ""N"": 2}",16.335872661457998,6.0,0.00011430144999999999,7.370202689406937e-11,1550858.976569036,3,72,HFS-resolved spectroscopy + HFS-resolved collisions,True,True,False,
CN,cn-hfs.dat,p-H2,25.0,13,N=2,"N=2,J=2.5,F=1.5","{""F"": 1.5, ""J"": 2.5, ""N"": 2}",16.3364481722088,4.0,0.00011433,7.024067484709246e-11,1627689.3729863213,3,72,HFS-resolved spectroscopy + HFS-resolved collisions,True,True,False,
CN,cn-hfs.dat,p-H2,25.0,14,N=3,"N=3,J=2.5,F=1.5","{""F"": 1.5, ""J"": 2.5, ""N"": 3}",32.6272871174167,4.0,0.00041252,7.298567706204428e-11,5652067.865991317,5,71,HFS-resolved spectroscopy + HFS-resolved collisions,True,True,False,
CN,cn-hfs.dat,p-H2,25.0,15,N=3,"N=3,J=2.5,F=2.5","{""F"": 2.5, ""J"": 2.5, ""N"": 3}",32.6281503835429,6.0,0.00041213999999999997,7.644177404635138e-11,5391554.619730489,5,72,HFS-resolved spectroscopy + HFS-resolved collisions,True,True,False,
CN,cn-hfs.dat,p-H2,25.0,16,N=3,"N=3,J=2.5,F=3.5","{""F"": 3.5, ""J"": 2.5, ""N"": 3}",32.6291575273568,8.0,0.00041173,6.681282092123211e-11,6162439.997637616,3,72,HFS-resolved spectroscopy + HFS-resolved collisions,True,True,False,
CN,cn-hfs.dat,p-H2,25.0,17,N=3,"N=3,J=3.5,F=4.5","{""F"": 4.5, ""J"": 3.5, ""N"": 3}",32.6642636831556,10.0,0.000413,6.279443645546056e-11,6577015.788539429,1,71,HFS-resolved spectroscopy + HFS-resolved collisions,True,True,False,
CN,cn-hfs.dat,p-H2,25.0,18,N=3,"N=3,J=3.5,F=3.5","{""F"": 3.5, ""J"": 3.5, ""N"": 3}",32.6651269492818,8.0,0.0004135,6.933507948767238e-11,5963792.110074949,2,72,HFS-resolved spectroscopy + HFS-resolved collisions,True,True,False,
CN,cn-hfs.dat,p-H2,25.0,19,N=3,"N=3,J=3.5,F=2.5","{""F"": 2.5, ""J"": 3.5, ""N"": 3}",32.6658463377203,6.0,0.000412727,6.579333382427036e-11,6273082.332358571,3,72,HFS-resolved spectroscopy + HFS-resolved collisions,True,True,False,
CN,cn-hfs.dat,p-H2,25.0,20,N=4,"N=4,J=3.5,F=2.5","{""F"": 2.5, ""J"": 3.5, ""N"": 4}",54.386629216726206,6.0,0.0010138599999999999,6.773663278908894e-11,14967676.399812318,5,71,HFS-resolved spectroscopy + HFS-resolved collisions,True,True,False,
CN,cn-hfs.dat,p-H2,25.0,21,N=4,"N=4,J=3.5,F=3.5","{""F"": 3.5, ""J"": 3.5, ""N"": 4}",54.3874924828524,8.0,0.00101308,7.08048790214936e-11,14308053.540949747,5,72,HFS-resolved spectroscopy + HFS-resolved collisions,True,True,False,
CN,cn-hfs.dat,p-H2,25.0,22,N=4,"N=4,J=3.5,F=4.5","{""F"": 4.5, ""J"": 3.5, ""N"": 4}",54.3884996266663,10.0,0.00101336,6.502647395646397e-11,15583806.69200143,3,72,HFS-resolved spectroscopy + HFS-resolved collisions,True,True,False,
CN,cn-hfs.dat,p-H2,25.0,23,N=4,"N=4,J=4.5,F=5.5","{""F"": 5.5, ""J"": 4.5, ""N"": 4}",54.4339649759795,12.0,0.00102,6.302384756790801e-11,16184349.882811474,1,71,HFS-resolved spectroscopy + HFS-resolved collisions,True,True,False,
CN,cn-hfs.dat,p-H2,25.0,24,N=4,"N=4,J=4.5,F=4.5","{""F"": 4.5, ""J"": 4.5, ""N"": 4}",54.4348282421057,10.0,0.0010149,6.710341273209535e-11,15124417.055387357,2,72,HFS-resolved spectroscopy + HFS-resolved collisions,True,True,False,
CN,cn-hfs.dat,p-H2,25.0,25,N=4,"N=4,J=4.5,F=3.5","{""F"": 3.5, ""J"": 4.5, ""N"": 4}",54.4355476305442,8.0,0.0010151770000000001,6.452466793075844e-11,15733161.170072023,3,72,HFS-resolved spectroscopy + HFS-resolved collisions,True,True,False,
CN,cn-hfs.dat,p-H2,25.0,26,N=5,"N=5,J=4.5,F=3.5","{""F"": 3.5, ""J"": 4.5, ""N"": 5}",81.5854111772219,8.0,0.00202894,6.766548071237236e-11,29984860.502572566,5,71,HFS-resolved spectroscopy + HFS-resolved collisions,True,True,False,
CN,cn-hfs.dat,p-H2,25.0,27,N=5,"N=5,J=4.5,F=4.5","{""F"": 4.5, ""J"": 4.5, ""N"": 5}",81.5862744433481,10.0,0.00202279,6.989403422979105e-11,28940810.50393601,5,72,HFS-resolved spectroscopy + HFS-resolved collisions,True,True,False,
CN,cn-hfs.dat,p-H2,25.0,28,N=5,"N=5,J=4.5,F=5.5","{""F"": 5.5, ""J"": 4.5, ""N"": 5}",81.58728158716201,12.0,0.00202504,6.637920667731278e-11,30507143.74825637,3,72,HFS-resolved spectroscopy + HFS-resolved collisions,True,True,False,
CN,cn-hfs.dat,p-H2,25.0,29,N=5,"N=5,J=5.5,F=6.5","{""F"": 6.5, ""J"": 5.5, ""N"": 5}",81.6431061299896,14.0,0.00203,6.54116083075203e-11,31034246.864200912,1,71,HFS-resolved spectroscopy + HFS-resolved collisions,True,True,False,
CN,cn-hfs.dat,p-H2,25.0,30,N=5,"N=5,J=5.5,F=5.5","{""F"": 5.5, ""J"": 5.5, ""N"": 5}",81.64396939611579,12.0,0.0020268,6.792632766097597e-11,29838209.568988774,2,72,HFS-resolved spectroscopy + HFS-resolved collisions,True,True,False,
CN,cn-hfs.dat,p-H2,25.0,31,N=5,"N=5,J=5.5,F=4.5","{""F"": 4.5, ""J"": 5.5, ""N"": 5}",81.6446887845543,10.0,0.002030866,6.616790362981401e-11,30692615.128960047,3,72,HFS-resolved spectroscopy + HFS-resolved collisions,True,True,False,
CN,cn-hfs.dat,p-H2,25.0,32,N=6,"N=6,J=5.5,F=4.5","{""F"": 4.5, ""J"": 5.5, ""N"": 6}",114.2226258550899,10.0,0.00355332,7.283770125512858e-11,48784076.63572176,5,71,HFS-resolved spectroscopy + HFS-resolved collisions,True,True,False,
CN,cn-hfs.dat,p-H2,25.0,33,N=6,"N=6,J=5.5,F=5.5","{""F"": 5.5, ""J"": 5.5, ""N"": 6}",114.2233452435284,12.0,0.00354949,7.44751618496536e-11,47660050.83903701,5,72,HFS-resolved spectroscopy + HFS-resolved collisions,True,True,False,
CN,cn-hfs.dat,p-H2,25.0,34,N=6,"N=6,J=5.5,F=6.5","{""F"": 6.5, ""J"": 5.5, ""N"": 6}",114.2243523873423,14.0,0.00355382,7.207683025950375e-11,49305997.325422175,3,72,HFS-resolved spectroscopy + HFS-resolved collisions,True,True,False,
CN,cn-hfs.dat,p-H2,25.0,35,N=6,"N=6,J=6.5,F=7.5","{""F"": 7.5, ""J"": 6.5, ""N"": 6}",114.29068000137201,16.0,0.00356,7.149005986873298e-11,49797132.72777672,1,71,HFS-resolved spectroscopy + HFS-resolved collisions,True,True,False,
CN,cn-hfs.dat,p-H2,25.0,36,N=6,"N=6,J=6.5,F=6.5","{""F"": 6.5, ""J"": 6.5, ""N"": 6}",114.2915432674982,14.0,0.0035539,7.329240762729655e-11,48489333.548327975,2,72,HFS-resolved spectroscopy + HFS-resolved collisions,True,True,False,
CN,cn-hfs.dat,p-H2,25.0,37,N=6,"N=6,J=6.5,F=5.5","{""F"": 5.5, ""J"": 6.5, ""N"": 6}",114.2922626559367,12.0,0.003558481,7.191556893081821e-11,49481371.73778337,3,72,HFS-resolved spectroscopy + HFS-resolved collisions,True,True,False,
CN,cn-hfs.dat,p-H2,25.0,38,N=7,"N=7,J=6.5,F=5.5","{""F"": 5.5, ""J"": 6.5, ""N"": 7}",152.2966905957655,12.0,0.005698902,8.260140811672404e-11,68992794.79530036,5,71,HFS-resolved spectroscopy + HFS-resolved collisions,True,True,False,
CN,cn-hfs.dat,p-H2,25.0,39,N=7,"N=7,J=6.5,F=6.5","{""F"": 6.5, ""J"": 6.5, ""N"": 7}",152.29755386189169,14.0,0.00570627,8.385147333133874e-11,68052113.73510037,5,72,HFS-resolved spectroscopy + HFS-resolved collisions,True,True,False,
CN,cn-hfs.dat,p-H2,25.0,40,N=7,"N=7,J=6.5,F=7.5","{""F"": 7.5, ""J"": 6.5, ""N"": 7}",152.2984171280179,16.0,0.00570265,8.215071268819091e-11,69416926.68747535,3,72,HFS-resolved spectroscopy + HFS-resolved collisions,True,True,False,
CN,cn-hfs.dat,p-H2,25.0,41,N=7,"N=7,J=7.5,F=8.5","{""F"": 8.5, ""J"": 7.5, ""N"": 7}",152.3752478132497,18.0,0.00571,8.180481665069157e-11,69800290.90929732,1,71,HFS-resolved spectroscopy + HFS-resolved collisions,True,True,False,
CN,cn-hfs.dat,p-H2,25.0,42,N=7,"N=7,J=7.5,F=7.5","{""F"": 7.5, ""J"": 7.5, ""N"": 7}",152.37596720168818,16.0,0.005711000000000001,8.304186086942746e-11,68772543.63290109,2,72,HFS-resolved spectroscopy + HFS-resolved collisions,True,True,False,
CN,cn-hfs.dat,p-H2,25.0,43,N=7,"N=7,J=7.5,F=6.5","{""F"": 6.5, ""J"": 7.5, ""N"": 7}",152.37683046781441,14.0,0.0057065150000000005,8.205469641445103e-11,69545257.60691255,3,72,HFS-resolved spectroscopy + HFS-resolved collisions,True,True,False,
CN,cn-hfs.dat,p-H2,25.0,44,N=8,"N=8,J=7.5,F=6.5","{""F"": 6.5, ""J"": 7.5, ""N"": 8}",195.8063105000594,14.0,0.008584535,9.070653720852338e-11,94640753.18259798,5,71,HFS-resolved spectroscopy + HFS-resolved collisions,True,True,False,
CN,cn-hfs.dat,p-H2,25.0,45,N=8,"N=8,J=7.5,F=7.5","{""F"": 7.5, ""J"": 7.5, ""N"": 8}",195.80717376618563,16.0,0.00858305,9.169853494197394e-11,93600732.06656225,5,72,HFS-resolved spectroscopy + HFS-resolved collisions,True,True,False,
CN,cn-hfs.dat,p-H2,25.0,46,N=8,"N=8,J=7.5,F=8.5","{""F"": 8.5, ""J"": 7.5, ""N"": 8}",195.8080370323118,18.0,0.008581420000000001,9.038796562948626e-11,94939851.12107202,3,72,HFS-resolved spectroscopy + HFS-resolved collisions,True,True,False,
CN,cn-hfs.dat,p-H2,25.0,47,N=8,"N=8,J=8.5,F=9.5","{""F"": 9.5, ""J"": 8.5, ""N"": 8}",195.895226911058,20.0,0.00859,9.007852039403299e-11,95361246.63709532,1,71,HFS-resolved spectroscopy + HFS-resolved collisions,True,True,False,
CN,cn-hfs.dat,p-H2,25.0,48,N=8,"N=8,J=8.5,F=8.5","{""F"": 8.5, ""J"": 8.5, ""N"": 8}",195.8960901771842,18.0,0.008589,9.115905736841042e-11,94219929.95483044,2,72,HFS-resolved spectroscopy + HFS-resolved collisions,True,True,False,
CN,cn-hfs.dat,p-H2,25.0,49,N=8,"N=8,J=8.5,F=7.5","{""F"": 7.5, ""J"": 8.5, ""N"": 8}",195.8968095656227,16.0,0.008583462,9.030852002548226e-11,95045982.3456083,3,72,HFS-resolved spectroscopy + HFS-resolved collisions,True,True,False,
CN,cn-hfs.dat,p-H2,25.0,50,N=9,"N=9,J=8.5,F=7.5","{""F"": 7.5, ""J"": 8.5, ""N"": 9}",244.7497590357192,16.0,0.012271263000000001,9.872330248516312e-11,124299559.38562953,5,71,HFS-resolved spectroscopy + HFS-resolved collisions,True,True,False,
CN,cn-hfs.dat,p-H2,25.0,51,N=9,"N=9,J=8.5,F=8.5","{""F"": 8.5, ""J"": 8.5, ""N"": 9}",244.75047842415768,18.0,0.012248895000000001,9.94834808973608e-11,123124913.69936527,5,72,HFS-resolved spectroscopy + HFS-resolved collisions,True,True,False,
CN,cn-hfs.dat,p-H2,25.0,52,N=9,"N=9,J=8.5,F=9.5","{""F"": 9.5, ""J"": 8.5, ""N"": 9}",244.7513416902839,20.0,0.012280221000000001,9.845980575687967e-11,124723189.38270855,3,72,HFS-resolved spectroscopy + HFS-resolved collisions,True,True,False,
CN,cn-hfs.dat,p-H2,25.0,53,N=9,"N=9,J=9.5,F=10.5","{""F"": 10.5, ""J"": 9.5, ""N"": 9}",244.8490346402322,22.0,0.0123,9.828761181432073e-11,125142932.79641841,1,71,HFS-resolved spectroscopy + HFS-resolved collisions,True,True,False,
CN,cn-hfs.dat,p-H2,25.0,54,N=9,"N=9,J=9.5,F=9.5","{""F"": 9.5, ""J"": 9.5, ""N"": 9}",244.8497540286707,20.0,0.012336000000000001,9.90776299392825e-11,124508428.46725181,2,72,HFS-resolved spectroscopy + HFS-resolved collisions,True,True,False,
CN,cn-hfs.dat,p-H2,25.0,55,N=9,"N=9,J=9.5,F=8.5","{""F"": 8.5, ""J"": 9.5, ""N"": 9}",244.8506172947969,18.0,0.012351419,9.842438656807521e-11,125491450.14439225,3,72,HFS-resolved spectroscopy + HFS-resolved collisions,True,True,False,
CN,cn-hfs.dat,p-H2,25.0,56,N=10,"N=10,J=9.5,F=8.5","{""F"": 8.5, ""J"": 9.5, ""N"": 10}",299.1247341597417,18.0,0.01689696,1.0807772038647779e-10,156340825.2836731,5,71,HFS-resolved spectroscopy + HFS-resolved collisions,True,True,False,
CN,cn-hfs.dat,p-H2,25.0,57,N=10,"N=10,J=9.5,F=9.5","{""F"": 9.5, ""J"": 9.5, ""N"": 10}",299.1254535481802,20.0,0.016975696999999998,1.0883199704288536e-10,155980754.38522652,5,72,HFS-resolved spectroscopy + HFS-resolved collisions,True,True,False,
CN,cn-hfs.dat,p-H2,25.0,58,N=10,"N=10,J=9.5,F=10.5","{""F"": 10.5, ""J"": 9.5, ""N"": 10}",299.1264606919941,22.0,0.016989037,1.0792290639042992e-10,157418267.98603067,3,72,HFS-resolved spectroscopy + HFS-resolved collisions,True,True,False,
CN,cn-hfs.dat,p-H2,25.0,59,N=10,"N=10,J=10.5,F=11.5","{""F"": 11.5, ""J"": 10.5, ""N"": 10}",299.23451283545677,24.0,0.017,1.0771064454758889e-10,157830268.9711325,1,71,HFS-resolved spectroscopy + HFS-resolved collisions,True,True,False,
CN,cn-hfs.dat,p-H2,25.0,60,N=10,"N=10,J=10.5,F=10.5","{""F"": 10.5, ""J"": 10.5, ""N"": 10}",299.2352322238953,22.0,0.016954,1.0853100882675553e-10,156213419.40221998,2,72,HFS-resolved spectroscopy + HFS-resolved collisions,True,True,False,
CN,cn-hfs.dat,p-H2,25.0,61,N=10,"N=10,J=10.5,F=9.5","{""F"": 9.5, ""J"": 10.5, ""N"": 10}",299.2360954900215,20.0,0.016969382999999998,1.0786264978438738e-10,157323995.2283857,3,72,HFS-resolved spectroscopy + HFS-resolved collisions,True,True,False,
CN,cn-hfs.dat,p-H2,25.0,62,N=11,"N=11,J=10.5,F=9.5","{""F"": 9.5, ""J"": 10.5, ""N"": 11}",358.9292215844991,20.0,0.022622695,1.1238963618026165e-10,201288088.1980566,5,71,HFS-resolved spectroscopy + HFS-resolved collisions,True,True,False,
CN,cn-hfs.dat,p-H2,25.0,63,N=11,"N=11,J=10.5,F=10.5","{""F"": 10.5, ""J"": 10.5, ""N"": 11}",358.9300848506253,22.0,0.022602433,1.1299835276214596e-10,200024446.79504865,5,72,HFS-resolved spectroscopy + HFS-resolved collisions,True,True,False,
CN,cn-hfs.dat,p-H2,25.0,64,N=11,"N=11,J=10.5,F=11.5","{""F"": 11.5, ""J"": 10.5, ""N"": 11}",358.9309481167515,24.0,0.022597766,1.1225937855267412e-10,201299582.19389856,3,72,HFS-resolved spectroscopy + HFS-resolved collisions,True,True,False,
CN,cn-hfs.dat,p-H2,25.0,65,N=11,"N=11,J=11.5,F=12.5","{""F"": 12.5, ""J"": 11.5, ""N"": 11}",359.0495033314163,26.0,0.0227,1.1211598646008845e-10,202468895.9774782,1,71,HFS-resolved spectroscopy + HFS-resolved collisions,True,True,False,
CN,cn-hfs.dat,p-H2,25.0,66,N=11,"N=11,J=11.5,F=11.5","{""F"": 11.5, ""J"": 11.5, ""N"": 11}",359.0502227198548,24.0,0.022671,1.1272690886337784e-10,201114358.83934933,2,72,HFS-resolved spectroscopy + HFS-resolved collisions,True,True,False,
CN,cn-hfs.dat,p-H2,25.0,67,N=11,"N=11,J=11.5,F=10.5","{""F"": 10.5, ""J"": 11.5, ""N"": 11}",359.051085985981,22.0,0.022687353,1.1222769605700169e-10,202154671.23620576,3,72,HFS-resolved spectroscopy + HFS-resolved collisions,True,True,False,
CN,cn-hfs.dat,p-H2,25.0,68,N=12,"N=12,J=11.5,F=10.5","{""F"": 10.5, ""J"": 11.5, ""N"": 12}",424.16091926698823,22.0,0.029449262,2.7142082800065297e-10,108500376.39679278,5,71,HFS-resolved spectroscopy + HFS-resolved collisions,True,True,False,
CN,cn-hfs.dat,p-H2,25.0,69,N=12,"N=12,J=11.5,F=11.5","{""F"": 11.5, ""J"": 11.5, ""N"": 12}",424.1616386554267,24.0,0.029529497000000002,2.726964909880647e-10,108287044.2997099,5,72,HFS-resolved spectroscopy + HFS-resolved collisions,True,True,False,
CN,cn-hfs.dat,p-H2,25.0,70,N=12,"N=12,J=11.5,F=12.5","{""F"": 12.5, ""J"": 11.5, ""N"": 12}",424.1626457992406,26.0,0.029506707,2.72513051532054e-10,108276307.62679017,3,71,HFS-resolved spectroscopy + HFS-resolved collisions,True,True,False,
CN,cn-hfs.dat,p-H2,25.0,71,N=12,"N=12,J=12.5,F=13.5","{""F"": 13.5, ""J"": 12.5, ""N"": 12}",424.29141632973204,28.0,0.0295,2.7305340594843105e-10,108037473.09993774,1,71,HFS-resolved spectroscopy + HFS-resolved collisions,True,True,False,
CN,cn-hfs.dat,p-H2,25.0,72,N=12,"N=12,J=12.5,F=12.5","{""F"": 12.5, ""J"": 12.5, ""N"": 12}",424.2922795958583,26.0,0.029489,2.72987778011663e-10,108023151.12708133,2,72,HFS-resolved spectroscopy + HFS-resolved collisions,True,True,False,
CN,cn-hfs.dat,p-H2,25.0,73,N=12,"N=12,J=12.5,F=11.5","{""F"": 11.5, ""J"": 12.5, ""N"": 12}",424.2929989842968,24.0,0.029504327,2.720122090434303e-10,108466921.77441657,3,71,HFS-resolved spectroscopy + HFS-resolved collisions,True,True,False,
CN,cn-hfs.dat,p-H2,30.0,3,N=1,"N=1,J=0.5,F=0.5","{""F"": 0.5, ""J"": 0.5, ""N"": 1}",5.430087811485699,2.0,1.1789999999999999e-05,9.2334113627369e-11,127688.45161151027,2,70,HFS-resolved spectroscopy + HFS-resolved collisions,True,True,False,
CN,cn-hfs.dat,p-H2,30.0,4,N=1,"N=1,J=0.5,F=1.5","{""F"": 1.5, ""J"": 0.5, ""N"": 1}",5.4323898544889,4.0,1.182e-05,8.877697517486838e-11,133142.6304705422,2,72,HFS-resolved spectroscopy + HFS-resolved collisions,True,True,False,
CN,cn-hfs.dat,p-H2,30.0,5,N=1,"N=1,J=1.5,F=2.5","{""F"": 2.5, ""J"": 1.5, ""N"": 1}",5.4467776232589,6.0,1.19e-05,7.606094137873727e-11,156453.49353152534,1,71,HFS-resolved spectroscopy + HFS-resolved collisions,True,True,False,
CN,cn-hfs.dat,p-H2,30.0,6,N=1,"N=1,J=1.5,F=1.5","{""F"": 1.5, ""J"": 1.5, ""N"": 1}",5.4474970116974,4.0,1.193e-05,8.727082475425625e-11,136700.89670394876,2,72,HFS-resolved spectroscopy + HFS-resolved collisions,True,True,False,
CN,cn-hfs.dat,p-H2,30.0,7,N=1,"N=1,J=1.5,F=0.5","{""F"": 0.5, ""J"": 1.5, ""N"": 1}",5.4480725224482,2.0,1.19e-05,8.764878717873263e-11,135769.13478259117,2,72,HFS-resolved spectroscopy + HFS-resolved collisions,True,True,False,
CN,cn-hfs.dat,p-H2,30.0,8,N=2,"N=2,J=1.5,F=0.5","{""F"": 0.5, ""J"": 1.5, ""N"": 2}",16.3082481454196,2.0,0.00011383,9.305199152866583e-11,1223294.6133660474,4,71,HFS-resolved spectroscopy + HFS-resolved collisions,True,True,False,
CN,cn-hfs.dat,p-H2,30.0,9,N=2,"N=2,J=1.5,F=1.5","{""F"": 1.5, ""J"": 1.5, ""N"": 2}",16.3089675338581,4.0,0.00011392,9.207760226021654e-11,1237217.2732957967,5,72,HFS-resolved spectroscopy + HFS-resolved collisions,True,True,False,
CN,cn-hfs.dat,p-H2,30.0,10,N=2,"N=2,J=1.5,F=2.5","{""F"": 2.5, ""J"": 1.5, ""N"": 2}",16.3102624330474,6.0,0.00011396,7.930009296558223e-11,1437072.7162887545,3,72,HFS-resolved spectroscopy + HFS-resolved collisions,True,True,False,
CN,cn-hfs.dat,p-H2,30.0,11,N=2,"N=2,J=2.5,F=3.5","{""F"": 3.5, ""J"": 2.5, ""N"": 2}",16.335009395331802,8.0,0.000114,7.122112442340404e-11,1600648.6968989547,1,71,HFS-resolved spectroscopy + HFS-resolved collisions,True,True,False,
CN,cn-hfs.dat,p-H2,30.0,12,N=2,"N=2,J=2.5,F=2.5","{""F"": 2.5, ""J"": 2.5, ""N"": 2}",16.335872661457998,6.0,0.00011430144999999999,8.086522000584996e-11,1413480.974784106,3,72,HFS-resolved spectroscopy + HFS-resolved collisions,True,True,False,
CN,cn-hfs.dat,p-H2,30.0,13,N=2,"N=2,J=2.5,F=1.5","{""F"": 1.5, ""J"": 2.5, ""N"": 2}",16.3364481722088,4.0,0.00011433,7.73516822367211e-11,1478054.4739817465,3,72,HFS-resolved spectroscopy + HFS-resolved collisions,True,True,False,
CN,cn-hfs.dat,p-H2,30.0,14,N=3,"N=3,J=2.5,F=1.5","{""F"": 1.5, ""J"": 2.5, ""N"": 3}",32.6272871174167,4.0,0.00041252,8.023698712977621e-11,5141269.815288371,5,71,HFS-resolved spectroscopy + HFS-resolved collisions,True,True,False,
CN,cn-hfs.dat,p-H2,30.0,15,N=3,"N=3,J=2.5,F=2.5","{""F"": 2.5, ""J"": 2.5, ""N"": 3}",32.6281503835429,6.0,0.00041213999999999997,8.38984932517932e-11,4912364.740128287,5,72,HFS-resolved spectroscopy + HFS-resolved collisions,True,True,False,
CN,cn-hfs.dat,p-H2,30.0,16,N=3,"N=3,J=2.5,F=3.5","{""F"": 3.5, ""J"": 2.5, ""N"": 3}",32.6291575273568,8.0,0.00041173,7.394782309188352e-11,5567844.769255842,3,72,HFS-resolved spectroscopy + HFS-resolved collisions,True,True,False,
CN,cn-hfs.dat,p-H2,30.0,17,N=3,"N=3,J=3.5,F=4.5","{""F"": 4.5, ""J"": 3.5, ""N"": 3}",32.6642636831556,10.0,0.000413,6.984821458924657e-11,5912821.142654993,1,71,HFS-resolved spectroscopy + HFS-resolved collisions,True,True,False,
CN,cn-hfs.dat,p-H2,30.0,18,N=3,"N=3,J=3.5,F=3.5","{""F"": 3.5, ""J"": 3.5, ""N"": 3}",32.6651269492818,8.0,0.0004135,7.655289228617938e-11,5401494.151967554,2,72,HFS-resolved spectroscopy + HFS-resolved collisions,True,True,False,
CN,cn-hfs.dat,p-H2,30.0,19,N=3,"N=3,J=3.5,F=2.5","{""F"": 2.5, ""J"": 3.5, ""N"": 3}",32.6658463377203,6.0,0.000412727,7.290679420582227e-11,5661022.467053421,3,72,HFS-resolved spectroscopy + HFS-resolved collisions,True,True,False,
CN,cn-hfs.dat,p-H2,30.0,20,N=4,"N=4,J=3.5,F=2.5","{""F"": 2.5, ""J"": 3.5, ""N"": 4}",54.386629216726206,6.0,0.0010138599999999999,7.43712167498454e-11,13632424.536097258,5,71,HFS-resolved spectroscopy + HFS-resolved collisions,True,True,False,
CN,cn-hfs.dat,p-H2,30.0,21,N=4,"N=4,J=3.5,F=3.5","{""F"": 3.5, ""J"": 3.5, ""N"": 4}",54.3874924828524,8.0,0.00101308,7.768293036644627e-11,13041217.616548378,5,72,HFS-resolved spectroscopy + HFS-resolved collisions,True,True,False,
CN,cn-hfs.dat,p-H2,30.0,22,N=4,"N=4,J=3.5,F=4.5","{""F"": 4.5, ""J"": 3.5, ""N"": 4}",54.3884996266663,10.0,0.00101336,7.145974585718656e-11,14180850.881071089,3,72,HFS-resolved spectroscopy + HFS-resolved collisions,True,True,False,
CN,cn-hfs.dat,p-H2,30.0,23,N=4,"N=4,J=4.5,F=5.5","{""F"": 5.5, ""J"": 4.5, ""N"": 4}",54.4339649759795,12.0,0.00102,6.929290730996942e-11,14720121.287987132,1,71,HFS-resolved spectroscopy + HFS-resolved collisions,True,True,False,
CN,cn-hfs.dat,p-H2,30.0,24,N=4,"N=4,J=4.5,F=4.5","{""F"": 4.5, ""J"": 4.5, ""N"": 4}",54.4348282421057,10.0,0.0010149,7.367870768785911e-11,13774671.568611631,2,72,HFS-resolved spectroscopy + HFS-resolved collisions,True,True,False,
CN,cn-hfs.dat,p-H2,30.0,25,N=4,"N=4,J=4.5,F=3.5","{""F"": 3.5, ""J"": 4.5, ""N"": 4}",54.4355476305442,8.0,0.0010151770000000001,7.093013574861296e-11,14312351.009702558,3,72,HFS-resolved spectroscopy + HFS-resolved collisions,True,True,False,
CN,cn-hfs.dat,p-H2,30.0,26,N=5,"N=5,J=4.5,F=3.5","{""F"": 3.5, ""J"": 4.5, ""N"": 5}",81.5854111772219,8.0,0.00202894,7.3150675142098e-11,27736449.404721223,5,71,HFS-resolved spectroscopy + HFS-resolved collisions,True,True,False,
CN,cn-hfs.dat,p-H2,30.0,27,N=5,"N=5,J=4.5,F=4.5","{""F"": 4.5, ""J"": 4.5, ""N"": 5}",81.5862744433481,10.0,0.00202279,7.567257309606591e-11,26730820.92017777,5,72,HFS-resolved spectroscopy + HFS-resolved collisions,True,True,False,
CN,cn-hfs.dat,p-H2,30.0,28,N=5,"N=5,J=4.5,F=5.5","{""F"": 5.5, ""J"": 4.5, ""N"": 5}",81.58728158716201,12.0,0.00202504,7.169785518153987e-11,28244080.591707706,3,72,HFS-resolved spectroscopy + HFS-resolved collisions,True,True,False,
CN,cn-hfs.dat,p-H2,30.0,29,N=5,"N=5,J=5.5,F=6.5","{""F"": 6.5, ""J"": 5.5, ""N"": 5}",81.6431061299896,14.0,0.00203,7.058914872203644e-11,28757961.198734175,1,71,HFS-resolved spectroscopy + HFS-resolved collisions,True,True,False,
CN,cn-hfs.dat,p-H2,30.0,30,N=5,"N=5,J=5.5,F=5.5","{""F"": 5.5, ""J"": 5.5, ""N"": 5}",81.64396939611579,12.0,0.0020268,7.344291241103917e-11,27596944.803285778,2,72,HFS-resolved spectroscopy + HFS-resolved collisions,True,True,False,
CN,cn-hfs.dat,p-H2,30.0,31,N=5,"N=5,J=5.5,F=4.5","{""F"": 4.5, ""J"": 5.5, ""N"": 5}",81.6446887845543,10.0,0.002030866,7.149575700931554e-11,28405405.9282901,3,72,HFS-resolved spectroscopy + HFS-resolved collisions,True,True,False,
CN,cn-hfs.dat,p-H2,30.0,32,N=6,"N=6,J=5.5,F=4.5","{""F"": 4.5, ""J"": 5.5, ""N"": 6}",114.2226258550899,10.0,0.00355332,7.701945832707411e-11,46135354.32708862,5,71,HFS-resolved spectroscopy + HFS-resolved collisions,True,True,False,
CN,cn-hfs.dat,p-H2,30.0,33,N=6,"N=6,J=5.5,F=5.5","{""F"": 5.5, ""J"": 5.5, ""N"": 6}",114.2233452435284,12.0,0.00354949,7.885178195438883e-11,45014708.76147319,5,72,HFS-resolved spectroscopy + HFS-resolved collisions,True,True,False,
CN,cn-hfs.dat,p-H2,30.0,34,N=6,"N=6,J=5.5,F=6.5","{""F"": 6.5, ""J"": 5.5, ""N"": 6}",114.2243523873423,14.0,0.00355382,7.615426027050106e-11,46666069.46711555,3,72,HFS-resolved spectroscopy + HFS-resolved collisions,True,True,False,
CN,cn-hfs.dat,p-H2,30.0,35,N=6,"N=6,J=6.5,F=7.5","{""F"": 7.5, ""J"": 6.5, ""N"": 6}",114.29068000137201,16.0,0.00356,7.552037725364501e-11,47139595.026694275,1,71,HFS-resolved spectroscopy + HFS-resolved collisions,True,True,False,
CN,cn-hfs.dat,p-H2,30.0,36,N=6,"N=6,J=6.5,F=6.5","{""F"": 6.5, ""J"": 6.5, ""N"": 6}",114.2915432674982,14.0,0.0035539,7.75199923703233e-11,45844947.75260746,2,72,HFS-resolved spectroscopy + HFS-resolved collisions,True,True,False,
CN,cn-hfs.dat,p-H2,30.0,37,N=6,"N=6,J=6.5,F=5.5","{""F"": 5.5, ""J"": 6.5, ""N"": 6}",114.2922626559367,12.0,0.003558481,7.598988073880216e-11,46828353.530800566,3,72,HFS-resolved spectroscopy + HFS-resolved collisions,True,True,False,
CN,cn-hfs.dat,p-H2,30.0,38,N=7,"N=7,J=6.5,F=5.5","{""F"": 5.5, ""J"": 6.5, ""N"": 7}",152.2966905957655,12.0,0.005698902,8.516854567530771e-11,66913224.2990999,5,71,HFS-resolved spectroscopy + HFS-resolved collisions,True,True,False,
CN,cn-hfs.dat,p-H2,30.0,39,N=7,"N=7,J=6.5,F=6.5","{""F"": 6.5, ""J"": 6.5, ""N"": 7}",152.29755386189169,14.0,0.00570627,8.6611508799963e-11,65883507.61997622,5,72,HFS-resolved spectroscopy + HFS-resolved collisions,True,True,False,
CN,cn-hfs.dat,p-H2,30.0,40,N=7,"N=7,J=6.5,F=7.5","{""F"": 7.5, ""J"": 6.5, ""N"": 7}",152.2984171280179,16.0,0.00570265,8.469102263205746e-11,67334763.74202405,3,72,HFS-resolved spectroscopy + HFS-resolved collisions,True,True,False,
CN,cn-hfs.dat,p-H2,30.0,41,N=7,"N=7,J=7.5,F=8.5","{""F"": 8.5, ""J"": 7.5, ""N"": 7}",152.3752478132497,18.0,0.00571,8.430734510465747e-11,67728381.11450098,1,71,HFS-resolved spectroscopy + HFS-resolved collisions,True,True,False,
CN,cn-hfs.dat,p-H2,30.0,42,N=7,"N=7,J=7.5,F=7.5","{""F"": 7.5, ""J"": 7.5, ""N"": 7}",152.37596720168818,16.0,0.005711000000000001,8.566743227347295e-11,66664773.863759436,2,72,HFS-resolved spectroscopy + HFS-resolved collisions,True,True,False,
CN,cn-hfs.dat,p-H2,30.0,43,N=7,"N=7,J=7.5,F=6.5","{""F"": 6.5, ""J"": 7.5, ""N"": 7}",152.37683046781441,14.0,0.0057065150000000005,8.45709989422689e-11,67476026.90486683,3,72,HFS-resolved spectroscopy + HFS-resolved collisions,True,True,False,
CN,cn-hfs.dat,p-H2,30.0,44,N=8,"N=8,J=7.5,F=6.5","{""F"": 6.5, ""J"": 7.5, ""N"": 8}",195.8063105000594,14.0,0.008584535,9.270300751422833e-11,92602551.20290916,5,71,HFS-resolved spectroscopy + HFS-resolved collisions,True,True,False,
CN,cn-hfs.dat,p-H2,30.0,45,N=8,"N=8,J=7.5,F=7.5","{""F"": 7.5, ""J"": 7.5, ""N"": 8}",195.80717376618563,16.0,0.00858305,9.379467445827989e-11,91508926.80818208,5,72,HFS-resolved spectroscopy + HFS-resolved collisions,True,True,False,
CN,cn-hfs.dat,p-H2,30.0,46,N=8,"N=8,J=7.5,F=8.5","{""F"": 8.5, ""J"": 7.5, ""N"": 8}",195.8080370323118,18.0,0.008581420000000001,9.237625679604705e-11,92896381.57721081,3,72,HFS-resolved spectroscopy + HFS-resolved collisions,True,True,False,
CN,cn-hfs.dat,p-H2,30.0,47,N=8,"N=8,J=8.5,F=9.5","{""F"": 9.5, ""J"": 8.5, ""N"": 8}",195.895226911058,20.0,0.00859,9.204619670314335e-11,93322704.33403637,1,71,HFS-resolved spectroscopy + HFS-resolved collisions,True,True,False,
CN,cn-hfs.dat,p-H2,30.0,48,N=8,"N=8,J=8.5,F=8.5","{""F"": 8.5, ""J"": 8.5, ""N"": 8}",195.8960901771842,18.0,0.008589,9.320731167755316e-11,92149423.10227002,2,72,HFS-resolved spectroscopy + HFS-resolved collisions,True,True,False,
CN,cn-hfs.dat,p-H2,30.0,49,N=8,"N=8,J=8.5,F=7.5","{""F"": 7.5, ""J"": 8.5, ""N"": 8}",195.8968095656227,16.0,0.008583462,9.228334207290644e-11,93012041.03790285,3,72,HFS-resolved spectroscopy + HFS-resolved collisions,True,True,False,
CN,cn-hfs.dat,p-H2,30.0,50,N=9,"N=9,J=8.5,F=7.5","{""F"": 7.5, ""J"": 8.5, ""N"": 9}",244.7497590357192,16.0,0.012271263000000001,1.0025828747918717e-10,122396495.17799133,5,71,HFS-resolved spectroscopy + HFS-resolved collisions,True,True,False,
CN,cn-hfs.dat,p-H2,30.0,51,N=9,"N=9,J=8.5,F=8.5","{""F"": 8.5, ""J"": 8.5, ""N"": 9}",244.75047842415768,18.0,0.012248895000000001,1.0112384830845098e-10,121127658.85489303,5,72,HFS-resolved spectroscopy + HFS-resolved collisions,True,True,False,
CN,cn-hfs.dat,p-H2,30.0,52,N=9,"N=9,J=8.5,F=9.5","{""F"": 9.5, ""J"": 8.5, ""N"": 9}",244.7513416902839,20.0,0.012280221000000001,9.999068978850546e-11,122813644.21002011,3,72,HFS-resolved spectroscopy + HFS-resolved collisions,True,True,False,
CN,cn-hfs.dat,p-H2,30.0,53,N=9,"N=9,J=9.5,F=10.5","{""F"": 10.5, ""J"": 9.5, ""N"": 9}",244.8490346402322,22.0,0.0123,9.980464456309541e-11,123240757.5202983,1,71,HFS-resolved spectroscopy + HFS-resolved collisions,True,True,False,
CN,cn-hfs.dat,p-H2,30.0,54,N=9,"N=9,J=9.5,F=9.5","{""F"": 9.5, ""J"": 9.5, ""N"": 9}",244.8497540286707,20.0,0.012336000000000001,1.0064914736035631e-10,122564376.58466351,2,72,HFS-resolved spectroscopy + HFS-resolved collisions,True,True,False,
CN,cn-hfs.dat,p-H2,30.0,55,N=9,"N=9,J=9.5,F=8.5","{""F"": 8.5, ""J"": 9.5, ""N"": 9}",244.8506172947969,18.0,0.012351419,9.994874180159986e-11,123577533.6173596,3,72,HFS-resolved spectroscopy + HFS-resolved collisions,True,True,False,
CN,cn-hfs.dat,p-H2,30.0,56,N=10,"N=10,J=9.5,F=8.5","{""F"": 8.5, ""J"": 9.5, ""N"": 10}",299.1247341597417,18.0,0.01689696,1.0977614595408599e-10,153921964.1311435,5,71,HFS-resolved spectroscopy + HFS-resolved collisions,True,True,False,
CN,cn-hfs.dat,p-H2,30.0,57,N=10,"N=10,J=9.5,F=9.5","{""F"": 9.5, ""J"": 9.5, ""N"": 10}",299.1254535481802,20.0,0.016975696999999998,1.1069581906796086e-10,153354454.96435505,5,72,HFS-resolved spectroscopy + HFS-resolved collisions,True,True,False,
CN,cn-hfs.dat,p-H2,30.0,58,N=10,"N=10,J=9.5,F=10.5","{""F"": 10.5, ""J"": 9.5, ""N"": 10}",299.1264606919941,22.0,0.016989037,1.095956269667455e-10,155015646.7935985,3,72,HFS-resolved spectroscopy + HFS-resolved collisions,True,True,False,
CN,cn-hfs.dat,p-H2,30.0,59,N=10,"N=10,J=10.5,F=11.5","{""F"": 11.5, ""J"": 10.5, ""N"": 10}",299.23451283545677,24.0,0.017,1.093080854085531e-10,155523719.37044093,1,71,HFS-resolved spectroscopy + HFS-resolved collisions,True,True,False,
CN,cn-hfs.dat,p-H2,30.0,60,N=10,"N=10,J=10.5,F=10.5","{""F"": 10.5, ""J"": 10.5, ""N"": 10}",299.2352322238953,22.0,0.016954,1.1033350047812365e-10,153661398.63713968,2,72,HFS-resolved spectroscopy + HFS-resolved collisions,True,True,False,
CN,cn-hfs.dat,p-H2,30.0,61,N=10,"N=10,J=10.5,F=9.5","{""F"": 9.5, ""J"": 10.5, ""N"": 10}",299.2360954900215,20.0,0.016969382999999998,1.0953300059141215e-10,154924843.7308899,3,72,HFS-resolved spectroscopy + HFS-resolved collisions,True,True,False,
CN,cn-hfs.dat,p-H2,30.0,62,N=11,"N=11,J=10.5,F=9.5","{""F"": 9.5, ""J"": 10.5, ""N"": 11}",358.9292215844991,20.0,0.022622695,1.1275829656031487e-10,200629981.917996,5,71,HFS-resolved spectroscopy + HFS-resolved collisions,True,True,False,
CN,cn-hfs.dat,p-H2,30.0,63,N=11,"N=11,J=10.5,F=10.5","{""F"": 10.5, ""J"": 10.5, ""N"": 11}",358.9300848506253,22.0,0.022602433,1.133633109923051e-10,199380494.46645233,5,72,HFS-resolved spectroscopy + HFS-resolved collisions,True,True,False,
CN,cn-hfs.dat,p-H2,30.0,64,N=11,"N=11,J=10.5,F=11.5","{""F"": 11.5, ""J"": 10.5, ""N"": 11}",358.9309481167515,24.0,0.022597766,1.125765147515995e-10,200732506.68544903,3,72,HFS-resolved spectroscopy + HFS-resolved collisions,True,True,False,
CN,cn-hfs.dat,p-H2,30.0,65,N=11,"N=11,J=11.5,F=12.5","{""F"": 12.5, ""J"": 11.5, ""N"": 11}",359.0495033314163,26.0,0.0227,1.1242075872028145e-10,201920003.55095246,1,71,HFS-resolved spectroscopy + HFS-resolved collisions,True,True,False,
CN,cn-hfs.dat,p-H2,30.0,66,N=11,"N=11,J=11.5,F=11.5","{""F"": 11.5, ""J"": 11.5, ""N"": 11}",359.0502227198548,24.0,0.022671,1.1312092273164068e-10,200413853.1806616,2,72,HFS-resolved spectroscopy + HFS-resolved collisions,True,True,False,
CN,cn-hfs.dat,p-H2,30.0,67,N=11,"N=11,J=11.5,F=10.5","{""F"": 10.5, ""J"": 11.5, ""N"": 11}",359.051085985981,22.0,0.022687353,1.1258483795968014e-10,201513395.6858826,3,72,HFS-resolved spectroscopy + HFS-resolved collisions,True,True,False,
CN,cn-hfs.dat,p-H2,30.0,68,N=12,"N=12,J=11.5,F=10.5","{""F"": 10.5, ""J"": 11.5, ""N"": 12}",424.16091926698823,22.0,0.029449262,2.345800796491876e-10,125540335.92298675,5,71,HFS-resolved spectroscopy + HFS-resolved collisions,True,True,False,
CN,cn-hfs.dat,p-H2,30.0,69,N=12,"N=12,J=11.5,F=11.5","{""F"": 11.5, ""J"": 11.5, ""N"": 12}",424.1616386554267,24.0,0.029529497000000002,2.3594802969791417e-10,125152547.5241595,5,72,HFS-resolved spectroscopy + HFS-resolved collisions,True,True,False,
CN,cn-hfs.dat,p-H2,30.0,70,N=12,"N=12,J=11.5,F=12.5","{""F"": 12.5, ""J"": 11.5, ""N"": 12}",424.1626457992406,26.0,0.029506707,2.355915616410091e-10,125245177.69003066,3,71,HFS-resolved spectroscopy + HFS-resolved collisions,True,True,False,
CN,cn-hfs.dat,p-H2,30.0,71,N=12,"N=12,J=12.5,F=13.5","{""F"": 13.5, ""J"": 12.5, ""N"": 12}",424.29141632973204,28.0,0.0295,2.3623619355460394e-10,124875022.56160985,1,71,HFS-resolved spectroscopy + HFS-resolved collisions,True,True,False,
CN,cn-hfs.dat,p-H2,30.0,72,N=12,"N=12,J=12.5,F=12.5","{""F"": 12.5, ""J"": 12.5, ""N"": 12}",424.2922795958583,26.0,0.029489,2.359981089115155e-10,124954391.10089026,2,72,HFS-resolved spectroscopy + HFS-resolved collisions,True,True,False,
CN,cn-hfs.dat,p-H2,30.0,73,N=12,"N=12,J=12.5,F=11.5","{""F"": 11.5, ""J"": 12.5, ""N"": 12}",424.2929989842968,24.0,0.029504327,2.356749242480004e-10,125190777.48361824,3,71,HFS-resolved spectroscopy + HFS-resolved collisions,True,True,False,
CN,cn-hfs.dat,p-H2,35.0,3,N=1,"N=1,J=0.5,F=0.5","{""F"": 0.5, ""J"": 0.5, ""N"": 1}",5.430087811485699,2.0,1.1789999999999999e-05,9.86778321269378e-11,119479.7225057955,2,70,HFS-resolved spectroscopy + HFS-resolved collisions,True,True,False,
CN,cn-hfs.dat,p-H2,35.0,4,N=1,"N=1,J=0.5,F=1.5","{""F"": 1.5, ""J"": 0.5, ""N"": 1}",5.4323898544889,4.0,1.182e-05,9.556734789965439e-11,123682.41098843704,2,72,HFS-resolved spectroscopy + HFS-resolved collisions,True,True,False,
CN,cn-hfs.dat,p-H2,35.0,5,N=1,"N=1,J=1.5,F=2.5","{""F"": 2.5, ""J"": 1.5, ""N"": 1}",5.4467776232589,6.0,1.19e-05,8.274607151905971e-11,143813.47393947223,1,71,HFS-resolved spectroscopy + HFS-resolved collisions,True,True,False,
CN,cn-hfs.dat,p-H2,35.0,6,N=1,"N=1,J=1.5,F=1.5","{""F"": 1.5, ""J"": 1.5, ""N"": 1}",5.4474970116974,4.0,1.193e-05,9.412662825395092e-11,126744.15541384532,2,72,HFS-resolved spectroscopy + HFS-resolved collisions,True,True,False,
CN,cn-hfs.dat,p-H2,35.0,7,N=1,"N=1,J=1.5,F=0.5","{""F"": 0.5, ""J"": 1.5, ""N"": 1}",5.4480725224482,2.0,1.19e-05,9.457132412001903e-11,125830.95468662246,2,72,HFS-resolved spectroscopy + HFS-resolved collisions,True,True,False,
CN,cn-hfs.dat,p-H2,35.0,8,N=2,"N=2,J=1.5,F=0.5","{""F"": 0.5, ""J"": 1.5, ""N"": 2}",16.3082481454196,2.0,0.00011383,9.925262396063168e-11,1146871.4423625758,4,71,HFS-resolved spectroscopy + HFS-resolved collisions,True,True,False,
CN,cn-hfs.dat,p-H2,35.0,9,N=2,"N=2,J=1.5,F=1.5","{""F"": 1.5, ""J"": 1.5, ""N"": 2}",16.3089675338581,4.0,0.00011392,9.824313378806174e-11,1159572.1309721014,5,72,HFS-resolved spectroscopy + HFS-resolved collisions,True,True,False,
CN,cn-hfs.dat,p-H2,35.0,10,N=2,"N=2,J=1.5,F=2.5","{""F"": 2.5, ""J"": 1.5, ""N"": 2}",16.3102624330474,6.0,0.00011396,8.53823377771306e-11,1334702.2694256078,3,72,HFS-resolved spectroscopy + HFS-resolved collisions,True,True,False,
CN,cn-hfs.dat,p-H2,35.0,11,N=2,"N=2,J=2.5,F=3.5","{""F"": 3.5, ""J"": 2.5, ""N"": 2}",16.335009395331802,8.0,0.000114,7.73237425447439e-11,1474320.774554247,1,71,HFS-resolved spectroscopy + HFS-resolved collisions,True,True,False,
CN,cn-hfs.dat,p-H2,35.0,12,N=2,"N=2,J=2.5,F=2.5","{""F"": 2.5, ""J"": 2.5, ""N"": 2}",16.335872661457998,6.0,0.00011430144999999999,8.694723934882304e-11,1314607.0059963006,3,72,HFS-resolved spectroscopy + HFS-resolved collisions,True,True,False,
CN,cn-hfs.dat,p-H2,35.0,13,N=2,"N=2,J=2.5,F=1.5","{""F"": 1.5, ""J"": 2.5, ""N"": 2}",16.3364481722088,4.0,0.00011433,8.342491526382766e-11,1370453.8942405437,3,72,HFS-resolved spectroscopy + HFS-resolved collisions,True,True,False,
CN,cn-hfs.dat,p-H2,35.0,14,N=3,"N=3,J=2.5,F=1.5","{""F"": 1.5, ""J"": 2.5, ""N"": 3}",32.6272871174167,4.0,0.00041252,8.632688603141426e-11,4778580.798685179,5,71,HFS-resolved spectroscopy + HFS-resolved collisions,True,True,False,
CN,cn-hfs.dat,p-H2,35.0,15,N=3,"N=3,J=2.5,F=2.5","{""F"": 2.5, ""J"": 2.5, ""N"": 3}",32.6281503835429,6.0,0.00041213999999999997,8.998765295890357e-11,4579961.655275308,5,72,HFS-resolved spectroscopy + HFS-resolved collisions,True,True,False,
CN,cn-hfs.dat,p-H2,35.0,16,N=3,"N=3,J=2.5,F=3.5","{""F"": 3.5, ""J"": 2.5, ""N"": 3}",32.6291575273568,8.0,0.00041173,7.999079081677073e-11,5147217.520865883,3,72,HFS-resolved spectroscopy + HFS-resolved collisions,True,True,False,
CN,cn-hfs.dat,p-H2,35.0,17,N=3,"N=3,J=3.5,F=4.5","{""F"": 4.5, ""J"": 3.5, ""N"": 3}",32.6642636831556,10.0,0.000413,7.5861664058529e-11,5444119.966592891,1,71,HFS-resolved spectroscopy + HFS-resolved collisions,True,True,False,
CN,cn-hfs.dat,p-H2,35.0,18,N=3,"N=3,J=3.5,F=3.5","{""F"": 3.5, ""J"": 3.5, ""N"": 3}",32.6651269492818,8.0,0.0004135,8.260696414325468e-11,5005631.235677901,2,72,HFS-resolved spectroscopy + HFS-resolved collisions,True,True,False,
CN,cn-hfs.dat,p-H2,35.0,19,N=3,"N=3,J=3.5,F=2.5","{""F"": 2.5, ""J"": 3.5, ""N"": 3}",32.6658463377203,6.0,0.000412727,7.896443322883584e-11,5226745.550163493,3,72,HFS-resolved spectroscopy + HFS-resolved collisions,True,True,False,
CN,cn-hfs.dat,p-H2,35.0,20,N=4,"N=4,J=3.5,F=2.5","{""F"": 2.5, ""J"": 3.5, ""N"": 4}",54.386629216726206,6.0,0.0010138599999999999,8.030409772300552e-11,12625258.595110886,5,71,HFS-resolved spectroscopy + HFS-resolved collisions,True,True,False,
CN,cn-hfs.dat,p-H2,35.0,21,N=4,"N=4,J=3.5,F=3.5","{""F"": 3.5, ""J"": 3.5, ""N"": 4}",54.3874924828524,8.0,0.00101308,8.374555158943732e-11,12097120.154711334,5,72,HFS-resolved spectroscopy + HFS-resolved collisions,True,True,False,
CN,cn-hfs.dat,p-H2,35.0,22,N=4,"N=4,J=3.5,F=4.5","{""F"": 4.5, ""J"": 3.5, ""N"": 4}",54.3884996266663,10.0,0.00101336,7.727645229335638e-11,13113438.439863792,3,72,HFS-resolved spectroscopy + HFS-resolved collisions,True,True,False,
CN,cn-hfs.dat,p-H2,35.0,23,N=4,"N=4,J=4.5,F=5.5","{""F"": 5.5, ""J"": 4.5, ""N"": 4}",54.4339649759795,12.0,0.00102,7.50862861236429e-11,13584371.429962443,1,71,HFS-resolved spectroscopy + HFS-resolved collisions,True,True,False,
CN,cn-hfs.dat,p-H2,35.0,24,N=4,"N=4,J=4.5,F=4.5","{""F"": 4.5, ""J"": 4.5, ""N"": 4}",54.4348282421057,10.0,0.0010149,7.961546316957773e-11,12747523.654271834,2,72,HFS-resolved spectroscopy + HFS-resolved collisions,True,True,False,
CN,cn-hfs.dat,p-H2,35.0,25,N=4,"N=4,J=4.5,F=3.5","{""F"": 3.5, ""J"": 4.5, ""N"": 4}",54.4355476305442,8.0,0.0010151770000000001,7.676862739958905e-11,13223852.43018471,3,72,HFS-resolved spectroscopy + HFS-resolved collisions,True,True,False,
CN,cn-hfs.dat,p-H2,35.0,26,N=5,"N=5,J=4.5,F=3.5","{""F"": 3.5, ""J"": 4.5, ""N"": 5}",81.5854111772219,8.0,0.00202894,7.866074714693017e-11,25793551.086034678,5,71,HFS-resolved spectroscopy + HFS-resolved collisions,True,True,False,
CN,cn-hfs.dat,p-H2,35.0,27,N=5,"N=5,J=4.5,F=4.5","{""F"": 4.5, ""J"": 4.5, ""N"": 5}",81.5862744433481,10.0,0.00202279,8.128612710107009e-11,24884812.109265458,5,72,HFS-resolved spectroscopy + HFS-resolved collisions,True,True,False,
CN,cn-hfs.dat,p-H2,35.0,28,N=5,"N=5,J=4.5,F=5.5","{""F"": 5.5, ""J"": 4.5, ""N"": 5}",81.58728158716201,12.0,0.00202504,7.71493754258417e-11,26248300.635259576,3,72,HFS-resolved spectroscopy + HFS-resolved collisions,True,True,False,
CN,cn-hfs.dat,p-H2,35.0,29,N=5,"N=5,J=5.5,F=6.5","{""F"": 6.5, ""J"": 5.5, ""N"": 5}",81.6431061299896,14.0,0.00203,7.596136857305816e-11,26724110.40156005,1,71,HFS-resolved spectroscopy + HFS-resolved collisions,True,True,False,
CN,cn-hfs.dat,p-H2,35.0,30,N=5,"N=5,J=5.5,F=5.5","{""F"": 5.5, ""J"": 5.5, ""N"": 5}",81.64396939611579,12.0,0.0020268,7.897560655135293e-11,25663620.55962303,2,72,HFS-resolved spectroscopy + HFS-resolved collisions,True,True,False,
CN,cn-hfs.dat,p-H2,35.0,31,N=5,"N=5,J=5.5,F=4.5","{""F"": 4.5, ""J"": 5.5, ""N"": 5}",81.6446887845543,10.0,0.002030866,7.687492104232704e-11,26417796.2391898,3,72,HFS-resolved spectroscopy + HFS-resolved collisions,True,True,False,
CN,cn-hfs.dat,p-H2,35.0,32,N=6,"N=6,J=5.5,F=4.5","{""F"": 4.5, ""J"": 5.5, ""N"": 6}",114.2226258550899,10.0,0.00355332,8.166759695830815e-11,43509545.18490355,5,71,HFS-resolved spectroscopy + HFS-resolved collisions,True,True,False,
CN,cn-hfs.dat,p-H2,35.0,33,N=6,"N=6,J=5.5,F=5.5","{""F"": 5.5, ""J"": 5.5, ""N"": 6}",114.2233452435284,12.0,0.00354949,8.368267836664063e-11,42416065.89655922,5,72,HFS-resolved spectroscopy + HFS-resolved collisions,True,True,False,
CN,cn-hfs.dat,p-H2,35.0,34,N=6,"N=6,J=5.5,F=6.5","{""F"": 6.5, ""J"": 5.5, ""N"": 6}",114.2243523873423,14.0,0.00355382,8.078248278197738e-11,43992458.23616676,3,72,HFS-resolved spectroscopy + HFS-resolved collisions,True,True,False,
CN,cn-hfs.dat,p-H2,35.0,35,N=6,"N=6,J=6.5,F=7.5","{""F"": 7.5, ""J"": 6.5, ""N"": 6}",114.29068000137201,16.0,0.00356,8.007018538235484e-11,44460993.60205205,1,71,HFS-resolved spectroscopy + HFS-resolved collisions,True,True,False,
CN,cn-hfs.dat,p-H2,35.0,36,N=6,"N=6,J=6.5,F=6.5","{""F"": 6.5, ""J"": 6.5, ""N"": 6}",114.2915432674982,14.0,0.0035539,8.225930207225803e-11,43203624.51991376,2,72,HFS-resolved spectroscopy + HFS-resolved collisions,True,True,False,
CN,cn-hfs.dat,p-H2,35.0,37,N=6,"N=6,J=6.5,F=5.5","{""F"": 5.5, ""J"": 6.5, ""N"": 6}",114.2922626559367,12.0,0.003558481,8.063233012419288e-11,44132186.11590533,3,72,HFS-resolved spectroscopy + HFS-resolved collisions,True,True,False,
CN,cn-hfs.dat,p-H2,35.0,38,N=7,"N=7,J=6.5,F=5.5","{""F"": 5.5, ""J"": 6.5, ""N"": 7}",152.2966905957655,12.0,0.005698902,8.865983634327543e-11,64278282.42243584,5,71,HFS-resolved spectroscopy + HFS-resolved collisions,True,True,False,
CN,cn-hfs.dat,p-H2,35.0,39,N=7,"N=7,J=6.5,F=6.5","{""F"": 6.5, ""J"": 6.5, ""N"": 7}",152.29755386189169,14.0,0.00570627,9.016186817151013e-11,63289172.19356265,5,72,HFS-resolved spectroscopy + HFS-resolved collisions,True,True,False,
CN,cn-hfs.dat,p-H2,35.0,40,N=7,"N=7,J=6.5,F=7.5","{""F"": 7.5, ""J"": 6.5, ""N"": 7}",152.2984171280179,16.0,0.00570265,8.814496933595257e-11,64696261.658054754,3,72,HFS-resolved spectroscopy + HFS-resolved collisions,True,True,False,
CN,cn-hfs.dat,p-H2,35.0,41,N=7,"N=7,J=7.5,F=8.5","{""F"": 8.5, ""J"": 7.5, ""N"": 7}",152.3752478132497,18.0,0.00571,8.766556399300217e-11,65133899.10382366,1,71,HFS-resolved spectroscopy + HFS-resolved collisions,True,True,False,
CN,cn-hfs.dat,p-H2,35.0,42,N=7,"N=7,J=7.5,F=7.5","{""F"": 7.5, ""J"": 7.5, ""N"": 7}",152.37596720168818,16.0,0.005711000000000001,8.9205067218788e-11,64021026.80997895,2,72,HFS-resolved spectroscopy + HFS-resolved collisions,True,True,False,
CN,cn-hfs.dat,p-H2,35.0,43,N=7,"N=7,J=7.5,F=6.5","{""F"": 6.5, ""J"": 7.5, ""N"": 7}",152.37683046781441,14.0,0.0057065150000000005,8.801317057725778e-11,64837057.483241476,3,72,HFS-resolved spectroscopy + HFS-resolved collisions,True,True,False,
CN,cn-hfs.dat,p-H2,35.0,44,N=8,"N=8,J=7.5,F=6.5","{""F"": 6.5, ""J"": 7.5, ""N"": 8}",195.8063105000594,14.0,0.008584535,9.545241141401901e-11,89935234.45693901,5,71,HFS-resolved spectroscopy + HFS-resolved collisions,True,True,False,
CN,cn-hfs.dat,p-H2,35.0,45,N=8,"N=8,J=7.5,F=7.5","{""F"": 7.5, ""J"": 7.5, ""N"": 8}",195.80717376618563,16.0,0.00858305,9.663393958049098e-11,88820243.04567209,5,72,HFS-resolved spectroscopy + HFS-resolved collisions,True,True,False,
CN,cn-hfs.dat,p-H2,35.0,46,N=8,"N=8,J=7.5,F=8.5","{""F"": 8.5, ""J"": 7.5, ""N"": 8}",195.8080370323118,18.0,0.008581420000000001,9.505767384325393e-11,90275930.94851446,3,72,HFS-resolved spectroscopy + HFS-resolved collisions,True,True,False,
CN,cn-hfs.dat,p-H2,35.0,47,N=8,"N=8,J=8.5,F=9.5","{""F"": 9.5, ""J"": 8.5, ""N"": 8}",195.895226911058,20.0,0.00859,9.475935246521238e-11,90650682.7719567,1,71,HFS-resolved spectroscopy + HFS-resolved collisions,True,True,False,
CN,cn-hfs.dat,p-H2,35.0,48,N=8,"N=8,J=8.5,F=8.5","{""F"": 8.5, ""J"": 8.5, ""N"": 8}",195.8960901771842,18.0,0.008589,9.599840862190724e-11,89470233.13509338,2,72,HFS-resolved spectroscopy + HFS-resolved collisions,True,True,False,
CN,cn-hfs.dat,p-H2,35.0,49,N=8,"N=8,J=8.5,F=7.5","{""F"": 7.5, ""J"": 8.5, ""N"": 8}",195.8968095656227,16.0,0.008583462,9.500360012298514e-11,90348807.71769111,3,72,HFS-resolved spectroscopy + HFS-resolved collisions,True,True,False,
CN,cn-hfs.dat,p-H2,35.0,50,N=9,"N=9,J=8.5,F=7.5","{""F"": 7.5, ""J"": 8.5, ""N"": 9}",244.7497590357192,16.0,0.012271263000000001,1.0237950182710874e-10,119860546.11520617,5,71,HFS-resolved spectroscopy + HFS-resolved collisions,True,True,False,
CN,cn-hfs.dat,p-H2,35.0,51,N=9,"N=9,J=8.5,F=8.5","{""F"": 8.5, ""J"": 8.5, ""N"": 9}",244.75047842415768,18.0,0.012248895000000001,1.0330613431982619e-10,118568902.8115074,5,72,HFS-resolved spectroscopy + HFS-resolved collisions,True,True,False,
CN,cn-hfs.dat,p-H2,35.0,52,N=9,"N=9,J=8.5,F=9.5","{""F"": 9.5, ""J"": 8.5, ""N"": 9}",244.7513416902839,20.0,0.012280221000000001,1.021513120221895e-10,120215988.97655341,3,72,HFS-resolved spectroscopy + HFS-resolved collisions,True,True,False,
CN,cn-hfs.dat,p-H2,35.0,53,N=9,"N=9,J=9.5,F=10.5","{""F"": 10.5, ""J"": 9.5, ""N"": 9}",244.8490346402322,22.0,0.0123,1.0189578332633015e-10,120711570.17958413,1,71,HFS-resolved spectroscopy + HFS-resolved collisions,True,True,False,
CN,cn-hfs.dat,p-H2,35.0,54,N=9,"N=9,J=9.5,F=9.5","{""F"": 9.5, ""J"": 9.5, ""N"": 9}",244.8497540286707,20.0,0.012336000000000001,1.0285420036630545e-10,119936764.43029562,2,72,HFS-resolved spectroscopy + HFS-resolved collisions,True,True,False,
CN,cn-hfs.dat,p-H2,35.0,55,N=9,"N=9,J=9.5,F=8.5","{""F"": 8.5, ""J"": 9.5, ""N"": 9}",244.8506172947969,18.0,0.012351419,1.0210221106720248e-10,120971121.69167855,3,72,HFS-resolved spectroscopy + HFS-resolved collisions,True,True,False,
CN,cn-hfs.dat,p-H2,35.0,56,N=10,"N=10,J=9.5,F=8.5","{""F"": 8.5, ""J"": 9.5, ""N"": 10}",299.1247341597417,18.0,0.01689696,1.1209856062171037e-10,150733068.34885022,5,71,HFS-resolved spectroscopy + HFS-resolved collisions,True,True,False,
CN,cn-hfs.dat,p-H2,35.0,57,N=10,"N=10,J=9.5,F=9.5","{""F"": 9.5, ""J"": 9.5, ""N"": 10}",299.1254535481802,20.0,0.016975696999999998,1.1323572645908359e-10,149914673.8475155,5,72,HFS-resolved spectroscopy + HFS-resolved collisions,True,True,False,
CN,cn-hfs.dat,p-H2,35.0,58,N=10,"N=10,J=9.5,F=10.5","{""F"": 10.5, ""J"": 9.5, ""N"": 10}",299.1264606919941,22.0,0.016989037,1.1188174906097252e-10,151848153.45299467,3,72,HFS-resolved spectroscopy + HFS-resolved collisions,True,True,False,
CN,cn-hfs.dat,p-H2,35.0,59,N=10,"N=10,J=10.5,F=11.5","{""F"": 11.5, ""J"": 10.5, ""N"": 10}",299.23451283545677,24.0,0.017,1.1156505584029425e-10,152377461.49059036,1,71,HFS-resolved spectroscopy + HFS-resolved collisions,True,True,False,
CN,cn-hfs.dat,p-H2,35.0,60,N=10,"N=10,J=10.5,F=10.5","{""F"": 10.5, ""J"": 10.5, ""N"": 10}",299.2352322238953,22.0,0.016954,1.1272678537296182e-10,150399037.3175896,2,72,HFS-resolved spectroscopy + HFS-resolved collisions,True,True,False,
CN,cn-hfs.dat,p-H2,35.0,61,N=10,"N=10,J=10.5,F=9.5","{""F"": 9.5, ""J"": 10.5, ""N"": 10}",299.2360954900215,20.0,0.016969382999999998,1.118016077186646e-10,151781207.32128847,3,72,HFS-resolved spectroscopy + HFS-resolved collisions,True,True,False,
CN,cn-hfs.dat,p-H2,35.0,62,N=11,"N=11,J=10.5,F=9.5","{""F"": 9.5, ""J"": 10.5, ""N"": 11}",358.9292215844991,20.0,0.022622695,1.1291116994839754e-10,200358343.73462772,5,71,HFS-resolved spectroscopy + HFS-resolved collisions,True,True,False,
CN,cn-hfs.dat,p-H2,35.0,63,N=11,"N=11,J=10.5,F=10.5","{""F"": 10.5, ""J"": 10.5, ""N"": 11}",358.9300848506253,22.0,0.022602433,1.1361499403431651e-10,198938821.34230554,5,72,HFS-resolved spectroscopy + HFS-resolved collisions,True,True,False,
CN,cn-hfs.dat,p-H2,35.0,64,N=11,"N=11,J=10.5,F=11.5","{""F"": 11.5, ""J"": 10.5, ""N"": 11}",358.9309481167515,24.0,0.022597766,1.1272569095504882e-10,200466866.14687702,3,72,HFS-resolved spectroscopy + HFS-resolved collisions,True,True,False,
CN,cn-hfs.dat,p-H2,35.0,65,N=11,"N=11,J=11.5,F=12.5","{""F"": 12.5, ""J"": 11.5, ""N"": 11}",359.0495033314163,26.0,0.0227,1.125666587884836e-10,201658290.6902659,1,71,HFS-resolved spectroscopy + HFS-resolved collisions,True,True,False,
CN,cn-hfs.dat,p-H2,35.0,66,N=11,"N=11,J=11.5,F=11.5","{""F"": 11.5, ""J"": 11.5, ""N"": 11}",359.0502227198548,24.0,0.022671,1.1330030947725968e-10,200096540.81792477,2,72,HFS-resolved spectroscopy + HFS-resolved collisions,True,True,False,
CN,cn-hfs.dat,p-H2,35.0,67,N=11,"N=11,J=11.5,F=10.5","{""F"": 10.5, ""J"": 11.5, ""N"": 11}",359.051085985981,22.0,0.022687353,1.1273589773105185e-10,201243379.05326337,3,72,HFS-resolved spectroscopy + HFS-resolved collisions,True,True,False,
CN,cn-hfs.dat,p-H2,35.0,68,N=12,"N=12,J=11.5,F=10.5","{""F"": 10.5, ""J"": 11.5, ""N"": 12}",424.16091926698823,22.0,0.029449262,2.1261368921104576e-10,138510658.03560707,5,71,HFS-resolved spectroscopy + HFS-resolved collisions,True,True,False,
CN,cn-hfs.dat,p-H2,35.0,69,N=12,"N=12,J=11.5,F=11.5","{""F"": 11.5, ""J"": 11.5, ""N"": 12}",424.1616386554267,24.0,0.029529497000000002,2.1406488721480378e-10,137946476.80994305,5,72,HFS-resolved spectroscopy + HFS-resolved collisions,True,True,False,
CN,cn-hfs.dat,p-H2,35.0,70,N=12,"N=12,J=11.5,F=12.5","{""F"": 12.5, ""J"": 11.5, ""N"": 12}",424.1626457992406,26.0,0.029506707,2.1325260256717733e-10,138365049.92104378,3,71,HFS-resolved spectroscopy + HFS-resolved collisions,True,True,False,
CN,cn-hfs.dat,p-H2,35.0,71,N=12,"N=12,J=12.5,F=13.5","{""F"": 13.5, ""J"": 12.5, ""N"": 12}",424.29141632973204,28.0,0.0295,2.1394617974236662e-10,137885144.92534438,1,71,HFS-resolved spectroscopy + HFS-resolved collisions,True,True,False,
CN,cn-hfs.dat,p-H2,35.0,72,N=12,"N=12,J=12.5,F=12.5","{""F"": 12.5, ""J"": 12.5, ""N"": 12}",424.2922795958583,26.0,0.029489,2.1362246137190317e-10,138042600.06470725,2,72,HFS-resolved spectroscopy + HFS-resolved collisions,True,True,False,
CN,cn-hfs.dat,p-H2,35.0,73,N=12,"N=12,J=12.5,F=11.5","{""F"": 11.5, ""J"": 12.5, ""N"": 12}",424.2929989842968,24.0,0.029504327,2.1328448432417114e-10,138333208.31325155,3,71,HFS-resolved spectroscopy + HFS-resolved collisions,True,True,False,
CN,cn-hfs.dat,p-H2,40.0,3,N=1,"N=1,J=0.5,F=0.5","{""F"": 0.5, ""J"": 0.5, ""N"": 1}",5.430087811485699,2.0,1.1789999999999999e-05,1.0455849833210154e-10,112759.84437489032,2,70,HFS-resolved spectroscopy + HFS-resolved collisions,True,True,False,
CN,cn-hfs.dat,p-H2,40.0,4,N=1,"N=1,J=0.5,F=1.5","{""F"": 1.5, ""J"": 0.5, ""N"": 1}",5.4323898544889,4.0,1.182e-05,1.0174368599155469e-10,116174.28526209605,2,72,HFS-resolved spectroscopy + HFS-resolved collisions,True,True,False,
CN,cn-hfs.dat,p-H2,40.0,5,N=1,"N=1,J=1.5,F=2.5","{""F"": 2.5, ""J"": 1.5, ""N"": 1}",5.4467776232589,6.0,1.19e-05,8.877204812319343e-11,134051.20476082485,1,71,HFS-resolved spectroscopy + HFS-resolved collisions,True,True,False,
CN,cn-hfs.dat,p-H2,40.0,6,N=1,"N=1,J=1.5,F=1.5","{""F"": 1.5, ""J"": 1.5, ""N"": 1}",5.4474970116974,4.0,1.193e-05,1.0030645735498754e-10,118935.5133715806,2,72,HFS-resolved spectroscopy + HFS-resolved collisions,True,True,False,
CN,cn-hfs.dat,p-H2,40.0,7,N=1,"N=1,J=1.5,F=0.5","{""F"": 0.5, ""J"": 1.5, ""N"": 1}",5.4480725224482,2.0,1.19e-05,1.0086066995686023e-10,117984.54248905768,2,72,HFS-resolved spectroscopy + HFS-resolved collisions,True,True,False,
CN,cn-hfs.dat,p-H2,40.0,8,N=2,"N=2,J=1.5,F=0.5","{""F"": 0.5, ""J"": 1.5, ""N"": 2}",16.3082481454196,2.0,0.00011383,1.0509336566203197e-10,1083132.1205000137,4,71,HFS-resolved spectroscopy + HFS-resolved collisions,True,True,False,
CN,cn-hfs.dat,p-H2,40.0,9,N=2,"N=2,J=1.5,F=1.5","{""F"": 1.5, ""J"": 1.5, ""N"": 2}",16.3089675338581,4.0,0.00011392,1.0403184262432287e-10,1095049.3341868892,5,72,HFS-resolved spectroscopy + HFS-resolved collisions,True,True,False,
CN,cn-hfs.dat,p-H2,40.0,10,N=2,"N=2,J=1.5,F=2.5","{""F"": 2.5, ""J"": 1.5, ""N"": 2}",16.3102624330474,6.0,0.00011396,9.109328526068323e-11,1251025.2503670133,3,72,HFS-resolved spectroscopy + HFS-resolved collisions,True,True,False,
CN,cn-hfs.dat,p-H2,40.0,11,N=2,"N=2,J=2.5,F=3.5","{""F"": 3.5, ""J"": 2.5, ""N"": 2}",16.335009395331802,8.0,0.000114,8.305994448989307e-11,1372502.7231853232,1,71,HFS-resolved spectroscopy + HFS-resolved collisions,True,True,False,
CN,cn-hfs.dat,p-H2,40.0,12,N=2,"N=2,J=2.5,F=2.5","{""F"": 2.5, ""J"": 2.5, ""N"": 2}",16.335872661457998,6.0,0.00011430144999999999,9.266229263984986e-11,1233527.1095034843,3,72,HFS-resolved spectroscopy + HFS-resolved collisions,True,True,False,
CN,cn-hfs.dat,p-H2,40.0,13,N=2,"N=2,J=2.5,F=1.5","{""F"": 1.5, ""J"": 2.5, ""N"": 2}",16.3364481722088,4.0,0.00011433,8.913624343176633e-11,1282643.2391389643,3,72,HFS-resolved spectroscopy + HFS-resolved collisions,True,True,False,
CN,cn-hfs.dat,p-H2,40.0,14,N=3,"N=3,J=2.5,F=1.5","{""F"": 1.5, ""J"": 2.5, ""N"": 3}",32.6272871174167,4.0,0.00041252,9.207106158269236e-11,4480452.304001087,5,71,HFS-resolved spectroscopy + HFS-resolved collisions,True,True,False,
CN,cn-hfs.dat,p-H2,40.0,15,N=3,"N=3,J=2.5,F=2.5","{""F"": 2.5, ""J"": 2.5, ""N"": 3}",32.6281503835429,6.0,0.00041213999999999997,9.572219755796375e-11,4305584.394366126,5,72,HFS-resolved spectroscopy + HFS-resolved collisions,True,True,False,
CN,cn-hfs.dat,p-H2,40.0,16,N=3,"N=3,J=2.5,F=3.5","{""F"": 3.5, ""J"": 2.5, ""N"": 3}",32.6291575273568,8.0,0.00041173,8.57000634941609e-11,4804313.826769251,3,72,HFS-resolved spectroscopy + HFS-resolved collisions,True,True,False,
CN,cn-hfs.dat,p-H2,40.0,17,N=3,"N=3,J=3.5,F=4.5","{""F"": 4.5, ""J"": 3.5, ""N"": 3}",32.6642636831556,10.0,0.000413,8.154113132421185e-11,5064928.500413983,1,71,HFS-resolved spectroscopy + HFS-resolved collisions,True,True,False,
CN,cn-hfs.dat,p-H2,40.0,18,N=3,"N=3,J=3.5,F=3.5","{""F"": 3.5, ""J"": 3.5, ""N"": 3}",32.6651269492818,8.0,0.0004135,8.832032423611561e-11,4681821.5804388225,2,72,HFS-resolved spectroscopy + HFS-resolved collisions,True,True,False,
CN,cn-hfs.dat,p-H2,40.0,19,N=3,"N=3,J=3.5,F=2.5","{""F"": 2.5, ""J"": 3.5, ""N"": 3}",32.6658463377203,6.0,0.000412727,8.467865730698167e-11,4874038.076722918,3,72,HFS-resolved spectroscopy + HFS-resolved collisions,True,True,False,
CN,cn-hfs.dat,p-H2,40.0,20,N=4,"N=4,J=3.5,F=2.5","{""F"": 2.5, ""J"": 3.5, ""N"": 4}",54.386629216726206,6.0,0.0010138599999999999,8.598822594644348e-11,11790684.001684926,5,71,HFS-resolved spectroscopy + HFS-resolved collisions,True,True,False,
CN,cn-hfs.dat,p-H2,40.0,21,N=4,"N=4,J=3.5,F=3.5","{""F"": 3.5, ""J"": 3.5, ""N"": 4}",54.3874924828524,8.0,0.00101308,8.955025780079384e-11,11312976.923568603,5,72,HFS-resolved spectroscopy + HFS-resolved collisions,True,True,False,
CN,cn-hfs.dat,p-H2,40.0,22,N=4,"N=4,J=3.5,F=4.5","{""F"": 4.5, ""J"": 3.5, ""N"": 4}",54.3884996266663,10.0,0.00101336,8.285850605496124e-11,12230005.683759537,3,72,HFS-resolved spectroscopy + HFS-resolved collisions,True,True,False,
CN,cn-hfs.dat,p-H2,40.0,23,N=4,"N=4,J=4.5,F=5.5","{""F"": 5.5, ""J"": 4.5, ""N"": 4}",54.4339649759795,12.0,0.00102,8.06454084874483e-11,12647961.230908185,1,71,HFS-resolved spectroscopy + HFS-resolved collisions,True,True,False,
CN,cn-hfs.dat,p-H2,40.0,24,N=4,"N=4,J=4.5,F=4.5","{""F"": 4.5, ""J"": 4.5, ""N"": 4}",54.4348282421057,10.0,0.0010149,8.530791178726617e-11,11896903.566586813,2,72,HFS-resolved spectroscopy + HFS-resolved collisions,True,True,False,
CN,cn-hfs.dat,p-H2,40.0,25,N=4,"N=4,J=4.5,F=3.5","{""F"": 3.5, ""J"": 4.5, ""N"": 4}",54.4355476305442,8.0,0.0010151770000000001,8.237363928565516e-11,12324051.830216838,3,72,HFS-resolved spectroscopy + HFS-resolved collisions,True,True,False,
CN,cn-hfs.dat,p-H2,40.0,26,N=5,"N=5,J=4.5,F=3.5","{""F"": 3.5, ""J"": 4.5, ""N"": 5}",81.5854111772219,8.0,0.00202894,8.404066752391806e-11,24142359.405017357,5,71,HFS-resolved spectroscopy + HFS-resolved collisions,True,True,False,
CN,cn-hfs.dat,p-H2,40.0,27,N=5,"N=5,J=4.5,F=4.5","{""F"": 4.5, ""J"": 4.5, ""N"": 5}",81.5862744433481,10.0,0.00202279,8.675610992995063e-11,23315821.80936027,5,72,HFS-resolved spectroscopy + HFS-resolved collisions,True,True,False,
CN,cn-hfs.dat,p-H2,40.0,28,N=5,"N=5,J=4.5,F=5.5","{""F"": 5.5, ""J"": 4.5, ""N"": 5}",81.58728158716201,12.0,0.00202504,8.247525296910349e-11,24553304.501637742,3,72,HFS-resolved spectroscopy + HFS-resolved collisions,True,True,False,
CN,cn-hfs.dat,p-H2,40.0,29,N=5,"N=5,J=5.5,F=6.5","{""F"": 6.5, ""J"": 5.5, ""N"": 5}",81.6431061299896,14.0,0.00203,8.121001287961379e-11,24996917.59696288,1,71,HFS-resolved spectroscopy + HFS-resolved collisions,True,True,False,
CN,cn-hfs.dat,p-H2,40.0,30,N=5,"N=5,J=5.5,F=5.5","{""F"": 5.5, ""J"": 5.5, ""N"": 5}",81.64396939611579,12.0,0.0020268,8.437579185387491e-11,24021107.89680157,2,72,HFS-resolved spectroscopy + HFS-resolved collisions,True,True,False,
CN,cn-hfs.dat,p-H2,40.0,31,N=5,"N=5,J=5.5,F=4.5","{""F"": 4.5, ""J"": 5.5, ""N"": 5}",81.6446887845543,10.0,0.002030866,8.213570067409892e-11,24725740.24854485,3,72,HFS-resolved spectroscopy + HFS-resolved collisions,True,True,False,
CN,cn-hfs.dat,p-H2,40.0,32,N=6,"N=6,J=5.5,F=4.5","{""F"": 4.5, ""J"": 5.5, ""N"": 6}",114.2226258550899,10.0,0.00355332,8.636248525992063e-11,41144253.65719571,5,71,HFS-resolved spectroscopy + HFS-resolved collisions,True,True,False,
CN,cn-hfs.dat,p-H2,40.0,33,N=6,"N=6,J=5.5,F=5.5","{""F"": 5.5, ""J"": 5.5, ""N"": 6}",114.2233452435284,12.0,0.00354949,8.854325523059466e-11,40087638.41758477,5,72,HFS-resolved spectroscopy + HFS-resolved collisions,True,True,False,
CN,cn-hfs.dat,p-H2,40.0,34,N=6,"N=6,J=5.5,F=6.5","{""F"": 6.5, ""J"": 5.5, ""N"": 6}",114.2243523873423,14.0,0.00355382,8.545368132921243e-11,41587675.85809229,3,72,HFS-resolved spectroscopy + HFS-resolved collisions,True,True,False,
CN,cn-hfs.dat,p-H2,40.0,35,N=6,"N=6,J=6.5,F=7.5","{""F"": 7.5, ""J"": 6.5, ""N"": 6}",114.29068000137201,16.0,0.00356,8.467448707751467e-11,42043360.67298551,1,71,HFS-resolved spectroscopy + HFS-resolved collisions,True,True,False,
CN,cn-hfs.dat,p-H2,40.0,36,N=6,"N=6,J=6.5,F=6.5","{""F"": 6.5, ""J"": 6.5, ""N"": 6}",114.2915432674982,14.0,0.0035539,8.703609681520017e-11,40832483.648087256,2,72,HFS-resolved spectroscopy + HFS-resolved collisions,True,True,False,
CN,cn-hfs.dat,p-H2,40.0,37,N=6,"N=6,J=6.5,F=5.5","{""F"": 5.5, ""J"": 6.5, ""N"": 6}",114.2922626559367,12.0,0.003558481,8.531925153940396e-11,41707831.88781897,3,72,HFS-resolved spectroscopy + HFS-resolved collisions,True,True,False,
CN,cn-hfs.dat,p-H2,40.0,38,N=7,"N=7,J=6.5,F=5.5","{""F"": 5.5, ""J"": 6.5, ""N"": 7}",152.2966905957655,12.0,0.005698902,9.238075253510954e-11,61689278.8119919,5,71,HFS-resolved spectroscopy + HFS-resolved collisions,True,True,False,
CN,cn-hfs.dat,p-H2,40.0,39,N=7,"N=7,J=6.5,F=6.5","{""F"": 6.5, ""J"": 6.5, ""N"": 7}",152.29755386189169,14.0,0.00570627,9.394131505940394e-11,60742922.28495664,5,72,HFS-resolved spectroscopy + HFS-resolved collisions,True,True,False,
CN,cn-hfs.dat,p-H2,40.0,40,N=7,"N=7,J=6.5,F=7.5","{""F"": 7.5, ""J"": 6.5, ""N"": 7}",152.2984171280179,16.0,0.00570265,9.183533529189171e-11,62096468.44403143,3,72,HFS-resolved spectroscopy + HFS-resolved collisions,True,True,False,
CN,cn-hfs.dat,p-H2,40.0,41,N=7,"N=7,J=7.5,F=8.5","{""F"": 8.5, ""J"": 7.5, ""N"": 7}",152.3752478132497,18.0,0.00571,9.126788683217786e-11,62563078.8461167,1,71,HFS-resolved spectroscopy + HFS-resolved collisions,True,True,False,
CN,cn-hfs.dat,p-H2,40.0,42,N=7,"N=7,J=7.5,F=7.5","{""F"": 7.5, ""J"": 7.5, ""N"": 7}",152.37596720168818,16.0,0.005711000000000001,9.297327698344315e-11,61426252.631893635,2,72,HFS-resolved spectroscopy + HFS-resolved collisions,True,True,False,
CN,cn-hfs.dat,p-H2,40.0,43,N=7,"N=7,J=7.5,F=6.5","{""F"": 6.5, ""J"": 7.5, ""N"": 7}",152.37683046781441,14.0,0.0057065150000000005,9.169224835528213e-11,62235522.65714798,3,72,HFS-resolved spectroscopy + HFS-resolved collisions,True,True,False,
CN,cn-hfs.dat,p-H2,40.0,44,N=8,"N=8,J=7.5,F=6.5","{""F"": 6.5, ""J"": 7.5, ""N"": 8}",195.8063105000594,14.0,0.008584535,9.851403246899956e-11,87140225.45672756,5,71,HFS-resolved spectroscopy + HFS-resolved collisions,True,True,False,
CN,cn-hfs.dat,p-H2,40.0,45,N=8,"N=8,J=7.5,F=7.5","{""F"": 7.5, ""J"": 7.5, ""N"": 8}",195.80717376618563,16.0,0.00858305,9.978016612201455e-11,86019600.2229978,5,72,HFS-resolved spectroscopy + HFS-resolved collisions,True,True,False,
CN,cn-hfs.dat,p-H2,40.0,46,N=8,"N=8,J=7.5,F=8.5","{""F"": 8.5, ""J"": 7.5, ""N"": 8}",195.8080370323118,18.0,0.008581420000000001,9.806060691782779e-11,87511389.84068297,3,72,HFS-resolved spectroscopy + HFS-resolved collisions,True,True,False,
CN,cn-hfs.dat,p-H2,40.0,47,N=8,"N=8,J=8.5,F=9.5","{""F"": 9.5, ""J"": 8.5, ""N"": 8}",195.895226911058,20.0,0.00859,9.778842179072814e-11,87842710.23805873,1,71,HFS-resolved spectroscopy + HFS-resolved collisions,True,True,False,
CN,cn-hfs.dat,p-H2,40.0,48,N=8,"N=8,J=8.5,F=8.5","{""F"": 8.5, ""J"": 8.5, ""N"": 8}",195.8960901771842,18.0,0.008589,9.909787240824904e-11,86671891.04339479,2,72,HFS-resolved spectroscopy + HFS-resolved collisions,True,True,False,
CN,cn-hfs.dat,p-H2,40.0,49,N=8,"N=8,J=8.5,F=7.5","{""F"": 7.5, ""J"": 8.5, ""N"": 8}",195.8968095656227,16.0,0.008583462,9.803837809617206e-11,87552060.3939402,3,72,HFS-resolved spectroscopy + HFS-resolved collisions,True,True,False,
CN,cn-hfs.dat,p-H2,40.0,50,N=9,"N=9,J=8.5,F=7.5","{""F"": 7.5, ""J"": 8.5, ""N"": 9}",244.7497590357192,16.0,0.012271263000000001,1.0488801426094853e-10,116993949.08431198,5,71,HFS-resolved spectroscopy + HFS-resolved collisions,True,True,False,
CN,cn-hfs.dat,p-H2,40.0,51,N=9,"N=9,J=8.5,F=8.5","{""F"": 8.5, ""J"": 8.5, ""N"": 9}",244.75047842415768,18.0,0.012248895000000001,1.0587388856776492e-10,115693257.00321338,5,72,HFS-resolved spectroscopy + HFS-resolved collisions,True,True,False,
CN,cn-hfs.dat,p-H2,40.0,52,N=9,"N=9,J=8.5,F=9.5","{""F"": 9.5, ""J"": 8.5, ""N"": 9}",244.7513416902839,20.0,0.012280221000000001,1.0469235063281782e-10,117298168.64146836,3,72,HFS-resolved spectroscopy + HFS-resolved collisions,True,True,False,
CN,cn-hfs.dat,p-H2,40.0,53,N=9,"N=9,J=9.5,F=10.5","{""F"": 10.5, ""J"": 9.5, ""N"": 9}",244.8490346402322,22.0,0.0123,1.0437549648788294e-10,117843750.8216109,1,71,HFS-resolved spectroscopy + HFS-resolved collisions,True,True,False,
CN,cn-hfs.dat,p-H2,40.0,54,N=9,"N=9,J=9.5,F=9.5","{""F"": 9.5, ""J"": 9.5, ""N"": 9}",244.8497540286707,20.0,0.012336000000000001,1.0543698340558587e-10,116998794.93466674,2,72,HFS-resolved spectroscopy + HFS-resolved collisions,True,True,False,
CN,cn-hfs.dat,p-H2,40.0,55,N=9,"N=9,J=9.5,F=8.5","{""F"": 8.5, ""J"": 9.5, ""N"": 9}",244.8506172947969,18.0,0.012351419,1.046369111358203e-10,118040745.52590406,3,72,HFS-resolved spectroscopy + HFS-resolved collisions,True,True,False,
CN,cn-hfs.dat,p-H2,40.0,56,N=10,"N=10,J=9.5,F=8.5","{""F"": 8.5, ""J"": 9.5, ""N"": 10}",299.1247341597417,18.0,0.01689696,1.1479568785784902e-10,147191591.5598104,5,71,HFS-resolved spectroscopy + HFS-resolved collisions,True,True,False,
CN,cn-hfs.dat,p-H2,40.0,57,N=10,"N=10,J=9.5,F=9.5","{""F"": 9.5, ""J"": 9.5, ""N"": 10}",299.1254535481802,20.0,0.016975696999999998,1.1616161611577448e-10,146138609.01419345,5,72,HFS-resolved spectroscopy + HFS-resolved collisions,True,True,False,
CN,cn-hfs.dat,p-H2,40.0,58,N=10,"N=10,J=9.5,F=10.5","{""F"": 10.5, ""J"": 9.5, ""N"": 10}",299.1264606919941,22.0,0.016989037,1.1453528171047182e-10,148330162.95315674,3,72,HFS-resolved spectroscopy + HFS-resolved collisions,True,True,False,
CN,cn-hfs.dat,p-H2,40.0,59,N=10,"N=10,J=10.5,F=11.5","{""F"": 11.5, ""J"": 10.5, ""N"": 10}",299.23451283545677,24.0,0.017,1.1419261543227409e-10,148871272.76704195,1,71,HFS-resolved spectroscopy + HFS-resolved collisions,True,True,False,
CN,cn-hfs.dat,p-H2,40.0,60,N=10,"N=10,J=10.5,F=10.5","{""F"": 10.5, ""J"": 10.5, ""N"": 10}",299.2352322238953,22.0,0.016954,1.1550167235653728e-10,146785753.4362395,2,72,HFS-resolved spectroscopy + HFS-resolved collisions,True,True,False,
CN,cn-hfs.dat,p-H2,40.0,61,N=10,"N=10,J=10.5,F=9.5","{""F"": 9.5, ""J"": 10.5, ""N"": 10}",299.2360954900215,20.0,0.016969382999999998,1.144371926560965e-10,148285558.27121624,3,72,HFS-resolved spectroscopy + HFS-resolved collisions,True,True,False,
CN,cn-hfs.dat,p-H2,40.0,62,N=11,"N=11,J=10.5,F=9.5","{""F"": 9.5, ""J"": 10.5, ""N"": 11}",358.9292215844991,20.0,0.022622695,1.1306182681915435e-10,200091362.72126272,5,71,HFS-resolved spectroscopy + HFS-resolved collisions,True,True,False,
CN,cn-hfs.dat,p-H2,40.0,63,N=11,"N=11,J=10.5,F=10.5","{""F"": 10.5, ""J"": 10.5, ""N"": 11}",358.9300848506253,22.0,0.022602433,1.138535589466776e-10,198521971.63714197,5,72,HFS-resolved spectroscopy + HFS-resolved collisions,True,True,False,
CN,cn-hfs.dat,p-H2,40.0,64,N=11,"N=11,J=10.5,F=11.5","{""F"": 11.5, ""J"": 10.5, ""N"": 11}",358.9309481167515,24.0,0.022597766,1.1287278089029536e-10,200205628.15727457,3,72,HFS-resolved spectroscopy + HFS-resolved collisions,True,True,False,
CN,cn-hfs.dat,p-H2,40.0,65,N=11,"N=11,J=11.5,F=12.5","{""F"": 12.5, ""J"": 11.5, ""N"": 11}",359.0495033314163,26.0,0.0227,1.1271047777704922e-10,201400973.96182194,1,71,HFS-resolved spectroscopy + HFS-resolved collisions,True,True,False,
CN,cn-hfs.dat,p-H2,40.0,66,N=11,"N=11,J=11.5,F=11.5","{""F"": 11.5, ""J"": 11.5, ""N"": 11}",359.0502227198548,24.0,0.022671,1.1347526970478507e-10,199788024.8179221,2,72,HFS-resolved spectroscopy + HFS-resolved collisions,True,True,False,
CN,cn-hfs.dat,p-H2,40.0,67,N=11,"N=11,J=11.5,F=10.5","{""F"": 10.5, ""J"": 11.5, ""N"": 11}",359.051085985981,22.0,0.022687353,1.12884481024781e-10,200978494.0679273,3,72,HFS-resolved spectroscopy + HFS-resolved collisions,True,True,False,
CN,cn-hfs.dat,p-H2,40.0,68,N=12,"N=12,J=11.5,F=10.5","{""F"": 10.5, ""J"": 11.5, ""N"": 12}",424.16091926698823,22.0,0.029449262,1.9530992592779821e-10,150782208.63637388,5,71,HFS-resolved spectroscopy + HFS-resolved collisions,True,True,False,
CN,cn-hfs.dat,p-H2,40.0,69,N=12,"N=12,J=11.5,F=11.5","{""F"": 11.5, ""J"": 11.5, ""N"": 12}",424.1616386554267,24.0,0.029529497000000002,1.9683067422372885e-10,150024873.4932194,5,72,HFS-resolved spectroscopy + HFS-resolved collisions,True,True,False,
CN,cn-hfs.dat,p-H2,40.0,70,N=12,"N=12,J=11.5,F=12.5","{""F"": 12.5, ""J"": 11.5, ""N"": 12}",424.1626457992406,26.0,0.029506707,1.956763224379398e-10,150793446.19918576,3,71,HFS-resolved spectroscopy + HFS-resolved collisions,True,True,False,
CN,cn-hfs.dat,p-H2,40.0,71,N=12,"N=12,J=12.5,F=13.5","{""F"": 13.5, ""J"": 12.5, ""N"": 12}",424.29141632973204,28.0,0.0295,1.9639505436471584e-10,150207448.42798823,1,71,HFS-resolved spectroscopy + HFS-resolved collisions,True,True,False,
CN,cn-hfs.dat,p-H2,40.0,72,N=12,"N=12,J=12.5,F=12.5","{""F"": 12.5, ""J"": 12.5, ""N"": 12}",424.2922795958583,26.0,0.029489,1.960324922927722e-10,150429143.9398655,2,72,HFS-resolved spectroscopy + HFS-resolved collisions,True,True,False,
CN,cn-hfs.dat,p-H2,40.0,73,N=12,"N=12,J=12.5,F=11.5","{""F"": 11.5, ""J"": 12.5, ""N"": 12}",424.2929989842968,24.0,0.029504327,1.956702769499997e-10,150785941.84000334,3,71,HFS-resolved spectroscopy + HFS-resolved collisions,True,True,False,
CN,cn-hfs.dat,p-H2,45.0,3,N=1,"N=1,J=0.5,F=0.5","{""F"": 0.5, ""J"": 0.5, ""N"": 1}",5.430087811485699,2.0,1.1789999999999999e-05,1.1024490392640403e-10,106943.71875792668,2,70,HFS-resolved spectroscopy + HFS-resolved collisions,True,True,False,
CN,cn-hfs.dat,p-H2,45.0,4,N=1,"N=1,J=0.5,F=1.5","{""F"": 1.5, ""J"": 0.5, ""N"": 1}",5.4323898544889,4.0,1.182e-05,1.0761483456397221e-10,109836.15825728505,2,72,HFS-resolved spectroscopy + HFS-resolved collisions,True,True,False,
CN,cn-hfs.dat,p-H2,45.0,5,N=1,"N=1,J=1.5,F=2.5","{""F"": 2.5, ""J"": 1.5, ""N"": 1}",5.4467776232589,6.0,1.19e-05,9.44225728419282e-11,126029.18604984065,1,71,HFS-resolved spectroscopy + HFS-resolved collisions,True,True,False,
CN,cn-hfs.dat,p-H2,45.0,6,N=1,"N=1,J=1.5,F=1.5","{""F"": 1.5, ""J"": 1.5, ""N"": 1}",5.4474970116974,4.0,1.193e-05,1.0619513548348244e-10,112340.36234979509,2,72,HFS-resolved spectroscopy + HFS-resolved collisions,True,True,False,
CN,cn-hfs.dat,p-H2,45.0,7,N=1,"N=1,J=1.5,F=0.5","{""F"": 0.5, ""J"": 1.5, ""N"": 1}",5.4480725224482,2.0,1.19e-05,1.0684703835314276e-10,111374.16800144725,2,72,HFS-resolved spectroscopy + HFS-resolved collisions,True,True,False,
CN,cn-hfs.dat,p-H2,45.0,8,N=2,"N=2,J=1.5,F=0.5","{""F"": 0.5, ""J"": 1.5, ""N"": 2}",16.3082481454196,2.0,0.00011383,1.1077483436398801e-10,1027579.9612209143,4,71,HFS-resolved spectroscopy + HFS-resolved collisions,True,True,False,
CN,cn-hfs.dat,p-H2,45.0,9,N=2,"N=2,J=1.5,F=1.5","{""F"": 1.5, ""J"": 1.5, ""N"": 2}",16.3089675338581,4.0,0.00011392,1.0973789820059007e-10,1038109.9134208444,5,72,HFS-resolved spectroscopy + HFS-resolved collisions,True,True,False,
CN,cn-hfs.dat,p-H2,45.0,10,N=2,"N=2,J=1.5,F=2.5","{""F"": 2.5, ""J"": 1.5, ""N"": 2}",16.3102624330474,6.0,0.00011396,9.670255436241272e-11,1178459.0464168242,3,72,HFS-resolved spectroscopy + HFS-resolved collisions,True,True,False,
CN,cn-hfs.dat,p-H2,45.0,11,N=2,"N=2,J=2.5,F=3.5","{""F"": 3.5, ""J"": 2.5, ""N"": 2}",16.335009395331802,8.0,0.000114,8.852736644430951e-11,1287737.3921623968,1,71,HFS-resolved spectroscopy + HFS-resolved collisions,True,True,False,
CN,cn-hfs.dat,p-H2,45.0,12,N=2,"N=2,J=2.5,F=2.5","{""F"": 2.5, ""J"": 2.5, ""N"": 2}",16.335872661457998,6.0,0.00011430144999999999,9.82857123248342e-11,1162950.8226204212,3,72,HFS-resolved spectroscopy + HFS-resolved collisions,True,True,False,
CN,cn-hfs.dat,p-H2,45.0,13,N=2,"N=2,J=2.5,F=1.5","{""F"": 1.5, ""J"": 2.5, ""N"": 2}",16.3364481722088,4.0,0.00011433,9.471205773925773e-11,1207132.4679139636,3,72,HFS-resolved spectroscopy + HFS-resolved collisions,True,True,False,
CN,cn-hfs.dat,p-H2,45.0,14,N=3,"N=3,J=2.5,F=1.5","{""F"": 1.5, ""J"": 2.5, ""N"": 3}",32.6272871174167,4.0,0.00041252,9.767618760238462e-11,4223342.557955537,5,71,HFS-resolved spectroscopy + HFS-resolved collisions,True,True,False,
CN,cn-hfs.dat,p-H2,45.0,15,N=3,"N=3,J=2.5,F=2.5","{""F"": 2.5, ""J"": 2.5, ""N"": 3}",32.6281503835429,6.0,0.00041213999999999997,1.0137117887921157e-10,4065652.629837557,5,72,HFS-resolved spectroscopy + HFS-resolved collisions,True,True,False,
CN,cn-hfs.dat,p-H2,45.0,16,N=3,"N=3,J=2.5,F=3.5","{""F"": 3.5, ""J"": 2.5, ""N"": 3}",32.6291575273568,8.0,0.00041173,9.120744012111603e-11,4514215.062425348,3,72,HFS-resolved spectroscopy + HFS-resolved collisions,True,True,False,
CN,cn-hfs.dat,p-H2,45.0,17,N=3,"N=3,J=3.5,F=4.5","{""F"": 4.5, ""J"": 3.5, ""N"": 3}",32.6642636831556,10.0,0.000413,8.698535235829316e-11,4747925.815128628,1,71,HFS-resolved spectroscopy + HFS-resolved collisions,True,True,False,
CN,cn-hfs.dat,p-H2,45.0,18,N=3,"N=3,J=3.5,F=3.5","{""F"": 3.5, ""J"": 3.5, ""N"": 3}",32.6651269492818,8.0,0.0004135,9.381307269756619e-11,4407701.273499887,2,72,HFS-resolved spectroscopy + HFS-resolved collisions,True,True,False,
CN,cn-hfs.dat,p-H2,45.0,19,N=3,"N=3,J=3.5,F=2.5","{""F"": 2.5, ""J"": 3.5, ""N"": 3}",32.6658463377203,6.0,0.000412727,9.01362373363195e-11,4578924.2173491055,3,72,HFS-resolved spectroscopy + HFS-resolved collisions,True,True,False,
CN,cn-hfs.dat,p-H2,45.0,20,N=4,"N=4,J=3.5,F=2.5","{""F"": 2.5, ""J"": 3.5, ""N"": 4}",54.386629216726206,6.0,0.0010138599999999999,9.156400627551463e-11,11072691.565606155,5,71,HFS-resolved spectroscopy + HFS-resolved collisions,True,True,False,
CN,cn-hfs.dat,p-H2,45.0,21,N=4,"N=4,J=3.5,F=3.5","{""F"": 3.5, ""J"": 3.5, ""N"": 4}",54.3874924828524,8.0,0.00101308,9.522347241840469e-11,10638973.503808007,5,72,HFS-resolved spectroscopy + HFS-resolved collisions,True,True,False,
CN,cn-hfs.dat,p-H2,45.0,22,N=4,"N=4,J=3.5,F=4.5","{""F"": 4.5, ""J"": 3.5, ""N"": 4}",54.3884996266663,10.0,0.00101336,8.838930071024381e-11,11464736.02412557,3,72,HFS-resolved spectroscopy + HFS-resolved collisions,True,True,False,
CN,cn-hfs.dat,p-H2,45.0,23,N=4,"N=4,J=4.5,F=5.5","{""F"": 5.5, ""J"": 4.5, ""N"": 4}",54.4339649759795,12.0,0.00102,8.612199775473624e-11,11843663.948725639,1,71,HFS-resolved spectroscopy + HFS-resolved collisions,True,True,False,
CN,cn-hfs.dat,p-H2,45.0,24,N=4,"N=4,J=4.5,F=4.5","{""F"": 4.5, ""J"": 4.5, ""N"": 4}",54.4348282421057,10.0,0.0010149,9.085808075687657e-11,11170167.71150746,2,72,HFS-resolved spectroscopy + HFS-resolved collisions,True,True,False,
CN,cn-hfs.dat,p-H2,45.0,25,N=4,"N=4,J=4.5,F=3.5","{""F"": 3.5, ""J"": 4.5, ""N"": 4}",54.4355476305442,8.0,0.0010151770000000001,8.786227651246812e-11,11554185.03020396,3,72,HFS-resolved spectroscopy + HFS-resolved collisions,True,True,False,
CN,cn-hfs.dat,p-H2,45.0,26,N=5,"N=5,J=4.5,F=3.5","{""F"": 3.5, ""J"": 4.5, ""N"": 5}",81.5854111772219,8.0,0.00202894,8.952136604828318e-11,22664310.09224876,5,71,HFS-resolved spectroscopy + HFS-resolved collisions,True,True,False,
CN,cn-hfs.dat,p-H2,45.0,27,N=5,"N=5,J=4.5,F=4.5","{""F"": 4.5, ""J"": 4.5, ""N"": 5}",81.5862744433481,10.0,0.00202279,9.231113701293948e-11,21912740.60156426,5,72,HFS-resolved spectroscopy + HFS-resolved collisions,True,True,False,
CN,cn-hfs.dat,p-H2,45.0,28,N=5,"N=5,J=4.5,F=5.5","{""F"": 5.5, ""J"": 4.5, ""N"": 5}",81.58728158716201,12.0,0.00202504,8.788277417230716e-11,23042513.38299369,3,72,HFS-resolved spectroscopy + HFS-resolved collisions,True,True,False,
CN,cn-hfs.dat,p-H2,45.0,29,N=5,"N=5,J=5.5,F=6.5","{""F"": 6.5, ""J"": 5.5, ""N"": 5}",81.6431061299896,14.0,0.00203,8.655600471497927e-11,23453023.35389206,1,71,HFS-resolved spectroscopy + HFS-resolved collisions,True,True,False,
CN,cn-hfs.dat,p-H2,45.0,30,N=5,"N=5,J=5.5,F=5.5","{""F"": 5.5, ""J"": 5.5, ""N"": 5}",81.64396939611579,12.0,0.0020268,8.982018788984065e-11,22565083.05778379,2,72,HFS-resolved spectroscopy + HFS-resolved collisions,True,True,False,
CN,cn-hfs.dat,p-H2,45.0,31,N=5,"N=5,J=5.5,F=4.5","{""F"": 4.5, ""J"": 5.5, ""N"": 5}",81.6446887845543,10.0,0.002030866,8.751712041649713e-11,23205356.738601953,3,72,HFS-resolved spectroscopy + HFS-resolved collisions,True,True,False,
CN,cn-hfs.dat,p-H2,45.0,32,N=6,"N=6,J=5.5,F=4.5","{""F"": 4.5, ""J"": 5.5, ""N"": 6}",114.2226258550899,10.0,0.00355332,9.137645611337022e-11,38886603.30174566,5,71,HFS-resolved spectroscopy + HFS-resolved collisions,True,True,False,
CN,cn-hfs.dat,p-H2,45.0,33,N=6,"N=6,J=5.5,F=5.5","{""F"": 5.5, ""J"": 5.5, ""N"": 6}",114.2233452435284,12.0,0.00354949,9.358007421865953e-11,37929976.32921565,5,72,HFS-resolved spectroscopy + HFS-resolved collisions,True,True,False,
CN,cn-hfs.dat,p-H2,45.0,34,N=6,"N=6,J=5.5,F=6.5","{""F"": 6.5, ""J"": 5.5, ""N"": 6}",114.2243523873423,14.0,0.00355382,9.040089307447924e-11,39311779.7749198,3,72,HFS-resolved spectroscopy + HFS-resolved collisions,True,True,False,
CN,cn-hfs.dat,p-H2,45.0,35,N=6,"N=6,J=6.5,F=7.5","{""F"": 7.5, ""J"": 6.5, ""N"": 6}",114.29068000137201,16.0,0.00356,8.958369237145533e-11,39739375.61357258,1,71,HFS-resolved spectroscopy + HFS-resolved collisions,True,True,False,
CN,cn-hfs.dat,p-H2,45.0,36,N=6,"N=6,J=6.5,F=6.5","{""F"": 6.5, ""J"": 6.5, ""N"": 6}",114.2915432674982,14.0,0.0035539,9.199226764973738e-11,38632594.79080953,2,72,HFS-resolved spectroscopy + HFS-resolved collisions,True,True,False,
CN,cn-hfs.dat,p-H2,45.0,37,N=6,"N=6,J=6.5,F=5.5","{""F"": 5.5, ""J"": 6.5, ""N"": 6}",114.2922626559367,12.0,0.003558481,9.021873359875691e-11,39442817.007675566,3,72,HFS-resolved spectroscopy + HFS-resolved collisions,True,True,False,
CN,cn-hfs.dat,p-H2,45.0,38,N=7,"N=7,J=6.5,F=5.5","{""F"": 5.5, ""J"": 6.5, ""N"": 7}",152.2966905957655,12.0,0.005698902,9.665936629850764e-11,58958611.236912146,5,71,HFS-resolved spectroscopy + HFS-resolved collisions,True,True,False,
CN,cn-hfs.dat,p-H2,45.0,39,N=7,"N=7,J=6.5,F=6.5","{""F"": 6.5, ""J"": 6.5, ""N"": 7}",152.29755386189169,14.0,0.00570627,9.830649726703318e-11,58045705.61089031,5,72,HFS-resolved spectroscopy + HFS-resolved collisions,True,True,False,
CN,cn-hfs.dat,p-H2,45.0,40,N=7,"N=7,J=6.5,F=7.5","{""F"": 7.5, ""J"": 6.5, ""N"": 7}",152.2984171280179,16.0,0.00570265,9.604111675220546e-11,59377172.95305238,3,72,HFS-resolved spectroscopy + HFS-resolved collisions,True,True,False,
CN,cn-hfs.dat,p-H2,45.0,41,N=7,"N=7,J=7.5,F=8.5","{""F"": 8.5, ""J"": 7.5, ""N"": 7}",152.3752478132497,18.0,0.00571,9.548323444477847e-11,59801074.326847464,1,71,HFS-resolved spectroscopy + HFS-resolved collisions,True,True,False,
CN,cn-hfs.dat,p-H2,45.0,42,N=7,"N=7,J=7.5,F=7.5","{""F"": 7.5, ""J"": 7.5, ""N"": 7}",152.37596720168818,16.0,0.005711000000000001,9.725386726982675e-11,58722600.55381729,2,72,HFS-resolved spectroscopy + HFS-resolved collisions,True,True,False,
CN,cn-hfs.dat,p-H2,45.0,43,N=7,"N=7,J=7.5,F=6.5","{""F"": 6.5, ""J"": 7.5, ""N"": 7}",152.37683046781441,14.0,0.0057065150000000005,9.59059868211453e-11,59501134.27894817,3,72,HFS-resolved spectroscopy + HFS-resolved collisions,True,True,False,
CN,cn-hfs.dat,p-H2,45.0,44,N=8,"N=8,J=7.5,F=6.5","{""F"": 6.5, ""J"": 7.5, ""N"": 8}",195.8063105000594,14.0,0.008584535,1.0212593271367151e-10,84058326.53757292,5,71,HFS-resolved spectroscopy + HFS-resolved collisions,True,True,False,
CN,cn-hfs.dat,p-H2,45.0,45,N=8,"N=8,J=7.5,F=7.5","{""F"": 7.5, ""J"": 7.5, ""N"": 8}",195.80717376618563,16.0,0.00858305,1.034659935460081e-10,82955275.50492603,5,72,HFS-resolved spectroscopy + HFS-resolved collisions,True,True,False,
CN,cn-hfs.dat,p-H2,45.0,46,N=8,"N=8,J=7.5,F=8.5","{""F"": 8.5, ""J"": 7.5, ""N"": 8}",195.8080370323118,18.0,0.008581420000000001,1.0169340840325992e-10,84385213.70009378,3,72,HFS-resolved spectroscopy + HFS-resolved collisions,True,True,False,
CN,cn-hfs.dat,p-H2,45.0,47,N=8,"N=8,J=8.5,F=9.5","{""F"": 9.5, ""J"": 8.5, ""N"": 8}",195.895226911058,20.0,0.00859,1.0133062101701139e-10,84772005.87330765,1,71,HFS-resolved spectroscopy + HFS-resolved collisions,True,True,False,
CN,cn-hfs.dat,p-H2,45.0,48,N=8,"N=8,J=8.5,F=8.5","{""F"": 8.5, ""J"": 8.5, ""N"": 8}",195.8960901771842,18.0,0.008589,1.02727612202229e-10,83609458.21549655,2,72,HFS-resolved spectroscopy + HFS-resolved collisions,True,True,False,
CN,cn-hfs.dat,p-H2,45.0,49,N=8,"N=8,J=8.5,F=7.5","{""F"": 7.5, ""J"": 8.5, ""N"": 8}",195.8968095656227,16.0,0.008583462,1.0162188271186138e-10,84464701.60701059,3,72,HFS-resolved spectroscopy + HFS-resolved collisions,True,True,False,
CN,cn-hfs.dat,p-H2,45.0,50,N=9,"N=9,J=8.5,F=7.5","{""F"": 7.5, ""J"": 8.5, ""N"": 9}",244.7497590357192,16.0,0.012271263000000001,1.0803233326426566e-10,113588799.10500853,5,71,HFS-resolved spectroscopy + HFS-resolved collisions,True,True,False,
CN,cn-hfs.dat,p-H2,45.0,51,N=9,"N=9,J=8.5,F=8.5","{""F"": 8.5, ""J"": 8.5, ""N"": 9}",244.75047842415768,18.0,0.012248895000000001,1.0908333850468044e-10,112289330.04717706,5,72,HFS-resolved spectroscopy + HFS-resolved collisions,True,True,False,
CN,cn-hfs.dat,p-H2,45.0,52,N=9,"N=9,J=8.5,F=9.5","{""F"": 9.5, ""J"": 8.5, ""N"": 9}",244.7513416902839,20.0,0.012280221000000001,1.0776495809100353e-10,113953749.136429,3,72,HFS-resolved spectroscopy + HFS-resolved collisions,True,True,False,
CN,cn-hfs.dat,p-H2,45.0,53,N=9,"N=9,J=9.5,F=10.5","{""F"": 10.5, ""J"": 9.5, ""N"": 9}",244.8490346402322,22.0,0.0123,1.0748218194801128e-10,114437572.60109833,1,71,HFS-resolved spectroscopy + HFS-resolved collisions,True,True,False,
CN,cn-hfs.dat,p-H2,45.0,54,N=9,"N=9,J=9.5,F=9.5","{""F"": 9.5, ""J"": 9.5, ""N"": 9}",244.8497540286707,20.0,0.012336000000000001,1.0855680150300516e-10,113636362.06303026,2,72,HFS-resolved spectroscopy + HFS-resolved collisions,True,True,False,
CN,cn-hfs.dat,p-H2,45.0,55,N=9,"N=9,J=9.5,F=8.5","{""F"": 8.5, ""J"": 9.5, ""N"": 9}",244.8506172947969,18.0,0.012351419,1.0771056508784107e-10,114672307.12165573,3,72,HFS-resolved spectroscopy + HFS-resolved collisions,True,True,False,
CN,cn-hfs.dat,p-H2,45.0,56,N=10,"N=10,J=9.5,F=8.5","{""F"": 8.5, ""J"": 9.5, ""N"": 10}",299.1247341597417,18.0,0.01689696,1.181120707775704e-10,143058705.92871487,5,71,HFS-resolved spectroscopy + HFS-resolved collisions,True,True,False,
CN,cn-hfs.dat,p-H2,45.0,57,N=10,"N=10,J=9.5,F=9.5","{""F"": 9.5, ""J"": 9.5, ""N"": 10}",299.1254535481802,20.0,0.016975696999999998,1.1957361132268494e-10,141968589.99423268,5,72,HFS-resolved spectroscopy + HFS-resolved collisions,True,True,False,
CN,cn-hfs.dat,p-H2,45.0,58,N=10,"N=10,J=9.5,F=10.5","{""F"": 10.5, ""J"": 9.5, ""N"": 10}",299.1264606919941,22.0,0.016989037,1.1773045862069165e-10,144304517.27650112,3,72,HFS-resolved spectroscopy + HFS-resolved collisions,True,True,False,
CN,cn-hfs.dat,p-H2,45.0,59,N=10,"N=10,J=10.5,F=11.5","{""F"": 11.5, ""J"": 10.5, ""N"": 10}",299.23451283545677,24.0,0.017,1.1736919289025526e-10,144842096.8174814,1,71,HFS-resolved spectroscopy + HFS-resolved collisions,True,True,False,
CN,cn-hfs.dat,p-H2,45.0,60,N=10,"N=10,J=10.5,F=10.5","{""F"": 10.5, ""J"": 10.5, ""N"": 10}",299.2352322238953,22.0,0.016954,1.188704494060257e-10,142625859.3680439,2,72,HFS-resolved spectroscopy + HFS-resolved collisions,True,True,False,
CN,cn-hfs.dat,p-H2,45.0,61,N=10,"N=10,J=10.5,F=9.5","{""F"": 9.5, ""J"": 10.5, ""N"": 10}",299.2360954900215,20.0,0.016969382999999998,1.1762970167693105e-10,144261039.1600436,3,72,HFS-resolved spectroscopy + HFS-resolved collisions,True,True,False,
CN,cn-hfs.dat,p-H2,45.0,62,N=11,"N=11,J=10.5,F=9.5","{""F"": 9.5, ""J"": 10.5, ""N"": 11}",358.9292215844991,20.0,0.022622695,1.1343316233682865e-10,199436342.37070927,5,71,HFS-resolved spectroscopy + HFS-resolved collisions,True,True,False,
CN,cn-hfs.dat,p-H2,45.0,63,N=11,"N=11,J=10.5,F=10.5","{""F"": 10.5, ""J"": 10.5, ""N"": 11}",358.9300848506253,22.0,0.022602433,1.1420247436544362e-10,197915440.3228871,5,72,HFS-resolved spectroscopy + HFS-resolved collisions,True,True,False,
CN,cn-hfs.dat,p-H2,45.0,64,N=11,"N=11,J=10.5,F=11.5","{""F"": 11.5, ""J"": 10.5, ""N"": 11}",358.9309481167515,24.0,0.022597766,1.1323673449122316e-10,199562148.2863542,3,72,HFS-resolved spectroscopy + HFS-resolved collisions,True,True,False,
CN,cn-hfs.dat,p-H2,45.0,65,N=11,"N=11,J=11.5,F=12.5","{""F"": 12.5, ""J"": 11.5, ""N"": 11}",359.0495033314163,26.0,0.0227,1.1303899996872277e-10,200815647.75237712,1,71,HFS-resolved spectroscopy + HFS-resolved collisions,True,True,False,
CN,cn-hfs.dat,p-H2,45.0,66,N=11,"N=11,J=11.5,F=11.5","{""F"": 11.5, ""J"": 11.5, ""N"": 11}",359.0502227198548,24.0,0.022671,1.1386230072215417e-10,199108922.41077742,2,72,HFS-resolved spectroscopy + HFS-resolved collisions,True,True,False,
CN,cn-hfs.dat,p-H2,45.0,67,N=11,"N=11,J=11.5,F=10.5","{""F"": 10.5, ""J"": 11.5, ""N"": 11}",359.051085985981,22.0,0.022687353,1.1323520728104196e-10,200355998.3220727,3,72,HFS-resolved spectroscopy + HFS-resolved collisions,True,True,False,
CN,cn-hfs.dat,p-H2,45.0,68,N=12,"N=12,J=11.5,F=10.5","{""F"": 10.5, ""J"": 11.5, ""N"": 12}",424.16091926698823,22.0,0.029449262,1.842574328797729e-10,159826724.7064899,5,71,HFS-resolved spectroscopy + HFS-resolved collisions,True,True,False,
CN,cn-hfs.dat,p-H2,45.0,69,N=12,"N=12,J=11.5,F=11.5","{""F"": 11.5, ""J"": 11.5, ""N"": 12}",424.1616386554267,24.0,0.029529497000000002,1.852759969347419e-10,159381125.93398115,5,72,HFS-resolved spectroscopy + HFS-resolved collisions,True,True,False,
CN,cn-hfs.dat,p-H2,45.0,70,N=12,"N=12,J=11.5,F=12.5","{""F"": 12.5, ""J"": 11.5, ""N"": 12}",424.1626457992406,26.0,0.029506707,1.841243117097184e-10,160254269.1185663,3,71,HFS-resolved spectroscopy + HFS-resolved collisions,True,True,False,
CN,cn-hfs.dat,p-H2,45.0,71,N=12,"N=12,J=12.5,F=13.5","{""F"": 13.5, ""J"": 12.5, ""N"": 12}",424.29141632973204,28.0,0.0295,1.849463892490897e-10,159505682.2670313,1,71,HFS-resolved spectroscopy + HFS-resolved collisions,True,True,False,
CN,cn-hfs.dat,p-H2,45.0,72,N=12,"N=12,J=12.5,F=12.5","{""F"": 12.5, ""J"": 12.5, ""N"": 12}",424.2922795958583,26.0,0.029489,1.8509646123047093e-10,159316930.23175672,2,72,HFS-resolved spectroscopy + HFS-resolved collisions,True,True,False,
CN,cn-hfs.dat,p-H2,45.0,73,N=12,"N=12,J=12.5,F=11.5","{""F"": 11.5, ""J"": 12.5, ""N"": 12}",424.2929989842968,24.0,0.029504327,1.8411711195999004e-10,160247609.17611775,3,71,HFS-resolved spectroscopy + HFS-resolved collisions,True,True,False,
CN,cn-hfs.dat,p-H2,50.0,3,N=1,"N=1,J=0.5,F=0.5","{""F"": 0.5, ""J"": 0.5, ""N"": 1}",5.430087811485699,2.0,1.1789999999999999e-05,1.156224586911297e-10,101969.80875052523,2,70,HFS-resolved spectroscopy + HFS-resolved collisions,True,True,False,
CN,cn-hfs.dat,p-H2,50.0,4,N=1,"N=1,J=0.5,F=1.5","{""F"": 1.5, ""J"": 0.5, ""N"": 1}",5.4323898544889,4.0,1.182e-05,1.130809996281371e-10,104526.84393372588,2,72,HFS-resolved spectroscopy + HFS-resolved collisions,True,True,False,
CN,cn-hfs.dat,p-H2,50.0,5,N=1,"N=1,J=1.5,F=2.5","{""F"": 2.5, ""J"": 1.5, ""N"": 1}",5.4467776232589,6.0,1.19e-05,9.963826502956021e-11,119432.02740904375,1,71,HFS-resolved spectroscopy + HFS-resolved collisions,True,True,False,
CN,cn-hfs.dat,p-H2,50.0,6,N=1,"N=1,J=1.5,F=1.5","{""F"": 1.5, ""J"": 1.5, ""N"": 1}",5.4474970116974,4.0,1.193e-05,1.1162250902286578e-10,106878.08493496726,2,72,HFS-resolved spectroscopy + HFS-resolved collisions,True,True,False,
CN,cn-hfs.dat,p-H2,50.0,7,N=1,"N=1,J=1.5,F=0.5","{""F"": 0.5, ""J"": 1.5, ""N"": 1}",5.4480725224482,2.0,1.19e-05,1.1239759576290131e-10,105874.15077011632,2,72,HFS-resolved spectroscopy + HFS-resolved collisions,True,True,False,
CN,cn-hfs.dat,p-H2,50.0,8,N=2,"N=2,J=1.5,F=0.5","{""F"": 0.5, ""J"": 1.5, ""N"": 2}",16.3082481454196,2.0,0.00011383,1.1611549579080841e-10,980317.0474772297,4,71,HFS-resolved spectroscopy + HFS-resolved collisions,True,True,False,
CN,cn-hfs.dat,p-H2,50.0,9,N=2,"N=2,J=1.5,F=1.5","{""F"": 1.5, ""J"": 1.5, ""N"": 2}",16.3089675338581,4.0,0.00011392,1.150991691658682e-10,989755.1895950794,5,72,HFS-resolved spectroscopy + HFS-resolved collisions,True,True,False,
CN,cn-hfs.dat,p-H2,50.0,10,N=2,"N=2,J=1.5,F=2.5","{""F"": 2.5, ""J"": 1.5, ""N"": 2}",16.3102624330474,6.0,0.00011396,1.0198490616834613e-10,1117420.2564042823,3,72,HFS-resolved spectroscopy + HFS-resolved collisions,True,True,False,
CN,cn-hfs.dat,p-H2,50.0,11,N=2,"N=2,J=2.5,F=3.5","{""F"": 3.5, ""J"": 2.5, ""N"": 2}",16.335009395331802,8.0,0.000114,9.367198402495774e-11,1217012.7619975053,1,71,HFS-resolved spectroscopy + HFS-resolved collisions,True,True,False,
CN,cn-hfs.dat,p-H2,50.0,12,N=2,"N=2,J=2.5,F=2.5","{""F"": 2.5, ""J"": 2.5, ""N"": 2}",16.335872661457998,6.0,0.00011430144999999999,1.0357500896831075e-10,1103562.057474415,3,72,HFS-resolved spectroscopy + HFS-resolved collisions,True,True,False,
CN,cn-hfs.dat,p-H2,50.0,13,N=2,"N=2,J=2.5,F=1.5","{""F"": 1.5, ""J"": 2.5, ""N"": 2}",16.3364481722088,4.0,0.00011433,9.995594409858523e-11,1143803.9131243443,3,72,HFS-resolved spectroscopy + HFS-resolved collisions,True,True,False,
CN,cn-hfs.dat,p-H2,50.0,14,N=3,"N=3,J=2.5,F=1.5","{""F"": 1.5, ""J"": 2.5, ""N"": 3}",32.6272871174167,4.0,0.00041252,1.0295632081637449e-10,4006747.6841537594,5,71,HFS-resolved spectroscopy + HFS-resolved collisions,True,True,False,
CN,cn-hfs.dat,p-H2,50.0,15,N=3,"N=3,J=2.5,F=2.5","{""F"": 2.5, ""J"": 2.5, ""N"": 3}",32.6281503835429,6.0,0.00041213999999999997,1.0668561559377862e-10,3863126.230337222,5,72,HFS-resolved spectroscopy + HFS-resolved collisions,True,True,False,
CN,cn-hfs.dat,p-H2,50.0,16,N=3,"N=3,J=2.5,F=3.5","{""F"": 3.5, ""J"": 2.5, ""N"": 3}",32.6291575273568,8.0,0.00041173,9.639581437707241e-11,4271243.54579787,3,72,HFS-resolved spectroscopy + HFS-resolved collisions,True,True,False,
CN,cn-hfs.dat,p-H2,50.0,17,N=3,"N=3,J=3.5,F=4.5","{""F"": 4.5, ""J"": 3.5, ""N"": 3}",32.6642636831556,10.0,0.000413,9.211039086423859e-11,4483750.379571402,1,71,HFS-resolved spectroscopy + HFS-resolved collisions,True,True,False,
CN,cn-hfs.dat,p-H2,50.0,18,N=3,"N=3,J=3.5,F=3.5","{""F"": 3.5, ""J"": 3.5, ""N"": 3}",32.6651269492818,8.0,0.0004135,9.898104304862083e-11,4177567.615617904,2,72,HFS-resolved spectroscopy + HFS-resolved collisions,True,True,False,
CN,cn-hfs.dat,p-H2,50.0,19,N=3,"N=3,J=3.5,F=2.5","{""F"": 2.5, ""J"": 3.5, ""N"": 3}",32.6658463377203,6.0,0.000412727,9.527728967779263e-11,4331850.763133106,3,72,HFS-resolved spectroscopy + HFS-resolved collisions,True,True,False,
CN,cn-hfs.dat,p-H2,50.0,20,N=4,"N=4,J=3.5,F=2.5","{""F"": 2.5, ""J"": 3.5, ""N"": 4}",54.386629216726206,6.0,0.0010138599999999999,9.685376552626933e-11,10467946.129828209,5,71,HFS-resolved spectroscopy + HFS-resolved collisions,True,True,False,
CN,cn-hfs.dat,p-H2,50.0,21,N=4,"N=4,J=3.5,F=3.5","{""F"": 3.5, ""J"": 3.5, ""N"": 4}",54.3874924828524,8.0,0.00101308,1.0059674631638742e-10,10070703.44813893,5,72,HFS-resolved spectroscopy + HFS-resolved collisions,True,True,False,
CN,cn-hfs.dat,p-H2,50.0,22,N=4,"N=4,J=3.5,F=4.5","{""F"": 4.5, ""J"": 3.5, ""N"": 4}",54.3884996266663,10.0,0.00101336,9.363330471007385e-11,10822644.81786441,3,72,HFS-resolved spectroscopy + HFS-resolved collisions,True,True,False,
CN,cn-hfs.dat,p-H2,50.0,23,N=4,"N=4,J=4.5,F=5.5","{""F"": 5.5, ""J"": 4.5, ""N"": 4}",54.4339649759795,12.0,0.00102,9.13179648616611e-11,11169762.724620646,1,71,HFS-resolved spectroscopy + HFS-resolved collisions,True,True,False,
CN,cn-hfs.dat,p-H2,50.0,24,N=4,"N=4,J=4.5,F=4.5","{""F"": 4.5, ""J"": 4.5, ""N"": 4}",54.4348282421057,10.0,0.0010149,9.611691439608859e-11,10559015.61527136,2,72,HFS-resolved spectroscopy + HFS-resolved collisions,True,True,False,
CN,cn-hfs.dat,p-H2,50.0,25,N=4,"N=4,J=4.5,F=3.5","{""F"": 3.5, ""J"": 4.5, ""N"": 4}",54.4355476305442,8.0,0.0010151770000000001,9.306469179294445e-11,10908293.794800535,3,72,HFS-resolved spectroscopy + HFS-resolved collisions,True,True,False,
CN,cn-hfs.dat,p-H2,50.0,26,N=5,"N=5,J=4.5,F=3.5","{""F"": 3.5, ""J"": 4.5, ""N"": 5}",81.5854111772219,8.0,0.00202894,9.476279707501388e-11,21410723.01183658,5,71,HFS-resolved spectroscopy + HFS-resolved collisions,True,True,False,
CN,cn-hfs.dat,p-H2,50.0,27,N=5,"N=5,J=4.5,F=4.5","{""F"": 4.5, ""J"": 4.5, ""N"": 5}",81.5862744433481,10.0,0.00202279,9.762167892186975e-11,20720704.8919832,5,72,HFS-resolved spectroscopy + HFS-resolved collisions,True,True,False,
CN,cn-hfs.dat,p-H2,50.0,28,N=5,"N=5,J=4.5,F=5.5","{""F"": 5.5, ""J"": 4.5, ""N"": 5}",81.58728158716201,12.0,0.00202504,9.305429205708182e-11,21761919.361632347,3,72,HFS-resolved spectroscopy + HFS-resolved collisions,True,True,False,
CN,cn-hfs.dat,p-H2,50.0,29,N=5,"N=5,J=5.5,F=6.5","{""F"": 6.5, ""J"": 5.5, ""N"": 5}",81.6431061299896,14.0,0.00203,9.167352197861882e-11,22143798.516582143,1,71,HFS-resolved spectroscopy + HFS-resolved collisions,True,True,False,
CN,cn-hfs.dat,p-H2,50.0,30,N=5,"N=5,J=5.5,F=5.5","{""F"": 5.5, ""J"": 5.5, ""N"": 5}",81.64396939611579,12.0,0.0020268,9.502620375690686e-11,21328853.725282956,2,72,HFS-resolved spectroscopy + HFS-resolved collisions,True,True,False,
CN,cn-hfs.dat,p-H2,50.0,31,N=5,"N=5,J=5.5,F=4.5","{""F"": 4.5, ""J"": 5.5, ""N"": 5}",81.6446887845543,10.0,0.002030866,9.266516614939554e-11,21916175.024451166,3,72,HFS-resolved spectroscopy + HFS-resolved collisions,True,True,False,
CN,cn-hfs.dat,p-H2,50.0,32,N=6,"N=6,J=5.5,F=4.5","{""F"": 4.5, ""J"": 5.5, ""N"": 6}",114.2226258550899,10.0,0.00355332,9.624432493481926e-11,36919787.24362667,5,71,HFS-resolved spectroscopy + HFS-resolved collisions,True,True,False,
CN,cn-hfs.dat,p-H2,50.0,33,N=6,"N=6,J=5.5,F=5.5","{""F"": 5.5, ""J"": 5.5, ""N"": 6}",114.2233452435284,12.0,0.00354949,9.846992781458101e-11,36046436.49870135,5,72,HFS-resolved spectroscopy + HFS-resolved collisions,True,True,False,
CN,cn-hfs.dat,p-H2,50.0,34,N=6,"N=6,J=5.5,F=6.5","{""F"": 6.5, ""J"": 5.5, ""N"": 6}",114.2243523873423,14.0,0.00355382,9.521012078830596e-11,37326073.85197743,3,72,HFS-resolved spectroscopy + HFS-resolved collisions,True,True,False,
CN,cn-hfs.dat,p-H2,50.0,35,N=6,"N=6,J=6.5,F=7.5","{""F"": 7.5, ""J"": 6.5, ""N"": 6}",114.29068000137201,16.0,0.00356,9.435304790006502e-11,37730630.63919895,1,71,HFS-resolved spectroscopy + HFS-resolved collisions,True,True,False,
CN,cn-hfs.dat,p-H2,50.0,36,N=6,"N=6,J=6.5,F=6.5","{""F"": 6.5, ""J"": 6.5, ""N"": 6}",114.2915432674982,14.0,0.0035539,9.680684111245486e-11,36711248.49401543,2,72,HFS-resolved spectroscopy + HFS-resolved collisions,True,True,False,
CN,cn-hfs.dat,p-H2,50.0,37,N=6,"N=6,J=6.5,F=5.5","{""F"": 5.5, ""J"": 6.5, ""N"": 6}",114.2922626559367,12.0,0.003558481,9.498093918424255e-11,37465211.76314454,3,72,HFS-resolved spectroscopy + HFS-resolved collisions,True,True,False,
CN,cn-hfs.dat,p-H2,50.0,38,N=7,"N=7,J=6.5,F=5.5","{""F"": 5.5, ""J"": 6.5, ""N"": 7}",152.2966905957655,12.0,0.005698902,1.0091326662860721e-10,56473268.48484416,5,71,HFS-resolved spectroscopy + HFS-resolved collisions,True,True,False,
CN,cn-hfs.dat,p-H2,50.0,39,N=7,"N=7,J=6.5,F=6.5","{""F"": 6.5, ""J"": 6.5, ""N"": 7}",152.29755386189169,14.0,0.00570627,1.0264217046174737e-10,55593816.59925644,5,72,HFS-resolved spectroscopy + HFS-resolved collisions,True,True,False,
CN,cn-hfs.dat,p-H2,50.0,40,N=7,"N=7,J=6.5,F=7.5","{""F"": 7.5, ""J"": 6.5, ""N"": 7}",152.2984171280179,16.0,0.00570265,1.0022502587018359e-10,56898463.736855045,3,72,HFS-resolved spectroscopy + HFS-resolved collisions,True,True,False,
CN,cn-hfs.dat,p-H2,50.0,41,N=7,"N=7,J=7.5,F=8.5","{""F"": 8.5, ""J"": 7.5, ""N"": 7}",152.3752478132497,18.0,0.00571,9.967671353567067e-11,57285195.28241266,1,71,HFS-resolved spectroscopy + HFS-resolved collisions,True,True,False,
CN,cn-hfs.dat,p-H2,50.0,42,N=7,"N=7,J=7.5,F=7.5","{""F"": 7.5, ""J"": 7.5, ""N"": 7}",152.37596720168818,16.0,0.005711000000000001,1.015069510436799e-10,56262156.84029831,2,72,HFS-resolved spectroscopy + HFS-resolved collisions,True,True,False,
CN,cn-hfs.dat,p-H2,50.0,43,N=7,"N=7,J=7.5,F=6.5","{""F"": 6.5, ""J"": 7.5, ""N"": 7}",152.37683046781441,14.0,0.0057065150000000005,1.0009691112161384e-10,57009901.06544654,3,72,HFS-resolved spectroscopy + HFS-resolved collisions,True,True,False,
CN,cn-hfs.dat,p-H2,50.0,44,N=8,"N=8,J=7.5,F=6.5","{""F"": 6.5, ""J"": 7.5, ""N"": 8}",195.8063105000594,14.0,0.008584535,1.0579468068616247e-10,81143351.86157261,5,71,HFS-resolved spectroscopy + HFS-resolved collisions,True,True,False,
CN,cn-hfs.dat,p-H2,50.0,45,N=8,"N=8,J=7.5,F=7.5","{""F"": 7.5, ""J"": 7.5, ""N"": 8}",195.80717376618563,16.0,0.00858305,1.0720260275687644e-10,80063821.01995602,5,72,HFS-resolved spectroscopy + HFS-resolved collisions,True,True,False,
CN,cn-hfs.dat,p-H2,50.0,46,N=8,"N=8,J=7.5,F=8.5","{""F"": 8.5, ""J"": 7.5, ""N"": 8}",195.8080370323118,18.0,0.008581420000000001,1.0537771596220379e-10,81434864.30354905,3,72,HFS-resolved spectroscopy + HFS-resolved collisions,True,True,False,
CN,cn-hfs.dat,p-H2,50.0,47,N=8,"N=8,J=8.5,F=9.5","{""F"": 9.5, ""J"": 8.5, ""N"": 8}",195.895226911058,20.0,0.00859,1.0493209480959739e-10,81862465.58392671,1,71,HFS-resolved spectroscopy + HFS-resolved collisions,True,True,False,
CN,cn-hfs.dat,p-H2,50.0,48,N=8,"N=8,J=8.5,F=8.5","{""F"": 8.5, ""J"": 8.5, ""N"": 8}",195.8960901771842,18.0,0.008589,1.064117355346097e-10,80714781.6624651,2,72,HFS-resolved spectroscopy + HFS-resolved collisions,True,True,False,
CN,cn-hfs.dat,p-H2,50.0,49,N=8,"N=8,J=8.5,F=7.5","{""F"": 7.5, ""J"": 8.5, ""N"": 8}",195.8968095656227,16.0,0.008583462,1.0526218413076184e-10,81543643.34049162,3,72,HFS-resolved spectroscopy + HFS-resolved collisions,True,True,False,
CN,cn-hfs.dat,p-H2,50.0,50,N=9,"N=9,J=8.5,F=7.5","{""F"": 7.5, ""J"": 8.5, ""N"": 9}",244.7497590357192,16.0,0.012271263000000001,1.1130271261125025e-10,110251248.25897232,5,71,HFS-resolved spectroscopy + HFS-resolved collisions,True,True,False,
CN,cn-hfs.dat,p-H2,50.0,51,N=9,"N=9,J=8.5,F=8.5","{""F"": 8.5, ""J"": 8.5, ""N"": 9}",244.75047842415768,18.0,0.012248895000000001,1.1241277387386454e-10,108963550.83047919,5,72,HFS-resolved spectroscopy + HFS-resolved collisions,True,True,False,
CN,cn-hfs.dat,p-H2,50.0,52,N=9,"N=9,J=8.5,F=9.5","{""F"": 9.5, ""J"": 8.5, ""N"": 9}",244.7513416902839,20.0,0.012280221000000001,1.109700654041669e-10,110662465.19071513,3,72,HFS-resolved spectroscopy + HFS-resolved collisions,True,True,False,
CN,cn-hfs.dat,p-H2,50.0,53,N=9,"N=9,J=9.5,F=10.5","{""F"": 10.5, ""J"": 9.5, ""N"": 9}",244.8490346402322,22.0,0.0123,1.1071702581165834e-10,111094024.69791442,1,71,HFS-resolved spectroscopy + HFS-resolved collisions,True,True,False,
CN,cn-hfs.dat,p-H2,50.0,54,N=9,"N=9,J=9.5,F=9.5","{""F"": 9.5, ""J"": 9.5, ""N"": 9}",244.8497540286707,20.0,0.012336000000000001,1.1180676085755717e-10,110333220.50816031,2,72,HFS-resolved spectroscopy + HFS-resolved collisions,True,True,False,
CN,cn-hfs.dat,p-H2,50.0,55,N=9,"N=9,J=9.5,F=8.5","{""F"": 8.5, ""J"": 9.5, ""N"": 9}",244.8506172947969,18.0,0.012351419,1.109171508385708e-10,111357160.78730059,3,72,HFS-resolved spectroscopy + HFS-resolved collisions,True,True,False,
CN,cn-hfs.dat,p-H2,50.0,56,N=10,"N=10,J=9.5,F=8.5","{""F"": 8.5, ""J"": 9.5, ""N"": 10}",299.1247341597417,18.0,0.01689696,1.2145620655131956e-10,139119773.94799033,5,71,HFS-resolved spectroscopy + HFS-resolved collisions,True,True,False,
CN,cn-hfs.dat,p-H2,50.0,57,N=10,"N=10,J=9.5,F=9.5","{""F"": 9.5, ""J"": 9.5, ""N"": 10}",299.1254535481802,20.0,0.016975696999999998,1.2300712821037369e-10,138005798.90758207,5,72,HFS-resolved spectroscopy + HFS-resolved collisions,True,True,False,
CN,cn-hfs.dat,p-H2,50.0,58,N=10,"N=10,J=9.5,F=10.5","{""F"": 10.5, ""J"": 9.5, ""N"": 10}",299.1264606919941,22.0,0.016989037,1.2094966276775022e-10,140463698.79197317,3,72,HFS-resolved spectroscopy + HFS-resolved collisions,True,True,False,
CN,cn-hfs.dat,p-H2,50.0,59,N=10,"N=10,J=10.5,F=11.5","{""F"": 11.5, ""J"": 10.5, ""N"": 10}",299.23451283545677,24.0,0.017,1.205730482193064e-10,140993366.6857228,1,71,HFS-resolved spectroscopy + HFS-resolved collisions,True,True,False,
CN,cn-hfs.dat,p-H2,50.0,60,N=10,"N=10,J=10.5,F=10.5","{""F"": 10.5, ""J"": 10.5, ""N"": 10}",299.2352322238953,22.0,0.016954,1.2227712437776228e-10,138652262.93368173,2,72,HFS-resolved spectroscopy + HFS-resolved collisions,True,True,False,
CN,cn-hfs.dat,p-H2,50.0,61,N=10,"N=10,J=10.5,F=9.5","{""F"": 9.5, ""J"": 10.5, ""N"": 10}",299.2360954900215,20.0,0.016969382999999998,1.2084395128246518e-10,140423933.67571312,3,72,HFS-resolved spectroscopy + HFS-resolved collisions,True,True,False,
CN,cn-hfs.dat,p-H2,50.0,62,N=11,"N=11,J=10.5,F=9.5","{""F"": 9.5, ""J"": 10.5, ""N"": 11}",358.9292215844991,20.0,0.022622695,1.1377954387627774e-10,198829193.97707903,5,71,HFS-resolved spectroscopy + HFS-resolved collisions,True,True,False,
CN,cn-hfs.dat,p-H2,50.0,63,N=11,"N=11,J=10.5,F=10.5","{""F"": 10.5, ""J"": 10.5, ""N"": 11}",358.9300848506253,22.0,0.022602433,1.1453033529364142e-10,197348876.54043967,5,72,HFS-resolved spectroscopy + HFS-resolved collisions,True,True,False,
CN,cn-hfs.dat,p-H2,50.0,64,N=11,"N=11,J=10.5,F=11.5","{""F"": 11.5, ""J"": 10.5, ""N"": 11}",358.9309481167515,24.0,0.022597766,1.1357640627264499e-10,198965319.83723012,3,72,HFS-resolved spectroscopy + HFS-resolved collisions,True,True,False,
CN,cn-hfs.dat,p-H2,50.0,65,N=11,"N=11,J=11.5,F=12.5","{""F"": 12.5, ""J"": 11.5, ""N"": 11}",359.0495033314163,26.0,0.0227,1.1334584236568685e-10,200272012.8609849,1,71,HFS-resolved spectroscopy + HFS-resolved collisions,True,True,False,
CN,cn-hfs.dat,p-H2,50.0,66,N=11,"N=11,J=11.5,F=11.5","{""F"": 11.5, ""J"": 11.5, ""N"": 11}",359.0502227198548,24.0,0.022671,1.1422379703501733e-10,198478781.0288762,2,72,HFS-resolved spectroscopy + HFS-resolved collisions,True,True,False,
CN,cn-hfs.dat,p-H2,50.0,67,N=11,"N=11,J=11.5,F=10.5","{""F"": 10.5, ""J"": 11.5, ""N"": 11}",359.051085985981,22.0,0.022687353,1.1356261188204896e-10,199778365.64347488,3,72,HFS-resolved spectroscopy + HFS-resolved collisions,True,True,False,
CN,cn-hfs.dat,p-H2,50.0,68,N=12,"N=12,J=11.5,F=10.5","{""F"": 10.5, ""J"": 11.5, ""N"": 12}",424.16091926698823,22.0,0.029449262,1.7493553471581844e-10,168343510.3556297,5,71,HFS-resolved spectroscopy + HFS-resolved collisions,True,True,False,
CN,cn-hfs.dat,p-H2,50.0,69,N=12,"N=12,J=11.5,F=11.5","{""F"": 11.5, ""J"": 11.5, ""N"": 12}",424.1616386554267,24.0,0.029529497000000002,1.7556468687264426e-10,168197246.98635373,5,72,HFS-resolved spectroscopy + HFS-resolved collisions,True,True,False,
CN,cn-hfs.dat,p-H2,50.0,70,N=12,"N=12,J=11.5,F=12.5","{""F"": 12.5, ""J"": 11.5, ""N"": 12}",424.1626457992406,26.0,0.029506707,1.7440428717648711e-10,169185674.7199162,3,71,HFS-resolved spectroscopy + HFS-resolved collisions,True,True,False,
CN,cn-hfs.dat,p-H2,50.0,71,N=12,"N=12,J=12.5,F=13.5","{""F"": 13.5, ""J"": 12.5, ""N"": 12}",424.29141632973204,28.0,0.0295,1.753061743240747e-10,168277016.56112623,1,71,HFS-resolved spectroscopy + HFS-resolved collisions,True,True,False,
CN,cn-hfs.dat,p-H2,50.0,72,N=12,"N=12,J=12.5,F=12.5","{""F"": 12.5, ""J"": 12.5, ""N"": 12}",424.2922795958583,26.0,0.029489,1.7587340941221952e-10,167671736.72560382,2,72,HFS-resolved spectroscopy + HFS-resolved collisions,True,True,False,
CN,cn-hfs.dat,p-H2,50.0,73,N=12,"N=12,J=12.5,F=11.5","{""F"": 11.5, ""J"": 12.5, ""N"": 12}",424.2929989842968,24.0,0.029504327,1.7439661457999985e-10,169179471.00667867,3,71,HFS-resolved spectroscopy + HFS-resolved collisions,True,True,False,
