species,upper_id,lower_id,upper_group,lower_group,upper_label,lower_label,frequency_GHz,A_ul_s-1,A_tot_upper_s-1,branching_ratio,upper_ncrit_cm-3,Tk_K,partner,data_mode
CN,3,1,N=1,N=0,"N=1,J=0.5,F=0.5","N=0,J=0.5,F=1.5",113.14416,1.05e-05,1.1789999999999999e-05,0.89058524173028,316512.22526492196,5.0,p-H2,HFS-resolved spectroscopy + HFS-resolved collisions
CN,3,2,N=1,N=0,"N=1,J=0.5,F=0.5","N=0,J=0.5,F=0.5",113.12337,1.29e-06,1.1789999999999999e-05,0.10941475826972011,316512.22526492196,5.0,p-H2,HFS-resolved spectroscopy + HFS-resolved collisions
CN,4,1,N=1,N=0,"N=1,J=0.5,F=1.5","N=0,J=0.5,F=1.5",113.19128,6.68e-06,1.182e-05,0.5651438240270727,375529.9136446596,5.0,p-H2,HFS-resolved spectroscopy + HFS-resolved collisions
CN,4,2,N=1,N=0,"N=1,J=0.5,F=1.5","N=0,J=0.5,F=0.5",113.17049,5.14e-06,1.182e-05,0.43485617597292725,375529.9136446596,5.0,p-H2,HFS-resolved spectroscopy + HFS-resolved collisions
CN,5,1,N=1,N=0,"N=1,J=1.5,F=2.5","N=0,J=0.5,F=1.5",113.49097,1.19e-05,1.19e-05,1.0,557045.4724476427,5.0,p-H2,HFS-resolved spectroscopy + HFS-resolved collisions
CN,6,1,N=1,N=0,"N=1,J=1.5,F=1.5","N=0,J=0.5,F=1.5",113.50891,5.19e-06,1.193e-05,0.435037720033529,400777.5232759232,5.0,p-H2,HFS-resolved spectroscopy + HFS-resolved collisions
CN,6,2,N=1,N=0,"N=1,J=1.5,F=1.5","N=0,J=0.5,F=0.5",113.48812,6.74e-06,1.193e-05,0.5649622799664711,400777.5232759232,5.0,p-H2,HFS-resolved spectroscopy + HFS-resolved collisions
CN,7,1,N=1,N=0,"N=1,J=1.5,F=0.5","N=0,J=0.5,F=1.5",113.52043,1.3e-06,1.19e-05,0.10924369747899161,399867.24379968195,5.0,p-H2,HFS-resolved spectroscopy + HFS-resolved collisions
CN,7,2,N=1,N=0,"N=1,J=1.5,F=0.5","N=0,J=0.5,F=0.5",113.49964,1.06e-05,1.19e-05,0.8907563025210085,399867.24379968195,5.0,p-H2,HFS-resolved spectroscopy + HFS-resolved collisions
CN,8,3,N=2,N=1,"N=2,J=1.5,F=0.5","N=1,J=0.5,F=0.5",226.66369,8.46e-05,0.00011383,0.7432135640867961,2278125.9507662193,5.0,p-H2,HFS-resolved spectroscopy + HFS-resolved collisions
CN,8,4,N=2,N=1,"N=2,J=1.5,F=0.5","N=1,J=0.5,F=1.5",226.61657,1.07e-05,0.00011383,0.09399982429939382,2278125.9507662193,5.0,p-H2,HFS-resolved spectroscopy + HFS-resolved collisions
CN,8,6,N=2,N=1,"N=2,J=1.5,F=0.5","N=1,J=1.5,F=1.5",226.29894,8.23e-06,0.00011383,0.07230079943775806,2278125.9507662193,5.0,p-H2,HFS-resolved spectroscopy + HFS-resolved collisions
CN,8,7,N=2,N=1,"N=2,J=1.5,F=0.5","N=1,J=1.5,F=0.5",226.28742,1.03e-05,0.00011383,0.090485812176052,2278125.9507662193,5.0,p-H2,HFS-resolved spectroscopy + HFS-resolved collisions
CN,9,3,N=2,N=1,"N=2,J=1.5,F=1.5","N=1,J=0.5,F=0.5",226.67931,5.27e-05,0.00011392,0.4626053370786517,2307799.4066342292,5.0,p-H2,HFS-resolved spectroscopy + HFS-resolved collisions
CN,9,4,N=2,N=1,"N=2,J=1.5,F=1.5","N=1,J=0.5,F=1.5",226.63219,4.26e-05,0.00011392,0.37394662921348315,2307799.4066342292,5.0,p-H2,HFS-resolved spectroscopy + HFS-resolved collisions
CN,9,5,N=2,N=1,"N=2,J=1.5,F=1.5","N=1,J=1.5,F=2.5",226.3325,4.55e-06,0.00011392,0.039940308988764044,2307799.4066342292,5.0,p-H2,HFS-resolved spectroscopy + HFS-resolved collisions
CN,9,6,N=2,N=1,"N=2,J=1.5,F=1.5","N=1,J=1.5,F=1.5",226.31454,9.9e-06,0.00011392,0.08690308988764045,2307799.4066342292,5.0,p-H2,HFS-resolved spectroscopy + HFS-resolved collisions
CN,9,7,N=2,N=1,"N=2,J=1.5,F=1.5","N=1,J=1.5,F=0.5",226.30304,4.17e-06,0.00011392,0.036604634831460675,2307799.4066342292,5.0,p-H2,HFS-resolved spectroscopy + HFS-resolved collisions
CN,10,4,N=2,N=1,"N=2,J=1.5,F=2.5","N=1,J=0.5,F=1.5",226.65956,9.47e-05,0.00011396,0.830993330993331,3115627.2367678075,5.0,p-H2,HFS-resolved spectroscopy + HFS-resolved collisions
CN,10,5,N=2,N=1,"N=2,J=1.5,F=2.5","N=1,J=1.5,F=2.5",226.35987,1.61e-05,0.00011396,0.14127764127764125,3115627.2367678075,5.0,p-H2,HFS-resolved spectroscopy + HFS-resolved collisions
CN,10,6,N=2,N=1,"N=2,J=1.5,F=2.5","N=1,J=1.5,F=1.5",226.34193,3.16e-06,0.00011396,0.027729027729027727,3115627.2367678075,5.0,p-H2,HFS-resolved spectroscopy + HFS-resolved collisions
CN,11,5,N=2,N=1,"N=2,J=2.5,F=3.5","N=1,J=1.5,F=2.5",226.87478,0.000114,0.000114,1.0,3862543.3354097097,5.0,p-H2,HFS-resolved spectroscopy + HFS-resolved collisions
CN,12,4,N=2,N=1,"N=2,J=2.5,F=2.5","N=1,J=0.5,F=1.5",227.19182,1.45e-09,0.00011430144999999999,1.268575333033833e-05,3000393.652198952,5.0,p-H2,HFS-resolved spectroscopy + HFS-resolved collisions
CN,12,5,N=2,N=1,"N=2,J=2.5,F=2.5","N=1,J=1.5,F=2.5",226.89213,1.81e-05,0.00011430144999999999,0.1583531967442233,3000393.652198952,5.0,p-H2,HFS-resolved spectroscopy + HFS-resolved collisions
CN,12,6,N=2,N=1,"N=2,J=2.5,F=2.5","N=1,J=1.5,F=1.5",226.87419,9.62e-05,0.00011430144999999999,0.8416341175024464,3000393.652198952,5.0,p-H2,HFS-resolved spectroscopy + HFS-resolved collisions
CN,13,5,N=2,N=1,"N=2,J=2.5,F=1.5","N=1,J=1.5,F=2.5",226.90536,1.13e-06,0.00011433,0.009883670077844835,3273134.752944787,5.0,p-H2,HFS-resolved spectroscopy + HFS-resolved collisions
CN,13,6,N=2,N=1,"N=2,J=2.5,F=1.5","N=1,J=1.5,F=1.5",226.88742,2.73e-05,0.00011433,0.23878247179218054,3273134.752944787,5.0,p-H2,HFS-resolved spectroscopy + HFS-resolved collisions
CN,13,7,N=2,N=1,"N=2,J=2.5,F=1.5","N=1,J=1.5,F=0.5",226.8759,8.59e-05,0.00011433,0.7513338581299747,3273134.752944787,5.0,p-H2,HFS-resolved spectroscopy + HFS-resolved collisions
CN,14,8,N=3,N=2,"N=3,J=2.5,F=1.5","N=2,J=1.5,F=0.5",340.03541,0.000289,0.00041252,0.7005720934742558,12007043.468126833,5.0,p-H2,HFS-resolved spectroscopy + HFS-resolved collisions
CN,14,9,N=3,N=2,"N=3,J=2.5,F=1.5","N=2,J=1.5,F=1.5",340.01963,9.27e-05,0.00041252,0.22471637738776304,12007043.468126833,5.0,p-H2,HFS-resolved spectroscopy + HFS-resolved collisions
CN,14,10,N=3,N=2,"N=3,J=2.5,F=1.5","N=2,J=1.5,F=2.5",339.99226,3.89e-06,0.00041252,0.009429845825656938,12007043.468126833,5.0,p-H2,HFS-resolved spectroscopy + HFS-resolved collisions
CN,14,12,N=3,N=2,"N=3,J=2.5,F=1.5","N=2,J=2.5,F=2.5",339.46,4.33e-06,0.00041252,0.010496460777659266,12007043.468126833,5.0,p-H2,HFS-resolved spectroscopy + HFS-resolved collisions
CN,14,13,N=3,N=2,"N=3,J=2.5,F=1.5","N=2,J=2.5,F=1.5",339.44678,2.26e-05,0.00041252,0.05478522253466499,12007043.468126833,5.0,p-H2,HFS-resolved spectroscopy + HFS-resolved collisions
CN,15,9,N=3,N=2,"N=3,J=2.5,F=2.5","N=2,J=1.5,F=1.5",340.03541,0.000323,0.00041213999999999997,0.7837142718493716,11428715.009039296,5.0,p-H2,HFS-resolved spectroscopy + HFS-resolved collisions
CN,15,10,N=3,N=2,"N=3,J=2.5,F=2.5","N=2,J=1.5,F=2.5",340.00813,6.2e-05,0.00041213999999999997,0.1504343184354831,11428715.009039296,5.0,p-H2,HFS-resolved spectroscopy + HFS-resolved collisions
CN,15,11,N=3,N=2,"N=3,J=2.5,F=2.5","N=2,J=2.5,F=3.5",339.49321,2.99e-06,0.00041213999999999997,0.007254816324549911,11428715.009039296,5.0,p-H2,HFS-resolved spectroscopy + HFS-resolved collisions
CN,15,12,N=3,N=2,"N=3,J=2.5,F=2.5","N=2,J=2.5,F=2.5",339.4759,2.12e-05,0.00041213999999999997,0.05143883146503616,11428715.009039296,5.0,p-H2,HFS-resolved spectroscopy + HFS-resolved collisions
CN,15,13,N=3,N=2,"N=3,J=2.5,F=2.5","N=2,J=2.5,F=1.5",339.46264,2.95e-06,0.00041213999999999997,0.007157761925559277,11428715.009039296,5.0,p-H2,HFS-resolved spectroscopy + HFS-resolved collisions
CN,16,10,N=3,N=2,"N=3,J=2.5,F=3.5","N=2,J=1.5,F=2.5",340.03155,0.000384,0.00041173,0.9326500376460302,13071903.125043025,5.0,p-H2,HFS-resolved spectroscopy + HFS-resolved collisions
CN,16,11,N=3,N=2,"N=3,J=2.5,F=3.5","N=2,J=2.5,F=3.5",339.51664,2.54e-05,0.00041173,0.06169091394846137,13071903.125043025,5.0,p-H2,HFS-resolved spectroscopy + HFS-resolved collisions
CN,16,12,N=3,N=2,"N=3,J=2.5,F=3.5","N=2,J=2.5,F=2.5",339.49929,2.33e-06,0.00041173,0.005659048405508464,13071903.125043025,5.0,p-H2,HFS-resolved spectroscopy + HFS-resolved collisions
CN,17,11,N=3,N=2,"N=3,J=3.5,F=4.5","N=2,J=2.5,F=3.5",340.24777,0.000413,0.000413,1.0,13935825.260427786,5.0,p-H2,HFS-resolved spectroscopy + HFS-resolved collisions
CN,18,11,N=3,N=2,"N=3,J=3.5,F=3.5","N=2,J=2.5,F=3.5",340.26495,3.35e-05,0.0004135,0.08101571946795647,12678302.779347178,5.0,p-H2,HFS-resolved spectroscopy + HFS-resolved collisions
CN,18,12,N=3,N=2,"N=3,J=3.5,F=3.5","N=2,J=2.5,F=2.5",340.24777,0.00038,0.0004135,0.9189842805320435,12678302.779347178,5.0,p-H2,HFS-resolved spectroscopy + HFS-resolved collisions
CN,19,11,N=3,N=2,"N=3,J=3.5,F=2.5","N=2,J=2.5,F=3.5",340.27912,9.27e-07,0.000412727,0.002246036726455987,13316767.493235184,5.0,p-H2,HFS-resolved spectroscopy + HFS-resolved collisions
CN,19,12,N=3,N=2,"N=3,J=3.5,F=2.5","N=2,J=2.5,F=2.5",340.26177,4.48e-05,0.000412727,0.10854632723325587,13316767.493235184,5.0,p-H2,HFS-resolved spectroscopy + HFS-resolved collisions
CN,19,13,N=3,N=2,"N=3,J=3.5,F=2.5","N=2,J=2.5,F=1.5",340.24854,0.000367,0.000412727,0.8892076360402881,13316767.493235184,5.0,p-H2,HFS-resolved spectroscopy + HFS-resolved collisions
CN,20,14,N=4,N=3,"N=4,J=3.5,F=2.5","N=3,J=2.5,F=1.5",453.39147,0.000869,0.0010138599999999999,0.8571203124691773,23754828.407375127,5.0,p-H2,HFS-resolved spectroscopy + HFS-resolved collisions
CN,20,15,N=4,N=3,"N=4,J=3.5,F=2.5","N=3,J=2.5,F=2.5",453.3756,0.000107,0.0010138599999999999,0.105537253664214,23754828.407375127,5.0,p-H2,HFS-resolved spectroscopy + HFS-resolved collisions
CN,20,16,N=4,N=3,"N=4,J=3.5,F=2.5","N=3,J=2.5,F=3.5",453.35218,2.24e-06,0.0010138599999999999,0.002209378020634013,23754828.407375127,5.0,p-H2,HFS-resolved spectroscopy + HFS-resolved collisions
CN,20,18,N=4,N=3,"N=4,J=3.5,F=2.5","N=3,J=3.5,F=3.5",452.60386,2.92e-06,0.0010138599999999999,0.0028800820626121953,23754828.407375127,5.0,p-H2,HFS-resolved spectroscopy + HFS-resolved collisions
CN,20,19,N=4,N=3,"N=4,J=3.5,F=2.5","N=3,J=3.5,F=2.5",452.58969,3.27e-05,0.0010138599999999999,0.0322529737833626,23754828.407375127,5.0,p-H2,HFS-resolved spectroscopy + HFS-resolved collisions
CN,21,15,N=4,N=3,"N=4,J=3.5,F=3.5","N=3,J=2.5,F=2.5",453.39161,0.000897,0.00101308,0.8854187231018281,23276892.18555684,5.0,p-H2,HFS-resolved spectroscopy + HFS-resolved collisions
CN,21,16,N=4,N=3,"N=4,J=3.5,F=3.5","N=3,J=2.5,F=3.5",453.36819,8.02e-05,0.00101308,0.07916452797409879,23276892.18555684,5.0,p-H2,HFS-resolved spectroscopy + HFS-resolved collisions
CN,21,17,N=4,N=3,"N=4,J=3.5,F=3.5","N=3,J=3.5,F=4.5",452.63697,2.23e-06,0.00101308,0.0022012081967860385,23276892.18555684,5.0,p-H2,HFS-resolved spectroscopy + HFS-resolved collisions
CN,21,18,N=4,N=3,"N=4,J=3.5,F=3.5","N=3,J=3.5,F=3.5",452.61987,3.14e-05,0.00101308,0.030994590752951395,23276892.18555684,5.0,p-H2,HFS-resolved spectroscopy + HFS-resolved collisions
CN,21,19,N=4,N=3,"N=4,J=3.5,F=3.5","N=3,J=3.5,F=2.5",452.6057,2.25e-06,0.00101308,0.0022209499743356892,23276892.18555684,5.0,p-H2,HFS-resolved spectroscopy + HFS-resolved collisions
CN,22,16,N=4,N=3,"N=4,J=3.5,F=4.5","N=3,J=2.5,F=3.5",453.38992,0.000977,0.00101336,0.964119365279861,24163651.41527877,5.0,p-H2,HFS-resolved spectroscopy + HFS-resolved collisions
CN,22,17,N=4,N=3,"N=4,J=3.5,F=4.5","N=3,J=3.5,F=4.5",452.6587,3.45e-05,0.00101336,0.03404515670640246,24163651.41527877,5.0,p-H2,HFS-resolved spectroscopy + HFS-resolved collisions
CN,22,18,N=4,N=3,"N=4,J=3.5,F=4.5","N=3,J=3.5,F=3.5",452.64161,1.86e-06,0.00101336,0.0018354780137364805,24163651.41527877,5.0,p-H2,HFS-resolved spectroscopy + HFS-resolved collisions
CN,23,17,N=4,N=3,"N=4,J=4.5,F=5.5","N=3,J=3.5,F=4.5",453.60668,0.00102,0.00102,1.0,24646949.84739138,5.0,p-H2,HFS-resolved spectroscopy + HFS-resolved collisions
CN,24,17,N=4,N=3,"N=4,J=4.5,F=4.5","N=3,J=3.5,F=4.5",453.62363,4.99e-05,0.0010149,0.04916740565572963,23853115.580266383,5.0,p-H2,HFS-resolved spectroscopy + HFS-resolved collisions
CN,24,18,N=4,N=3,"N=4,J=4.5,F=4.5","N=3,J=3.5,F=3.5",453.60654,0.000965,0.0010149,0.9508325943442704,23853115.580266383,5.0,p-H2,HFS-resolved spectroscopy + HFS-resolved collisions
CN,25,17,N=4,N=3,"N=4,J=4.5,F=3.5","N=3,J=3.5,F=4.5",453.6384,7.77e-07,0.0010151770000000001,0.0007653837705148954,24258148.472230755,5.0,p-H2,HFS-resolved spectroscopy + HFS-resolved collisions
CN,25,18,N=4,N=3,"N=4,J=4.5,F=3.5","N=3,J=3.5,F=3.5",453.62131,6.24e-05,0.0010151770000000001,0.06146711361664024,24258148.472230755,5.0,p-H2,HFS-resolved spectroscopy + HFS-resolved collisions
CN,25,19,N=4,N=3,"N=4,J=4.5,F=3.5","N=3,J=3.5,F=2.5",453.60713,0.000952,0.0010151770000000001,0.9377675026128448,24258148.472230755,5.0,p-H2,HFS-resolved spectroscopy + HFS-resolved collisions
CN,26,20,N=5,N=4,"N=5,J=4.5,F=3.5","N=4,J=3.5,F=2.5",566.73075,0.00186,0.00202894,0.9167348467672776,37707823.707406834,5.0,p-H2,HFS-resolved spectroscopy + HFS-resolved collisions
CN,26,21,N=5,N=4,"N=5,J=4.5,F=3.5","N=4,J=3.5,F=3.5",566.71474,0.000123,0.00202894,0.06062278825396513,37707823.707406834,5.0,p-H2,HFS-resolved spectroscopy + HFS-resolved collisions
CN,26,22,N=5,N=4,"N=5,J=4.5,F=3.5","N=4,J=3.5,F=4.5",566.693,1.54e-06,0.00202894,0.0007590170236675309,37707823.707406834,5.0,p-H2,HFS-resolved spectroscopy + HFS-resolved collisions
CN,26,24,N=5,N=4,"N=5,J=4.5,F=3.5","N=4,J=4.5,F=4.5",565.72807,2.2e-06,0.00202894,0.0010843100338107585,37707823.707406834,5.0,p-H2,HFS-resolved spectroscopy + HFS-resolved collisions
CN,26,25,N=5,N=4,"N=5,J=4.5,F=3.5","N=4,J=4.5,F=3.5",565.71331,4.22e-05,0.00202894,0.020799037921279094,37707823.707406834,5.0,p-H2,HFS-resolved spectroscopy + HFS-resolved collisions
CN,27,21,N=5,N=4,"N=5,J=4.5,F=4.5","N=4,J=3.5,F=3.5",566.73084,0.00188,0.00202279,0.9294093801136054,37188879.69279017,5.0,p-H2,HFS-resolved spectroscopy + HFS-resolved collisions
CN,27,22,N=5,N=4,"N=5,J=4.5,F=4.5","N=4,J=3.5,F=4.5",566.70911,9.81e-05,0.00202279,0.048497372441034414,37188879.69279017,5.0,p-H2,HFS-resolved spectroscopy + HFS-resolved collisions
CN,27,23,N=5,N=4,"N=5,J=4.5,F=4.5","N=4,J=4.5,F=5.5",565.76113,1.78e-06,0.00202279,0.0008799727109586264,37188879.69279017,5.0,p-H2,HFS-resolved spectroscopy + HFS-resolved collisions
CN,27,24,N=5,N=4,"N=5,J=4.5,F=4.5","N=4,J=4.5,F=4.5",565.74418,4.11e-05,0.00202279,0.020318471022696377,37188879.69279017,5.0,p-H2,HFS-resolved spectroscopy + HFS-resolved collisions
CN,27,25,N=5,N=4,"N=5,J=4.5,F=4.5","N=4,J=4.5,F=3.5",565.72941,1.81e-06,0.00202279,0.0008948037117051202,37188879.69279017,5.0,p-H2,HFS-resolved spectroscopy + HFS-resolved collisions
CN,28,22,N=5,N=4,"N=5,J=4.5,F=5.5","N=4,J=3.5,F=4.5",566.7299,0.00198,0.00202504,0.9777584640303401,37870359.08256666,5.0,p-H2,HFS-resolved spectroscopy + HFS-resolved collisions
CN,28,23,N=5,N=4,"N=5,J=4.5,F=5.5","N=4,J=4.5,F=5.5",565.78192,4.35e-05,0.00202504,0.021481057164302927,37870359.08256666,5.0,p-H2,HFS-resolved spectroscopy + HFS-resolved collisions
CN,28,24,N=5,N=4,"N=5,J=4.5,F=5.5","N=4,J=4.5,F=4.5",565.76498,1.54e-06,0.00202504,0.0007604788053569312,37870359.08256666,5.0,p-H2,HFS-resolved spectroscopy + HFS-resolved collisions
CN,29,23,N=5,N=4,"N=5,J=5.5,F=6.5","N=4,J=4.5,F=5.5",566.94689,0.00203,0.00203,1.0,38147010.42554151,5.0,p-H2,HFS-resolved spectroscopy + HFS-resolved collisions
CN,30,23,N=5,N=4,"N=5,J=5.5,F=5.5","N=4,J=4.5,F=5.5",566.96375,6.68e-05,0.0020268,0.03295835800276298,37633245.61774044,5.0,p-H2,HFS-resolved spectroscopy + HFS-resolved collisions
CN,30,24,N=5,N=4,"N=5,J=5.5,F=5.5","N=4,J=4.5,F=4.5",566.9468,0.00196,0.0020268,0.967041641997237,37633245.61774044,5.0,p-H2,HFS-resolved spectroscopy + HFS-resolved collisions
CN,31,23,N=5,N=4,"N=5,J=5.5,F=4.5","N=4,J=4.5,F=5.5",566.97893,6.66e-07,0.002030866,0.0003279389186681937,38034418.40707514,5.0,p-H2,HFS-resolved spectroscopy + HFS-resolved collisions
CN,31,24,N=5,N=4,"N=5,J=5.5,F=4.5","N=4,J=4.5,F=4.5",566.96198,8.02e-05,0.002030866,0.03949054245824195,38034418.40707514,5.0,p-H2,HFS-resolved spectroscopy + HFS-resolved collisions
CN,31,25,N=5,N=4,"N=5,J=5.5,F=4.5","N=4,J=4.5,F=3.5",566.94721,0.00195,0.002030866,0.9601815186230898,38034418.40707514,5.0,p-H2,HFS-resolved spectroscopy + HFS-resolved collisions
CN,32,26,N=6,N=5,"N=6,J=5.5,F=4.5","N=5,J=4.5,F=3.5",680.04738,0.00336,0.00355332,0.9455945425686401,56911687.95327983,5.0,p-H2,HFS-resolved spectroscopy + HFS-resolved collisions
CN,32,27,N=6,N=5,"N=6,J=5.5,F=4.5","N=5,J=4.5,F=4.5",680.03127,0.000139,0.00355332,0.03911834565983362,56911687.95327983,5.0,p-H2,HFS-resolved spectroscopy + HFS-resolved collisions
CN,32,28,N=6,N=5,"N=6,J=5.5,F=4.5","N=5,J=4.5,F=5.5",680.01048,1.16e-06,0.00355332,0.0003264552587439352,56911687.95327983,5.0,p-H2,HFS-resolved spectroscopy + HFS-resolved collisions
CN,32,30,N=6,N=5,"N=6,J=5.5,F=4.5","N=5,J=5.5,F=5.5",678.82865,1.76e-06,0.00355332,0.0004953114270597639,56911687.95327983,5.0,p-H2,HFS-resolved spectroscopy + HFS-resolved collisions
CN,32,31,N=6,N=5,"N=6,J=5.5,F=4.5","N=5,J=5.5,F=4.5",678.81347,5.14e-05,0.00355332,0.014465345085722649,56911687.95327983,5.0,p-H2,HFS-resolved spectroscopy + HFS-resolved collisions
CN,33,27,N=6,N=5,"N=6,J=5.5,F=5.5","N=5,J=4.5,F=4.5",680.04744,0.00338,0.00354949,0.952249478094036,56415136.384750955,5.0,p-H2,HFS-resolved spectroscopy + HFS-resolved collisions
CN,33,28,N=6,N=5,"N=6,J=5.5,F=5.5","N=5,J=4.5,F=5.5",680.02664,0.000116,0.00354949,0.0326807513192036,56415136.384750955,5.0,p-H2,HFS-resolved spectroscopy + HFS-resolved collisions
CN,33,29,N=6,N=5,"N=6,J=5.5,F=5.5","N=5,J=5.5,F=6.5",678.86167,1.48e-06,0.00354949,0.00041696130993466667,56415136.384750955,5.0,p-H2,HFS-resolved spectroscopy + HFS-resolved collisions
CN,33,30,N=6,N=5,"N=6,J=5.5,F=5.5","N=5,J=5.5,F=5.5",678.84482,5.05e-05,0.00354949,0.014227396048446396,56415136.384750955,5.0,p-H2,HFS-resolved spectroscopy + HFS-resolved collisions
CN,33,31,N=6,N=5,"N=6,J=5.5,F=5.5","N=5,J=5.5,F=4.5",678.82964,1.51e-06,0.00354949,0.0004254132283792883,56415136.384750955,5.0,p-H2,HFS-resolved spectroscopy + HFS-resolved collisions
CN,34,28,N=6,N=5,"N=6,J=5.5,F=6.5","N=5,J=4.5,F=5.5",680.04685,0.0035,0.00355382,0.9848557327045264,57188087.26827792,5.0,p-H2,HFS-resolved spectroscopy + HFS-resolved collisions
CN,34,29,N=6,N=5,"N=6,J=5.5,F=6.5","N=5,J=5.5,F=6.5",678.88188,5.25e-05,0.00355382,0.014772835990567897,57188087.26827792,5.0,p-H2,HFS-resolved spectroscopy + HFS-resolved collisions
CN,34,30,N=6,N=5,"N=6,J=5.5,F=6.5","N=5,J=5.5,F=5.5",678.86502,1.32e-06,0.00355382,0.0003714313049057071,57188087.26827792,5.0,p-H2,HFS-resolved spectroscopy + HFS-resolved collisions
CN,35,29,N=6,N=5,"N=6,J=6.5,F=7.5","N=5,J=5.5,F=6.5",680.26397,0.00356,0.00356,1.0,57489639.56969945,5.0,p-H2,HFS-resolved spectroscopy + HFS-resolved collisions
CN,36,29,N=6,N=5,"N=6,J=6.5,F=6.5","N=5,J=5.5,F=6.5",680.28076,8.39e-05,0.0035539,0.023607867413264302,56795985.55129988,5.0,p-H2,HFS-resolved spectroscopy + HFS-resolved collisions
CN,36,30,N=6,N=5,"N=6,J=6.5,F=6.5","N=5,J=5.5,F=5.5",680.2639,0.00347,0.0035539,0.9763921325867357,56795985.55129988,5.0,p-H2,HFS-resolved spectroscopy + HFS-resolved collisions
CN,37,29,N=6,N=5,"N=6,J=6.5,F=5.5","N=5,J=5.5,F=6.5",680.29624,5.81e-07,0.003558481,0.00016327191293138843,57272657.54580929,5.0,p-H2,HFS-resolved spectroscopy + HFS-resolved collisions
CN,37,30,N=6,N=5,"N=6,J=6.5,F=5.5","N=5,J=5.5,F=5.5",680.27938,9.79e-05,0.003558481,0.027511738857113468,57272657.54580929,5.0,p-H2,HFS-resolved spectroscopy + HFS-resolved collisions
CN,37,31,N=6,N=5,"N=6,J=6.5,F=5.5","N=5,J=5.5,F=4.5",680.2642,0.00346,0.003558481,0.9723249892299551,57272657.54580929,5.0,p-H2,HFS-resolved spectroscopy + HFS-resolved collisions
CN,38,32,N=7,N=6,"N=7,J=6.5,F=5.5","N=6,J=5.5,F=4.5",793.33649,0.00548,0.005698902,0.9615887411294316,69128388.14530617,5.0,p-H2,HFS-resolved spectroscopy + HFS-resolved collisions
CN,38,33,N=7,N=6,"N=7,J=6.5,F=5.5","N=6,J=5.5,F=5.5",793.32032,0.000156,0.005698902,0.027373694090545863,69128388.14530617,5.0,p-H2,HFS-resolved spectroscopy + HFS-resolved collisions
CN,38,34,N=7,N=6,"N=7,J=6.5,F=5.5","N=6,J=5.5,F=6.5",793.30012,9.32e-07,0.005698902,0.0001635402749512099,69128388.14530617,5.0,p-H2,HFS-resolved spectroscopy + HFS-resolved collisions
CN,38,36,N=7,N=6,"N=7,J=6.5,F=5.5","N=6,J=6.5,F=6.5",791.90124,1.47e-06,0.005698902,0.00025794442508398984,69128388.14530617,5.0,p-H2,HFS-resolved spectroscopy + HFS-resolved collisions
CN,38,37,N=7,N=6,"N=7,J=6.5,F=5.5","N=6,J=6.5,F=5.5",791.88576,6.05e-05,0.005698902,0.010616080079987338,69128388.14530617,5.0,p-H2,HFS-resolved spectroscopy + HFS-resolved collisions
CN,39,33,N=7,N=6,"N=7,J=6.5,F=6.5","N=6,J=5.5,F=5.5",793.33654,0.00551,0.00570627,0.9656045017147804,68899018.445768,5.0,p-H2,HFS-resolved spectroscopy + HFS-resolved collisions
CN,39,34,N=7,N=6,"N=7,J=6.5,F=6.5","N=6,J=5.5,F=6.5",793.31633,0.000134,0.00570627,0.023482940695059996,68899018.445768,5.0,p-H2,HFS-resolved spectroscopy + HFS-resolved collisions
CN,39,35,N=7,N=6,"N=7,J=6.5,F=6.5","N=6,J=6.5,F=7.5",791.93424,1.27e-06,0.00570627,0.00022256219912482233,68899018.445768,5.0,p-H2,HFS-resolved spectroscopy + HFS-resolved collisions
CN,39,36,N=7,N=6,"N=7,J=6.5,F=6.5","N=6,J=6.5,F=6.5",791.91745,5.97e-05,0.00570627,0.010462175817127476,68899018.445768,5.0,p-H2,HFS-resolved spectroscopy + HFS-resolved collisions
CN,39,37,N=7,N=6,"N=7,J=6.5,F=6.5","N=6,J=6.5,F=5.5",791.90197,1.3e-06,0.00570627,0.00022781957390729846,68899018.445768,5.0,p-H2,HFS-resolved spectroscopy + HFS-resolved collisions
CN,40,34,N=7,N=6,"N=7,J=6.5,F=7.5","N=6,J=5.5,F=6.5",793.33613,0.00564,0.00570265,0.9890138795121566,69356221.90491885,5.0,p-H2,HFS-resolved spectroscopy + HFS-resolved collisions
CN,40,35,N=7,N=6,"N=7,J=6.5,F=7.5","N=6,J=6.5,F=7.5",791.95404,6.15e-05,0.00570265,0.01078445985638256,69356221.90491885,5.0,p-H2,HFS-resolved spectroscopy + HFS-resolved collisions
CN,40,36,N=7,N=6,"N=7,J=6.5,F=7.5","N=6,J=6.5,F=6.5",791.93725,1.15e-06,0.00570265,0.00020166063146081207,69356221.90491885,5.0,p-H2,HFS-resolved spectroscopy + HFS-resolved collisions
CN,41,35,N=7,N=6,"N=7,J=7.5,F=8.5","N=6,J=6.5,F=7.5",793.55333,0.00571,0.00571,1.0,69570935.63255277,5.0,p-H2,HFS-resolved spectroscopy + HFS-resolved collisions
CN,42,35,N=7,N=6,"N=7,J=7.5,F=7.5","N=6,J=6.5,F=7.5",793.57007,0.000101,0.005711000000000001,0.01768516897215899,69097719.46073309,5.0,p-H2,HFS-resolved spectroscopy + HFS-resolved collisions
CN,42,36,N=7,N=6,"N=7,J=7.5,F=7.5","N=6,J=6.5,F=6.5",793.55328,0.00561,0.005711000000000001,0.9823148310278409,69097719.46073309,5.0,p-H2,HFS-resolved spectroscopy + HFS-resolved collisions
CN,43,35,N=7,N=6,"N=7,J=7.5,F=6.5","N=6,J=6.5,F=7.5",793.58578,5.15e-07,0.0057065150000000005,9.02477256258855e-05,69426374.46354882,5.0,p-H2,HFS-resolved spectroscopy + HFS-resolved collisions
CN,43,36,N=7,N=6,"N=7,J=7.5,F=6.5","N=6,J=6.5,F=6.5",793.56899,0.000116,0.0057065150000000005,0.020327643053597508,69426374.46354882,5.0,p-H2,HFS-resolved spectroscopy + HFS-resolved collisions
CN,43,37,N=7,N=6,"N=7,J=7.5,F=6.5","N=6,J=6.5,F=5.5",793.55351,0.00559,0.0057065150000000005,0.9795821092207766,69426374.46354882,5.0,p-H2,HFS-resolved spectroscopy + HFS-resolved collisions
CN,44,38,N=8,N=7,"N=8,J=7.5,F=6.5","N=7,J=6.5,F=5.5",906.5934,0.00834,0.008584535,0.9715144734106157,101104315.8442794,5.0,p-H2,HFS-resolved spectroscopy + HFS-resolved collisions
CN,44,39,N=8,N=7,"N=8,J=7.5,F=6.5","N=7,J=6.5,F=6.5",906.57718,0.000173,0.008584535,0.02015251845324179,101104315.8442794,5.0,p-H2,HFS-resolved spectroscopy + HFS-resolved collisions
CN,44,40,N=8,N=7,"N=8,J=7.5,F=6.5","N=7,J=6.5,F=7.5",906.55739,7.75e-07,0.008584535,9.02786231286843e-05,101104315.8442794,5.0,p-H2,HFS-resolved spectroscopy + HFS-resolved collisions
CN,44,42,N=8,N=7,"N=8,J=7.5,F=6.5","N=7,J=7.5,F=7.5",904.94135,1.26e-06,0.008584535,0.0001467755679253448,101104315.8442794,5.0,p-H2,HFS-resolved spectroscopy + HFS-resolved collisions
CN,44,43,N=8,N=7,"N=8,J=7.5,F=6.5","N=7,J=7.5,F=6.5",904.92564,6.95e-05,0.008584535,0.008095953945088464,101104315.8442794,5.0,p-H2,HFS-resolved spectroscopy + HFS-resolved collisions
CN,45,39,N=8,N=7,"N=8,J=7.5,F=7.5","N=7,J=6.5,F=6.5",906.59343,0.00836,0.00858305,0.9740127344009413,100548425.93679184,5.0,p-H2,HFS-resolved spectroscopy + HFS-resolved collisions
CN,45,40,N=8,N=7,"N=8,J=7.5,F=7.5","N=7,J=6.5,F=7.5",906.57364,0.000152,0.00858305,0.01770932244365348,100548425.93679184,5.0,p-H2,HFS-resolved spectroscopy + HFS-resolved collisions
CN,45,41,N=8,N=7,"N=8,J=7.5,F=7.5","N=7,J=7.5,F=8.5",904.97435,1.11e-06,0.00858305,0.00012932465731878528,100548425.93679184,5.0,p-H2,HFS-resolved spectroscopy + HFS-resolved collisions
CN,45,42,N=8,N=7,"N=8,J=7.5,F=7.5","N=7,J=7.5,F=7.5",904.95761,6.88e-05,0.00858305,0.008015798579758943,100548425.93679184,5.0,p-H2,HFS-resolved spectroscopy + HFS-resolved collisions
CN,45,43,N=8,N=7,"N=8,J=7.5,F=7.5","N=7,J=7.5,F=6.5",904.9419,1.14e-06,0.00858305,0.0001328199183274011,100548425.93679184,5.0,p-H2,HFS-resolved spectroscopy + HFS-resolved collisions
CN,46,40,N=8,N=7,"N=8,J=7.5,F=8.5","N=7,J=6.5,F=7.5",906.59313,0.00851,0.008581420000000001,0.9916773680812732,101130410.91001521,5.0,p-H2,HFS-resolved spectroscopy + HFS-resolved collisions
CN,46,41,N=8,N=7,"N=8,J=7.5,F=8.5","N=7,J=7.5,F=8.5",904.99384,7.04e-05,0.008581420000000001,0.008203770471553658,101130410.91001521,5.0,p-H2,HFS-resolved spectroscopy + HFS-resolved collisions
CN,46,42,N=8,N=7,"N=8,J=7.5,F=8.5","N=7,J=7.5,F=7.5",904.9771,1.02e-06,0.008581420000000001,0.00011886144717307857,101130410.91001521,5.0,p-H2,HFS-resolved spectroscopy + HFS-resolved collisions
CN,47,41,N=8,N=7,"N=8,J=8.5,F=9.5","N=7,J=7.5,F=8.5",906.81039,0.00859,0.00859,1.0,101342526.26192807,5.0,p-H2,HFS-resolved spectroscopy + HFS-resolved collisions
CN,48,41,N=8,N=7,"N=8,J=8.5,F=8.5","N=7,J=7.5,F=8.5",906.82709,0.000119,0.008589,0.013854930725346375,100902638.93246058,5.0,p-H2,HFS-resolved spectroscopy + HFS-resolved collisions
CN,48,42,N=8,N=7,"N=8,J=8.5,F=8.5","N=7,J=7.5,F=7.5",906.81035,0.00847,0.008589,0.9861450692746537,100902638.93246058,5.0,p-H2,HFS-resolved spectroscopy + HFS-resolved collisions
CN,49,41,N=8,N=7,"N=8,J=8.5,F=7.5","N=7,J=7.5,F=8.5",906.84298,4.62e-07,0.008583462,5.382443587447582e-05,101231383.77678955,5.0,p-H2,HFS-resolved spectroscopy + HFS-resolved collisions
CN,49,42,N=8,N=7,"N=8,J=8.5,F=7.5","N=7,J=7.5,F=7.5",906.82624,0.000133,0.008583462,0.015494913357803647,101231383.77678955,5.0,p-H2,HFS-resolved spectroscopy + HFS-resolved collisions
CN,49,43,N=8,N=7,"N=8,J=8.5,F=7.5","N=7,J=7.5,F=6.5",906.81053,0.00845,0.008583462,0.9844512622063217,101231383.77678955,5.0,p-H2,HFS-resolved spectroscopy + HFS-resolved collisions
CN,50,44,N=9,N=8,"N=9,J=8.5,F=7.5","N=8,J=7.5,F=6.5",1019.81346,0.012,0.012271263000000001,0.9778944514513298,132313091.91790551,5.0,p-H2,HFS-resolved spectroscopy + HFS-resolved collisions
CN,50,45,N=9,N=8,"N=9,J=8.5,F=7.5","N=8,J=7.5,F=7.5",1019.79721,0.000191,0.012271263000000001,0.015564820018933665,132313091.91790551,5.0,p-H2,HFS-resolved spectroscopy + HFS-resolved collisions
CN,50,46,N=9,N=8,"N=9,J=8.5,F=7.5","N=8,J=7.5,F=8.5",1019.77771,6.63e-07,0.012271263000000001,5.4028668442685973e-05,132313091.91790551,5.0,p-H2,HFS-resolved spectroscopy + HFS-resolved collisions
CN,50,48,N=9,N=8,"N=9,J=8.5,F=7.5","N=8,J=8.5,F=8.5",1017.94446,1.1e-06,0.012271263000000001,8.96403247163719e-05,132313091.91790551,5.0,p-H2,HFS-resolved spectroscopy + HFS-resolved collisions
CN,50,49,N=9,N=8,"N=9,J=8.5,F=7.5","N=8,J=8.5,F=7.5",1017.92858,7.85e-05,0.012271263000000001,0.006397059536577448,132313091.91790551,5.0,p-H2,HFS-resolved spectroscopy + HFS-resolved collisions
CN,51,45,N=9,N=8,"N=9,J=8.5,F=8.5","N=8,J=7.5,F=7.5",1019.81349,0.012,0.012248895000000001,0.97968020788814,131633579.13402863,5.0,p-H2,HFS-resolved spectroscopy + HFS-resolved collisions
CN,51,46,N=9,N=8,"N=9,J=8.5,F=8.5","N=8,J=7.5,F=8.5",1019.794,0.000169,0.012248895000000001,0.013797162927757971,131633579.13402863,5.0,p-H2,HFS-resolved spectroscopy + HFS-resolved collisions
CN,51,47,N=9,N=8,"N=9,J=8.5,F=8.5","N=8,J=8.5,F=9.5",1017.97745,9.85e-07,0.012248895000000001,8.04154170641515e-05,131633579.13402863,5.0,p-H2,HFS-resolved spectroscopy + HFS-resolved collisions
CN,51,48,N=9,N=8,"N=9,J=8.5,F=8.5","N=8,J=8.5,F=8.5",1017.96075,7.79e-05,0.012248895000000001,0.006359757349540509,131633579.13402863,5.0,p-H2,HFS-resolved spectroscopy + HFS-resolved collisions
CN,51,49,N=9,N=8,"N=9,J=8.5,F=8.5","N=8,J=8.5,F=7.5",1017.94486,1.01e-06,0.012248895000000001,8.245641749725179e-05,131633579.13402863,5.0,p-H2,HFS-resolved spectroscopy + HFS-resolved collisions
CN,52,46,N=9,N=8,"N=9,J=8.5,F=9.5","N=8,J=7.5,F=8.5",1019.81326,0.0122,0.012280221000000001,0.9934674628412632,132439901.51385617,5.0,p-H2,HFS-resolved spectroscopy + HFS-resolved collisions
CN,52,47,N=9,N=8,"N=9,J=8.5,F=9.5","N=8,J=8.5,F=9.5",1017.99672,7.93e-05,0.012280221000000001,0.006457538508468211,132439901.51385617,5.0,p-H2,HFS-resolved spectroscopy + HFS-resolved collisions
CN,52,48,N=9,N=8,"N=9,J=8.5,F=9.5","N=8,J=8.5,F=8.5",1017.98001,9.21e-07,0.012280221000000001,7.499865026859043e-05,132439901.51385617,5.0,p-H2,HFS-resolved spectroscopy + HFS-resolved collisions
CN,53,47,N=9,N=8,"N=9,J=9.5,F=10.5","N=8,J=8.5,F=9.5",1020.03055,0.0123,0.0123,1.0,132806735.58515035,5.0,p-H2,HFS-resolved spectroscopy + HFS-resolved collisions
CN,54,47,N=9,N=8,"N=9,J=9.5,F=9.5","N=8,J=8.5,F=9.5",1020.04722,0.000136,0.012336000000000001,0.011024643320363164,132766218.57356042,5.0,p-H2,HFS-resolved spectroscopy + HFS-resolved collisions
CN,54,48,N=9,N=8,"N=9,J=9.5,F=9.5","N=8,J=8.5,F=8.5",1020.03052,0.0122,0.012336000000000001,0.9889753566796368,132766218.57356042,5.0,p-H2,HFS-resolved spectroscopy + HFS-resolved collisions
CN,55,47,N=9,N=8,"N=9,J=9.5,F=8.5","N=8,J=8.5,F=9.5",1020.06326,4.19e-07,0.012351419,3.392322776840458e-05,133277187.38186114,5.0,p-H2,HFS-resolved spectroscopy + HFS-resolved collisions
CN,55,48,N=9,N=8,"N=9,J=9.5,F=8.5","N=8,J=8.5,F=8.5",1020.04655,0.000151,0.012351419,0.01222531597381645,133277187.38186114,5.0,p-H2,HFS-resolved spectroscopy + HFS-resolved collisions
CN,55,49,N=9,N=8,"N=9,J=9.5,F=8.5","N=8,J=8.5,F=7.5",1020.03066,0.0122,0.012351419,0.9877407607984151,133277187.38186114,5.0,p-H2,HFS-resolved spectroscopy + HFS-resolved collisions
CN,56,50,N=10,N=9,"N=10,J=9.5,F=8.5","N=9,J=8.5,F=7.5",1132.99206,0.0166,0.01689696,0.9824252409900953,157187654.95168045,5.0,p-H2,HFS-resolved spectroscopy + HFS-resolved collisions
CN,56,51,N=10,N=9,"N=10,J=9.5,F=8.5","N=9,J=8.5,F=8.5",1132.97578,0.000208,0.01689696,0.01230990663409276,157187654.95168045,5.0,p-H2,HFS-resolved spectroscopy + HFS-resolved collisions
CN,56,52,N=10,N=9,"N=10,J=9.5,F=8.5","N=9,J=8.5,F=9.5",1132.95652,5.79e-07,0.01689696,3.426651894778706e-05,157187654.95168045,5.0,p-H2,HFS-resolved spectroscopy + HFS-resolved collisions
CN,56,54,N=10,N=9,"N=10,J=9.5,F=8.5","N=9,J=9.5,F=9.5",1130.90601,9.81e-07,0.01689696,5.805778080790865e-05,157187654.95168045,5.0,p-H2,HFS-resolved spectroscopy + HFS-resolved collisions
CN,56,55,N=10,N=9,"N=10,J=9.5,F=8.5","N=9,J=9.5,F=8.5",1130.88998,8.74e-05,0.01689696,0.0051725280760562846,157187654.95168045,5.0,p-H2,HFS-resolved spectroscopy + HFS-resolved collisions
CN,57,51,N=10,N=9,"N=10,J=9.5,F=9.5","N=9,J=8.5,F=8.5",1132.99209,0.0167,0.016975696999999998,0.9837593119151457,157654704.2215727,5.0,p-H2,HFS-resolved spectroscopy + HFS-resolved collisions
CN,57,52,N=10,N=9,"N=10,J=9.5,F=9.5","N=9,J=8.5,F=9.5",1132.97283,0.000187,0.016975696999999998,0.011015747983720493,157654704.2215727,5.0,p-H2,HFS-resolved spectroscopy + HFS-resolved collisions
CN,57,53,N=10,N=9,"N=10,J=9.5,F=9.5","N=9,J=9.5,F=10.5",1130.93899,8.86e-07,0.016975696999999998,5.2192260500408324e-05,157654704.2215727,5.0,p-H2,HFS-resolved spectroscopy + HFS-resolved collisions
CN,57,54,N=10,N=9,"N=10,J=9.5,F=9.5","N=9,J=9.5,F=9.5",1130.92232,8.69e-05,0.016975696999999998,0.005119082886552464,157654704.2215727,5.0,p-H2,HFS-resolved spectroscopy + HFS-resolved collisions
CN,57,55,N=10,N=9,"N=10,J=9.5,F=9.5","N=9,J=9.5,F=8.5",1130.90629,9.11e-07,0.016975696999999998,5.366495408111962e-05,157654704.2215727,5.0,p-H2,HFS-resolved spectroscopy + HFS-resolved collisions
CN,58,52,N=10,N=9,"N=10,J=9.5,F=10.5","N=9,J=8.5,F=9.5",1132.99191,0.0169,0.016989037,0.9947591496798789,158171902.09971112,5.0,p-H2,HFS-resolved spectroscopy + HFS-resolved collisions
CN,58,53,N=10,N=9,"N=10,J=9.5,F=10.5","N=9,J=9.5,F=10.5",1130.95808,8.82e-05,0.016989037,0.005191583254542327,158171902.09971112,5.0,p-H2,HFS-resolved spectroscopy + HFS-resolved collisions
CN,58,54,N=10,N=9,"N=10,J=9.5,F=10.5","N=9,J=9.5,F=9.5",1130.94141,8.37e-07,0.016989037,4.926706557882004e-05,158171902.09971112,5.0,p-H2,HFS-resolved spectroscopy + HFS-resolved collisions
CN,59,53,N=10,N=9,"N=10,J=10.5,F=11.5","N=9,J=9.5,F=10.5",1133.20922,0.017,0.017,1.0,158389252.72396922,5.0,p-H2,HFS-resolved spectroscopy + HFS-resolved collisions
CN,60,53,N=10,N=9,"N=10,J=10.5,F=10.5","N=9,J=9.5,F=10.5",1133.22586,0.000154,0.016954,0.009083402146985962,157625650.80135992,5.0,p-H2,HFS-resolved spectroscopy + HFS-resolved collisions
CN,60,54,N=10,N=9,"N=10,J=10.5,F=10.5","N=9,J=9.5,F=9.5",1133.20919,0.0168,0.016954,0.990916597853014,157625650.80135992,5.0,p-H2,HFS-resolved spectroscopy + HFS-resolved collisions
CN,61,53,N=10,N=9,"N=10,J=10.5,F=9.5","N=9,J=9.5,F=10.5",1133.24202,3.83e-07,0.016969382999999998,2.2570060443564744e-05,158029959.2223069,5.0,p-H2,HFS-resolved spectroscopy + HFS-resolved collisions
CN,61,54,N=10,N=9,"N=10,J=10.5,F=9.5","N=9,J=9.5,F=9.5",1133.22535,0.000169,0.016969382999999998,0.00995911283280011,158029959.2223069,5.0,p-H2,HFS-resolved spectroscopy + HFS-resolved collisions
CN,61,55,N=10,N=9,"N=10,J=10.5,F=9.5","N=9,J=9.5,F=8.5",1133.20931,0.0168,0.016969382999999998,0.9900183171067564,158029959.2223069,5.0,p-H2,HFS-resolved spectroscopy + HFS-resolved collisions
CN,62,56,N=11,N=10,"N=11,J=10.5,F=9.5","N=10,J=9.5,F=8.5",1246.1246,0.0223,0.022622695,0.9857357843528368,212445817.10351157,5.0,p-H2,HFS-resolved spectroscopy + HFS-resolved collisions
CN,62,57,N=11,N=10,"N=11,J=10.5,F=9.5","N=10,J=9.5,F=9.5",1246.10829,0.000225,0.022622695,0.009945764640331312,212445817.10351157,5.0,p-H2,HFS-resolved spectroscopy + HFS-resolved collisions
CN,62,58,N=11,N=10,"N=11,J=10.5,F=9.5","N=10,J=9.5,F=10.5",1246.08921,5.13e-07,0.022622695,2.267634337995539e-05,212445817.10351157,5.0,p-H2,HFS-resolved spectroscopy + HFS-resolved collisions
CN,62,60,N=11,N=10,"N=11,J=10.5,F=9.5","N=10,J=10.5,F=10.5",1243.82142,8.82e-07,0.022622695,3.8987397390098744e-05,212445817.10351157,5.0,p-H2,HFS-resolved spectroscopy + HFS-resolved collisions
CN,62,61,N=11,N=10,"N=11,J=10.5,F=9.5","N=10,J=10.5,F=9.5",1243.80527,9.63e-05,0.022622695,0.004256787266061802,212445817.10351157,5.0,p-H2,HFS-resolved spectroscopy + HFS-resolved collisions
CN,63,57,N=11,N=10,"N=11,J=10.5,F=10.5","N=10,J=9.5,F=9.5",1246.12462,0.0223,0.022602433,0.9866194493309636,211747066.27032474,5.0,p-H2,HFS-resolved spectroscopy + HFS-resolved collisions
CN,63,58,N=11,N=10,"N=11,J=10.5,F=10.5","N=10,J=9.5,F=10.5",1246.10554,0.000205,0.022602433,0.009069820049903476,211747066.27032474,5.0,p-H2,HFS-resolved spectroscopy + HFS-resolved collisions
CN,63,59,N=11,N=10,"N=11,J=10.5,F=10.5","N=10,J=10.5,F=11.5",1243.8544,8.05e-07,0.022602433,3.561563483010877e-05,211747066.27032474,5.0,p-H2,HFS-resolved spectroscopy + HFS-resolved collisions
CN,63,60,N=11,N=10,"N=11,J=10.5,F=10.5","N=10,J=10.5,F=10.5",1243.83775,9.58e-05,0.022602433,0.0042384817599061125,211747066.27032474,5.0,p-H2,HFS-resolved spectroscopy + HFS-resolved collisions
CN,63,61,N=11,N=10,"N=11,J=10.5,F=10.5","N=10,J=10.5,F=9.5",1243.8216,8.28e-07,0.022602433,3.663322439668331e-05,211747066.27032474,5.0,p-H2,HFS-resolved spectroscopy + HFS-resolved collisions
CN,64,58,N=11,N=10,"N=11,J=10.5,F=11.5","N=10,J=9.5,F=10.5",1246.12448,0.0225,0.022597766,0.9956736431379988,212199054.0987151,5.0,p-H2,HFS-resolved spectroscopy + HFS-resolved collisions
CN,64,59,N=11,N=10,"N=11,J=10.5,F=11.5","N=10,J=10.5,F=11.5",1243.87334,9.7e-05,0.022597766,0.004292459705972706,212199054.0987151,5.0,p-H2,HFS-resolved spectroscopy + HFS-resolved collisions
CN,64,60,N=11,N=10,"N=11,J=10.5,F=11.5","N=10,J=10.5,F=10.5",1243.85669,7.66e-07,0.022597766,3.38971560286092e-05,212199054.0987151,5.0,p-H2,HFS-resolved spectroscopy + HFS-resolved collisions
CN,65,59,N=11,N=10,"N=11,J=11.5,F=12.5","N=10,J=10.5,F=11.5",1246.3418,0.0227,0.0227,1.0,213403728.7585249,5.0,p-H2,HFS-resolved spectroscopy + HFS-resolved collisions
CN,66,59,N=11,N=10,"N=11,J=11.5,F=11.5","N=10,J=10.5,F=11.5",1246.35842,0.000171,0.022671,0.007542675664946407,212609943.8580114,5.0,p-H2,HFS-resolved spectroscopy + HFS-resolved collisions
CN,66,60,N=11,N=10,"N=11,J=11.5,F=11.5","N=10,J=10.5,F=10.5",1246.34178,0.0225,0.022671,0.9924573243350535,212609943.8580114,5.0,p-H2,HFS-resolved spectroscopy + HFS-resolved collisions
CN,67,59,N=11,N=10,"N=11,J=11.5,F=10.5","N=10,J=10.5,F=11.5",1246.37468,3.53e-07,0.022687353,1.555932946430551e-05,213048266.1532899,5.0,p-H2,HFS-resolved spectroscopy + HFS-resolved collisions
CN,67,60,N=11,N=10,"N=11,J=11.5,F=10.5","N=10,J=10.5,F=10.5",1246.35803,0.000187,0.022687353,0.00824247764822983,213048266.1532899,5.0,p-H2,HFS-resolved spectroscopy + HFS-resolved collisions
CN,67,61,N=11,N=10,"N=11,J=11.5,F=10.5","N=10,J=10.5,F=9.5",1246.34188,0.0225,0.022687353,0.9917419630223058,213048266.1532899,5.0,p-H2,HFS-resolved spectroscopy + HFS-resolved collisions
CN,68,62,N=12,N=11,"N=12,J=11.5,F=10.5","N=11,J=10.5,F=9.5",1359.20647,0.0291,0.029449262,0.9881402121384231,45620047.70927471,5.0,p-H2,HFS-resolved spectroscopy + HFS-resolved collisions
CN,68,63,N=12,N=11,"N=12,J=11.5,F=10.5","N=11,J=10.5,F=10.5",1359.19014,0.000243,0.029449262,0.008251480121980646,45620047.70927471,5.0,p-H2,HFS-resolved spectroscopy + HFS-resolved collisions
CN,68,64,N=12,N=11,"N=12,J=11.5,F=10.5","N=11,J=10.5,F=11.5",1359.1712,4.6e-07,0.029449262,1.5620085827617684e-05,45620047.70927471,5.0,p-H2,HFS-resolved spectroscopy + HFS-resolved collisions
CN,68,66,N=12,N=11,"N=12,J=11.5,F=10.5","N=11,J=11.5,F=11.5",1356.68612,8.02e-07,0.029449262,2.7233280073368223e-05,45620047.70927471,5.0,p-H2,HFS-resolved spectroscopy + HFS-resolved collisions
CN,68,67,N=12,N=11,"N=12,J=11.5,F=10.5","N=11,J=11.5,F=10.5",1356.66986,0.000105,0.029449262,0.0035654543736953407,45620047.70927471,5.0,p-H2,HFS-resolved spectroscopy + HFS-resolved collisions
CN,69,63,N=12,N=11,"N=12,J=11.5,F=11.5","N=11,J=10.5,F=10.5",1359.20649,0.0292,0.029529497000000002,0.9888417672674884,45463850.13133481,5.0,p-H2,HFS-resolved spectroscopy + HFS-resolved collisions
CN,69,64,N=12,N=11,"N=12,J=11.5,F=11.5","N=11,J=10.5,F=11.5",1359.18755,0.000223,0.029529497000000002,0.007551771030844176,45463850.13133481,5.0,p-H2,HFS-resolved spectroscopy + HFS-resolved collisions
CN,69,65,N=12,N=11,"N=12,J=11.5,F=11.5","N=11,J=11.5,F=12.5",1356.71909,7.38e-07,0.029529497000000002,2.4991959734363235e-05,45463850.13133481,5.0,p-H2,HFS-resolved spectroscopy + HFS-resolved collisions
CN,69,66,N=12,N=11,"N=12,J=11.5,F=11.5","N=11,J=11.5,F=11.5",1356.70247,0.000105,0.029529497000000002,0.003555766628872818,45463850.13133481,5.0,p-H2,HFS-resolved spectroscopy + HFS-resolved collisions
CN,69,67,N=12,N=11,"N=12,J=11.5,F=11.5","N=11,J=11.5,F=10.5",1356.68622,7.59e-07,0.029529497000000002,2.5703113060137798e-05,45463850.13133481,5.0,p-H2,HFS-resolved spectroscopy + HFS-resolved collisions
CN,70,64,N=12,N=11,"N=12,J=11.5,F=12.5","N=11,J=10.5,F=11.5",1359.20637,0.0294,0.029506707,0.9963836357611847,45446460.48600217,5.0,p-H2,HFS-resolved spectroscopy + HFS-resolved collisions
CN,70,65,N=12,N=11,"N=12,J=11.5,F=12.5","N=11,J=11.5,F=12.5",1356.73791,0.000106,0.029506707,0.0035924035847171966,45446460.48600217,5.0,p-H2,HFS-resolved spectroscopy + HFS-resolved collisions
CN,70,66,N=12,N=11,"N=12,J=11.5,F=12.5","N=11,J=11.5,F=11.5",1356.72129,7.07e-07,0.029506707,2.3960654098066585e-05,45446460.48600217,5.0,p-H2,HFS-resolved spectroscopy + HFS-resolved collisions
CN,71,65,N=12,N=11,"N=12,J=12.5,F=13.5","N=11,J=11.5,F=12.5",1359.4237,0.0295,0.0295,1.0,45331649.44657501,5.0,p-H2,HFS-resolved spectroscopy + HFS-resolved collisions
CN,72,65,N=12,N=11,"N=12,J=12.5,F=12.5","N=11,J=11.5,F=12.5",1359.4403,0.000189,0.029489,0.006409169520838279,45326827.904918656,5.0,p-H2,HFS-resolved spectroscopy + HFS-resolved collisions
CN,72,66,N=12,N=11,"N=12,J=12.5,F=12.5","N=11,J=11.5,F=11.5",1359.42368,0.0293,0.029489,0.9935908304791616,45326827.904918656,5.0,p-H2,HFS-resolved spectroscopy + HFS-resolved collisions
CN,73,65,N=12,N=11,"N=12,J=12.5,F=11.5","N=11,J=11.5,F=12.5",1359.45664,3.27e-07,0.029504327,1.10831201131956e-05,45609669.88621615,5.0,p-H2,HFS-resolved spectroscopy + HFS-resolved collisions
CN,73,66,N=12,N=11,"N=12,J=12.5,F=11.5","N=11,J=11.5,F=11.5",1359.44002,0.000204,0.029504327,0.006914240070617438,45609669.88621615,5.0,p-H2,HFS-resolved spectroscopy + HFS-resolved collisions
CN,73,67,N=12,N=11,"N=12,J=12.5,F=11.5","N=11,J=11.5,F=10.5",1359.42376,0.0293,0.029504327,0.9930746768092693,45609669.88621615,5.0,p-H2,HFS-resolved spectroscopy + HFS-resolved collisions
CN,3,1,N=1,N=0,"N=1,J=0.5,F=0.5","N=0,J=0.5,F=1.5",113.14416,1.05e-05,1.1789999999999999e-05,0.89058524173028,263805.31106449314,10.0,p-H2,HFS-resolved spectroscopy + HFS-resolved collisions
CN,3,2,N=1,N=0,"N=1,J=0.5,F=0.5","N=0,J=0.5,F=0.5",113.12337,1.29e-06,1.1789999999999999e-05,0.10941475826972011,263805.31106449314,10.0,p-H2,HFS-resolved spectroscopy + HFS-resolved collisions
CN,4,1,N=1,N=0,"N=1,J=0.5,F=1.5","N=0,J=0.5,F=1.5",113.19128,6.68e-06,1.182e-05,0.5651438240270727,302305.57419528975,10.0,p-H2,HFS-resolved spectroscopy + HFS-resolved collisions
CN,4,2,N=1,N=0,"N=1,J=0.5,F=1.5","N=0,J=0.5,F=0.5",113.17049,5.14e-06,1.182e-05,0.43485617597292725,302305.57419528975,10.0,p-H2,HFS-resolved spectroscopy + HFS-resolved collisions
CN,5,1,N=1,N=0,"N=1,J=1.5,F=2.5","N=0,J=0.5,F=1.5",113.49097,1.19e-05,1.19e-05,1.0,414363.26420938445,10.0,p-H2,HFS-resolved spectroscopy + HFS-resolved collisions
CN,6,1,N=1,N=0,"N=1,J=1.5,F=1.5","N=0,J=0.5,F=1.5",113.50891,5.19e-06,1.193e-05,0.435037720033529,319554.7029512165,10.0,p-H2,HFS-resolved spectroscopy + HFS-resolved collisions
CN,6,2,N=1,N=0,"N=1,J=1.5,F=1.5","N=0,J=0.5,F=0.5",113.48812,6.74e-06,1.193e-05,0.5649622799664711,319554.7029512165,10.0,p-H2,HFS-resolved spectroscopy + HFS-resolved collisions
CN,7,1,N=1,N=0,"N=1,J=1.5,F=0.5","N=0,J=0.5,F=1.5",113.52043,1.3e-06,1.19e-05,0.10924369747899161,318888.1883298058,10.0,p-H2,HFS-resolved spectroscopy + HFS-resolved collisions
CN,7,2,N=1,N=0,"N=1,J=1.5,F=0.5","N=0,J=0.5,F=0.5",113.49964,1.06e-05,1.19e-05,0.8907563025210085,318888.1883298058,10.0,p-H2,HFS-resolved spectroscopy + HFS-resolved collisions
CN,8,3,N=2,N=1,"N=2,J=1.5,F=0.5","N=1,J=0.5,F=0.5",226.66369,8.46e-05,0.00011383,0.7432135640867961,2075058.1135752222,10.0,p-H2,HFS-resolved spectroscopy + HFS-resolved collisions
CN,8,4,N=2,N=1,"N=2,J=1.5,F=0.5","N=1,J=0.5,F=1.5",226.61657,1.07e-05,0.00011383,0.09399982429939382,2075058.1135752222,10.0,p-H2,HFS-resolved spectroscopy + HFS-resolved collisions
CN,8,6,N=2,N=1,"N=2,J=1.5,F=0.5","N=1,J=1.5,F=1.5",226.29894,8.23e-06,0.00011383,0.07230079943775806,2075058.1135752222,10.0,p-H2,HFS-resolved spectroscopy + HFS-resolved collisions
CN,8,7,N=2,N=1,"N=2,J=1.5,F=0.5","N=1,J=1.5,F=0.5",226.28742,1.03e-05,0.00011383,0.090485812176052,2075058.1135752222,10.0,p-H2,HFS-resolved spectroscopy + HFS-resolved collisions
CN,9,3,N=2,N=1,"N=2,J=1.5,F=1.5","N=1,J=0.5,F=0.5",226.67931,5.27e-05,0.00011392,0.4626053370786517,2103309.692498249,10.0,p-H2,HFS-resolved spectroscopy + HFS-resolved collisions
CN,9,4,N=2,N=1,"N=2,J=1.5,F=1.5","N=1,J=0.5,F=1.5",226.63219,4.26e-05,0.00011392,0.37394662921348315,2103309.692498249,10.0,p-H2,HFS-resolved spectroscopy + HFS-resolved collisions
CN,9,5,N=2,N=1,"N=2,J=1.5,F=1.5","N=1,J=1.5,F=2.5",226.3325,4.55e-06,0.00011392,0.039940308988764044,2103309.692498249,10.0,p-H2,HFS-resolved spectroscopy + HFS-resolved collisions
CN,9,6,N=2,N=1,"N=2,J=1.5,F=1.5","N=1,J=1.5,F=1.5",226.31454,9.9e-06,0.00011392,0.08690308988764045,2103309.692498249,10.0,p-H2,HFS-resolved spectroscopy + HFS-resolved collisions
CN,9,7,N=2,N=1,"N=2,J=1.5,F=1.5","N=1,J=1.5,F=0.5",226.30304,4.17e-06,0.00011392,0.036604634831460675,2103309.692498249,10.0,p-H2,HFS-resolved spectroscopy + HFS-resolved collisions
CN,10,4,N=2,N=1,"N=2,J=1.5,F=2.5","N=1,J=0.5,F=1.5",226.65956,9.47e-05,0.00011396,0.830993330993331,2751802.4062593407,10.0,p-H2,HFS-resolved spectroscopy + HFS-resolved collisions
CN,10,5,N=2,N=1,"N=2,J=1.5,F=2.5","N=1,J=1.5,F=2.5",226.35987,1.61e-05,0.00011396,0.14127764127764125,2751802.4062593407,10.0,p-H2,HFS-resolved spectroscopy + HFS-resolved collisions
CN,10,6,N=2,N=1,"N=2,J=1.5,F=2.5","N=1,J=1.5,F=1.5",226.34193,3.16e-06,0.00011396,0.027729027729027727,2751802.4062593407,10.0,p-H2,HFS-resolved spectroscopy + HFS-resolved collisions
CN,11,5,N=2,N=1,"N=2,J=2.5,F=3.5","N=1,J=1.5,F=2.5",226.87478,0.000114,0.000114,1.0,3335343.8622342586,10.0,p-H2,HFS-resolved spectroscopy + HFS-resolved collisions
CN,12,4,N=2,N=1,"N=2,J=2.5,F=2.5","N=1,J=0.5,F=1.5",227.19182,1.45e-09,0.00011430144999999999,1.268575333033833e-05,2664534.8044206128,10.0,p-H2,HFS-resolved spectroscopy + HFS-resolved collisions
CN,12,5,N=2,N=1,"N=2,J=2.5,F=2.5","N=1,J=1.5,F=2.5",226.89213,1.81e-05,0.00011430144999999999,0.1583531967442233,2664534.8044206128,10.0,p-H2,HFS-resolved spectroscopy + HFS-resolved collisions
CN,12,6,N=2,N=1,"N=2,J=2.5,F=2.5","N=1,J=1.5,F=1.5",226.87419,9.62e-05,0.00011430144999999999,0.8416341175024464,2664534.8044206128,10.0,p-H2,HFS-resolved spectroscopy + HFS-resolved collisions
CN,13,5,N=2,N=1,"N=2,J=2.5,F=1.5","N=1,J=1.5,F=2.5",226.90536,1.13e-06,0.00011433,0.009883670077844835,2879617.085135361,10.0,p-H2,HFS-resolved spectroscopy + HFS-resolved collisions
CN,13,6,N=2,N=1,"N=2,J=2.5,F=1.5","N=1,J=1.5,F=1.5",226.88742,2.73e-05,0.00011433,0.23878247179218054,2879617.085135361,10.0,p-H2,HFS-resolved spectroscopy + HFS-resolved collisions
CN,13,7,N=2,N=1,"N=2,J=2.5,F=1.5","N=1,J=1.5,F=0.5",226.8759,8.59e-05,0.00011433,0.7513338581299747,2879617.085135361,10.0,p-H2,HFS-resolved spectroscopy + HFS-resolved collisions
CN,14,8,N=3,N=2,"N=3,J=2.5,F=1.5","N=2,J=1.5,F=0.5",340.03541,0.000289,0.00041252,0.7005720934742558,10629604.418409502,10.0,p-H2,HFS-resolved spectroscopy + HFS-resolved collisions
CN,14,9,N=3,N=2,"N=3,J=2.5,F=1.5","N=2,J=1.5,F=1.5",340.01963,9.27e-05,0.00041252,0.22471637738776304,10629604.418409502,10.0,p-H2,HFS-resolved spectroscopy + HFS-resolved collisions
CN,14,10,N=3,N=2,"N=3,J=2.5,F=1.5","N=2,J=1.5,F=2.5",339.99226,3.89e-06,0.00041252,0.009429845825656938,10629604.418409502,10.0,p-H2,HFS-resolved spectroscopy + HFS-resolved collisions
CN,14,12,N=3,N=2,"N=3,J=2.5,F=1.5","N=2,J=2.5,F=2.5",339.46,4.33e-06,0.00041252,0.010496460777659266,10629604.418409502,10.0,p-H2,HFS-resolved spectroscopy + HFS-resolved collisions
CN,14,13,N=3,N=2,"N=3,J=2.5,F=1.5","N=2,J=2.5,F=1.5",339.44678,2.26e-05,0.00041252,0.05478522253466499,10629604.418409502,10.0,p-H2,HFS-resolved spectroscopy + HFS-resolved collisions
CN,15,9,N=3,N=2,"N=3,J=2.5,F=2.5","N=2,J=1.5,F=1.5",340.03541,0.000323,0.00041213999999999997,0.7837142718493716,10108287.281458685,10.0,p-H2,HFS-resolved spectroscopy + HFS-resolved collisions
CN,15,10,N=3,N=2,"N=3,J=2.5,F=2.5","N=2,J=1.5,F=2.5",340.00813,6.2e-05,0.00041213999999999997,0.1504343184354831,10108287.281458685,10.0,p-H2,HFS-resolved spectroscopy + HFS-resolved collisions
CN,15,11,N=3,N=2,"N=3,J=2.5,F=2.5","N=2,J=2.5,F=3.5",339.49321,2.99e-06,0.00041213999999999997,0.007254816324549911,10108287.281458685,10.0,p-H2,HFS-resolved spectroscopy + HFS-resolved collisions
CN,15,12,N=3,N=2,"N=3,J=2.5,F=2.5","N=2,J=2.5,F=2.5",339.4759,2.12e-05,0.00041213999999999997,0.05143883146503616,10108287.281458685,10.0,p-H2,HFS-resolved spectroscopy + HFS-resolved collisions
CN,15,13,N=3,N=2,"N=3,J=2.5,F=2.5","N=2,J=2.5,F=1.5",339.46264,2.95e-06,0.00041213999999999997,0.007157761925559277,10108287.281458685,10.0,p-H2,HFS-resolved spectroscopy + HFS-resolved collisions
CN,16,10,N=3,N=2,"N=3,J=2.5,F=3.5","N=2,J=1.5,F=2.5",340.03155,0.000384,0.00041173,0.9326500376460302,11663418.913869226,10.0,p-H2,HFS-resolved spectroscopy + HFS-resolved collisions
CN,16,11,N=3,N=2,"N=3,J=2.5,F=3.5","N=2,J=2.5,F=3.5",339.51664,2.54e-05,0.00041173,0.06169091394846137,11663418.913869226,10.0,p-H2,HFS-resolved spectroscopy + HFS-resolved collisions
CN,16,12,N=3,N=2,"N=3,J=2.5,F=3.5","N=2,J=2.5,F=2.5",339.49929,2.33e-06,0.00041173,0.005659048405508464,11663418.913869226,10.0,p-H2,HFS-resolved spectroscopy + HFS-resolved collisions
CN,17,11,N=3,N=2,"N=3,J=3.5,F=4.5","N=2,J=2.5,F=3.5",340.24777,0.000413,0.000413,1.0,12483250.62412309,10.0,p-H2,HFS-resolved spectroscopy + HFS-resolved collisions
CN,18,11,N=3,N=2,"N=3,J=3.5,F=3.5","N=2,J=2.5,F=3.5",340.26495,3.35e-05,0.0004135,0.08101571946795647,11251846.454866478,10.0,p-H2,HFS-resolved spectroscopy + HFS-resolved collisions
CN,18,12,N=3,N=2,"N=3,J=3.5,F=3.5","N=2,J=2.5,F=2.5",340.24777,0.00038,0.0004135,0.9189842805320435,11251846.454866478,10.0,p-H2,HFS-resolved spectroscopy + HFS-resolved collisions
CN,19,11,N=3,N=2,"N=3,J=3.5,F=2.5","N=2,J=2.5,F=3.5",340.27912,9.27e-07,0.000412727,0.002246036726455987,11891753.861889528,10.0,p-H2,HFS-resolved spectroscopy + HFS-resolved collisions
CN,19,12,N=3,N=2,"N=3,J=3.5,F=2.5","N=2,J=2.5,F=2.5",340.26177,4.48e-05,0.000412727,0.10854632723325587,11891753.861889528,10.0,p-H2,HFS-resolved spectroscopy + HFS-resolved collisions
CN,19,13,N=3,N=2,"N=3,J=3.5,F=2.5","N=2,J=2.5,F=1.5",340.24854,0.000367,0.000412727,0.8892076360402881,11891753.861889528,10.0,p-H2,HFS-resolved spectroscopy + HFS-resolved collisions
CN,20,14,N=4,N=3,"N=4,J=3.5,F=2.5","N=3,J=2.5,F=1.5",453.39147,0.000869,0.0010138599999999999,0.8571203124691773,22840598.231247433,10.0,p-H2,HFS-resolved spectroscopy + HFS-resolved collisions
CN,20,15,N=4,N=3,"N=4,J=3.5,F=2.5","N=3,J=2.5,F=2.5",453.3756,0.000107,0.0010138599999999999,0.105537253664214,22840598.231247433,10.0,p-H2,HFS-resolved spectroscopy + HFS-resolved collisions
CN,20,16,N=4,N=3,"N=4,J=3.5,F=2.5","N=3,J=2.5,F=3.5",453.35218,2.24e-06,0.0010138599999999999,0.002209378020634013,22840598.231247433,10.0,p-H2,HFS-resolved spectroscopy + HFS-resolved collisions
CN,20,18,N=4,N=3,"N=4,J=3.5,F=2.5","N=3,J=3.5,F=3.5",452.60386,2.92e-06,0.0010138599999999999,0.0028800820626121953,22840598.231247433,10.0,p-H2,HFS-resolved spectroscopy + HFS-resolved collisions
CN,20,19,N=4,N=3,"N=4,J=3.5,F=2.5","N=3,J=3.5,F=2.5",452.58969,3.27e-05,0.0010138599999999999,0.0322529737833626,22840598.231247433,10.0,p-H2,HFS-resolved spectroscopy + HFS-resolved collisions
CN,21,15,N=4,N=3,"N=4,J=3.5,F=3.5","N=3,J=2.5,F=2.5",453.39161,0.000897,0.00101308,0.8854187231018281,22277629.539625823,10.0,p-H2,HFS-resolved spectroscopy + HFS-resolved collisions
CN,21,16,N=4,N=3,"N=4,J=3.5,F=3.5","N=3,J=2.5,F=3.5",453.36819,8.02e-05,0.00101308,0.07916452797409879,22277629.539625823,10.0,p-H2,HFS-resolved spectroscopy + HFS-resolved collisions
CN,21,17,N=4,N=3,"N=4,J=3.5,F=3.5","N=3,J=3.5,F=4.5",452.63697,2.23e-06,0.00101308,0.0022012081967860385,22277629.539625823,10.0,p-H2,HFS-resolved spectroscopy + HFS-resolved collisions
CN,21,18,N=4,N=3,"N=4,J=3.5,F=3.5","N=3,J=3.5,F=3.5",452.61987,3.14e-05,0.00101308,0.030994590752951395,22277629.539625823,10.0,p-H2,HFS-resolved spectroscopy + HFS-resolved collisions
CN,21,19,N=4,N=3,"N=4,J=3.5,F=3.5","N=3,J=3.5,F=2.5",452.6057,2.25e-06,0.00101308,0.0022209499743356892,22277629.539625823,10.0,p-H2,HFS-resolved spectroscopy + HFS-resolved collisions
CN,22,16,N=4,N=3,"N=4,J=3.5,F=4.5","N=3,J=2.5,F=3.5",453.38992,0.000977,0.00101336,0.964119365279861,23324965.822443776,10.0,p-H2,HFS-resolved spectroscopy + HFS-resolved collisions
CN,22,17,N=4,N=3,"N=4,J=3.5,F=4.5","N=3,J=3.5,F=4.5",452.6587,3.45e-05,0.00101336,0.03404515670640246,23324965.822443776,10.0,p-H2,HFS-resolved spectroscopy + HFS-resolved collisions
CN,22,18,N=4,N=3,"N=4,J=3.5,F=4.5","N=3,J=3.5,F=3.5",452.64161,1.86e-06,0.00101336,0.0018354780137364805,23324965.822443776,10.0,p-H2,HFS-resolved spectroscopy + HFS-resolved collisions
CN,23,17,N=4,N=3,"N=4,J=4.5,F=5.5","N=3,J=3.5,F=4.5",453.60668,0.00102,0.00102,1.0,23882790.666300677,10.0,p-H2,HFS-resolved spectroscopy + HFS-resolved collisions
CN,24,17,N=4,N=3,"N=4,J=4.5,F=4.5","N=3,J=3.5,F=4.5",453.62363,4.99e-05,0.0010149,0.04916740565572963,22945203.73343923,10.0,p-H2,HFS-resolved spectroscopy + HFS-resolved collisions
CN,24,18,N=4,N=3,"N=4,J=4.5,F=4.5","N=3,J=3.5,F=3.5",453.60654,0.000965,0.0010149,0.9508325943442704,22945203.73343923,10.0,p-H2,HFS-resolved spectroscopy + HFS-resolved collisions
CN,25,17,N=4,N=3,"N=4,J=4.5,F=3.5","N=3,J=3.5,F=4.5",453.6384,7.77e-07,0.0010151770000000001,0.0007653837705148954,23445039.836015653,10.0,p-H2,HFS-resolved spectroscopy + HFS-resolved collisions
CN,25,18,N=4,N=3,"N=4,J=4.5,F=3.5","N=3,J=3.5,F=3.5",453.62131,6.24e-05,0.0010151770000000001,0.06146711361664024,23445039.836015653,10.0,p-H2,HFS-resolved spectroscopy + HFS-resolved collisions
CN,25,19,N=4,N=3,"N=4,J=4.5,F=3.5","N=3,J=3.5,F=2.5",453.60713,0.000952,0.0010151770000000001,0.9377675026128448,23445039.836015653,10.0,p-H2,HFS-resolved spectroscopy + HFS-resolved collisions
CN,26,20,N=5,N=4,"N=5,J=4.5,F=3.5","N=4,J=3.5,F=2.5",566.73075,0.00186,0.00202894,0.9167348467672776,37524806.97703478,10.0,p-H2,HFS-resolved spectroscopy + HFS-resolved collisions
CN,26,21,N=5,N=4,"N=5,J=4.5,F=3.5","N=4,J=3.5,F=3.5",566.71474,0.000123,0.00202894,0.06062278825396513,37524806.97703478,10.0,p-H2,HFS-resolved spectroscopy + HFS-resolved collisions
CN,26,22,N=5,N=4,"N=5,J=4.5,F=3.5","N=4,J=3.5,F=4.5",566.693,1.54e-06,0.00202894,0.0007590170236675309,37524806.97703478,10.0,p-H2,HFS-resolved spectroscopy + HFS-resolved collisions
CN,26,24,N=5,N=4,"N=5,J=4.5,F=3.5","N=4,J=4.5,F=4.5",565.72807,2.2e-06,0.00202894,0.0010843100338107585,37524806.97703478,10.0,p-H2,HFS-resolved spectroscopy + HFS-resolved collisions
CN,26,25,N=5,N=4,"N=5,J=4.5,F=3.5","N=4,J=4.5,F=3.5",565.71331,4.22e-05,0.00202894,0.020799037921279094,37524806.97703478,10.0,p-H2,HFS-resolved spectroscopy + HFS-resolved collisions
CN,27,21,N=5,N=4,"N=5,J=4.5,F=4.5","N=4,J=3.5,F=3.5",566.73084,0.00188,0.00202279,0.9294093801136054,36922422.4662289,10.0,p-H2,HFS-resolved spectroscopy + HFS-resolved collisions
CN,27,22,N=5,N=4,"N=5,J=4.5,F=4.5","N=4,J=3.5,F=4.5",566.70911,9.81e-05,0.00202279,0.048497372441034414,36922422.4662289,10.0,p-H2,HFS-resolved spectroscopy + HFS-resolved collisions
CN,27,23,N=5,N=4,"N=5,J=4.5,F=4.5","N=4,J=4.5,F=5.5",565.76113,1.78e-06,0.00202279,0.0008799727109586264,36922422.4662289,10.0,p-H2,HFS-resolved spectroscopy + HFS-resolved collisions
CN,27,24,N=5,N=4,"N=5,J=4.5,F=4.5","N=4,J=4.5,F=4.5",565.74418,4.11e-05,0.00202279,0.020318471022696377,36922422.4662289,10.0,p-H2,HFS-resolved spectroscopy + HFS-resolved collisions
CN,27,25,N=5,N=4,"N=5,J=4.5,F=4.5","N=4,J=4.5,F=3.5",565.72941,1.81e-06,0.00202279,0.0008948037117051202,36922422.4662289,10.0,p-H2,HFS-resolved spectroscopy + HFS-resolved collisions
CN,28,22,N=5,N=4,"N=5,J=4.5,F=5.5","N=4,J=3.5,F=4.5",566.7299,0.00198,0.00202504,0.9777584640303401,37767931.312056296,10.0,p-H2,HFS-resolved spectroscopy + HFS-resolved collisions
CN,28,23,N=5,N=4,"N=5,J=4.5,F=5.5","N=4,J=4.5,F=5.5",565.78192,4.35e-05,0.00202504,0.021481057164302927,37767931.312056296,10.0,p-H2,HFS-resolved spectroscopy + HFS-resolved collisions
CN,28,24,N=5,N=4,"N=5,J=4.5,F=5.5","N=4,J=4.5,F=4.5",565.76498,1.54e-06,0.00202504,0.0007604788053569312,37767931.312056296,10.0,p-H2,HFS-resolved spectroscopy + HFS-resolved collisions
CN,29,23,N=5,N=4,"N=5,J=5.5,F=6.5","N=4,J=4.5,F=5.5",566.94689,0.00203,0.00203,1.0,38079375.11109526,10.0,p-H2,HFS-resolved spectroscopy + HFS-resolved collisions
CN,30,23,N=5,N=4,"N=5,J=5.5,F=5.5","N=4,J=4.5,F=5.5",566.96375,6.68e-05,0.0020268,0.03295835800276298,37404468.905190706,10.0,p-H2,HFS-resolved spectroscopy + HFS-resolved collisions
CN,30,24,N=5,N=4,"N=5,J=5.5,F=5.5","N=4,J=4.5,F=4.5",566.9468,0.00196,0.0020268,0.967041641997237,37404468.905190706,10.0,p-H2,HFS-resolved spectroscopy + HFS-resolved collisions
CN,31,23,N=5,N=4,"N=5,J=5.5,F=4.5","N=4,J=4.5,F=5.5",566.97893,6.66e-07,0.002030866,0.0003279389186681937,37886864.50855686,10.0,p-H2,HFS-resolved spectroscopy + HFS-resolved collisions
CN,31,24,N=5,N=4,"N=5,J=5.5,F=4.5","N=4,J=4.5,F=4.5",566.96198,8.02e-05,0.002030866,0.03949054245824195,37886864.50855686,10.0,p-H2,HFS-resolved spectroscopy + HFS-resolved collisions
CN,31,25,N=5,N=4,"N=5,J=5.5,F=4.5","N=4,J=4.5,F=3.5",566.94721,0.00195,0.002030866,0.9601815186230898,37886864.50855686,10.0,p-H2,HFS-resolved spectroscopy + HFS-resolved collisions
CN,32,26,N=6,N=5,"N=6,J=5.5,F=4.5","N=5,J=4.5,F=3.5",680.04738,0.00336,0.00355332,0.9455945425686401,56394127.9487935,10.0,p-H2,HFS-resolved spectroscopy + HFS-resolved collisions
CN,32,27,N=6,N=5,"N=6,J=5.5,F=4.5","N=5,J=4.5,F=4.5",680.03127,0.000139,0.00355332,0.03911834565983362,56394127.9487935,10.0,p-H2,HFS-resolved spectroscopy + HFS-resolved collisions
CN,32,28,N=6,N=5,"N=6,J=5.5,F=4.5","N=5,J=4.5,F=5.5",680.01048,1.16e-06,0.00355332,0.0003264552587439352,56394127.9487935,10.0,p-H2,HFS-resolved spectroscopy + HFS-resolved collisions
CN,32,30,N=6,N=5,"N=6,J=5.5,F=4.5","N=5,J=5.5,F=5.5",678.82865,1.76e-06,0.00355332,0.0004953114270597639,56394127.9487935,10.0,p-H2,HFS-resolved spectroscopy + HFS-resolved collisions
CN,32,31,N=6,N=5,"N=6,J=5.5,F=4.5","N=5,J=5.5,F=4.5",678.81347,5.14e-05,0.00355332,0.014465345085722649,56394127.9487935,10.0,p-H2,HFS-resolved spectroscopy + HFS-resolved collisions
CN,33,27,N=6,N=5,"N=6,J=5.5,F=5.5","N=5,J=4.5,F=4.5",680.04744,0.00338,0.00354949,0.952249478094036,55702890.695408575,10.0,p-H2,HFS-resolved spectroscopy + HFS-resolved collisions
CN,33,28,N=6,N=5,"N=6,J=5.5,F=5.5","N=5,J=4.5,F=5.5",680.02664,0.000116,0.00354949,0.0326807513192036,55702890.695408575,10.0,p-H2,HFS-resolved spectroscopy + HFS-resolved collisions
CN,33,29,N=6,N=5,"N=6,J=5.5,F=5.5","N=5,J=5.5,F=6.5",678.86167,1.48e-06,0.00354949,0.00041696130993466667,55702890.695408575,10.0,p-H2,HFS-resolved spectroscopy + HFS-resolved collisions
CN,33,30,N=6,N=5,"N=6,J=5.5,F=5.5","N=5,J=5.5,F=5.5",678.84482,5.05e-05,0.00354949,0.014227396048446396,55702890.695408575,10.0,p-H2,HFS-resolved spectroscopy + HFS-resolved collisions
CN,33,31,N=6,N=5,"N=6,J=5.5,F=5.5","N=5,J=5.5,F=4.5",678.82964,1.51e-06,0.00354949,0.0004254132283792883,55702890.695408575,10.0,p-H2,HFS-resolved spectroscopy + HFS-resolved collisions
CN,34,28,N=6,N=5,"N=6,J=5.5,F=6.5","N=5,J=4.5,F=5.5",680.04685,0.0035,0.00355382,0.9848557327045264,56637369.31212033,10.0,p-H2,HFS-resolved spectroscopy + HFS-resolved collisions
CN,34,29,N=6,N=5,"N=6,J=5.5,F=6.5","N=5,J=5.5,F=6.5",678.88188,5.25e-05,0.00355382,0.014772835990567897,56637369.31212033,10.0,p-H2,HFS-resolved spectroscopy + HFS-resolved collisions
CN,34,30,N=6,N=5,"N=6,J=5.5,F=6.5","N=5,J=5.5,F=5.5",678.86502,1.32e-06,0.00355382,0.0003714313049057071,56637369.31212033,10.0,p-H2,HFS-resolved spectroscopy + HFS-resolved collisions
CN,35,29,N=6,N=5,"N=6,J=6.5,F=7.5","N=5,J=5.5,F=6.5",680.26397,0.00356,0.00356,1.0,57001629.4017991,10.0,p-H2,HFS-resolved spectroscopy + HFS-resolved collisions
CN,36,29,N=6,N=5,"N=6,J=6.5,F=6.5","N=5,J=5.5,F=6.5",680.28076,8.39e-05,0.0035539,0.023607867413264302,56169904.24600756,10.0,p-H2,HFS-resolved spectroscopy + HFS-resolved collisions
CN,36,30,N=6,N=5,"N=6,J=6.5,F=6.5","N=5,J=5.5,F=5.5",680.2639,0.00347,0.0035539,0.9763921325867357,56169904.24600756,10.0,p-H2,HFS-resolved spectroscopy + HFS-resolved collisions
CN,37,29,N=6,N=5,"N=6,J=6.5,F=5.5","N=5,J=5.5,F=6.5",680.29624,5.81e-07,0.003558481,0.00016327191293138843,56731727.29194339,10.0,p-H2,HFS-resolved spectroscopy + HFS-resolved collisions
CN,37,30,N=6,N=5,"N=6,J=6.5,F=5.5","N=5,J=5.5,F=5.5",680.27938,9.79e-05,0.003558481,0.027511738857113468,56731727.29194339,10.0,p-H2,HFS-resolved spectroscopy + HFS-resolved collisions
CN,37,31,N=6,N=5,"N=6,J=6.5,F=5.5","N=5,J=5.5,F=4.5",680.2642,0.00346,0.003558481,0.9723249892299551,56731727.29194339,10.0,p-H2,HFS-resolved spectroscopy + HFS-resolved collisions
CN,38,32,N=7,N=6,"N=7,J=6.5,F=5.5","N=6,J=5.5,F=4.5",793.33649,0.00548,0.005698902,0.9615887411294316,70044771.74718846,10.0,p-H2,HFS-resolved spectroscopy + HFS-resolved collisions
CN,38,33,N=7,N=6,"N=7,J=6.5,F=5.5","N=6,J=5.5,F=5.5",793.32032,0.000156,0.005698902,0.027373694090545863,70044771.74718846,10.0,p-H2,HFS-resolved spectroscopy + HFS-resolved collisions
CN,38,34,N=7,N=6,"N=7,J=6.5,F=5.5","N=6,J=5.5,F=6.5",793.30012,9.32e-07,0.005698902,0.0001635402749512099,70044771.74718846,10.0,p-H2,HFS-resolved spectroscopy + HFS-resolved collisions
CN,38,36,N=7,N=6,"N=7,J=6.5,F=5.5","N=6,J=6.5,F=6.5",791.90124,1.47e-06,0.005698902,0.00025794442508398984,70044771.74718846,10.0,p-H2,HFS-resolved spectroscopy + HFS-resolved collisions
CN,38,37,N=7,N=6,"N=7,J=6.5,F=5.5","N=6,J=6.5,F=5.5",791.88576,6.05e-05,0.005698902,0.010616080079987338,70044771.74718846,10.0,p-H2,HFS-resolved spectroscopy + HFS-resolved collisions
CN,39,33,N=7,N=6,"N=7,J=6.5,F=6.5","N=6,J=5.5,F=5.5",793.33654,0.00551,0.00570627,0.9656045017147804,69729200.60916087,10.0,p-H2,HFS-resolved spectroscopy + HFS-resolved collisions
CN,39,34,N=7,N=6,"N=7,J=6.5,F=6.5","N=6,J=5.5,F=6.5",793.31633,0.000134,0.00570627,0.023482940695059996,69729200.60916087,10.0,p-H2,HFS-resolved spectroscopy + HFS-resolved collisions
CN,39,35,N=7,N=6,"N=7,J=6.5,F=6.5","N=6,J=6.5,F=7.5",791.93424,1.27e-06,0.00570627,0.00022256219912482233,69729200.60916087,10.0,p-H2,HFS-resolved spectroscopy + HFS-resolved collisions
CN,39,36,N=7,N=6,"N=7,J=6.5,F=6.5","N=6,J=6.5,F=6.5",791.91745,5.97e-05,0.00570627,0.010462175817127476,69729200.60916087,10.0,p-H2,HFS-resolved spectroscopy + HFS-resolved collisions
CN,39,37,N=7,N=6,"N=7,J=6.5,F=6.5","N=6,J=6.5,F=5.5",791.90197,1.3e-06,0.00570627,0.00022781957390729846,69729200.60916087,10.0,p-H2,HFS-resolved spectroscopy + HFS-resolved collisions
CN,40,34,N=7,N=6,"N=7,J=6.5,F=7.5","N=6,J=5.5,F=6.5",793.33613,0.00564,0.00570265,0.9890138795121566,70325048.87011178,10.0,p-H2,HFS-resolved spectroscopy + HFS-resolved collisions
CN,40,35,N=7,N=6,"N=7,J=6.5,F=7.5","N=6,J=6.5,F=7.5",791.95404,6.15e-05,0.00570265,0.01078445985638256,70325048.87011178,10.0,p-H2,HFS-resolved spectroscopy + HFS-resolved collisions
CN,40,36,N=7,N=6,"N=7,J=6.5,F=7.5","N=6,J=6.5,F=6.5",791.93725,1.15e-06,0.00570265,0.00020166063146081207,70325048.87011178,10.0,p-H2,HFS-resolved spectroscopy + HFS-resolved collisions
CN,41,35,N=7,N=6,"N=7,J=7.5,F=8.5","N=6,J=6.5,F=7.5",793.55333,0.00571,0.00571,1.0,70536029.29443571,10.0,p-H2,HFS-resolved spectroscopy + HFS-resolved collisions
CN,42,35,N=7,N=6,"N=7,J=7.5,F=7.5","N=6,J=6.5,F=7.5",793.57007,0.000101,0.005711000000000001,0.01768516897215899,70025940.9532622,10.0,p-H2,HFS-resolved spectroscopy + HFS-resolved collisions
CN,42,36,N=7,N=6,"N=7,J=7.5,F=7.5","N=6,J=6.5,F=6.5",793.55328,0.00561,0.005711000000000001,0.9823148310278409,70025940.9532622,10.0,p-H2,HFS-resolved spectroscopy + HFS-resolved collisions
CN,43,35,N=7,N=6,"N=7,J=7.5,F=6.5","N=6,J=6.5,F=7.5",793.58578,5.15e-07,0.0057065150000000005,9.02477256258855e-05,70428216.30814312,10.0,p-H2,HFS-resolved spectroscopy + HFS-resolved collisions
CN,43,36,N=7,N=6,"N=7,J=7.5,F=6.5","N=6,J=6.5,F=6.5",793.56899,0.000116,0.0057065150000000005,0.020327643053597508,70428216.30814312,10.0,p-H2,HFS-resolved spectroscopy + HFS-resolved collisions
CN,43,37,N=7,N=6,"N=7,J=7.5,F=6.5","N=6,J=6.5,F=5.5",793.55351,0.00559,0.0057065150000000005,0.9795821092207766,70428216.30814312,10.0,p-H2,HFS-resolved spectroscopy + HFS-resolved collisions
CN,44,38,N=8,N=7,"N=8,J=7.5,F=6.5","N=7,J=6.5,F=5.5",906.5934,0.00834,0.008584535,0.9715144734106157,100089487.77984028,10.0,p-H2,HFS-resolved spectroscopy + HFS-resolved collisions
CN,44,39,N=8,N=7,"N=8,J=7.5,F=6.5","N=7,J=6.5,F=6.5",906.57718,0.000173,0.008584535,0.02015251845324179,100089487.77984028,10.0,p-H2,HFS-resolved spectroscopy + HFS-resolved collisions
CN,44,40,N=8,N=7,"N=8,J=7.5,F=6.5","N=7,J=6.5,F=7.5",906.55739,7.75e-07,0.008584535,9.02786231286843e-05,100089487.77984028,10.0,p-H2,HFS-resolved spectroscopy + HFS-resolved collisions
CN,44,42,N=8,N=7,"N=8,J=7.5,F=6.5","N=7,J=7.5,F=7.5",904.94135,1.26e-06,0.008584535,0.0001467755679253448,100089487.77984028,10.0,p-H2,HFS-resolved spectroscopy + HFS-resolved collisions
CN,44,43,N=8,N=7,"N=8,J=7.5,F=6.5","N=7,J=7.5,F=6.5",904.92564,6.95e-05,0.008584535,0.008095953945088464,100089487.77984028,10.0,p-H2,HFS-resolved spectroscopy + HFS-resolved collisions
CN,45,39,N=8,N=7,"N=8,J=7.5,F=7.5","N=7,J=6.5,F=6.5",906.59343,0.00836,0.00858305,0.9740127344009413,99533939.187467,10.0,p-H2,HFS-resolved spectroscopy + HFS-resolved collisions
CN,45,40,N=8,N=7,"N=8,J=7.5,F=7.5","N=7,J=6.5,F=7.5",906.57364,0.000152,0.00858305,0.01770932244365348,99533939.187467,10.0,p-H2,HFS-resolved spectroscopy + HFS-resolved collisions
CN,45,41,N=8,N=7,"N=8,J=7.5,F=7.5","N=7,J=7.5,F=8.5",904.97435,1.11e-06,0.00858305,0.00012932465731878528,99533939.187467,10.0,p-H2,HFS-resolved spectroscopy + HFS-resolved collisions
CN,45,42,N=8,N=7,"N=8,J=7.5,F=7.5","N=7,J=7.5,F=7.5",904.95761,6.88e-05,0.00858305,0.008015798579758943,99533939.187467,10.0,p-H2,HFS-resolved spectroscopy + HFS-resolved collisions
CN,45,43,N=8,N=7,"N=8,J=7.5,F=7.5","N=7,J=7.5,F=6.5",904.9419,1.14e-06,0.00858305,0.0001328199183274011,99533939.187467,10.0,p-H2,HFS-resolved spectroscopy + HFS-resolved collisions
CN,46,40,N=8,N=7,"N=8,J=7.5,F=8.5","N=7,J=6.5,F=7.5",906.59313,0.00851,0.008581420000000001,0.9916773680812732,100288816.9729632,10.0,p-H2,HFS-resolved spectroscopy + HFS-resolved collisions
CN,46,41,N=8,N=7,"N=8,J=7.5,F=8.5","N=7,J=7.5,F=8.5",904.99384,7.04e-05,0.008581420000000001,0.008203770471553658,100288816.9729632,10.0,p-H2,HFS-resolved spectroscopy + HFS-resolved collisions
CN,46,42,N=8,N=7,"N=8,J=7.5,F=8.5","N=7,J=7.5,F=7.5",904.9771,1.02e-06,0.008581420000000001,0.00011886144717307857,100288816.9729632,10.0,p-H2,HFS-resolved spectroscopy + HFS-resolved collisions
CN,47,41,N=8,N=7,"N=8,J=8.5,F=9.5","N=7,J=7.5,F=8.5",906.81039,0.00859,0.00859,1.0,100551787.99988033,10.0,p-H2,HFS-resolved spectroscopy + HFS-resolved collisions
CN,48,41,N=8,N=7,"N=8,J=8.5,F=8.5","N=7,J=7.5,F=8.5",906.82709,0.000119,0.008589,0.013854930725346375,99966629.14392632,10.0,p-H2,HFS-resolved spectroscopy + HFS-resolved collisions
CN,48,42,N=8,N=7,"N=8,J=8.5,F=8.5","N=7,J=7.5,F=7.5",906.81035,0.00847,0.008589,0.9861450692746537,99966629.14392632,10.0,p-H2,HFS-resolved spectroscopy + HFS-resolved collisions
CN,49,41,N=8,N=7,"N=8,J=8.5,F=7.5","N=7,J=7.5,F=8.5",906.84298,4.62e-07,0.008583462,5.382443587447582e-05,100277332.24880959,10.0,p-H2,HFS-resolved spectroscopy + HFS-resolved collisions
CN,49,42,N=8,N=7,"N=8,J=8.5,F=7.5","N=7,J=7.5,F=7.5",906.82624,0.000133,0.008583462,0.015494913357803647,100277332.24880959,10.0,p-H2,HFS-resolved spectroscopy + HFS-resolved collisions
CN,49,43,N=8,N=7,"N=8,J=8.5,F=7.5","N=7,J=7.5,F=6.5",906.81053,0.00845,0.008583462,0.9844512622063217,100277332.24880959,10.0,p-H2,HFS-resolved spectroscopy + HFS-resolved collisions
CN,50,44,N=9,N=8,"N=9,J=8.5,F=7.5","N=8,J=7.5,F=6.5",1019.81346,0.012,0.012271263000000001,0.9778944514513298,130946018.68395059,10.0,p-H2,HFS-resolved spectroscopy + HFS-resolved collisions
CN,50,45,N=9,N=8,"N=9,J=8.5,F=7.5","N=8,J=7.5,F=7.5",1019.79721,0.000191,0.012271263000000001,0.015564820018933665,130946018.68395059,10.0,p-H2,HFS-resolved spectroscopy + HFS-resolved collisions
CN,50,46,N=9,N=8,"N=9,J=8.5,F=7.5","N=8,J=7.5,F=8.5",1019.77771,6.63e-07,0.012271263000000001,5.4028668442685973e-05,130946018.68395059,10.0,p-H2,HFS-resolved spectroscopy + HFS-resolved collisions
CN,50,48,N=9,N=8,"N=9,J=8.5,F=7.5","N=8,J=8.5,F=8.5",1017.94446,1.1e-06,0.012271263000000001,8.96403247163719e-05,130946018.68395059,10.0,p-H2,HFS-resolved spectroscopy + HFS-resolved collisions
CN,50,49,N=9,N=8,"N=9,J=8.5,F=7.5","N=8,J=8.5,F=7.5",1017.92858,7.85e-05,0.012271263000000001,0.006397059536577448,130946018.68395059,10.0,p-H2,HFS-resolved spectroscopy + HFS-resolved collisions
CN,51,45,N=9,N=8,"N=9,J=8.5,F=8.5","N=8,J=7.5,F=7.5",1019.81349,0.012,0.012248895000000001,0.97968020788814,130278294.19296718,10.0,p-H2,HFS-resolved spectroscopy + HFS-resolved collisions
CN,51,46,N=9,N=8,"N=9,J=8.5,F=8.5","N=8,J=7.5,F=8.5",1019.794,0.000169,0.012248895000000001,0.013797162927757971,130278294.19296718,10.0,p-H2,HFS-resolved spectroscopy + HFS-resolved collisions
CN,51,47,N=9,N=8,"N=9,J=8.5,F=8.5","N=8,J=8.5,F=9.5",1017.97745,9.85e-07,0.012248895000000001,8.04154170641515e-05,130278294.19296718,10.0,p-H2,HFS-resolved spectroscopy + HFS-resolved collisions
CN,51,48,N=9,N=8,"N=9,J=8.5,F=8.5","N=8,J=8.5,F=8.5",1017.96075,7.79e-05,0.012248895000000001,0.006359757349540509,130278294.19296718,10.0,p-H2,HFS-resolved spectroscopy + HFS-resolved collisions
CN,51,49,N=9,N=8,"N=9,J=8.5,F=8.5","N=8,J=8.5,F=7.5",1017.94486,1.01e-06,0.012248895000000001,8.245641749725179e-05,130278294.19296718,10.0,p-H2,HFS-resolved spectroscopy + HFS-resolved collisions
CN,52,46,N=9,N=8,"N=9,J=8.5,F=9.5","N=8,J=7.5,F=8.5",1019.81326,0.0122,0.012280221000000001,0.9934674628412632,131280730.00498265,10.0,p-H2,HFS-resolved spectroscopy + HFS-resolved collisions
CN,52,47,N=9,N=8,"N=9,J=8.5,F=9.5","N=8,J=8.5,F=9.5",1017.99672,7.93e-05,0.012280221000000001,0.006457538508468211,131280730.00498265,10.0,p-H2,HFS-resolved spectroscopy + HFS-resolved collisions
CN,52,48,N=9,N=8,"N=9,J=8.5,F=9.5","N=8,J=8.5,F=8.5",1017.98001,9.21e-07,0.012280221000000001,7.499865026859043e-05,131280730.00498265,10.0,p-H2,HFS-resolved spectroscopy + HFS-resolved collisions
CN,53,47,N=9,N=8,"N=9,J=9.5,F=10.5","N=8,J=8.5,F=9.5",1020.03055,0.0123,0.0123,1.0,131546119.54816054,10.0,p-H2,HFS-resolved spectroscopy + HFS-resolved collisions
CN,54,47,N=9,N=8,"N=9,J=9.5,F=9.5","N=8,J=8.5,F=9.5",1020.04722,0.000136,0.012336000000000001,0.011024643320363164,131353905.22265981,10.0,p-H2,HFS-resolved spectroscopy + HFS-resolved collisions
CN,54,48,N=9,N=8,"N=9,J=9.5,F=9.5","N=8,J=8.5,F=8.5",1020.03052,0.0122,0.012336000000000001,0.9889753566796368,131353905.22265981,10.0,p-H2,HFS-resolved spectroscopy + HFS-resolved collisions
CN,55,47,N=9,N=8,"N=9,J=9.5,F=8.5","N=8,J=8.5,F=9.5",1020.06326,4.19e-07,0.012351419,3.392322776840458e-05,131945754.35760936,10.0,p-H2,HFS-resolved spectroscopy + HFS-resolved collisions
CN,55,48,N=9,N=8,"N=9,J=9.5,F=8.5","N=8,J=8.5,F=8.5",1020.04655,0.000151,0.012351419,0.01222531597381645,131945754.35760936,10.0,p-H2,HFS-resolved spectroscopy + HFS-resolved collisions
CN,55,49,N=9,N=8,"N=9,J=9.5,F=8.5","N=8,J=8.5,F=7.5",1020.03066,0.0122,0.012351419,0.9877407607984151,131945754.35760936,10.0,p-H2,HFS-resolved spectroscopy + HFS-resolved collisions
CN,56,50,N=10,N=9,"N=10,J=9.5,F=8.5","N=9,J=8.5,F=7.5",1132.99206,0.0166,0.01689696,0.9824252409900953,158266689.73047748,10.0,p-H2,HFS-resolved spectroscopy + HFS-resolved collisions
CN,56,51,N=10,N=9,"N=10,J=9.5,F=8.5","N=9,J=8.5,F=8.5",1132.97578,0.000208,0.01689696,0.01230990663409276,158266689.73047748,10.0,p-H2,HFS-resolved spectroscopy + HFS-resolved collisions
CN,56,52,N=10,N=9,"N=10,J=9.5,F=8.5","N=9,J=8.5,F=9.5",1132.95652,5.79e-07,0.01689696,3.426651894778706e-05,158266689.73047748,10.0,p-H2,HFS-resolved spectroscopy + HFS-resolved collisions
CN,56,54,N=10,N=9,"N=10,J=9.5,F=8.5","N=9,J=9.5,F=9.5",1130.90601,9.81e-07,0.01689696,5.805778080790865e-05,158266689.73047748,10.0,p-H2,HFS-resolved spectroscopy + HFS-resolved collisions
CN,56,55,N=10,N=9,"N=10,J=9.5,F=8.5","N=9,J=9.5,F=8.5",1130.88998,8.74e-05,0.01689696,0.0051725280760562846,158266689.73047748,10.0,p-H2,HFS-resolved spectroscopy + HFS-resolved collisions
CN,57,51,N=10,N=9,"N=10,J=9.5,F=9.5","N=9,J=8.5,F=8.5",1132.99209,0.0167,0.016975696999999998,0.9837593119151457,158500992.70143032,10.0,p-H2,HFS-resolved spectroscopy + HFS-resolved collisions
CN,57,52,N=10,N=9,"N=10,J=9.5,F=9.5","N=9,J=8.5,F=9.5",1132.97283,0.000187,0.016975696999999998,0.011015747983720493,158500992.70143032,10.0,p-H2,HFS-resolved spectroscopy + HFS-resolved collisions
CN,57,53,N=10,N=9,"N=10,J=9.5,F=9.5","N=9,J=9.5,F=10.5",1130.93899,8.86e-07,0.016975696999999998,5.2192260500408324e-05,158500992.70143032,10.0,p-H2,HFS-resolved spectroscopy + HFS-resolved collisions
CN,57,54,N=10,N=9,"N=10,J=9.5,F=9.5","N=9,J=9.5,F=9.5",1130.92232,8.69e-05,0.016975696999999998,0.005119082886552464,158500992.70143032,10.0,p-H2,HFS-resolved spectroscopy + HFS-resolved collisions
CN,57,55,N=10,N=9,"N=10,J=9.5,F=9.5","N=9,J=9.5,F=8.5",1130.90629,9.11e-07,0.016975696999999998,5.366495408111962e-05,158500992.70143032,10.0,p-H2,HFS-resolved spectroscopy + HFS-resolved collisions
CN,58,52,N=10,N=9,"N=10,J=9.5,F=10.5","N=9,J=8.5,F=9.5",1132.99191,0.0169,0.016989037,0.9947591496798789,159258138.1106545,10.0,p-H2,HFS-resolved spectroscopy + HFS-resolved collisions
CN,58,53,N=10,N=9,"N=10,J=9.5,F=10.5","N=9,J=9.5,F=10.5",1130.95808,8.82e-05,0.016989037,0.005191583254542327,159258138.1106545,10.0,p-H2,HFS-resolved spectroscopy + HFS-resolved collisions
CN,58,54,N=10,N=9,"N=10,J=9.5,F=10.5","N=9,J=9.5,F=9.5",1130.94141,8.37e-07,0.016989037,4.926706557882004e-05,159258138.1106545,10.0,p-H2,HFS-resolved spectroscopy + HFS-resolved collisions
CN,59,53,N=10,N=9,"N=10,J=10.5,F=11.5","N=9,J=9.5,F=10.5",1133.20922,0.017,0.017,1.0,159478219.69848087,10.0,p-H2,HFS-resolved spectroscopy + HFS-resolved collisions
CN,60,53,N=10,N=9,"N=10,J=10.5,F=10.5","N=9,J=9.5,F=10.5",1133.22586,0.000154,0.016954,0.009083402146985962,158513705.254999,10.0,p-H2,HFS-resolved spectroscopy + HFS-resolved collisions
CN,60,54,N=10,N=9,"N=10,J=10.5,F=10.5","N=9,J=9.5,F=9.5",1133.20919,0.0168,0.016954,0.990916597853014,158513705.254999,10.0,p-H2,HFS-resolved spectroscopy + HFS-resolved collisions
CN,61,53,N=10,N=9,"N=10,J=10.5,F=9.5","N=9,J=9.5,F=10.5",1133.24202,3.83e-07,0.016969382999999998,2.2570060443564744e-05,159128227.69206145,10.0,p-H2,HFS-resolved spectroscopy + HFS-resolved collisions
CN,61,54,N=10,N=9,"N=10,J=10.5,F=9.5","N=9,J=9.5,F=9.5",1133.22535,0.000169,0.016969382999999998,0.00995911283280011,159128227.69206145,10.0,p-H2,HFS-resolved spectroscopy + HFS-resolved collisions
CN,61,55,N=10,N=9,"N=10,J=10.5,F=9.5","N=9,J=9.5,F=8.5",1133.20931,0.0168,0.016969382999999998,0.9900183171067564,159128227.69206145,10.0,p-H2,HFS-resolved spectroscopy + HFS-resolved collisions
CN,62,56,N=11,N=10,"N=11,J=10.5,F=9.5","N=10,J=9.5,F=8.5",1246.1246,0.0223,0.022622695,0.9857357843528368,211030036.1652955,10.0,p-H2,HFS-resolved spectroscopy + HFS-resolved collisions
CN,62,57,N=11,N=10,"N=11,J=10.5,F=9.5","N=10,J=9.5,F=9.5",1246.10829,0.000225,0.022622695,0.009945764640331312,211030036.1652955,10.0,p-H2,HFS-resolved spectroscopy + HFS-resolved collisions
CN,62,58,N=11,N=10,"N=11,J=10.5,F=9.5","N=10,J=9.5,F=10.5",1246.08921,5.13e-07,0.022622695,2.267634337995539e-05,211030036.1652955,10.0,p-H2,HFS-resolved spectroscopy + HFS-resolved collisions
CN,62,60,N=11,N=10,"N=11,J=10.5,F=9.5","N=10,J=10.5,F=10.5",1243.82142,8.82e-07,0.022622695,3.8987397390098744e-05,211030036.1652955,10.0,p-H2,HFS-resolved spectroscopy + HFS-resolved collisions
CN,62,61,N=11,N=10,"N=11,J=10.5,F=9.5","N=10,J=10.5,F=9.5",1243.80527,9.63e-05,0.022622695,0.004256787266061802,211030036.1652955,10.0,p-H2,HFS-resolved spectroscopy + HFS-resolved collisions
CN,63,57,N=11,N=10,"N=11,J=10.5,F=10.5","N=10,J=9.5,F=9.5",1246.12462,0.0223,0.022602433,0.9866194493309636,210410464.11727986,10.0,p-H2,HFS-resolved spectroscopy + HFS-resolved collisions
CN,63,58,N=11,N=10,"N=11,J=10.5,F=10.5","N=10,J=9.5,F=10.5",1246.10554,0.000205,0.022602433,0.009069820049903476,210410464.11727986,10.0,p-H2,HFS-resolved spectroscopy + HFS-resolved collisions
CN,63,59,N=11,N=10,"N=11,J=10.5,F=10.5","N=10,J=10.5,F=11.5",1243.8544,8.05e-07,0.022602433,3.561563483010877e-05,210410464.11727986,10.0,p-H2,HFS-resolved spectroscopy + HFS-resolved collisions
CN,63,60,N=11,N=10,"N=11,J=10.5,F=10.5","N=10,J=10.5,F=10.5",1243.83775,9.58e-05,0.022602433,0.0042384817599061125,210410464.11727986,10.0,p-H2,HFS-resolved spectroscopy + HFS-resolved collisions
CN,63,61,N=11,N=10,"N=11,J=10.5,F=10.5","N=10,J=10.5,F=9.5",1243.8216,8.28e-07,0.022602433,3.663322439668331e-05,210410464.11727986,10.0,p-H2,HFS-resolved spectroscopy + HFS-resolved collisions
CN,64,58,N=11,N=10,"N=11,J=10.5,F=11.5","N=10,J=9.5,F=10.5",1246.12448,0.0225,0.022597766,0.9956736431379988,211049121.27901116,10.0,p-H2,HFS-resolved spectroscopy + HFS-resolved collisions
CN,64,59,N=11,N=10,"N=11,J=10.5,F=11.5","N=10,J=10.5,F=11.5",1243.87334,9.7e-05,0.022597766,0.004292459705972706,211049121.27901116,10.0,p-H2,HFS-resolved spectroscopy + HFS-resolved collisions
CN,64,60,N=11,N=10,"N=11,J=10.5,F=11.5","N=10,J=10.5,F=10.5",1243.85669,7.66e-07,0.022597766,3.38971560286092e-05,211049121.27901116,10.0,p-H2,HFS-resolved spectroscopy + HFS-resolved collisions
CN,65,59,N=11,N=10,"N=11,J=11.5,F=12.5","N=10,J=10.5,F=11.5",1246.3418,0.0227,0.0227,1.0,212061375.1617837,10.0,p-H2,HFS-resolved spectroscopy + HFS-resolved collisions
CN,66,59,N=11,N=10,"N=11,J=11.5,F=11.5","N=10,J=10.5,F=11.5",1246.35842,0.000171,0.022671,0.007542675664946407,211120645.97461978,10.0,p-H2,HFS-resolved spectroscopy + HFS-resolved collisions
CN,66,60,N=11,N=10,"N=11,J=11.5,F=11.5","N=10,J=10.5,F=10.5",1246.34178,0.0225,0.022671,0.9924573243350535,211120645.97461978,10.0,p-H2,HFS-resolved spectroscopy + HFS-resolved collisions
CN,67,59,N=11,N=10,"N=11,J=11.5,F=10.5","N=10,J=10.5,F=11.5",1246.37468,3.53e-07,0.022687353,1.555932946430551e-05,211879309.98578066,10.0,p-H2,HFS-resolved spectroscopy + HFS-resolved collisions
CN,67,60,N=11,N=10,"N=11,J=11.5,F=10.5","N=10,J=10.5,F=10.5",1246.35803,0.000187,0.022687353,0.00824247764822983,211879309.98578066,10.0,p-H2,HFS-resolved spectroscopy + HFS-resolved collisions
CN,67,61,N=11,N=10,"N=11,J=11.5,F=10.5","N=10,J=10.5,F=9.5",1246.34188,0.0225,0.022687353,0.9917419630223058,211879309.98578066,10.0,p-H2,HFS-resolved spectroscopy + HFS-resolved collisions
CN,68,62,N=12,N=11,"N=12,J=11.5,F=10.5","N=11,J=10.5,F=9.5",1359.20647,0.0291,0.029449262,0.9881402121384231,49409355.36379751,10.0,p-H2,HFS-resolved spectroscopy + HFS-resolved collisions
CN,68,63,N=12,N=11,"N=12,J=11.5,F=10.5","N=11,J=10.5,F=10.5",1359.19014,0.000243,0.029449262,0.008251480121980646,49409355.36379751,10.0,p-H2,HFS-resolved spectroscopy + HFS-resolved collisions
CN,68,64,N=12,N=11,"N=12,J=11.5,F=10.5","N=11,J=10.5,F=11.5",1359.1712,4.6e-07,0.029449262,1.5620085827617684e-05,49409355.36379751,10.0,p-H2,HFS-resolved spectroscopy + HFS-resolved collisions
CN,68,66,N=12,N=11,"N=12,J=11.5,F=10.5","N=11,J=11.5,F=11.5",1356.68612,8.02e-07,0.029449262,2.7233280073368223e-05,49409355.36379751,10.0,p-H2,HFS-resolved spectroscopy + HFS-resolved collisions
CN,68,67,N=12,N=11,"N=12,J=11.5,F=10.5","N=11,J=11.5,F=10.5",1356.66986,0.000105,0.029449262,0.0035654543736953407,49409355.36379751,10.0,p-H2,HFS-resolved spectroscopy + HFS-resolved collisions
CN,69,63,N=12,N=11,"N=12,J=11.5,F=11.5","N=11,J=10.5,F=10.5",1359.20649,0.0292,0.029529497000000002,0.9888417672674884,49220553.27284033,10.0,p-H2,HFS-resolved spectroscopy + HFS-resolved collisions
CN,69,64,N=12,N=11,"N=12,J=11.5,F=11.5","N=11,J=10.5,F=11.5",1359.18755,0.000223,0.029529497000000002,0.007551771030844176,49220553.27284033,10.0,p-H2,HFS-resolved spectroscopy + HFS-resolved collisions
CN,69,65,N=12,N=11,"N=12,J=11.5,F=11.5","N=11,J=11.5,F=12.5",1356.71909,7.38e-07,0.029529497000000002,2.4991959734363235e-05,49220553.27284033,10.0,p-H2,HFS-resolved spectroscopy + HFS-resolved collisions
CN,69,66,N=12,N=11,"N=12,J=11.5,F=11.5","N=11,J=11.5,F=11.5",1356.70247,0.000105,0.029529497000000002,0.003555766628872818,49220553.27284033,10.0,p-H2,HFS-resolved spectroscopy + HFS-resolved collisions
CN,69,67,N=12,N=11,"N=12,J=11.5,F=11.5","N=11,J=11.5,F=10.5",1356.68622,7.59e-07,0.029529497000000002,2.5703113060137798e-05,49220553.27284033,10.0,p-H2,HFS-resolved spectroscopy + HFS-resolved collisions
CN,70,64,N=12,N=11,"N=12,J=11.5,F=12.5","N=11,J=10.5,F=11.5",1359.20637,0.0294,0.029506707,0.9963836357611847,49174294.8865617,10.0,p-H2,HFS-resolved spectroscopy + HFS-resolved collisions
CN,70,65,N=12,N=11,"N=12,J=11.5,F=12.5","N=11,J=11.5,F=12.5",1356.73791,0.000106,0.029506707,0.0035924035847171966,49174294.8865617,10.0,p-H2,HFS-resolved spectroscopy + HFS-resolved collisions
CN,70,66,N=12,N=11,"N=12,J=11.5,F=12.5","N=11,J=11.5,F=11.5",1356.72129,7.07e-07,0.029506707,2.3960654098066585e-05,49174294.8865617,10.0,p-H2,HFS-resolved spectroscopy + HFS-resolved collisions
CN,71,65,N=12,N=11,"N=12,J=12.5,F=13.5","N=11,J=11.5,F=12.5",1359.4237,0.0295,0.0295,1.0,49031640.0325088,10.0,p-H2,HFS-resolved spectroscopy + HFS-resolved collisions
CN,72,65,N=12,N=11,"N=12,J=12.5,F=12.5","N=11,J=11.5,F=12.5",1359.4403,0.000189,0.029489,0.006409169520838279,49047384.021857545,10.0,p-H2,HFS-resolved spectroscopy + HFS-resolved collisions
CN,72,66,N=12,N=11,"N=12,J=12.5,F=12.5","N=11,J=11.5,F=11.5",1359.42368,0.0293,0.029489,0.9935908304791616,49047384.021857545,10.0,p-H2,HFS-resolved spectroscopy + HFS-resolved collisions
CN,73,65,N=12,N=11,"N=12,J=12.5,F=11.5","N=11,J=11.5,F=12.5",1359.45664,3.27e-07,0.029504327,1.10831201131956e-05,49381625.02688182,10.0,p-H2,HFS-resolved spectroscopy + HFS-resolved collisions
CN,73,66,N=12,N=11,"N=12,J=12.5,F=11.5","N=11,J=11.5,F=11.5",1359.44002,0.000204,0.029504327,0.006914240070617438,49381625.02688182,10.0,p-H2,HFS-resolved spectroscopy + HFS-resolved collisions
CN,73,67,N=12,N=11,"N=12,J=12.5,F=11.5","N=11,J=11.5,F=10.5",1359.42376,0.0293,0.029504327,0.9930746768092693,49381625.02688182,10.0,p-H2,HFS-resolved spectroscopy + HFS-resolved collisions
CN,3,1,N=1,N=0,"N=1,J=0.5,F=0.5","N=0,J=0.5,F=1.5",113.14416,1.05e-05,1.1789999999999999e-05,0.89058524173028,198746.6207127262,15.0,p-H2,HFS-resolved spectroscopy + HFS-resolved collisions
CN,3,2,N=1,N=0,"N=1,J=0.5,F=0.5","N=0,J=0.5,F=0.5",113.12337,1.29e-06,1.1789999999999999e-05,0.10941475826972011,198746.6207127262,15.0,p-H2,HFS-resolved spectroscopy + HFS-resolved collisions
CN,4,1,N=1,N=0,"N=1,J=0.5,F=1.5","N=0,J=0.5,F=1.5",113.19128,6.68e-06,1.182e-05,0.5651438240270727,216558.6899610683,15.0,p-H2,HFS-resolved spectroscopy + HFS-resolved collisions
CN,4,2,N=1,N=0,"N=1,J=0.5,F=1.5","N=0,J=0.5,F=0.5",113.17049,5.14e-06,1.182e-05,0.43485617597292725,216558.6899610683,15.0,p-H2,HFS-resolved spectroscopy + HFS-resolved collisions
CN,5,1,N=1,N=0,"N=1,J=1.5,F=2.5","N=0,J=0.5,F=1.5",113.49097,1.19e-05,1.19e-05,1.0,275640.37071105675,15.0,p-H2,HFS-resolved spectroscopy + HFS-resolved collisions
CN,6,1,N=1,N=0,"N=1,J=1.5,F=1.5","N=0,J=0.5,F=1.5",113.50891,5.19e-06,1.193e-05,0.435037720033529,224931.23024338682,15.0,p-H2,HFS-resolved spectroscopy + HFS-resolved collisions
CN,6,2,N=1,N=0,"N=1,J=1.5,F=1.5","N=0,J=0.5,F=0.5",113.48812,6.74e-06,1.193e-05,0.5649622799664711,224931.23024338682,15.0,p-H2,HFS-resolved spectroscopy + HFS-resolved collisions
CN,7,1,N=1,N=0,"N=1,J=1.5,F=0.5","N=0,J=0.5,F=1.5",113.52043,1.3e-06,1.19e-05,0.10924369747899161,224442.1699932474,15.0,p-H2,HFS-resolved spectroscopy + HFS-resolved collisions
CN,7,2,N=1,N=0,"N=1,J=1.5,F=0.5","N=0,J=0.5,F=0.5",113.49964,1.06e-05,1.19e-05,0.8907563025210085,224442.1699932474,15.0,p-H2,HFS-resolved spectroscopy + HFS-resolved collisions
CN,8,3,N=2,N=1,"N=2,J=1.5,F=0.5","N=1,J=0.5,F=0.5",226.66369,8.46e-05,0.00011383,0.7432135640867961,1710644.3397041713,15.0,p-H2,HFS-resolved spectroscopy + HFS-resolved collisions
CN,8,4,N=2,N=1,"N=2,J=1.5,F=0.5","N=1,J=0.5,F=1.5",226.61657,1.07e-05,0.00011383,0.09399982429939382,1710644.3397041713,15.0,p-H2,HFS-resolved spectroscopy + HFS-resolved collisions
CN,8,6,N=2,N=1,"N=2,J=1.5,F=0.5","N=1,J=1.5,F=1.5",226.29894,8.23e-06,0.00011383,0.07230079943775806,1710644.3397041713,15.0,p-H2,HFS-resolved spectroscopy + HFS-resolved collisions
CN,8,7,N=2,N=1,"N=2,J=1.5,F=0.5","N=1,J=1.5,F=0.5",226.28742,1.03e-05,0.00011383,0.090485812176052,1710644.3397041713,15.0,p-H2,HFS-resolved spectroscopy + HFS-resolved collisions
CN,9,3,N=2,N=1,"N=2,J=1.5,F=1.5","N=1,J=0.5,F=0.5",226.67931,5.27e-05,0.00011392,0.4626053370786517,1732640.4144183241,15.0,p-H2,HFS-resolved spectroscopy + HFS-resolved collisions
CN,9,4,N=2,N=1,"N=2,J=1.5,F=1.5","N=1,J=0.5,F=1.5",226.63219,4.26e-05,0.00011392,0.37394662921348315,1732640.4144183241,15.0,p-H2,HFS-resolved spectroscopy + HFS-resolved collisions
CN,9,5,N=2,N=1,"N=2,J=1.5,F=1.5","N=1,J=1.5,F=2.5",226.3325,4.55e-06,0.00011392,0.039940308988764044,1732640.4144183241,15.0,p-H2,HFS-resolved spectroscopy + HFS-resolved collisions
CN,9,6,N=2,N=1,"N=2,J=1.5,F=1.5","N=1,J=1.5,F=1.5",226.31454,9.9e-06,0.00011392,0.08690308988764045,1732640.4144183241,15.0,p-H2,HFS-resolved spectroscopy + HFS-resolved collisions
CN,9,7,N=2,N=1,"N=2,J=1.5,F=1.5","N=1,J=1.5,F=0.5",226.30304,4.17e-06,0.00011392,0.036604634831460675,1732640.4144183241,15.0,p-H2,HFS-resolved spectroscopy + HFS-resolved collisions
CN,10,4,N=2,N=1,"N=2,J=1.5,F=2.5","N=1,J=0.5,F=1.5",226.65956,9.47e-05,0.00011396,0.830993330993331,2155761.5577857797,15.0,p-H2,HFS-resolved spectroscopy + HFS-resolved collisions
CN,10,5,N=2,N=1,"N=2,J=1.5,F=2.5","N=1,J=1.5,F=2.5",226.35987,1.61e-05,0.00011396,0.14127764127764125,2155761.5577857797,15.0,p-H2,HFS-resolved spectroscopy + HFS-resolved collisions
CN,10,6,N=2,N=1,"N=2,J=1.5,F=2.5","N=1,J=1.5,F=1.5",226.34193,3.16e-06,0.00011396,0.027729027729027727,2155761.5577857797,15.0,p-H2,HFS-resolved spectroscopy + HFS-resolved collisions
CN,11,5,N=2,N=1,"N=2,J=2.5,F=3.5","N=1,J=1.5,F=2.5",226.87478,0.000114,0.000114,1.0,2521871.235323353,15.0,p-H2,HFS-resolved spectroscopy + HFS-resolved collisions
CN,12,4,N=2,N=1,"N=2,J=2.5,F=2.5","N=1,J=0.5,F=1.5",227.19182,1.45e-09,0.00011430144999999999,1.268575333033833e-05,2101991.8466702336,15.0,p-H2,HFS-resolved spectroscopy + HFS-resolved collisions
CN,12,5,N=2,N=1,"N=2,J=2.5,F=2.5","N=1,J=1.5,F=2.5",226.89213,1.81e-05,0.00011430144999999999,0.1583531967442233,2101991.8466702336,15.0,p-H2,HFS-resolved spectroscopy + HFS-resolved collisions
CN,12,6,N=2,N=1,"N=2,J=2.5,F=2.5","N=1,J=1.5,F=1.5",226.87419,9.62e-05,0.00011430144999999999,0.8416341175024464,2101991.8466702336,15.0,p-H2,HFS-resolved spectroscopy + HFS-resolved collisions
CN,13,5,N=2,N=1,"N=2,J=2.5,F=1.5","N=1,J=1.5,F=2.5",226.90536,1.13e-06,0.00011433,0.009883670077844835,2239738.7673493386,15.0,p-H2,HFS-resolved spectroscopy + HFS-resolved collisions
CN,13,6,N=2,N=1,"N=2,J=2.5,F=1.5","N=1,J=1.5,F=1.5",226.88742,2.73e-05,0.00011433,0.23878247179218054,2239738.7673493386,15.0,p-H2,HFS-resolved spectroscopy + HFS-resolved collisions
CN,13,7,N=2,N=1,"N=2,J=2.5,F=1.5","N=1,J=1.5,F=0.5",226.8759,8.59e-05,0.00011433,0.7513338581299747,2239738.7673493386,15.0,p-H2,HFS-resolved spectroscopy + HFS-resolved collisions
CN,14,8,N=3,N=2,"N=3,J=2.5,F=1.5","N=2,J=1.5,F=0.5",340.03541,0.000289,0.00041252,0.7005720934742558,7933700.600636773,15.0,p-H2,HFS-resolved spectroscopy + HFS-resolved collisions
CN,14,9,N=3,N=2,"N=3,J=2.5,F=1.5","N=2,J=1.5,F=1.5",340.01963,9.27e-05,0.00041252,0.22471637738776304,7933700.600636773,15.0,p-H2,HFS-resolved spectroscopy + HFS-resolved collisions
CN,14,10,N=3,N=2,"N=3,J=2.5,F=1.5","N=2,J=1.5,F=2.5",339.99226,3.89e-06,0.00041252,0.009429845825656938,7933700.600636773,15.0,p-H2,HFS-resolved spectroscopy + HFS-resolved collisions
CN,14,12,N=3,N=2,"N=3,J=2.5,F=1.5","N=2,J=2.5,F=2.5",339.46,4.33e-06,0.00041252,0.010496460777659266,7933700.600636773,15.0,p-H2,HFS-resolved spectroscopy + HFS-resolved collisions
CN,14,13,N=3,N=2,"N=3,J=2.5,F=1.5","N=2,J=2.5,F=1.5",339.44678,2.26e-05,0.00041252,0.05478522253466499,7933700.600636773,15.0,p-H2,HFS-resolved spectroscopy + HFS-resolved collisions
CN,15,9,N=3,N=2,"N=3,J=2.5,F=2.5","N=2,J=1.5,F=1.5",340.03541,0.000323,0.00041213999999999997,0.7837142718493716,7545602.784146547,15.0,p-H2,HFS-resolved spectroscopy + HFS-resolved collisions
CN,15,10,N=3,N=2,"N=3,J=2.5,F=2.5","N=2,J=1.5,F=2.5",340.00813,6.2e-05,0.00041213999999999997,0.1504343184354831,7545602.784146547,15.0,p-H2,HFS-resolved spectroscopy + HFS-resolved collisions
CN,15,11,N=3,N=2,"N=3,J=2.5,F=2.5","N=2,J=2.5,F=3.5",339.49321,2.99e-06,0.00041213999999999997,0.007254816324549911,7545602.784146547,15.0,p-H2,HFS-resolved spectroscopy + HFS-resolved collisions
CN,15,12,N=3,N=2,"N=3,J=2.5,F=2.5","N=2,J=2.5,F=2.5",339.4759,2.12e-05,0.00041213999999999997,0.05143883146503616,7545602.784146547,15.0,p-H2,HFS-resolved spectroscopy + HFS-resolved collisions
CN,15,13,N=3,N=2,"N=3,J=2.5,F=2.5","N=2,J=2.5,F=1.5",339.46264,2.95e-06,0.00041213999999999997,0.007157761925559277,7545602.784146547,15.0,p-H2,HFS-resolved spectroscopy + HFS-resolved collisions
CN,16,10,N=3,N=2,"N=3,J=2.5,F=3.5","N=2,J=1.5,F=2.5",340.03155,0.000384,0.00041173,0.9326500376460302,8726433.303205077,15.0,p-H2,HFS-resolved spectroscopy + HFS-resolved collisions
CN,16,11,N=3,N=2,"N=3,J=2.5,F=3.5","N=2,J=2.5,F=3.5",339.51664,2.54e-05,0.00041173,0.06169091394846137,8726433.303205077,15.0,p-H2,HFS-resolved spectroscopy + HFS-resolved collisions
CN,16,12,N=3,N=2,"N=3,J=2.5,F=3.5","N=2,J=2.5,F=2.5",339.49929,2.33e-06,0.00041173,0.005659048405508464,8726433.303205077,15.0,p-H2,HFS-resolved spectroscopy + HFS-resolved collisions
CN,17,11,N=3,N=2,"N=3,J=3.5,F=4.5","N=2,J=2.5,F=3.5",340.24777,0.000413,0.000413,1.0,9368444.626961842,15.0,p-H2,HFS-resolved spectroscopy + HFS-resolved collisions
CN,18,11,N=3,N=2,"N=3,J=3.5,F=3.5","N=2,J=2.5,F=3.5",340.26495,3.35e-05,0.0004135,0.08101571946795647,8414505.36731171,15.0,p-H2,HFS-resolved spectroscopy + HFS-resolved collisions
CN,18,12,N=3,N=2,"N=3,J=3.5,F=3.5","N=2,J=2.5,F=2.5",340.24777,0.00038,0.0004135,0.9189842805320435,8414505.36731171,15.0,p-H2,HFS-resolved spectroscopy + HFS-resolved collisions
CN,19,11,N=3,N=2,"N=3,J=3.5,F=2.5","N=2,J=2.5,F=3.5",340.27912,9.27e-07,0.000412727,0.002246036726455987,8897601.49658079,15.0,p-H2,HFS-resolved spectroscopy + HFS-resolved collisions
CN,19,12,N=3,N=2,"N=3,J=3.5,F=2.5","N=2,J=2.5,F=2.5",340.26177,4.48e-05,0.000412727,0.10854632723325587,8897601.49658079,15.0,p-H2,HFS-resolved spectroscopy + HFS-resolved collisions
CN,19,13,N=3,N=2,"N=3,J=3.5,F=2.5","N=2,J=2.5,F=1.5",340.24854,0.000367,0.000412727,0.8892076360402881,8897601.49658079,15.0,p-H2,HFS-resolved spectroscopy + HFS-resolved collisions
CN,20,14,N=4,N=3,"N=4,J=3.5,F=2.5","N=3,J=2.5,F=1.5",453.39147,0.000869,0.0010138599999999999,0.8571203124691773,19410682.59464714,15.0,p-H2,HFS-resolved spectroscopy + HFS-resolved collisions
CN,20,15,N=4,N=3,"N=4,J=3.5,F=2.5","N=3,J=2.5,F=2.5",453.3756,0.000107,0.0010138599999999999,0.105537253664214,19410682.59464714,15.0,p-H2,HFS-resolved spectroscopy + HFS-resolved collisions
CN,20,16,N=4,N=3,"N=4,J=3.5,F=2.5","N=3,J=2.5,F=3.5",453.35218,2.24e-06,0.0010138599999999999,0.002209378020634013,19410682.59464714,15.0,p-H2,HFS-resolved spectroscopy + HFS-resolved collisions
CN,20,18,N=4,N=3,"N=4,J=3.5,F=2.5","N=3,J=3.5,F=3.5",452.60386,2.92e-06,0.0010138599999999999,0.0028800820626121953,19410682.59464714,15.0,p-H2,HFS-resolved spectroscopy + HFS-resolved collisions
CN,20,19,N=4,N=3,"N=4,J=3.5,F=2.5","N=3,J=3.5,F=2.5",452.58969,3.27e-05,0.0010138599999999999,0.0322529737833626,19410682.59464714,15.0,p-H2,HFS-resolved spectroscopy + HFS-resolved collisions
CN,21,15,N=4,N=3,"N=4,J=3.5,F=3.5","N=3,J=2.5,F=2.5",453.39161,0.000897,0.00101308,0.8854187231018281,18720663.11890996,15.0,p-H2,HFS-resolved spectroscopy + HFS-resolved collisions
CN,21,16,N=4,N=3,"N=4,J=3.5,F=3.5","N=3,J=2.5,F=3.5",453.36819,8.02e-05,0.00101308,0.07916452797409879,18720663.11890996,15.0,p-H2,HFS-resolved spectroscopy + HFS-resolved collisions
CN,21,17,N=4,N=3,"N=4,J=3.5,F=3.5","N=3,J=3.5,F=4.5",452.63697,2.23e-06,0.00101308,0.0022012081967860385,18720663.11890996,15.0,p-H2,HFS-resolved spectroscopy + HFS-resolved collisions
CN,21,18,N=4,N=3,"N=4,J=3.5,F=3.5","N=3,J=3.5,F=3.5",452.61987,3.14e-05,0.00101308,0.030994590752951395,18720663.11890996,15.0,p-H2,HFS-resolved spectroscopy + HFS-resolved collisions
CN,21,19,N=4,N=3,"N=4,J=3.5,F=3.5","N=3,J=3.5,F=2.5",452.6057,2.25e-06,0.00101308,0.0022209499743356892,18720663.11890996,15.0,p-H2,HFS-resolved spectroscopy + HFS-resolved collisions
CN,22,16,N=4,N=3,"N=4,J=3.5,F=4.5","N=3,J=2.5,F=3.5",453.38992,0.000977,0.00101336,0.964119365279861,20036499.69892142,15.0,p-H2,HFS-resolved spectroscopy + HFS-resolved collisions
CN,22,17,N=4,N=3,"N=4,J=3.5,F=4.5","N=3,J=3.5,F=4.5",452.6587,3.45e-05,0.00101336,0.03404515670640246,20036499.69892142,15.0,p-H2,HFS-resolved spectroscopy + HFS-resolved collisions
CN,22,18,N=4,N=3,"N=4,J=3.5,F=4.5","N=3,J=3.5,F=3.5",452.64161,1.86e-06,0.00101336,0.0018354780137364805,20036499.69892142,15.0,p-H2,HFS-resolved spectroscopy + HFS-resolved collisions
CN,23,17,N=4,N=3,"N=4,J=4.5,F=5.5","N=3,J=3.5,F=4.5",453.60668,0.00102,0.00102,1.0,20674711.49022448,15.0,p-H2,HFS-resolved spectroscopy + HFS-resolved collisions
CN,24,17,N=4,N=3,"N=4,J=4.5,F=4.5","N=3,J=3.5,F=4.5",453.62363,4.99e-05,0.0010149,0.04916740565572963,19556851.42242452,15.0,p-H2,HFS-resolved spectroscopy + HFS-resolved collisions
CN,24,18,N=4,N=3,"N=4,J=4.5,F=4.5","N=3,J=3.5,F=3.5",453.60654,0.000965,0.0010149,0.9508325943442704,19556851.42242452,15.0,p-H2,HFS-resolved spectroscopy + HFS-resolved collisions
CN,25,17,N=4,N=3,"N=4,J=4.5,F=3.5","N=3,J=3.5,F=4.5",453.6384,7.77e-07,0.0010151770000000001,0.0007653837705148954,20192634.551957127,15.0,p-H2,HFS-resolved spectroscopy + HFS-resolved collisions
CN,25,18,N=4,N=3,"N=4,J=4.5,F=3.5","N=3,J=3.5,F=3.5",453.62131,6.24e-05,0.0010151770000000001,0.06146711361664024,20192634.551957127,15.0,p-H2,HFS-resolved spectroscopy + HFS-resolved collisions
CN,25,19,N=4,N=3,"N=4,J=4.5,F=3.5","N=3,J=3.5,F=2.5",453.60713,0.000952,0.0010151770000000001,0.9377675026128448,20192634.551957127,15.0,p-H2,HFS-resolved spectroscopy + HFS-resolved collisions
CN,26,20,N=5,N=4,"N=5,J=4.5,F=3.5","N=4,J=3.5,F=2.5",566.73075,0.00186,0.00202894,0.9167348467672776,35166479.53762823,15.0,p-H2,HFS-resolved spectroscopy + HFS-resolved collisions
CN,26,21,N=5,N=4,"N=5,J=4.5,F=3.5","N=4,J=3.5,F=3.5",566.71474,0.000123,0.00202894,0.06062278825396513,35166479.53762823,15.0,p-H2,HFS-resolved spectroscopy + HFS-resolved collisions
CN,26,22,N=5,N=4,"N=5,J=4.5,F=3.5","N=4,J=3.5,F=4.5",566.693,1.54e-06,0.00202894,0.0007590170236675309,35166479.53762823,15.0,p-H2,HFS-resolved spectroscopy + HFS-resolved collisions
CN,26,24,N=5,N=4,"N=5,J=4.5,F=3.5","N=4,J=4.5,F=4.5",565.72807,2.2e-06,0.00202894,0.0010843100338107585,35166479.53762823,15.0,p-H2,HFS-resolved spectroscopy + HFS-resolved collisions
CN,26,25,N=5,N=4,"N=5,J=4.5,F=3.5","N=4,J=4.5,F=3.5",565.71331,4.22e-05,0.00202894,0.020799037921279094,35166479.53762823,15.0,p-H2,HFS-resolved spectroscopy + HFS-resolved collisions
CN,27,21,N=5,N=4,"N=5,J=4.5,F=4.5","N=4,J=3.5,F=3.5",566.73084,0.00188,0.00202279,0.9294093801136054,34300806.35362014,15.0,p-H2,HFS-resolved spectroscopy + HFS-resolved collisions
CN,27,22,N=5,N=4,"N=5,J=4.5,F=4.5","N=4,J=3.5,F=4.5",566.70911,9.81e-05,0.00202279,0.048497372441034414,34300806.35362014,15.0,p-H2,HFS-resolved spectroscopy + HFS-resolved collisions
CN,27,23,N=5,N=4,"N=5,J=4.5,F=4.5","N=4,J=4.5,F=5.5",565.76113,1.78e-06,0.00202279,0.0008799727109586264,34300806.35362014,15.0,p-H2,HFS-resolved spectroscopy + HFS-resolved collisions
CN,27,24,N=5,N=4,"N=5,J=4.5,F=4.5","N=4,J=4.5,F=4.5",565.74418,4.11e-05,0.00202279,0.020318471022696377,34300806.35362014,15.0,p-H2,HFS-resolved spectroscopy + HFS-resolved collisions
CN,27,25,N=5,N=4,"N=5,J=4.5,F=4.5","N=4,J=4.5,F=3.5",565.72941,1.81e-06,0.00202279,0.0008948037117051202,34300806.35362014,15.0,p-H2,HFS-resolved spectroscopy + HFS-resolved collisions
CN,28,22,N=5,N=4,"N=5,J=4.5,F=5.5","N=4,J=3.5,F=4.5",566.7299,0.00198,0.00202504,0.9777584640303401,35561105.77698521,15.0,p-H2,HFS-resolved spectroscopy + HFS-resolved collisions
CN,28,23,N=5,N=4,"N=5,J=4.5,F=5.5","N=4,J=4.5,F=5.5",565.78192,4.35e-05,0.00202504,0.021481057164302927,35561105.77698521,15.0,p-H2,HFS-resolved spectroscopy + HFS-resolved collisions
CN,28,24,N=5,N=4,"N=5,J=4.5,F=5.5","N=4,J=4.5,F=4.5",565.76498,1.54e-06,0.00202504,0.0007604788053569312,35561105.77698521,15.0,p-H2,HFS-resolved spectroscopy + HFS-resolved collisions
CN,29,23,N=5,N=4,"N=5,J=5.5,F=6.5","N=4,J=4.5,F=5.5",566.94689,0.00203,0.00203,1.0,35990655.202463835,15.0,p-H2,HFS-resolved spectroscopy + HFS-resolved collisions
CN,30,23,N=5,N=4,"N=5,J=5.5,F=5.5","N=4,J=4.5,F=5.5",566.96375,6.68e-05,0.0020268,0.03295835800276298,35025640.24268198,15.0,p-H2,HFS-resolved spectroscopy + HFS-resolved collisions
CN,30,24,N=5,N=4,"N=5,J=5.5,F=5.5","N=4,J=4.5,F=4.5",566.9468,0.00196,0.0020268,0.967041641997237,35025640.24268198,15.0,p-H2,HFS-resolved spectroscopy + HFS-resolved collisions
CN,31,23,N=5,N=4,"N=5,J=5.5,F=4.5","N=4,J=4.5,F=5.5",566.97893,6.66e-07,0.002030866,0.0003279389186681937,35740316.57374234,15.0,p-H2,HFS-resolved spectroscopy + HFS-resolved collisions
CN,31,24,N=5,N=4,"N=5,J=5.5,F=4.5","N=4,J=4.5,F=4.5",566.96198,8.02e-05,0.002030866,0.03949054245824195,35740316.57374234,15.0,p-H2,HFS-resolved spectroscopy + HFS-resolved collisions
CN,31,25,N=5,N=4,"N=5,J=5.5,F=4.5","N=4,J=4.5,F=3.5",566.94721,0.00195,0.002030866,0.9601815186230898,35740316.57374234,15.0,p-H2,HFS-resolved spectroscopy + HFS-resolved collisions
CN,32,26,N=6,N=5,"N=6,J=5.5,F=4.5","N=5,J=4.5,F=3.5",680.04738,0.00336,0.00355332,0.9455945425686401,54036334.01708001,15.0,p-H2,HFS-resolved spectroscopy + HFS-resolved collisions
CN,32,27,N=6,N=5,"N=6,J=5.5,F=4.5","N=5,J=4.5,F=4.5",680.03127,0.000139,0.00355332,0.03911834565983362,54036334.01708001,15.0,p-H2,HFS-resolved spectroscopy + HFS-resolved collisions
CN,32,28,N=6,N=5,"N=6,J=5.5,F=4.5","N=5,J=4.5,F=5.5",680.01048,1.16e-06,0.00355332,0.0003264552587439352,54036334.01708001,15.0,p-H2,HFS-resolved spectroscopy + HFS-resolved collisions
CN,32,30,N=6,N=5,"N=6,J=5.5,F=4.5","N=5,J=5.5,F=5.5",678.82865,1.76e-06,0.00355332,0.0004953114270597639,54036334.01708001,15.0,p-H2,HFS-resolved spectroscopy + HFS-resolved collisions
CN,32,31,N=6,N=5,"N=6,J=5.5,F=4.5","N=5,J=5.5,F=4.5",678.81347,5.14e-05,0.00355332,0.014465345085722649,54036334.01708001,15.0,p-H2,HFS-resolved spectroscopy + HFS-resolved collisions
CN,33,27,N=6,N=5,"N=6,J=5.5,F=5.5","N=5,J=4.5,F=4.5",680.04744,0.00338,0.00354949,0.952249478094036,53127928.64092948,15.0,p-H2,HFS-resolved spectroscopy + HFS-resolved collisions
CN,33,28,N=6,N=5,"N=6,J=5.5,F=5.5","N=5,J=4.5,F=5.5",680.02664,0.000116,0.00354949,0.0326807513192036,53127928.64092948,15.0,p-H2,HFS-resolved spectroscopy + HFS-resolved collisions
CN,33,29,N=6,N=5,"N=6,J=5.5,F=5.5","N=5,J=5.5,F=6.5",678.86167,1.48e-06,0.00354949,0.00041696130993466667,53127928.64092948,15.0,p-H2,HFS-resolved spectroscopy + HFS-resolved collisions
CN,33,30,N=6,N=5,"N=6,J=5.5,F=5.5","N=5,J=5.5,F=5.5",678.84482,5.05e-05,0.00354949,0.014227396048446396,53127928.64092948,15.0,p-H2,HFS-resolved spectroscopy + HFS-resolved collisions
CN,33,31,N=6,N=5,"N=6,J=5.5,F=5.5","N=5,J=5.5,F=4.5",678.82964,1.51e-06,0.00354949,0.0004254132283792883,53127928.64092948,15.0,p-H2,HFS-resolved spectroscopy + HFS-resolved collisions
CN,34,28,N=6,N=5,"N=6,J=5.5,F=6.5","N=5,J=4.5,F=5.5",680.04685,0.0035,0.00355382,0.9848557327045264,54417542.23184887,15.0,p-H2,HFS-resolved spectroscopy + HFS-resolved collisions
CN,34,29,N=6,N=5,"N=6,J=5.5,F=6.5","N=5,J=5.5,F=6.5",678.88188,5.25e-05,0.00355382,0.014772835990567897,54417542.23184887,15.0,p-H2,HFS-resolved spectroscopy + HFS-resolved collisions
CN,34,30,N=6,N=5,"N=6,J=5.5,F=6.5","N=5,J=5.5,F=5.5",678.86502,1.32e-06,0.00355382,0.0003714313049057071,54417542.23184887,15.0,p-H2,HFS-resolved spectroscopy + HFS-resolved collisions
CN,35,29,N=6,N=5,"N=6,J=6.5,F=7.5","N=5,J=5.5,F=6.5",680.26397,0.00356,0.00356,1.0,54856472.40405537,15.0,p-H2,HFS-resolved spectroscopy + HFS-resolved collisions
CN,36,29,N=6,N=5,"N=6,J=6.5,F=6.5","N=5,J=5.5,F=6.5",680.28076,8.39e-05,0.0035539,0.023607867413264302,53779865.55047317,15.0,p-H2,HFS-resolved spectroscopy + HFS-resolved collisions
CN,36,30,N=6,N=5,"N=6,J=6.5,F=6.5","N=5,J=5.5,F=5.5",680.2639,0.00347,0.0035539,0.9763921325867357,53779865.55047317,15.0,p-H2,HFS-resolved spectroscopy + HFS-resolved collisions
CN,37,29,N=6,N=5,"N=6,J=6.5,F=5.5","N=5,J=5.5,F=6.5",680.29624,5.81e-07,0.003558481,0.00016327191293138843,54569149.619617544,15.0,p-H2,HFS-resolved spectroscopy + HFS-resolved collisions
CN,37,30,N=6,N=5,"N=6,J=6.5,F=5.5","N=5,J=5.5,F=5.5",680.27938,9.79e-05,0.003558481,0.027511738857113468,54569149.619617544,15.0,p-H2,HFS-resolved spectroscopy + HFS-resolved collisions
CN,37,31,N=6,N=5,"N=6,J=6.5,F=5.5","N=5,J=5.5,F=4.5",680.2642,0.00346,0.003558481,0.9723249892299551,54569149.619617544,15.0,p-H2,HFS-resolved spectroscopy + HFS-resolved collisions
CN,38,32,N=7,N=6,"N=7,J=6.5,F=5.5","N=6,J=5.5,F=4.5",793.33649,0.00548,0.005698902,0.9615887411294316,70857732.19864018,15.0,p-H2,HFS-resolved spectroscopy + HFS-resolved collisions
CN,38,33,N=7,N=6,"N=7,J=6.5,F=5.5","N=6,J=5.5,F=5.5",793.32032,0.000156,0.005698902,0.027373694090545863,70857732.19864018,15.0,p-H2,HFS-resolved spectroscopy + HFS-resolved collisions
CN,38,34,N=7,N=6,"N=7,J=6.5,F=5.5","N=6,J=5.5,F=6.5",793.30012,9.32e-07,0.005698902,0.0001635402749512099,70857732.19864018,15.0,p-H2,HFS-resolved spectroscopy + HFS-resolved collisions
CN,38,36,N=7,N=6,"N=7,J=6.5,F=5.5","N=6,J=6.5,F=6.5",791.90124,1.47e-06,0.005698902,0.00025794442508398984,70857732.19864018,15.0,p-H2,HFS-resolved spectroscopy + HFS-resolved collisions
CN,38,37,N=7,N=6,"N=7,J=6.5,F=5.5","N=6,J=6.5,F=5.5",791.88576,6.05e-05,0.005698902,0.010616080079987338,70857732.19864018,15.0,p-H2,HFS-resolved spectroscopy + HFS-resolved collisions
CN,39,33,N=7,N=6,"N=7,J=6.5,F=6.5","N=6,J=5.5,F=5.5",793.33654,0.00551,0.00570627,0.9656045017147804,70285694.64438237,15.0,p-H2,HFS-resolved spectroscopy + HFS-resolved collisions
CN,39,34,N=7,N=6,"N=7,J=6.5,F=6.5","N=6,J=5.5,F=6.5",793.31633,0.000134,0.00570627,0.023482940695059996,70285694.64438237,15.0,p-H2,HFS-resolved spectroscopy + HFS-resolved collisions
CN,39,35,N=7,N=6,"N=7,J=6.5,F=6.5","N=6,J=6.5,F=7.5",791.93424,1.27e-06,0.00570627,0.00022256219912482233,70285694.64438237,15.0,p-H2,HFS-resolved spectroscopy + HFS-resolved collisions
CN,39,36,N=7,N=6,"N=7,J=6.5,F=6.5","N=6,J=6.5,F=6.5",791.91745,5.97e-05,0.00570627,0.010462175817127476,70285694.64438237,15.0,p-H2,HFS-resolved spectroscopy + HFS-resolved collisions
CN,39,37,N=7,N=6,"N=7,J=6.5,F=6.5","N=6,J=6.5,F=5.5",791.90197,1.3e-06,0.00570627,0.00022781957390729846,70285694.64438237,15.0,p-H2,HFS-resolved spectroscopy + HFS-resolved collisions
CN,40,34,N=7,N=6,"N=7,J=6.5,F=7.5","N=6,J=5.5,F=6.5",793.33613,0.00564,0.00570265,0.9890138795121566,71210116.45490725,15.0,p-H2,HFS-resolved spectroscopy + HFS-resolved collisions
CN,40,35,N=7,N=6,"N=7,J=6.5,F=7.5","N=6,J=6.5,F=7.5",791.95404,6.15e-05,0.00570265,0.01078445985638256,71210116.45490725,15.0,p-H2,HFS-resolved spectroscopy + HFS-resolved collisions
CN,40,36,N=7,N=6,"N=7,J=6.5,F=7.5","N=6,J=6.5,F=6.5",791.93725,1.15e-06,0.00570265,0.00020166063146081207,71210116.45490725,15.0,p-H2,HFS-resolved spectroscopy + HFS-resolved collisions
CN,41,35,N=7,N=6,"N=7,J=7.5,F=8.5","N=6,J=6.5,F=7.5",793.55333,0.00571,0.00571,1.0,71501025.334617,15.0,p-H2,HFS-resolved spectroscopy + HFS-resolved collisions
CN,42,35,N=7,N=6,"N=7,J=7.5,F=7.5","N=6,J=6.5,F=7.5",793.57007,0.000101,0.005711000000000001,0.01768516897215899,70760027.84855042,15.0,p-H2,HFS-resolved spectroscopy + HFS-resolved collisions
CN,42,36,N=7,N=6,"N=7,J=7.5,F=7.5","N=6,J=6.5,F=6.5",793.55328,0.00561,0.005711000000000001,0.9823148310278409,70760027.84855042,15.0,p-H2,HFS-resolved spectroscopy + HFS-resolved collisions
CN,43,35,N=7,N=6,"N=7,J=7.5,F=6.5","N=6,J=6.5,F=7.5",793.58578,5.15e-07,0.0057065150000000005,9.02477256258855e-05,71314287.6107412,15.0,p-H2,HFS-resolved spectroscopy + HFS-resolved collisions
CN,43,36,N=7,N=6,"N=7,J=7.5,F=6.5","N=6,J=6.5,F=6.5",793.56899,0.000116,0.0057065150000000005,0.020327643053597508,71314287.6107412,15.0,p-H2,HFS-resolved spectroscopy + HFS-resolved collisions
CN,43,37,N=7,N=6,"N=7,J=7.5,F=6.5","N=6,J=6.5,F=5.5",793.55351,0.00559,0.0057065150000000005,0.9795821092207766,71314287.6107412,15.0,p-H2,HFS-resolved spectroscopy + HFS-resolved collisions
CN,44,38,N=8,N=7,"N=8,J=7.5,F=6.5","N=7,J=6.5,F=5.5",906.5934,0.00834,0.008584535,0.9715144734106157,98111022.51293072,15.0,p-H2,HFS-resolved spectroscopy + HFS-resolved collisions
CN,44,39,N=8,N=7,"N=8,J=7.5,F=6.5","N=7,J=6.5,F=6.5",906.57718,0.000173,0.008584535,0.02015251845324179,98111022.51293072,15.0,p-H2,HFS-resolved spectroscopy + HFS-resolved collisions
CN,44,40,N=8,N=7,"N=8,J=7.5,F=6.5","N=7,J=6.5,F=7.5",906.55739,7.75e-07,0.008584535,9.02786231286843e-05,98111022.51293072,15.0,p-H2,HFS-resolved spectroscopy + HFS-resolved collisions
CN,44,42,N=8,N=7,"N=8,J=7.5,F=6.5","N=7,J=7.5,F=7.5",904.94135,1.26e-06,0.008584535,0.0001467755679253448,98111022.51293072,15.0,p-H2,HFS-resolved spectroscopy + HFS-resolved collisions
CN,44,43,N=8,N=7,"N=8,J=7.5,F=6.5","N=7,J=7.5,F=6.5",904.92564,6.95e-05,0.008584535,0.008095953945088464,98111022.51293072,15.0,p-H2,HFS-resolved spectroscopy + HFS-resolved collisions
CN,45,39,N=8,N=7,"N=8,J=7.5,F=7.5","N=7,J=6.5,F=6.5",906.59343,0.00836,0.00858305,0.9740127344009413,97340943.24685144,15.0,p-H2,HFS-resolved spectroscopy + HFS-resolved collisions
CN,45,40,N=8,N=7,"N=8,J=7.5,F=7.5","N=7,J=6.5,F=7.5",906.57364,0.000152,0.00858305,0.01770932244365348,97340943.24685144,15.0,p-H2,HFS-resolved spectroscopy + HFS-resolved collisions
CN,45,41,N=8,N=7,"N=8,J=7.5,F=7.5","N=7,J=7.5,F=8.5",904.97435,1.11e-06,0.00858305,0.00012932465731878528,97340943.24685144,15.0,p-H2,HFS-resolved spectroscopy + HFS-resolved collisions
CN,45,42,N=8,N=7,"N=8,J=7.5,F=7.5","N=7,J=7.5,F=7.5",904.95761,6.88e-05,0.00858305,0.008015798579758943,97340943.24685144,15.0,p-H2,HFS-resolved spectroscopy + HFS-resolved collisions
CN,45,43,N=8,N=7,"N=8,J=7.5,F=7.5","N=7,J=7.5,F=6.5",904.9419,1.14e-06,0.00858305,0.0001328199183274011,97340943.24685144,15.0,p-H2,HFS-resolved spectroscopy + HFS-resolved collisions
CN,46,40,N=8,N=7,"N=8,J=7.5,F=8.5","N=7,J=6.5,F=7.5",906.59313,0.00851,0.008581420000000001,0.9916773680812732,98363018.51952246,15.0,p-H2,HFS-resolved spectroscopy + HFS-resolved collisions
CN,46,41,N=8,N=7,"N=8,J=7.5,F=8.5","N=7,J=7.5,F=8.5",904.99384,7.04e-05,0.008581420000000001,0.008203770471553658,98363018.51952246,15.0,p-H2,HFS-resolved spectroscopy + HFS-resolved collisions
CN,46,42,N=8,N=7,"N=8,J=7.5,F=8.5","N=7,J=7.5,F=7.5",904.9771,1.02e-06,0.008581420000000001,0.00011886144717307857,98363018.51952246,15.0,p-H2,HFS-resolved spectroscopy + HFS-resolved collisions
CN,47,41,N=8,N=7,"N=8,J=8.5,F=9.5","N=7,J=7.5,F=8.5",906.81039,0.00859,0.00859,1.0,98707946.19725938,15.0,p-H2,HFS-resolved spectroscopy + HFS-resolved collisions
CN,48,41,N=8,N=7,"N=8,J=8.5,F=8.5","N=7,J=7.5,F=8.5",906.82709,0.000119,0.008589,0.013854930725346375,97849300.8896506,15.0,p-H2,HFS-resolved spectroscopy + HFS-resolved collisions
CN,48,42,N=8,N=7,"N=8,J=8.5,F=8.5","N=7,J=7.5,F=7.5",906.81035,0.00847,0.008589,0.9861450692746537,97849300.8896506,15.0,p-H2,HFS-resolved spectroscopy + HFS-resolved collisions
CN,49,41,N=8,N=7,"N=8,J=8.5,F=7.5","N=7,J=7.5,F=8.5",906.84298,4.62e-07,0.008583462,5.382443587447582e-05,98411888.46995139,15.0,p-H2,HFS-resolved spectroscopy + HFS-resolved collisions
CN,49,42,N=8,N=7,"N=8,J=8.5,F=7.5","N=7,J=7.5,F=7.5",906.82624,0.000133,0.008583462,0.015494913357803647,98411888.46995139,15.0,p-H2,HFS-resolved spectroscopy + HFS-resolved collisions
CN,49,43,N=8,N=7,"N=8,J=8.5,F=7.5","N=7,J=7.5,F=6.5",906.81053,0.00845,0.008583462,0.9844512622063217,98411888.46995139,15.0,p-H2,HFS-resolved spectroscopy + HFS-resolved collisions
CN,50,44,N=9,N=8,"N=9,J=8.5,F=7.5","N=8,J=7.5,F=6.5",1019.81346,0.012,0.012271263000000001,0.9778944514513298,128035612.23537552,15.0,p-H2,HFS-resolved spectroscopy + HFS-resolved collisions
CN,50,45,N=9,N=8,"N=9,J=8.5,F=7.5","N=8,J=7.5,F=7.5",1019.79721,0.000191,0.012271263000000001,0.015564820018933665,128035612.23537552,15.0,p-H2,HFS-resolved spectroscopy + HFS-resolved collisions
CN,50,46,N=9,N=8,"N=9,J=8.5,F=7.5","N=8,J=7.5,F=8.5",1019.77771,6.63e-07,0.012271263000000001,5.4028668442685973e-05,128035612.23537552,15.0,p-H2,HFS-resolved spectroscopy + HFS-resolved collisions
CN,50,48,N=9,N=8,"N=9,J=8.5,F=7.5","N=8,J=8.5,F=8.5",1017.94446,1.1e-06,0.012271263000000001,8.96403247163719e-05,128035612.23537552,15.0,p-H2,HFS-resolved spectroscopy + HFS-resolved collisions
CN,50,49,N=9,N=8,"N=9,J=8.5,F=7.5","N=8,J=8.5,F=7.5",1017.92858,7.85e-05,0.012271263000000001,0.006397059536577448,128035612.23537552,15.0,p-H2,HFS-resolved spectroscopy + HFS-resolved collisions
CN,51,45,N=9,N=8,"N=9,J=8.5,F=8.5","N=8,J=7.5,F=7.5",1019.81349,0.012,0.012248895000000001,0.97968020788814,127169623.06716879,15.0,p-H2,HFS-resolved spectroscopy + HFS-resolved collisions
CN,51,46,N=9,N=8,"N=9,J=8.5,F=8.5","N=8,J=7.5,F=8.5",1019.794,0.000169,0.012248895000000001,0.013797162927757971,127169623.06716879,15.0,p-H2,HFS-resolved spectroscopy + HFS-resolved collisions
CN,51,47,N=9,N=8,"N=9,J=8.5,F=8.5","N=8,J=8.5,F=9.5",1017.97745,9.85e-07,0.012248895000000001,8.04154170641515e-05,127169623.06716879,15.0,p-H2,HFS-resolved spectroscopy + HFS-resolved collisions
CN,51,48,N=9,N=8,"N=9,J=8.5,F=8.5","N=8,J=8.5,F=8.5",1017.96075,7.79e-05,0.012248895000000001,0.006359757349540509,127169623.06716879,15.0,p-H2,HFS-resolved spectroscopy + HFS-resolved collisions
CN,51,49,N=9,N=8,"N=9,J=8.5,F=8.5","N=8,J=8.5,F=7.5",1017.94486,1.01e-06,0.012248895000000001,8.245641749725179e-05,127169623.06716879,15.0,p-H2,HFS-resolved spectroscopy + HFS-resolved collisions
CN,52,46,N=9,N=8,"N=9,J=8.5,F=9.5","N=8,J=7.5,F=8.5",1019.81326,0.0122,0.012280221000000001,0.9934674628412632,128420509.77789102,15.0,p-H2,HFS-resolved spectroscopy + HFS-resolved collisions
CN,52,47,N=9,N=8,"N=9,J=8.5,F=9.5","N=8,J=8.5,F=9.5",1017.99672,7.93e-05,0.012280221000000001,0.006457538508468211,128420509.77789102,15.0,p-H2,HFS-resolved spectroscopy + HFS-resolved collisions
CN,52,48,N=9,N=8,"N=9,J=8.5,F=9.5","N=8,J=8.5,F=8.5",1017.98001,9.21e-07,0.012280221000000001,7.499865026859043e-05,128420509.77789102,15.0,p-H2,HFS-resolved spectroscopy + HFS-resolved collisions
CN,53,47,N=9,N=8,"N=9,J=9.5,F=10.5","N=8,J=8.5,F=9.5",1020.03055,0.0123,0.0123,1.0,128764132.59039247,15.0,p-H2,HFS-resolved spectroscopy + HFS-resolved collisions
CN,54,47,N=9,N=8,"N=9,J=9.5,F=9.5","N=8,J=8.5,F=9.5",1020.04722,0.000136,0.012336000000000001,0.011024643320363164,128368972.14932731,15.0,p-H2,HFS-resolved spectroscopy + HFS-resolved collisions
CN,54,48,N=9,N=8,"N=9,J=9.5,F=9.5","N=8,J=8.5,F=8.5",1020.03052,0.0122,0.012336000000000001,0.9889753566796368,128368972.14932731,15.0,p-H2,HFS-resolved spectroscopy + HFS-resolved collisions
CN,55,47,N=9,N=8,"N=9,J=9.5,F=8.5","N=8,J=8.5,F=9.5",1020.06326,4.19e-07,0.012351419,3.392322776840458e-05,129145470.67700882,15.0,p-H2,HFS-resolved spectroscopy + HFS-resolved collisions
CN,55,48,N=9,N=8,"N=9,J=9.5,F=8.5","N=8,J=8.5,F=8.5",1020.04655,0.000151,0.012351419,0.01222531597381645,129145470.67700882,15.0,p-H2,HFS-resolved spectroscopy + HFS-resolved collisions
CN,55,49,N=9,N=8,"N=9,J=9.5,F=8.5","N=8,J=8.5,F=7.5",1020.03066,0.0122,0.012351419,0.9877407607984151,129145470.67700882,15.0,p-H2,HFS-resolved spectroscopy + HFS-resolved collisions
CN,56,50,N=10,N=9,"N=10,J=9.5,F=8.5","N=9,J=8.5,F=7.5",1132.99206,0.0166,0.01689696,0.9824252409900953,158413596.9048871,15.0,p-H2,HFS-resolved spectroscopy + HFS-resolved collisions
CN,56,51,N=10,N=9,"N=10,J=9.5,F=8.5","N=9,J=8.5,F=8.5",1132.97578,0.000208,0.01689696,0.01230990663409276,158413596.9048871,15.0,p-H2,HFS-resolved spectroscopy + HFS-resolved collisions
CN,56,52,N=10,N=9,"N=10,J=9.5,F=8.5","N=9,J=8.5,F=9.5",1132.95652,5.79e-07,0.01689696,3.426651894778706e-05,158413596.9048871,15.0,p-H2,HFS-resolved spectroscopy + HFS-resolved collisions
CN,56,54,N=10,N=9,"N=10,J=9.5,F=8.5","N=9,J=9.5,F=9.5",1130.90601,9.81e-07,0.01689696,5.805778080790865e-05,158413596.9048871,15.0,p-H2,HFS-resolved spectroscopy + HFS-resolved collisions
CN,56,55,N=10,N=9,"N=10,J=9.5,F=8.5","N=9,J=9.5,F=8.5",1130.88998,8.74e-05,0.01689696,0.0051725280760562846,158413596.9048871,15.0,p-H2,HFS-resolved spectroscopy + HFS-resolved collisions
CN,57,51,N=10,N=9,"N=10,J=9.5,F=9.5","N=9,J=8.5,F=8.5",1132.99209,0.0167,0.016975696999999998,0.9837593119151457,158458418.76651287,15.0,p-H2,HFS-resolved spectroscopy + HFS-resolved collisions
CN,57,52,N=10,N=9,"N=10,J=9.5,F=9.5","N=9,J=8.5,F=9.5",1132.97283,0.000187,0.016975696999999998,0.011015747983720493,158458418.76651287,15.0,p-H2,HFS-resolved spectroscopy + HFS-resolved collisions
CN,57,53,N=10,N=9,"N=10,J=9.5,F=9.5","N=9,J=9.5,F=10.5",1130.93899,8.86e-07,0.016975696999999998,5.2192260500408324e-05,158458418.76651287,15.0,p-H2,HFS-resolved spectroscopy + HFS-resolved collisions
CN,57,54,N=10,N=9,"N=10,J=9.5,F=9.5","N=9,J=9.5,F=9.5",1130.92232,8.69e-05,0.016975696999999998,0.005119082886552464,158458418.76651287,15.0,p-H2,HFS-resolved spectroscopy + HFS-resolved collisions
CN,57,55,N=10,N=9,"N=10,J=9.5,F=9.5","N=9,J=9.5,F=8.5",1130.90629,9.11e-07,0.016975696999999998,5.366495408111962e-05,158458418.76651287,15.0,p-H2,HFS-resolved spectroscopy + HFS-resolved collisions
CN,58,52,N=10,N=9,"N=10,J=9.5,F=10.5","N=9,J=8.5,F=9.5",1132.99191,0.0169,0.016989037,0.9947591496798789,159436499.03688845,15.0,p-H2,HFS-resolved spectroscopy + HFS-resolved collisions
CN,58,53,N=10,N=9,"N=10,J=9.5,F=10.5","N=9,J=9.5,F=10.5",1130.95808,8.82e-05,0.016989037,0.005191583254542327,159436499.03688845,15.0,p-H2,HFS-resolved spectroscopy + HFS-resolved collisions
CN,58,54,N=10,N=9,"N=10,J=9.5,F=10.5","N=9,J=9.5,F=9.5",1130.94141,8.37e-07,0.016989037,4.926706557882004e-05,159436499.03688845,15.0,p-H2,HFS-resolved spectroscopy + HFS-resolved collisions
CN,59,53,N=10,N=9,"N=10,J=10.5,F=11.5","N=9,J=9.5,F=10.5",1133.20922,0.017,0.017,1.0,159688956.9439536,15.0,p-H2,HFS-resolved spectroscopy + HFS-resolved collisions
CN,60,53,N=10,N=9,"N=10,J=10.5,F=10.5","N=9,J=9.5,F=10.5",1133.22586,0.000154,0.016954,0.009083402146985962,158543131.90954706,15.0,p-H2,HFS-resolved spectroscopy + HFS-resolved collisions
CN,60,54,N=10,N=9,"N=10,J=10.5,F=10.5","N=9,J=9.5,F=9.5",1133.20919,0.0168,0.016954,0.990916597853014,158543131.90954706,15.0,p-H2,HFS-resolved spectroscopy + HFS-resolved collisions
CN,61,53,N=10,N=9,"N=10,J=10.5,F=9.5","N=9,J=9.5,F=10.5",1133.24202,3.83e-07,0.016969382999999998,2.2570060443564744e-05,159314132.14210525,15.0,p-H2,HFS-resolved spectroscopy + HFS-resolved collisions
CN,61,54,N=10,N=9,"N=10,J=10.5,F=9.5","N=9,J=9.5,F=9.5",1133.22535,0.000169,0.016969382999999998,0.00995911283280011,159314132.14210525,15.0,p-H2,HFS-resolved spectroscopy + HFS-resolved collisions
CN,61,55,N=10,N=9,"N=10,J=10.5,F=9.5","N=9,J=9.5,F=8.5",1133.20931,0.0168,0.016969382999999998,0.9900183171067564,159314132.14210525,15.0,p-H2,HFS-resolved spectroscopy + HFS-resolved collisions
CN,62,56,N=11,N=10,"N=11,J=10.5,F=9.5","N=10,J=9.5,F=8.5",1246.1246,0.0223,0.022622695,0.9857357843528368,205830345.9957828,15.0,p-H2,HFS-resolved spectroscopy + HFS-resolved collisions
CN,62,57,N=11,N=10,"N=11,J=10.5,F=9.5","N=10,J=9.5,F=9.5",1246.10829,0.000225,0.022622695,0.009945764640331312,205830345.9957828,15.0,p-H2,HFS-resolved spectroscopy + HFS-resolved collisions
CN,62,58,N=11,N=10,"N=11,J=10.5,F=9.5","N=10,J=9.5,F=10.5",1246.08921,5.13e-07,0.022622695,2.267634337995539e-05,205830345.9957828,15.0,p-H2,HFS-resolved spectroscopy + HFS-resolved collisions
CN,62,60,N=11,N=10,"N=11,J=10.5,F=9.5","N=10,J=10.5,F=10.5",1243.82142,8.82e-07,0.022622695,3.8987397390098744e-05,205830345.9957828,15.0,p-H2,HFS-resolved spectroscopy + HFS-resolved collisions
CN,62,61,N=11,N=10,"N=11,J=10.5,F=9.5","N=10,J=10.5,F=9.5",1243.80527,9.63e-05,0.022622695,0.004256787266061802,205830345.9957828,15.0,p-H2,HFS-resolved spectroscopy + HFS-resolved collisions
CN,63,57,N=11,N=10,"N=11,J=10.5,F=10.5","N=10,J=9.5,F=9.5",1246.12462,0.0223,0.022602433,0.9866194493309636,204852077.36460757,15.0,p-H2,HFS-resolved spectroscopy + HFS-resolved collisions
CN,63,58,N=11,N=10,"N=11,J=10.5,F=10.5","N=10,J=9.5,F=10.5",1246.10554,0.000205,0.022602433,0.009069820049903476,204852077.36460757,15.0,p-H2,HFS-resolved spectroscopy + HFS-resolved collisions
CN,63,59,N=11,N=10,"N=11,J=10.5,F=10.5","N=10,J=10.5,F=11.5",1243.8544,8.05e-07,0.022602433,3.561563483010877e-05,204852077.36460757,15.0,p-H2,HFS-resolved spectroscopy + HFS-resolved collisions
CN,63,60,N=11,N=10,"N=11,J=10.5,F=10.5","N=10,J=10.5,F=10.5",1243.83775,9.58e-05,0.022602433,0.0042384817599061125,204852077.36460757,15.0,p-H2,HFS-resolved spectroscopy + HFS-resolved collisions
CN,63,61,N=11,N=10,"N=11,J=10.5,F=10.5","N=10,J=10.5,F=9.5",1243.8216,8.28e-07,0.022602433,3.663322439668331e-05,204852077.36460757,15.0,p-H2,HFS-resolved spectroscopy + HFS-resolved collisions
CN,64,58,N=11,N=10,"N=11,J=10.5,F=11.5","N=10,J=9.5,F=10.5",1246.12448,0.0225,0.022597766,0.9956736431379988,205769372.22996518,15.0,p-H2,HFS-resolved spectroscopy + HFS-resolved collisions
CN,64,59,N=11,N=10,"N=11,J=10.5,F=11.5","N=10,J=10.5,F=11.5",1243.87334,9.7e-05,0.022597766,0.004292459705972706,205769372.22996518,15.0,p-H2,HFS-resolved spectroscopy + HFS-resolved collisions
CN,64,60,N=11,N=10,"N=11,J=10.5,F=11.5","N=10,J=10.5,F=10.5",1243.85669,7.66e-07,0.022597766,3.38971560286092e-05,205769372.22996518,15.0,p-H2,HFS-resolved spectroscopy + HFS-resolved collisions
CN,65,59,N=11,N=10,"N=11,J=11.5,F=12.5","N=10,J=10.5,F=11.5",1246.3418,0.0227,0.0227,1.0,206855069.22272867,15.0,p-H2,HFS-resolved spectroscopy + HFS-resolved collisions
CN,66,59,N=11,N=10,"N=11,J=11.5,F=11.5","N=10,J=10.5,F=11.5",1246.35842,0.000171,0.022671,0.007542675664946407,205816527.74815583,15.0,p-H2,HFS-resolved spectroscopy + HFS-resolved collisions
CN,66,60,N=11,N=10,"N=11,J=11.5,F=11.5","N=10,J=10.5,F=10.5",1246.34178,0.0225,0.022671,0.9924573243350535,205816527.74815583,15.0,p-H2,HFS-resolved spectroscopy + HFS-resolved collisions
CN,67,59,N=11,N=10,"N=11,J=11.5,F=10.5","N=10,J=10.5,F=11.5",1246.37468,3.53e-07,0.022687353,1.555932946430551e-05,206668669.58518142,15.0,p-H2,HFS-resolved spectroscopy + HFS-resolved collisions
CN,67,60,N=11,N=10,"N=11,J=11.5,F=10.5","N=10,J=10.5,F=10.5",1246.35803,0.000187,0.022687353,0.00824247764822983,206668669.58518142,15.0,p-H2,HFS-resolved spectroscopy + HFS-resolved collisions
CN,67,61,N=11,N=10,"N=11,J=11.5,F=10.5","N=10,J=10.5,F=9.5",1246.34188,0.0225,0.022687353,0.9917419630223058,206668669.58518142,15.0,p-H2,HFS-resolved spectroscopy + HFS-resolved collisions
CN,68,62,N=12,N=11,"N=12,J=11.5,F=10.5","N=11,J=10.5,F=9.5",1359.20647,0.0291,0.029449262,0.9881402121384231,70534965.19368358,15.0,p-H2,HFS-resolved spectroscopy + HFS-resolved collisions
CN,68,63,N=12,N=11,"N=12,J=11.5,F=10.5","N=11,J=10.5,F=10.5",1359.19014,0.000243,0.029449262,0.008251480121980646,70534965.19368358,15.0,p-H2,HFS-resolved spectroscopy + HFS-resolved collisions
CN,68,64,N=12,N=11,"N=12,J=11.5,F=10.5","N=11,J=10.5,F=11.5",1359.1712,4.6e-07,0.029449262,1.5620085827617684e-05,70534965.19368358,15.0,p-H2,HFS-resolved spectroscopy + HFS-resolved collisions
CN,68,66,N=12,N=11,"N=12,J=11.5,F=10.5","N=11,J=11.5,F=11.5",1356.68612,8.02e-07,0.029449262,2.7233280073368223e-05,70534965.19368358,15.0,p-H2,HFS-resolved spectroscopy + HFS-resolved collisions
CN,68,67,N=12,N=11,"N=12,J=11.5,F=10.5","N=11,J=11.5,F=10.5",1356.66986,0.000105,0.029449262,0.0035654543736953407,70534965.19368358,15.0,p-H2,HFS-resolved spectroscopy + HFS-resolved collisions
CN,69,63,N=12,N=11,"N=12,J=11.5,F=11.5","N=11,J=10.5,F=10.5",1359.20649,0.0292,0.029529497000000002,0.9888417672674884,70409980.15257673,15.0,p-H2,HFS-resolved spectroscopy + HFS-resolved collisions
CN,69,64,N=12,N=11,"N=12,J=11.5,F=11.5","N=11,J=10.5,F=11.5",1359.18755,0.000223,0.029529497000000002,0.007551771030844176,70409980.15257673,15.0,p-H2,HFS-resolved spectroscopy + HFS-resolved collisions
CN,69,65,N=12,N=11,"N=12,J=11.5,F=11.5","N=11,J=11.5,F=12.5",1356.71909,7.38e-07,0.029529497000000002,2.4991959734363235e-05,70409980.15257673,15.0,p-H2,HFS-resolved spectroscopy + HFS-resolved collisions
CN,69,66,N=12,N=11,"N=12,J=11.5,F=11.5","N=11,J=11.5,F=11.5",1356.70247,0.000105,0.029529497000000002,0.003555766628872818,70409980.15257673,15.0,p-H2,HFS-resolved spectroscopy + HFS-resolved collisions
CN,69,67,N=12,N=11,"N=12,J=11.5,F=11.5","N=11,J=11.5,F=10.5",1356.68622,7.59e-07,0.029529497000000002,2.5703113060137798e-05,70409980.15257673,15.0,p-H2,HFS-resolved spectroscopy + HFS-resolved collisions
CN,70,64,N=12,N=11,"N=12,J=11.5,F=12.5","N=11,J=10.5,F=11.5",1359.20637,0.0294,0.029506707,0.9963836357611847,70325189.90557048,15.0,p-H2,HFS-resolved spectroscopy + HFS-resolved collisions
CN,70,65,N=12,N=11,"N=12,J=11.5,F=12.5","N=11,J=11.5,F=12.5",1356.73791,0.000106,0.029506707,0.0035924035847171966,70325189.90557048,15.0,p-H2,HFS-resolved spectroscopy + HFS-resolved collisions
CN,70,66,N=12,N=11,"N=12,J=11.5,F=12.5","N=11,J=11.5,F=11.5",1356.72129,7.07e-07,0.029506707,2.3960654098066585e-05,70325189.90557048,15.0,p-H2,HFS-resolved spectroscopy + HFS-resolved collisions
CN,71,65,N=12,N=11,"N=12,J=12.5,F=13.5","N=11,J=11.5,F=12.5",1359.4237,0.0295,0.0295,1.0,70186509.1847157,15.0,p-H2,HFS-resolved spectroscopy + HFS-resolved collisions
CN,72,65,N=12,N=11,"N=12,J=12.5,F=12.5","N=11,J=11.5,F=12.5",1359.4403,0.000189,0.029489,0.006409169520838279,70160812.69681938,15.0,p-H2,HFS-resolved spectroscopy + HFS-resolved collisions
CN,72,66,N=12,N=11,"N=12,J=12.5,F=12.5","N=11,J=11.5,F=11.5",1359.42368,0.0293,0.029489,0.9935908304791616,70160812.69681938,15.0,p-H2,HFS-resolved spectroscopy + HFS-resolved collisions
CN,73,65,N=12,N=11,"N=12,J=12.5,F=11.5","N=11,J=11.5,F=12.5",1359.45664,3.27e-07,0.029504327,1.10831201131956e-05,70631454.41067234,15.0,p-H2,HFS-resolved spectroscopy + HFS-resolved collisions
CN,73,66,N=12,N=11,"N=12,J=12.5,F=11.5","N=11,J=11.5,F=11.5",1359.44002,0.000204,0.029504327,0.006914240070617438,70631454.41067234,15.0,p-H2,HFS-resolved spectroscopy + HFS-resolved collisions
CN,73,67,N=12,N=11,"N=12,J=12.5,F=11.5","N=11,J=11.5,F=10.5",1359.42376,0.0293,0.029504327,0.9930746768092693,70631454.41067234,15.0,p-H2,HFS-resolved spectroscopy + HFS-resolved collisions
CN,3,1,N=1,N=0,"N=1,J=0.5,F=0.5","N=0,J=0.5,F=1.5",113.14416,1.05e-05,1.1789999999999999e-05,0.89058524173028,156799.74774050398,20.0,p-H2,HFS-resolved spectroscopy + HFS-resolved collisions
CN,3,2,N=1,N=0,"N=1,J=0.5,F=0.5","N=0,J=0.5,F=0.5",113.12337,1.29e-06,1.1789999999999999e-05,0.10941475826972011,156799.74774050398,20.0,p-H2,HFS-resolved spectroscopy + HFS-resolved collisions
CN,4,1,N=1,N=0,"N=1,J=0.5,F=1.5","N=0,J=0.5,F=1.5",113.19128,6.68e-06,1.182e-05,0.5651438240270727,167151.04264649775,20.0,p-H2,HFS-resolved spectroscopy + HFS-resolved collisions
CN,4,2,N=1,N=0,"N=1,J=0.5,F=1.5","N=0,J=0.5,F=0.5",113.17049,5.14e-06,1.182e-05,0.43485617597292725,167151.04264649775,20.0,p-H2,HFS-resolved spectroscopy + HFS-resolved collisions
CN,5,1,N=1,N=0,"N=1,J=1.5,F=2.5","N=0,J=0.5,F=1.5",113.49097,1.19e-05,1.19e-05,1.0,204429.2930458745,20.0,p-H2,HFS-resolved spectroscopy + HFS-resolved collisions
CN,6,1,N=1,N=0,"N=1,J=1.5,F=1.5","N=0,J=0.5,F=1.5",113.50891,5.19e-06,1.193e-05,0.435037720033529,172855.17117221424,20.0,p-H2,HFS-resolved spectroscopy + HFS-resolved collisions
CN,6,2,N=1,N=0,"N=1,J=1.5,F=1.5","N=0,J=0.5,F=0.5",113.48812,6.74e-06,1.193e-05,0.5649622799664711,172855.17117221424,20.0,p-H2,HFS-resolved spectroscopy + HFS-resolved collisions
CN,7,1,N=1,N=0,"N=1,J=1.5,F=0.5","N=0,J=0.5,F=1.5",113.52043,1.3e-06,1.19e-05,0.10924369747899161,171651.4328360319,20.0,p-H2,HFS-resolved spectroscopy + HFS-resolved collisions
CN,7,2,N=1,N=0,"N=1,J=1.5,F=0.5","N=0,J=0.5,F=0.5",113.49964,1.06e-05,1.19e-05,0.8907563025210085,171651.4328360319,20.0,p-H2,HFS-resolved spectroscopy + HFS-resolved collisions
CN,8,3,N=2,N=1,"N=2,J=1.5,F=0.5","N=1,J=0.5,F=0.5",226.66369,8.46e-05,0.00011383,0.7432135640867961,1447152.1484223413,20.0,p-H2,HFS-resolved spectroscopy + HFS-resolved collisions
CN,8,4,N=2,N=1,"N=2,J=1.5,F=0.5","N=1,J=0.5,F=1.5",226.61657,1.07e-05,0.00011383,0.09399982429939382,1447152.1484223413,20.0,p-H2,HFS-resolved spectroscopy + HFS-resolved collisions
CN,8,6,N=2,N=1,"N=2,J=1.5,F=0.5","N=1,J=1.5,F=1.5",226.29894,8.23e-06,0.00011383,0.07230079943775806,1447152.1484223413,20.0,p-H2,HFS-resolved spectroscopy + HFS-resolved collisions
CN,8,7,N=2,N=1,"N=2,J=1.5,F=0.5","N=1,J=1.5,F=0.5",226.28742,1.03e-05,0.00011383,0.090485812176052,1447152.1484223413,20.0,p-H2,HFS-resolved spectroscopy + HFS-resolved collisions
CN,9,3,N=2,N=1,"N=2,J=1.5,F=1.5","N=1,J=0.5,F=0.5",226.67931,5.27e-05,0.00011392,0.4626053370786517,1465477.610543237,20.0,p-H2,HFS-resolved spectroscopy + HFS-resolved collisions
CN,9,4,N=2,N=1,"N=2,J=1.5,F=1.5","N=1,J=0.5,F=1.5",226.63219,4.26e-05,0.00011392,0.37394662921348315,1465477.610543237,20.0,p-H2,HFS-resolved spectroscopy + HFS-resolved collisions
CN,9,5,N=2,N=1,"N=2,J=1.5,F=1.5","N=1,J=1.5,F=2.5",226.3325,4.55e-06,0.00011392,0.039940308988764044,1465477.610543237,20.0,p-H2,HFS-resolved spectroscopy + HFS-resolved collisions
CN,9,6,N=2,N=1,"N=2,J=1.5,F=1.5","N=1,J=1.5,F=1.5",226.31454,9.9e-06,0.00011392,0.08690308988764045,1465477.610543237,20.0,p-H2,HFS-resolved spectroscopy + HFS-resolved collisions
CN,9,7,N=2,N=1,"N=2,J=1.5,F=1.5","N=1,J=1.5,F=0.5",226.30304,4.17e-06,0.00011392,0.036604634831460675,1465477.610543237,20.0,p-H2,HFS-resolved spectroscopy + HFS-resolved collisions
CN,10,4,N=2,N=1,"N=2,J=1.5,F=2.5","N=1,J=0.5,F=1.5",226.65956,9.47e-05,0.00011396,0.830993330993331,1759783.1031596342,20.0,p-H2,HFS-resolved spectroscopy + HFS-resolved collisions
CN,10,5,N=2,N=1,"N=2,J=1.5,F=2.5","N=1,J=1.5,F=2.5",226.35987,1.61e-05,0.00011396,0.14127764127764125,1759783.1031596342,20.0,p-H2,HFS-resolved spectroscopy + HFS-resolved collisions
CN,10,6,N=2,N=1,"N=2,J=1.5,F=2.5","N=1,J=1.5,F=1.5",226.34193,3.16e-06,0.00011396,0.027729027729027727,1759783.1031596342,20.0,p-H2,HFS-resolved spectroscopy + HFS-resolved collisions
CN,11,5,N=2,N=1,"N=2,J=2.5,F=3.5","N=1,J=1.5,F=2.5",226.87478,0.000114,0.000114,1.0,2007918.7900656436,20.0,p-H2,HFS-resolved spectroscopy + HFS-resolved collisions
CN,12,4,N=2,N=1,"N=2,J=2.5,F=2.5","N=1,J=0.5,F=1.5",227.19182,1.45e-09,0.00011430144999999999,1.268575333033833e-05,1724865.4828142591,20.0,p-H2,HFS-resolved spectroscopy + HFS-resolved collisions
CN,12,5,N=2,N=1,"N=2,J=2.5,F=2.5","N=1,J=1.5,F=2.5",226.89213,1.81e-05,0.00011430144999999999,0.1583531967442233,1724865.4828142591,20.0,p-H2,HFS-resolved spectroscopy + HFS-resolved collisions
CN,12,6,N=2,N=1,"N=2,J=2.5,F=2.5","N=1,J=1.5,F=1.5",226.87419,9.62e-05,0.00011430144999999999,0.8416341175024464,1724865.4828142591,20.0,p-H2,HFS-resolved spectroscopy + HFS-resolved collisions
CN,13,5,N=2,N=1,"N=2,J=2.5,F=1.5","N=1,J=1.5,F=2.5",226.90536,1.13e-06,0.00011433,0.009883670077844835,1818645.2595958584,20.0,p-H2,HFS-resolved spectroscopy + HFS-resolved collisions
CN,13,6,N=2,N=1,"N=2,J=2.5,F=1.5","N=1,J=1.5,F=1.5",226.88742,2.73e-05,0.00011433,0.23878247179218054,1818645.2595958584,20.0,p-H2,HFS-resolved spectroscopy + HFS-resolved collisions
CN,13,7,N=2,N=1,"N=2,J=2.5,F=1.5","N=1,J=1.5,F=0.5",226.8759,8.59e-05,0.00011433,0.7513338581299747,1818645.2595958584,20.0,p-H2,HFS-resolved spectroscopy + HFS-resolved collisions
CN,14,8,N=3,N=2,"N=3,J=2.5,F=1.5","N=2,J=1.5,F=0.5",340.03541,0.000289,0.00041252,0.7005720934742558,6302163.076839113,20.0,p-H2,HFS-resolved spectroscopy + HFS-resolved collisions
CN,14,9,N=3,N=2,"N=3,J=2.5,F=1.5","N=2,J=1.5,F=1.5",340.01963,9.27e-05,0.00041252,0.22471637738776304,6302163.076839113,20.0,p-H2,HFS-resolved spectroscopy + HFS-resolved collisions
CN,14,10,N=3,N=2,"N=3,J=2.5,F=1.5","N=2,J=1.5,F=2.5",339.99226,3.89e-06,0.00041252,0.009429845825656938,6302163.076839113,20.0,p-H2,HFS-resolved spectroscopy + HFS-resolved collisions
CN,14,12,N=3,N=2,"N=3,J=2.5,F=1.5","N=2,J=2.5,F=2.5",339.46,4.33e-06,0.00041252,0.010496460777659266,6302163.076839113,20.0,p-H2,HFS-resolved spectroscopy + HFS-resolved collisions
CN,14,13,N=3,N=2,"N=3,J=2.5,F=1.5","N=2,J=2.5,F=1.5",339.44678,2.26e-05,0.00041252,0.05478522253466499,6302163.076839113,20.0,p-H2,HFS-resolved spectroscopy + HFS-resolved collisions
CN,15,9,N=3,N=2,"N=3,J=2.5,F=2.5","N=2,J=1.5,F=1.5",340.03541,0.000323,0.00041213999999999997,0.7837142718493716,6000778.233930496,20.0,p-H2,HFS-resolved spectroscopy + HFS-resolved collisions
CN,15,10,N=3,N=2,"N=3,J=2.5,F=2.5","N=2,J=1.5,F=2.5",340.00813,6.2e-05,0.00041213999999999997,0.1504343184354831,6000778.233930496,20.0,p-H2,HFS-resolved spectroscopy + HFS-resolved collisions
CN,15,11,N=3,N=2,"N=3,J=2.5,F=2.5","N=2,J=2.5,F=3.5",339.49321,2.99e-06,0.00041213999999999997,0.007254816324549911,6000778.233930496,20.0,p-H2,HFS-resolved spectroscopy + HFS-resolved collisions
CN,15,12,N=3,N=2,"N=3,J=2.5,F=2.5","N=2,J=2.5,F=2.5",339.4759,2.12e-05,0.00041213999999999997,0.05143883146503616,6000778.233930496,20.0,p-H2,HFS-resolved spectroscopy + HFS-resolved collisions
CN,15,13,N=3,N=2,"N=3,J=2.5,F=2.5","N=2,J=2.5,F=1.5",339.46264,2.95e-06,0.00041213999999999997,0.007157761925559277,6000778.233930496,20.0,p-H2,HFS-resolved spectroscopy + HFS-resolved collisions
CN,16,10,N=3,N=2,"N=3,J=2.5,F=3.5","N=2,J=1.5,F=2.5",340.03155,0.000384,0.00041173,0.9326500376460302,6928390.842401122,20.0,p-H2,HFS-resolved spectroscopy + HFS-resolved collisions
CN,16,11,N=3,N=2,"N=3,J=2.5,F=3.5","N=2,J=2.5,F=3.5",339.51664,2.54e-05,0.00041173,0.06169091394846137,6928390.842401122,20.0,p-H2,HFS-resolved spectroscopy + HFS-resolved collisions
CN,16,12,N=3,N=2,"N=3,J=2.5,F=3.5","N=2,J=2.5,F=2.5",339.49929,2.33e-06,0.00041173,0.005659048405508464,6928390.842401122,20.0,p-H2,HFS-resolved spectroscopy + HFS-resolved collisions
CN,17,11,N=3,N=2,"N=3,J=3.5,F=4.5","N=2,J=2.5,F=3.5",340.24777,0.000413,0.000413,1.0,7440806.121967087,20.0,p-H2,HFS-resolved spectroscopy + HFS-resolved collisions
CN,18,11,N=3,N=2,"N=3,J=3.5,F=3.5","N=2,J=2.5,F=3.5",340.26495,3.35e-05,0.0004135,0.08101571946795647,6684774.639573878,20.0,p-H2,HFS-resolved spectroscopy + HFS-resolved collisions
CN,18,12,N=3,N=2,"N=3,J=3.5,F=3.5","N=2,J=2.5,F=2.5",340.24777,0.00038,0.0004135,0.9189842805320435,6684774.639573878,20.0,p-H2,HFS-resolved spectroscopy + HFS-resolved collisions
CN,19,11,N=3,N=2,"N=3,J=3.5,F=2.5","N=2,J=2.5,F=3.5",340.27912,9.27e-07,0.000412727,0.002246036726455987,7062287.618185035,20.0,p-H2,HFS-resolved spectroscopy + HFS-resolved collisions
CN,19,12,N=3,N=2,"N=3,J=3.5,F=2.5","N=2,J=2.5,F=2.5",340.26177,4.48e-05,0.000412727,0.10854632723325587,7062287.618185035,20.0,p-H2,HFS-resolved spectroscopy + HFS-resolved collisions
CN,19,13,N=3,N=2,"N=3,J=3.5,F=2.5","N=2,J=2.5,F=1.5",340.24854,0.000367,0.000412727,0.8892076360402881,7062287.618185035,20.0,p-H2,HFS-resolved spectroscopy + HFS-resolved collisions
CN,20,14,N=4,N=3,"N=4,J=3.5,F=2.5","N=3,J=2.5,F=1.5",453.39147,0.000869,0.0010138599999999999,0.8571203124691773,16599075.259251667,20.0,p-H2,HFS-resolved spectroscopy + HFS-resolved collisions
CN,20,15,N=4,N=3,"N=4,J=3.5,F=2.5","N=3,J=2.5,F=2.5",453.3756,0.000107,0.0010138599999999999,0.105537253664214,16599075.259251667,20.0,p-H2,HFS-resolved spectroscopy + HFS-resolved collisions
CN,20,16,N=4,N=3,"N=4,J=3.5,F=2.5","N=3,J=2.5,F=3.5",453.35218,2.24e-06,0.0010138599999999999,0.002209378020634013,16599075.259251667,20.0,p-H2,HFS-resolved spectroscopy + HFS-resolved collisions
CN,20,18,N=4,N=3,"N=4,J=3.5,F=2.5","N=3,J=3.5,F=3.5",452.60386,2.92e-06,0.0010138599999999999,0.0028800820626121953,16599075.259251667,20.0,p-H2,HFS-resolved spectroscopy + HFS-resolved collisions
CN,20,19,N=4,N=3,"N=4,J=3.5,F=2.5","N=3,J=3.5,F=2.5",452.58969,3.27e-05,0.0010138599999999999,0.0322529737833626,16599075.259251667,20.0,p-H2,HFS-resolved spectroscopy + HFS-resolved collisions
CN,21,15,N=4,N=3,"N=4,J=3.5,F=3.5","N=3,J=2.5,F=2.5",453.39161,0.000897,0.00101308,0.8854187231018281,15861585.46002484,20.0,p-H2,HFS-resolved spectroscopy + HFS-resolved collisions
CN,21,16,N=4,N=3,"N=4,J=3.5,F=3.5","N=3,J=2.5,F=3.5",453.36819,8.02e-05,0.00101308,0.07916452797409879,15861585.46002484,20.0,p-H2,HFS-resolved spectroscopy + HFS-resolved collisions
CN,21,17,N=4,N=3,"N=4,J=3.5,F=3.5","N=3,J=3.5,F=4.5",452.63697,2.23e-06,0.00101308,0.0022012081967860385,15861585.46002484,20.0,p-H2,HFS-resolved spectroscopy + HFS-resolved collisions
CN,21,18,N=4,N=3,"N=4,J=3.5,F=3.5","N=3,J=3.5,F=3.5",452.61987,3.14e-05,0.00101308,0.030994590752951395,15861585.46002484,20.0,p-H2,HFS-resolved spectroscopy + HFS-resolved collisions
CN,21,19,N=4,N=3,"N=4,J=3.5,F=3.5","N=3,J=3.5,F=2.5",452.6057,2.25e-06,0.00101308,0.0022209499743356892,15861585.46002484,20.0,p-H2,HFS-resolved spectroscopy + HFS-resolved collisions
CN,22,16,N=4,N=3,"N=4,J=3.5,F=4.5","N=3,J=2.5,F=3.5",453.38992,0.000977,0.00101336,0.964119365279861,17294405.617176168,20.0,p-H2,HFS-resolved spectroscopy + HFS-resolved collisions
CN,22,17,N=4,N=3,"N=4,J=3.5,F=4.5","N=3,J=3.5,F=4.5",452.6587,3.45e-05,0.00101336,0.03404515670640246,17294405.617176168,20.0,p-H2,HFS-resolved spectroscopy + HFS-resolved collisions
CN,22,18,N=4,N=3,"N=4,J=3.5,F=4.5","N=3,J=3.5,F=3.5",452.64161,1.86e-06,0.00101336,0.0018354780137364805,17294405.617176168,20.0,p-H2,HFS-resolved spectroscopy + HFS-resolved collisions
CN,23,17,N=4,N=3,"N=4,J=4.5,F=5.5","N=3,J=3.5,F=4.5",453.60668,0.00102,0.00102,1.0,17963666.92978032,20.0,p-H2,HFS-resolved spectroscopy + HFS-resolved collisions
CN,24,17,N=4,N=3,"N=4,J=4.5,F=4.5","N=3,J=3.5,F=4.5",453.62363,4.99e-05,0.0010149,0.04916740565572963,16772095.992946425,20.0,p-H2,HFS-resolved spectroscopy + HFS-resolved collisions
CN,24,18,N=4,N=3,"N=4,J=4.5,F=4.5","N=3,J=3.5,F=3.5",453.60654,0.000965,0.0010149,0.9508325943442704,16772095.992946425,20.0,p-H2,HFS-resolved spectroscopy + HFS-resolved collisions
CN,25,17,N=4,N=3,"N=4,J=4.5,F=3.5","N=3,J=3.5,F=4.5",453.6384,7.77e-07,0.0010151770000000001,0.0007653837705148954,17465108.957658604,20.0,p-H2,HFS-resolved spectroscopy + HFS-resolved collisions
CN,25,18,N=4,N=3,"N=4,J=4.5,F=3.5","N=3,J=3.5,F=3.5",453.62131,6.24e-05,0.0010151770000000001,0.06146711361664024,17465108.957658604,20.0,p-H2,HFS-resolved spectroscopy + HFS-resolved collisions
CN,25,19,N=4,N=3,"N=4,J=4.5,F=3.5","N=3,J=3.5,F=2.5",453.60713,0.000952,0.0010151770000000001,0.9377675026128448,17465108.957658604,20.0,p-H2,HFS-resolved spectroscopy + HFS-resolved collisions
CN,26,20,N=5,N=4,"N=5,J=4.5,F=3.5","N=4,J=3.5,F=2.5",566.73075,0.00186,0.00202894,0.9167348467672776,32498009.02769048,20.0,p-H2,HFS-resolved spectroscopy + HFS-resolved collisions
CN,26,21,N=5,N=4,"N=5,J=4.5,F=3.5","N=4,J=3.5,F=3.5",566.71474,0.000123,0.00202894,0.06062278825396513,32498009.02769048,20.0,p-H2,HFS-resolved spectroscopy + HFS-resolved collisions
CN,26,22,N=5,N=4,"N=5,J=4.5,F=3.5","N=4,J=3.5,F=4.5",566.693,1.54e-06,0.00202894,0.0007590170236675309,32498009.02769048,20.0,p-H2,HFS-resolved spectroscopy + HFS-resolved collisions
CN,26,24,N=5,N=4,"N=5,J=4.5,F=3.5","N=4,J=4.5,F=4.5",565.72807,2.2e-06,0.00202894,0.0010843100338107585,32498009.02769048,20.0,p-H2,HFS-resolved spectroscopy + HFS-resolved collisions
CN,26,25,N=5,N=4,"N=5,J=4.5,F=3.5","N=4,J=4.5,F=3.5",565.71331,4.22e-05,0.00202894,0.020799037921279094,32498009.02769048,20.0,p-H2,HFS-resolved spectroscopy + HFS-resolved collisions
CN,27,21,N=5,N=4,"N=5,J=4.5,F=4.5","N=4,J=3.5,F=3.5",566.73084,0.00188,0.00202279,0.9294093801136054,31435801.768724445,20.0,p-H2,HFS-resolved spectroscopy + HFS-resolved collisions
CN,27,22,N=5,N=4,"N=5,J=4.5,F=4.5","N=4,J=3.5,F=4.5",566.70911,9.81e-05,0.00202279,0.048497372441034414,31435801.768724445,20.0,p-H2,HFS-resolved spectroscopy + HFS-resolved collisions
CN,27,23,N=5,N=4,"N=5,J=4.5,F=4.5","N=4,J=4.5,F=5.5",565.76113,1.78e-06,0.00202279,0.0008799727109586264,31435801.768724445,20.0,p-H2,HFS-resolved spectroscopy + HFS-resolved collisions
CN,27,24,N=5,N=4,"N=5,J=4.5,F=4.5","N=4,J=4.5,F=4.5",565.74418,4.11e-05,0.00202279,0.020318471022696377,31435801.768724445,20.0,p-H2,HFS-resolved spectroscopy + HFS-resolved collisions
CN,27,25,N=5,N=4,"N=5,J=4.5,F=4.5","N=4,J=4.5,F=3.5",565.72941,1.81e-06,0.00202279,0.0008948037117051202,31435801.768724445,20.0,p-H2,HFS-resolved spectroscopy + HFS-resolved collisions
CN,28,22,N=5,N=4,"N=5,J=4.5,F=5.5","N=4,J=3.5,F=4.5",566.7299,0.00198,0.00202504,0.9777584640303401,33019987.360502243,20.0,p-H2,HFS-resolved spectroscopy + HFS-resolved collisions
CN,28,23,N=5,N=4,"N=5,J=4.5,F=5.5","N=4,J=4.5,F=5.5",565.78192,4.35e-05,0.00202504,0.021481057164302927,33019987.360502243,20.0,p-H2,HFS-resolved spectroscopy + HFS-resolved collisions
CN,28,24,N=5,N=4,"N=5,J=4.5,F=5.5","N=4,J=4.5,F=4.5",565.76498,1.54e-06,0.00202504,0.0007604788053569312,33019987.360502243,20.0,p-H2,HFS-resolved spectroscopy + HFS-resolved collisions
CN,29,23,N=5,N=4,"N=5,J=5.5,F=6.5","N=4,J=4.5,F=5.5",566.94689,0.00203,0.00203,1.0,33545710.458749373,20.0,p-H2,HFS-resolved spectroscopy + HFS-resolved collisions
CN,30,23,N=5,N=4,"N=5,J=5.5,F=5.5","N=4,J=4.5,F=5.5",566.96375,6.68e-05,0.0020268,0.03295835800276298,32347173.821793698,20.0,p-H2,HFS-resolved spectroscopy + HFS-resolved collisions
CN,30,24,N=5,N=4,"N=5,J=5.5,F=5.5","N=4,J=4.5,F=4.5",566.9468,0.00196,0.0020268,0.967041641997237,32347173.821793698,20.0,p-H2,HFS-resolved spectroscopy + HFS-resolved collisions
CN,31,23,N=5,N=4,"N=5,J=5.5,F=4.5","N=4,J=4.5,F=5.5",566.97893,6.66e-07,0.002030866,0.0003279389186681937,33237319.95170055,20.0,p-H2,HFS-resolved spectroscopy + HFS-resolved collisions
CN,31,24,N=5,N=4,"N=5,J=5.5,F=4.5","N=4,J=4.5,F=4.5",566.96198,8.02e-05,0.002030866,0.03949054245824195,33237319.95170055,20.0,p-H2,HFS-resolved spectroscopy + HFS-resolved collisions
CN,31,25,N=5,N=4,"N=5,J=5.5,F=4.5","N=4,J=4.5,F=3.5",566.94721,0.00195,0.002030866,0.9601815186230898,33237319.95170055,20.0,p-H2,HFS-resolved spectroscopy + HFS-resolved collisions
CN,32,26,N=6,N=5,"N=6,J=5.5,F=4.5","N=5,J=4.5,F=3.5",680.04738,0.00336,0.00355332,0.9455945425686401,51388849.94941609,20.0,p-H2,HFS-resolved spectroscopy + HFS-resolved collisions
CN,32,27,N=6,N=5,"N=6,J=5.5,F=4.5","N=5,J=4.5,F=4.5",680.03127,0.000139,0.00355332,0.03911834565983362,51388849.94941609,20.0,p-H2,HFS-resolved spectroscopy + HFS-resolved collisions
CN,32,28,N=6,N=5,"N=6,J=5.5,F=4.5","N=5,J=4.5,F=5.5",680.01048,1.16e-06,0.00355332,0.0003264552587439352,51388849.94941609,20.0,p-H2,HFS-resolved spectroscopy + HFS-resolved collisions
CN,32,30,N=6,N=5,"N=6,J=5.5,F=4.5","N=5,J=5.5,F=5.5",678.82865,1.76e-06,0.00355332,0.0004953114270597639,51388849.94941609,20.0,p-H2,HFS-resolved spectroscopy + HFS-resolved collisions
CN,32,31,N=6,N=5,"N=6,J=5.5,F=4.5","N=5,J=5.5,F=4.5",678.81347,5.14e-05,0.00355332,0.014465345085722649,51388849.94941609,20.0,p-H2,HFS-resolved spectroscopy + HFS-resolved collisions
CN,33,27,N=6,N=5,"N=6,J=5.5,F=5.5","N=5,J=4.5,F=4.5",680.04744,0.00338,0.00354949,0.952249478094036,50294727.067734085,20.0,p-H2,HFS-resolved spectroscopy + HFS-resolved collisions
CN,33,28,N=6,N=5,"N=6,J=5.5,F=5.5","N=5,J=4.5,F=5.5",680.02664,0.000116,0.00354949,0.0326807513192036,50294727.067734085,20.0,p-H2,HFS-resolved spectroscopy + HFS-resolved collisions
CN,33,29,N=6,N=5,"N=6,J=5.5,F=5.5","N=5,J=5.5,F=6.5",678.86167,1.48e-06,0.00354949,0.00041696130993466667,50294727.067734085,20.0,p-H2,HFS-resolved spectroscopy + HFS-resolved collisions
CN,33,30,N=6,N=5,"N=6,J=5.5,F=5.5","N=5,J=5.5,F=5.5",678.84482,5.05e-05,0.00354949,0.014227396048446396,50294727.067734085,20.0,p-H2,HFS-resolved spectroscopy + HFS-resolved collisions
CN,33,31,N=6,N=5,"N=6,J=5.5,F=5.5","N=5,J=5.5,F=4.5",678.82964,1.51e-06,0.00354949,0.0004254132283792883,50294727.067734085,20.0,p-H2,HFS-resolved spectroscopy + HFS-resolved collisions
CN,34,28,N=6,N=5,"N=6,J=5.5,F=6.5","N=5,J=4.5,F=5.5",680.04685,0.0035,0.00355382,0.9848557327045264,51882096.086420424,20.0,p-H2,HFS-resolved spectroscopy + HFS-resolved collisions
CN,34,29,N=6,N=5,"N=6,J=5.5,F=6.5","N=5,J=5.5,F=6.5",678.88188,5.25e-05,0.00355382,0.014772835990567897,51882096.086420424,20.0,p-H2,HFS-resolved spectroscopy + HFS-resolved collisions
CN,34,30,N=6,N=5,"N=6,J=5.5,F=6.5","N=5,J=5.5,F=5.5",678.86502,1.32e-06,0.00355382,0.0003714313049057071,51882096.086420424,20.0,p-H2,HFS-resolved spectroscopy + HFS-resolved collisions
CN,35,29,N=6,N=5,"N=6,J=6.5,F=7.5","N=5,J=5.5,F=6.5",680.26397,0.00356,0.00356,1.0,52385389.83573023,20.0,p-H2,HFS-resolved spectroscopy + HFS-resolved collisions
CN,36,29,N=6,N=5,"N=6,J=6.5,F=6.5","N=5,J=5.5,F=6.5",680.28076,8.39e-05,0.0035539,0.023607867413264302,51100826.67076945,20.0,p-H2,HFS-resolved spectroscopy + HFS-resolved collisions
CN,36,30,N=6,N=5,"N=6,J=6.5,F=6.5","N=5,J=5.5,F=5.5",680.2639,0.00347,0.0035539,0.9763921325867357,51100826.67076945,20.0,p-H2,HFS-resolved spectroscopy + HFS-resolved collisions
CN,37,29,N=6,N=5,"N=6,J=6.5,F=5.5","N=5,J=5.5,F=6.5",680.29624,5.81e-07,0.003558481,0.00016327191293138843,52072773.17202967,20.0,p-H2,HFS-resolved spectroscopy + HFS-resolved collisions
CN,37,30,N=6,N=5,"N=6,J=6.5,F=5.5","N=5,J=5.5,F=5.5",680.27938,9.79e-05,0.003558481,0.027511738857113468,52072773.17202967,20.0,p-H2,HFS-resolved spectroscopy + HFS-resolved collisions
CN,37,31,N=6,N=5,"N=6,J=6.5,F=5.5","N=5,J=5.5,F=4.5",680.2642,0.00346,0.003558481,0.9723249892299551,52072773.17202967,20.0,p-H2,HFS-resolved spectroscopy + HFS-resolved collisions
CN,38,32,N=7,N=6,"N=7,J=6.5,F=5.5","N=6,J=5.5,F=4.5",793.33649,0.00548,0.005698902,0.9615887411294316,70560677.63841227,20.0,p-H2,HFS-resolved spectroscopy + HFS-resolved collisions
CN,38,33,N=7,N=6,"N=7,J=6.5,F=5.5","N=6,J=5.5,F=5.5",793.32032,0.000156,0.005698902,0.027373694090545863,70560677.63841227,20.0,p-H2,HFS-resolved spectroscopy + HFS-resolved collisions
CN,38,34,N=7,N=6,"N=7,J=6.5,F=5.5","N=6,J=5.5,F=6.5",793.30012,9.32e-07,0.005698902,0.0001635402749512099,70560677.63841227,20.0,p-H2,HFS-resolved spectroscopy + HFS-resolved collisions
CN,38,36,N=7,N=6,"N=7,J=6.5,F=5.5","N=6,J=6.5,F=6.5",791.90124,1.47e-06,0.005698902,0.00025794442508398984,70560677.63841227,20.0,p-H2,HFS-resolved spectroscopy + HFS-resolved collisions
CN,38,37,N=7,N=6,"N=7,J=6.5,F=5.5","N=6,J=6.5,F=5.5",791.88576,6.05e-05,0.005698902,0.010616080079987338,70560677.63841227,20.0,p-H2,HFS-resolved spectroscopy + HFS-resolved collisions
CN,39,33,N=7,N=6,"N=7,J=6.5,F=6.5","N=6,J=5.5,F=5.5",793.33654,0.00551,0.00570627,0.9656045017147804,69754017.52443038,20.0,p-H2,HFS-resolved spectroscopy + HFS-resolved collisions
CN,39,34,N=7,N=6,"N=7,J=6.5,F=6.5","N=6,J=5.5,F=6.5",793.31633,0.000134,0.00570627,0.023482940695059996,69754017.52443038,20.0,p-H2,HFS-resolved spectroscopy + HFS-resolved collisions
CN,39,35,N=7,N=6,"N=7,J=6.5,F=6.5","N=6,J=6.5,F=7.5",791.93424,1.27e-06,0.00570627,0.00022256219912482233,69754017.52443038,20.0,p-H2,HFS-resolved spectroscopy + HFS-resolved collisions
CN,39,36,N=7,N=6,"N=7,J=6.5,F=6.5","N=6,J=6.5,F=6.5",791.91745,5.97e-05,0.00570627,0.010462175817127476,69754017.52443038,20.0,p-H2,HFS-resolved spectroscopy + HFS-resolved collisions
CN,39,37,N=7,N=6,"N=7,J=6.5,F=6.5","N=6,J=6.5,F=5.5",791.90197,1.3e-06,0.00570627,0.00022781957390729846,69754017.52443038,20.0,p-H2,HFS-resolved spectroscopy + HFS-resolved collisions
CN,40,34,N=7,N=6,"N=7,J=6.5,F=7.5","N=6,J=5.5,F=6.5",793.33613,0.00564,0.00570265,0.9890138795121566,70981963.45221254,20.0,p-H2,HFS-resolved spectroscopy + HFS-resolved collisions
CN,40,35,N=7,N=6,"N=7,J=6.5,F=7.5","N=6,J=6.5,F=7.5",791.95404,6.15e-05,0.00570265,0.01078445985638256,70981963.45221254,20.0,p-H2,HFS-resolved spectroscopy + HFS-resolved collisions
CN,40,36,N=7,N=6,"N=7,J=6.5,F=7.5","N=6,J=6.5,F=6.5",791.93725,1.15e-06,0.00570265,0.00020166063146081207,70981963.45221254,20.0,p-H2,HFS-resolved spectroscopy + HFS-resolved collisions
CN,41,35,N=7,N=6,"N=7,J=7.5,F=8.5","N=6,J=6.5,F=7.5",793.55333,0.00571,0.00571,1.0,71346250.70462266,20.0,p-H2,HFS-resolved spectroscopy + HFS-resolved collisions
CN,42,35,N=7,N=6,"N=7,J=7.5,F=7.5","N=6,J=6.5,F=7.5",793.57007,0.000101,0.005711000000000001,0.01768516897215899,70383918.29984829,20.0,p-H2,HFS-resolved spectroscopy + HFS-resolved collisions
CN,42,36,N=7,N=6,"N=7,J=7.5,F=7.5","N=6,J=6.5,F=6.5",793.55328,0.00561,0.005711000000000001,0.9823148310278409,70383918.29984829,20.0,p-H2,HFS-resolved spectroscopy + HFS-resolved collisions
CN,43,35,N=7,N=6,"N=7,J=7.5,F=6.5","N=6,J=6.5,F=7.5",793.58578,5.15e-07,0.0057065150000000005,9.02477256258855e-05,71091456.5935223,20.0,p-H2,HFS-resolved spectroscopy + HFS-resolved collisions
CN,43,36,N=7,N=6,"N=7,J=7.5,F=6.5","N=6,J=6.5,F=6.5",793.56899,0.000116,0.0057065150000000005,0.020327643053597508,71091456.5935223,20.0,p-H2,HFS-resolved spectroscopy + HFS-resolved collisions
CN,43,37,N=7,N=6,"N=7,J=7.5,F=6.5","N=6,J=6.5,F=5.5",793.55351,0.00559,0.0057065150000000005,0.9795821092207766,71091456.5935223,20.0,p-H2,HFS-resolved spectroscopy + HFS-resolved collisions
CN,44,38,N=8,N=7,"N=8,J=7.5,F=6.5","N=7,J=6.5,F=5.5",906.5934,0.00834,0.008584535,0.9715144734106157,96039764.5726385,20.0,p-H2,HFS-resolved spectroscopy + HFS-resolved collisions
CN,44,39,N=8,N=7,"N=8,J=7.5,F=6.5","N=7,J=6.5,F=6.5",906.57718,0.000173,0.008584535,0.02015251845324179,96039764.5726385,20.0,p-H2,HFS-resolved spectroscopy + HFS-resolved collisions
CN,44,40,N=8,N=7,"N=8,J=7.5,F=6.5","N=7,J=6.5,F=7.5",906.55739,7.75e-07,0.008584535,9.02786231286843e-05,96039764.5726385,20.0,p-H2,HFS-resolved spectroscopy + HFS-resolved collisions
CN,44,42,N=8,N=7,"N=8,J=7.5,F=6.5","N=7,J=7.5,F=7.5",904.94135,1.26e-06,0.008584535,0.0001467755679253448,96039764.5726385,20.0,p-H2,HFS-resolved spectroscopy + HFS-resolved collisions
CN,44,43,N=8,N=7,"N=8,J=7.5,F=6.5","N=7,J=7.5,F=6.5",904.92564,6.95e-05,0.008584535,0.008095953945088464,96039764.5726385,20.0,p-H2,HFS-resolved spectroscopy + HFS-resolved collisions
CN,45,39,N=8,N=7,"N=8,J=7.5,F=7.5","N=7,J=6.5,F=6.5",906.59343,0.00836,0.00858305,0.9740127344009413,95082721.34196137,20.0,p-H2,HFS-resolved spectroscopy + HFS-resolved collisions
CN,45,40,N=8,N=7,"N=8,J=7.5,F=7.5","N=7,J=6.5,F=7.5",906.57364,0.000152,0.00858305,0.01770932244365348,95082721.34196137,20.0,p-H2,HFS-resolved spectroscopy + HFS-resolved collisions
CN,45,41,N=8,N=7,"N=8,J=7.5,F=7.5","N=7,J=7.5,F=8.5",904.97435,1.11e-06,0.00858305,0.00012932465731878528,95082721.34196137,20.0,p-H2,HFS-resolved spectroscopy + HFS-resolved collisions
CN,45,42,N=8,N=7,"N=8,J=7.5,F=7.5","N=7,J=7.5,F=7.5",904.95761,6.88e-05,0.00858305,0.008015798579758943,95082721.34196137,20.0,p-H2,HFS-resolved spectroscopy + HFS-resolved collisions
CN,45,43,N=8,N=7,"N=8,J=7.5,F=7.5","N=7,J=7.5,F=6.5",904.9419,1.14e-06,0.00858305,0.0001328199183274011,95082721.34196137,20.0,p-H2,HFS-resolved spectroscopy + HFS-resolved collisions
CN,46,40,N=8,N=7,"N=8,J=7.5,F=8.5","N=7,J=6.5,F=7.5",906.59313,0.00851,0.008581420000000001,0.9916773680812732,96340340.60660125,20.0,p-H2,HFS-resolved spectroscopy + HFS-resolved collisions
CN,46,41,N=8,N=7,"N=8,J=7.5,F=8.5","N=7,J=7.5,F=8.5",904.99384,7.04e-05,0.008581420000000001,0.008203770471553658,96340340.60660125,20.0,p-H2,HFS-resolved spectroscopy + HFS-resolved collisions
CN,46,42,N=8,N=7,"N=8,J=7.5,F=8.5","N=7,J=7.5,F=7.5",904.9771,1.02e-06,0.008581420000000001,0.00011886144717307857,96340340.60660125,20.0,p-H2,HFS-resolved spectroscopy + HFS-resolved collisions
CN,47,41,N=8,N=7,"N=8,J=8.5,F=9.5","N=7,J=7.5,F=8.5",906.81039,0.00859,0.00859,1.0,96751915.23061542,20.0,p-H2,HFS-resolved spectroscopy + HFS-resolved collisions
CN,48,41,N=8,N=7,"N=8,J=8.5,F=8.5","N=7,J=7.5,F=8.5",906.82709,0.000119,0.008589,0.013854930725346375,95665896.31300798,20.0,p-H2,HFS-resolved spectroscopy + HFS-resolved collisions
CN,48,42,N=8,N=7,"N=8,J=8.5,F=8.5","N=7,J=7.5,F=7.5",906.81035,0.00847,0.008589,0.9861450692746537,95665896.31300798,20.0,p-H2,HFS-resolved spectroscopy + HFS-resolved collisions
CN,49,41,N=8,N=7,"N=8,J=8.5,F=7.5","N=7,J=7.5,F=8.5",906.84298,4.62e-07,0.008583462,5.382443587447582e-05,96433383.2570941,20.0,p-H2,HFS-resolved spectroscopy + HFS-resolved collisions
CN,49,42,N=8,N=7,"N=8,J=8.5,F=7.5","N=7,J=7.5,F=7.5",906.82624,0.000133,0.008583462,0.015494913357803647,96433383.2570941,20.0,p-H2,HFS-resolved spectroscopy + HFS-resolved collisions
CN,49,43,N=8,N=7,"N=8,J=8.5,F=7.5","N=7,J=7.5,F=6.5",906.81053,0.00845,0.008583462,0.9844512622063217,96433383.2570941,20.0,p-H2,HFS-resolved spectroscopy + HFS-resolved collisions
CN,50,44,N=9,N=8,"N=9,J=8.5,F=7.5","N=8,J=7.5,F=6.5",1019.81346,0.012,0.012271263000000001,0.9778944514513298,125477046.17758317,20.0,p-H2,HFS-resolved spectroscopy + HFS-resolved collisions
CN,50,45,N=9,N=8,"N=9,J=8.5,F=7.5","N=8,J=7.5,F=7.5",1019.79721,0.000191,0.012271263000000001,0.015564820018933665,125477046.17758317,20.0,p-H2,HFS-resolved spectroscopy + HFS-resolved collisions
CN,50,46,N=9,N=8,"N=9,J=8.5,F=7.5","N=8,J=7.5,F=8.5",1019.77771,6.63e-07,0.012271263000000001,5.4028668442685973e-05,125477046.17758317,20.0,p-H2,HFS-resolved spectroscopy + HFS-resolved collisions
CN,50,48,N=9,N=8,"N=9,J=8.5,F=7.5","N=8,J=8.5,F=8.5",1017.94446,1.1e-06,0.012271263000000001,8.96403247163719e-05,125477046.17758317,20.0,p-H2,HFS-resolved spectroscopy + HFS-resolved collisions
CN,50,49,N=9,N=8,"N=9,J=8.5,F=7.5","N=8,J=8.5,F=7.5",1017.92858,7.85e-05,0.012271263000000001,0.006397059536577448,125477046.17758317,20.0,p-H2,HFS-resolved spectroscopy + HFS-resolved collisions
CN,51,45,N=9,N=8,"N=9,J=8.5,F=8.5","N=8,J=7.5,F=7.5",1019.81349,0.012,0.012248895000000001,0.97968020788814,124435493.62268677,20.0,p-H2,HFS-resolved spectroscopy + HFS-resolved collisions
CN,51,46,N=9,N=8,"N=9,J=8.5,F=8.5","N=8,J=7.5,F=8.5",1019.794,0.000169,0.012248895000000001,0.013797162927757971,124435493.62268677,20.0,p-H2,HFS-resolved spectroscopy + HFS-resolved collisions
CN,51,47,N=9,N=8,"N=9,J=8.5,F=8.5","N=8,J=8.5,F=9.5",1017.97745,9.85e-07,0.012248895000000001,8.04154170641515e-05,124435493.62268677,20.0,p-H2,HFS-resolved spectroscopy + HFS-resolved collisions
CN,51,48,N=9,N=8,"N=9,J=8.5,F=8.5","N=8,J=8.5,F=8.5",1017.96075,7.79e-05,0.012248895000000001,0.006359757349540509,124435493.62268677,20.0,p-H2,HFS-resolved spectroscopy + HFS-resolved collisions
CN,51,49,N=9,N=8,"N=9,J=8.5,F=8.5","N=8,J=8.5,F=7.5",1017.94486,1.01e-06,0.012248895000000001,8.245641749725179e-05,124435493.62268677,20.0,p-H2,HFS-resolved spectroscopy + HFS-resolved collisions
CN,52,46,N=9,N=8,"N=9,J=8.5,F=9.5","N=8,J=7.5,F=8.5",1019.81326,0.0122,0.012280221000000001,0.9934674628412632,125905339.64457789,20.0,p-H2,HFS-resolved spectroscopy + HFS-resolved collisions
CN,52,47,N=9,N=8,"N=9,J=8.5,F=9.5","N=8,J=8.5,F=9.5",1017.99672,7.93e-05,0.012280221000000001,0.006457538508468211,125905339.64457789,20.0,p-H2,HFS-resolved spectroscopy + HFS-resolved collisions
CN,52,48,N=9,N=8,"N=9,J=8.5,F=9.5","N=8,J=8.5,F=8.5",1017.98001,9.21e-07,0.012280221000000001,7.499865026859043e-05,125905339.64457789,20.0,p-H2,HFS-resolved spectroscopy + HFS-resolved collisions
CN,53,47,N=9,N=8,"N=9,J=9.5,F=10.5","N=8,J=8.5,F=9.5",1020.03055,0.0123,0.0123,1.0,126312104.67095174,20.0,p-H2,HFS-resolved spectroscopy + HFS-resolved collisions
CN,54,47,N=9,N=8,"N=9,J=9.5,F=9.5","N=8,J=8.5,F=9.5",1020.04722,0.000136,0.012336000000000001,0.011024643320363164,125735203.02505532,20.0,p-H2,HFS-resolved spectroscopy + HFS-resolved collisions
CN,54,48,N=9,N=8,"N=9,J=9.5,F=9.5","N=8,J=8.5,F=8.5",1020.03052,0.0122,0.012336000000000001,0.9889753566796368,125735203.02505532,20.0,p-H2,HFS-resolved spectroscopy + HFS-resolved collisions
CN,55,47,N=9,N=8,"N=9,J=9.5,F=8.5","N=8,J=8.5,F=9.5",1020.06326,4.19e-07,0.012351419,3.392322776840458e-05,126670575.88521065,20.0,p-H2,HFS-resolved spectroscopy + HFS-resolved collisions
CN,55,48,N=9,N=8,"N=9,J=9.5,F=8.5","N=8,J=8.5,F=8.5",1020.04655,0.000151,0.012351419,0.01222531597381645,126670575.88521065,20.0,p-H2,HFS-resolved spectroscopy + HFS-resolved collisions
CN,55,49,N=9,N=8,"N=9,J=9.5,F=8.5","N=8,J=8.5,F=7.5",1020.03066,0.0122,0.012351419,0.9877407607984151,126670575.88521065,20.0,p-H2,HFS-resolved spectroscopy + HFS-resolved collisions
CN,56,50,N=10,N=9,"N=10,J=9.5,F=8.5","N=9,J=8.5,F=7.5",1132.99206,0.0166,0.01689696,0.9824252409900953,157630602.54392892,20.0,p-H2,HFS-resolved spectroscopy + HFS-resolved collisions
CN,56,51,N=10,N=9,"N=10,J=9.5,F=8.5","N=9,J=8.5,F=8.5",1132.97578,0.000208,0.01689696,0.01230990663409276,157630602.54392892,20.0,p-H2,HFS-resolved spectroscopy + HFS-resolved collisions
CN,56,52,N=10,N=9,"N=10,J=9.5,F=8.5","N=9,J=8.5,F=9.5",1132.95652,5.79e-07,0.01689696,3.426651894778706e-05,157630602.54392892,20.0,p-H2,HFS-resolved spectroscopy + HFS-resolved collisions
CN,56,54,N=10,N=9,"N=10,J=9.5,F=8.5","N=9,J=9.5,F=9.5",1130.90601,9.81e-07,0.01689696,5.805778080790865e-05,157630602.54392892,20.0,p-H2,HFS-resolved spectroscopy + HFS-resolved collisions
CN,56,55,N=10,N=9,"N=10,J=9.5,F=8.5","N=9,J=9.5,F=8.5",1130.88998,8.74e-05,0.01689696,0.0051725280760562846,157630602.54392892,20.0,p-H2,HFS-resolved spectroscopy + HFS-resolved collisions
CN,57,51,N=10,N=9,"N=10,J=9.5,F=9.5","N=9,J=8.5,F=8.5",1132.99209,0.0167,0.016975696999999998,0.9837593119151457,157488304.27773598,20.0,p-H2,HFS-resolved spectroscopy + HFS-resolved collisions
CN,57,52,N=10,N=9,"N=10,J=9.5,F=9.5","N=9,J=8.5,F=9.5",1132.97283,0.000187,0.016975696999999998,0.011015747983720493,157488304.27773598,20.0,p-H2,HFS-resolved spectroscopy + HFS-resolved collisions
CN,57,53,N=10,N=9,"N=10,J=9.5,F=9.5","N=9,J=9.5,F=10.5",1130.93899,8.86e-07,0.016975696999999998,5.2192260500408324e-05,157488304.27773598,20.0,p-H2,HFS-resolved spectroscopy + HFS-resolved collisions
CN,57,54,N=10,N=9,"N=10,J=9.5,F=9.5","N=9,J=9.5,F=9.5",1130.92232,8.69e-05,0.016975696999999998,0.005119082886552464,157488304.27773598,20.0,p-H2,HFS-resolved spectroscopy + HFS-resolved collisions
CN,57,55,N=10,N=9,"N=10,J=9.5,F=9.5","N=9,J=9.5,F=8.5",1130.90629,9.11e-07,0.016975696999999998,5.366495408111962e-05,157488304.27773598,20.0,p-H2,HFS-resolved spectroscopy + HFS-resolved collisions
CN,58,52,N=10,N=9,"N=10,J=9.5,F=10.5","N=9,J=8.5,F=9.5",1132.99191,0.0169,0.016989037,0.9947591496798789,158685977.7149363,20.0,p-H2,HFS-resolved spectroscopy + HFS-resolved collisions
CN,58,53,N=10,N=9,"N=10,J=9.5,F=10.5","N=9,J=9.5,F=10.5",1130.95808,8.82e-05,0.016989037,0.005191583254542327,158685977.7149363,20.0,p-H2,HFS-resolved spectroscopy + HFS-resolved collisions
CN,58,54,N=10,N=9,"N=10,J=9.5,F=10.5","N=9,J=9.5,F=9.5",1130.94141,8.37e-07,0.016989037,4.926706557882004e-05,158685977.7149363,20.0,p-H2,HFS-resolved spectroscopy + HFS-resolved collisions
CN,59,53,N=10,N=9,"N=10,J=10.5,F=11.5","N=9,J=9.5,F=10.5",1133.20922,0.017,0.017,1.0,158974515.8397076,20.0,p-H2,HFS-resolved spectroscopy + HFS-resolved collisions
CN,60,53,N=10,N=9,"N=10,J=10.5,F=10.5","N=9,J=9.5,F=10.5",1133.22586,0.000154,0.016954,0.009083402146985962,157648708.46436432,20.0,p-H2,HFS-resolved spectroscopy + HFS-resolved collisions
CN,60,54,N=10,N=9,"N=10,J=10.5,F=10.5","N=9,J=9.5,F=9.5",1133.20919,0.0168,0.016954,0.990916597853014,157648708.46436432,20.0,p-H2,HFS-resolved spectroscopy + HFS-resolved collisions
CN,61,53,N=10,N=9,"N=10,J=10.5,F=9.5","N=9,J=9.5,F=10.5",1133.24202,3.83e-07,0.016969382999999998,2.2570060443564744e-05,158573869.56492573,20.0,p-H2,HFS-resolved spectroscopy + HFS-resolved collisions
CN,61,54,N=10,N=9,"N=10,J=10.5,F=9.5","N=9,J=9.5,F=9.5",1133.22535,0.000169,0.016969382999999998,0.00995911283280011,158573869.56492573,20.0,p-H2,HFS-resolved spectroscopy + HFS-resolved collisions
CN,61,55,N=10,N=9,"N=10,J=10.5,F=9.5","N=9,J=9.5,F=8.5",1133.20931,0.0168,0.016969382999999998,0.9900183171067564,158573869.56492573,20.0,p-H2,HFS-resolved spectroscopy + HFS-resolved collisions
CN,62,56,N=11,N=10,"N=11,J=10.5,F=9.5","N=10,J=9.5,F=8.5",1246.1246,0.0223,0.022622695,0.9857357843528368,202025226.5182585,20.0,p-H2,HFS-resolved spectroscopy + HFS-resolved collisions
CN,62,57,N=11,N=10,"N=11,J=10.5,F=9.5","N=10,J=9.5,F=9.5",1246.10829,0.000225,0.022622695,0.009945764640331312,202025226.5182585,20.0,p-H2,HFS-resolved spectroscopy + HFS-resolved collisions
CN,62,58,N=11,N=10,"N=11,J=10.5,F=9.5","N=10,J=9.5,F=10.5",1246.08921,5.13e-07,0.022622695,2.267634337995539e-05,202025226.5182585,20.0,p-H2,HFS-resolved spectroscopy + HFS-resolved collisions
CN,62,60,N=11,N=10,"N=11,J=10.5,F=9.5","N=10,J=10.5,F=10.5",1243.82142,8.82e-07,0.022622695,3.8987397390098744e-05,202025226.5182585,20.0,p-H2,HFS-resolved spectroscopy + HFS-resolved collisions
CN,62,61,N=11,N=10,"N=11,J=10.5,F=9.5","N=10,J=10.5,F=9.5",1243.80527,9.63e-05,0.022622695,0.004256787266061802,202025226.5182585,20.0,p-H2,HFS-resolved spectroscopy + HFS-resolved collisions
CN,63,57,N=11,N=10,"N=11,J=10.5,F=10.5","N=10,J=9.5,F=9.5",1246.12462,0.0223,0.022602433,0.9866194493309636,200734292.6739537,20.0,p-H2,HFS-resolved spectroscopy + HFS-resolved collisions
CN,63,58,N=11,N=10,"N=11,J=10.5,F=10.5","N=10,J=9.5,F=10.5",1246.10554,0.000205,0.022602433,0.009069820049903476,200734292.6739537,20.0,p-H2,HFS-resolved spectroscopy + HFS-resolved collisions
CN,63,59,N=11,N=10,"N=11,J=10.5,F=10.5","N=10,J=10.5,F=11.5",1243.8544,8.05e-07,0.022602433,3.561563483010877e-05,200734292.6739537,20.0,p-H2,HFS-resolved spectroscopy + HFS-resolved collisions
CN,63,60,N=11,N=10,"N=11,J=10.5,F=10.5","N=10,J=10.5,F=10.5",1243.83775,9.58e-05,0.022602433,0.0042384817599061125,200734292.6739537,20.0,p-H2,HFS-resolved spectroscopy + HFS-resolved collisions
CN,63,61,N=11,N=10,"N=11,J=10.5,F=10.5","N=10,J=10.5,F=9.5",1243.8216,8.28e-07,0.022602433,3.663322439668331e-05,200734292.6739537,20.0,p-H2,HFS-resolved spectroscopy + HFS-resolved collisions
CN,64,58,N=11,N=10,"N=11,J=10.5,F=11.5","N=10,J=9.5,F=10.5",1246.12448,0.0225,0.022597766,0.9956736431379988,201925097.03040782,20.0,p-H2,HFS-resolved spectroscopy + HFS-resolved collisions
CN,64,59,N=11,N=10,"N=11,J=10.5,F=11.5","N=10,J=10.5,F=11.5",1243.87334,9.7e-05,0.022597766,0.004292459705972706,201925097.03040782,20.0,p-H2,HFS-resolved spectroscopy + HFS-resolved collisions
CN,64,60,N=11,N=10,"N=11,J=10.5,F=11.5","N=10,J=10.5,F=10.5",1243.85669,7.66e-07,0.022597766,3.38971560286092e-05,201925097.03040782,20.0,p-H2,HFS-resolved spectroscopy + HFS-resolved collisions
CN,65,59,N=11,N=10,"N=11,J=11.5,F=12.5","N=10,J=10.5,F=11.5",1246.3418,0.0227,0.0227,1.0,203073155.1579141,20.0,p-H2,HFS-resolved spectroscopy + HFS-resolved collisions
CN,66,59,N=11,N=10,"N=11,J=11.5,F=11.5","N=10,J=10.5,F=11.5",1246.35842,0.000171,0.022671,0.007542675664946407,201896622.30755395,20.0,p-H2,HFS-resolved spectroscopy + HFS-resolved collisions
CN,66,60,N=11,N=10,"N=11,J=11.5,F=11.5","N=10,J=10.5,F=10.5",1246.34178,0.0225,0.022671,0.9924573243350535,201896622.30755395,20.0,p-H2,HFS-resolved spectroscopy + HFS-resolved collisions
CN,67,59,N=11,N=10,"N=11,J=11.5,F=10.5","N=10,J=10.5,F=11.5",1246.37468,3.53e-07,0.022687353,1.555932946430551e-05,202872630.77214944,20.0,p-H2,HFS-resolved spectroscopy + HFS-resolved collisions
CN,67,60,N=11,N=10,"N=11,J=11.5,F=10.5","N=10,J=10.5,F=10.5",1246.35803,0.000187,0.022687353,0.00824247764822983,202872630.77214944,20.0,p-H2,HFS-resolved spectroscopy + HFS-resolved collisions
CN,67,61,N=11,N=10,"N=11,J=11.5,F=10.5","N=10,J=10.5,F=9.5",1246.34188,0.0225,0.022687353,0.9917419630223058,202872630.77214944,20.0,p-H2,HFS-resolved spectroscopy + HFS-resolved collisions
CN,68,62,N=12,N=11,"N=12,J=11.5,F=10.5","N=11,J=10.5,F=9.5",1359.20647,0.0291,0.029449262,0.9881402121384231,90707470.1558906,20.0,p-H2,HFS-resolved spectroscopy + HFS-resolved collisions
CN,68,63,N=12,N=11,"N=12,J=11.5,F=10.5","N=11,J=10.5,F=10.5",1359.19014,0.000243,0.029449262,0.008251480121980646,90707470.1558906,20.0,p-H2,HFS-resolved spectroscopy + HFS-resolved collisions
CN,68,64,N=12,N=11,"N=12,J=11.5,F=10.5","N=11,J=10.5,F=11.5",1359.1712,4.6e-07,0.029449262,1.5620085827617684e-05,90707470.1558906,20.0,p-H2,HFS-resolved spectroscopy + HFS-resolved collisions
CN,68,66,N=12,N=11,"N=12,J=11.5,F=10.5","N=11,J=11.5,F=11.5",1356.68612,8.02e-07,0.029449262,2.7233280073368223e-05,90707470.1558906,20.0,p-H2,HFS-resolved spectroscopy + HFS-resolved collisions
CN,68,67,N=12,N=11,"N=12,J=11.5,F=10.5","N=11,J=11.5,F=10.5",1356.66986,0.000105,0.029449262,0.0035654543736953407,90707470.1558906,20.0,p-H2,HFS-resolved spectroscopy + HFS-resolved collisions
CN,69,63,N=12,N=11,"N=12,J=11.5,F=11.5","N=11,J=10.5,F=10.5",1359.20649,0.0292,0.029529497000000002,0.9888417672674884,90634258.26703984,20.0,p-H2,HFS-resolved spectroscopy + HFS-resolved collisions
CN,69,64,N=12,N=11,"N=12,J=11.5,F=11.5","N=11,J=10.5,F=11.5",1359.18755,0.000223,0.029529497000000002,0.007551771030844176,90634258.26703984,20.0,p-H2,HFS-resolved spectroscopy + HFS-resolved collisions
CN,69,65,N=12,N=11,"N=12,J=11.5,F=11.5","N=11,J=11.5,F=12.5",1356.71909,7.38e-07,0.029529497000000002,2.4991959734363235e-05,90634258.26703984,20.0,p-H2,HFS-resolved spectroscopy + HFS-resolved collisions
CN,69,66,N=12,N=11,"N=12,J=11.5,F=11.5","N=11,J=11.5,F=11.5",1356.70247,0.000105,0.029529497000000002,0.003555766628872818,90634258.26703984,20.0,p-H2,HFS-resolved spectroscopy + HFS-resolved collisions
CN,69,67,N=12,N=11,"N=12,J=11.5,F=11.5","N=11,J=11.5,F=10.5",1356.68622,7.59e-07,0.029529497000000002,2.5703113060137798e-05,90634258.26703984,20.0,p-H2,HFS-resolved spectroscopy + HFS-resolved collisions
CN,70,64,N=12,N=11,"N=12,J=11.5,F=12.5","N=11,J=10.5,F=11.5",1359.20637,0.0294,0.029506707,0.9963836357611847,90553799.37444992,20.0,p-H2,HFS-resolved spectroscopy + HFS-resolved collisions
CN,70,65,N=12,N=11,"N=12,J=11.5,F=12.5","N=11,J=11.5,F=12.5",1356.73791,0.000106,0.029506707,0.0035924035847171966,90553799.37444992,20.0,p-H2,HFS-resolved spectroscopy + HFS-resolved collisions
CN,70,66,N=12,N=11,"N=12,J=11.5,F=12.5","N=11,J=11.5,F=11.5",1356.72129,7.07e-07,0.029506707,2.3960654098066585e-05,90553799.37444992,20.0,p-H2,HFS-resolved spectroscopy + HFS-resolved collisions
CN,71,65,N=12,N=11,"N=12,J=12.5,F=13.5","N=11,J=11.5,F=12.5",1359.4237,0.0295,0.0295,1.0,90440842.19012552,20.0,p-H2,HFS-resolved spectroscopy + HFS-resolved collisions
CN,72,65,N=12,N=11,"N=12,J=12.5,F=12.5","N=11,J=11.5,F=12.5",1359.4403,0.000189,0.029489,0.006409169520838279,90325079.2139096,20.0,p-H2,HFS-resolved spectroscopy + HFS-resolved collisions
CN,72,66,N=12,N=11,"N=12,J=12.5,F=12.5","N=11,J=11.5,F=11.5",1359.42368,0.0293,0.029489,0.9935908304791616,90325079.2139096,20.0,p-H2,HFS-resolved spectroscopy + HFS-resolved collisions
CN,73,65,N=12,N=11,"N=12,J=12.5,F=11.5","N=11,J=11.5,F=12.5",1359.45664,3.27e-07,0.029504327,1.10831201131956e-05,90961539.3701277,20.0,p-H2,HFS-resolved spectroscopy + HFS-resolved collisions
CN,73,66,N=12,N=11,"N=12,J=12.5,F=11.5","N=11,J=11.5,F=11.5",1359.44002,0.000204,0.029504327,0.006914240070617438,90961539.3701277,20.0,p-H2,HFS-resolved spectroscopy + HFS-resolved collisions
CN,73,67,N=12,N=11,"N=12,J=12.5,F=11.5","N=11,J=11.5,F=10.5",1359.42376,0.0293,0.029504327,0.9930746768092693,90961539.3701277,20.0,p-H2,HFS-resolved spectroscopy + HFS-resolved collisions
CN,3,1,N=1,N=0,"N=1,J=0.5,F=0.5","N=0,J=0.5,F=1.5",113.14416,1.05e-05,1.1789999999999999e-05,0.89058524173028,140203.09501809118,25.0,p-H2,HFS-resolved spectroscopy + HFS-resolved collisions
CN,3,2,N=1,N=0,"N=1,J=0.5,F=0.5","N=0,J=0.5,F=0.5",113.12337,1.29e-06,1.1789999999999999e-05,0.10941475826972011,140203.09501809118,25.0,p-H2,HFS-resolved spectroscopy + HFS-resolved collisions
CN,4,1,N=1,N=0,"N=1,J=0.5,F=1.5","N=0,J=0.5,F=1.5",113.19128,6.68e-06,1.182e-05,0.5651438240270727,147397.56064979333,25.0,p-H2,HFS-resolved spectroscopy + HFS-resolved collisions
CN,4,2,N=1,N=0,"N=1,J=0.5,F=1.5","N=0,J=0.5,F=0.5",113.17049,5.14e-06,1.182e-05,0.43485617597292725,147397.56064979333,25.0,p-H2,HFS-resolved spectroscopy + HFS-resolved collisions
CN,5,1,N=1,N=0,"N=1,J=1.5,F=2.5","N=0,J=0.5,F=1.5",113.49097,1.19e-05,1.19e-05,1.0,175973.99225171178,25.0,p-H2,HFS-resolved spectroscopy + HFS-resolved collisions
CN,6,1,N=1,N=0,"N=1,J=1.5,F=1.5","N=0,J=0.5,F=1.5",113.50891,5.19e-06,1.193e-05,0.435037720033529,151673.13521187622,25.0,p-H2,HFS-resolved spectroscopy + HFS-resolved collisions
CN,6,2,N=1,N=0,"N=1,J=1.5,F=1.5","N=0,J=0.5,F=0.5",113.48812,6.74e-06,1.193e-05,0.5649622799664711,151673.13521187622,25.0,p-H2,HFS-resolved spectroscopy + HFS-resolved collisions
CN,7,1,N=1,N=0,"N=1,J=1.5,F=0.5","N=0,J=0.5,F=1.5",113.52043,1.3e-06,1.19e-05,0.10924369747899161,150702.11498240966,25.0,p-H2,HFS-resolved spectroscopy + HFS-resolved collisions
CN,7,2,N=1,N=0,"N=1,J=1.5,F=0.5","N=0,J=0.5,F=0.5",113.49964,1.06e-05,1.19e-05,0.8907563025210085,150702.11498240966,25.0,p-H2,HFS-resolved spectroscopy + HFS-resolved collisions
CN,8,3,N=2,N=1,"N=2,J=1.5,F=0.5","N=1,J=0.5,F=0.5",226.66369,8.46e-05,0.00011383,0.7432135640867961,1323918.5594464587,25.0,p-H2,HFS-resolved spectroscopy + HFS-resolved collisions
CN,8,4,N=2,N=1,"N=2,J=1.5,F=0.5","N=1,J=0.5,F=1.5",226.61657,1.07e-05,0.00011383,0.09399982429939382,1323918.5594464587,25.0,p-H2,HFS-resolved spectroscopy + HFS-resolved collisions
CN,8,6,N=2,N=1,"N=2,J=1.5,F=0.5","N=1,J=1.5,F=1.5",226.29894,8.23e-06,0.00011383,0.07230079943775806,1323918.5594464587,25.0,p-H2,HFS-resolved spectroscopy + HFS-resolved collisions
CN,8,7,N=2,N=1,"N=2,J=1.5,F=0.5","N=1,J=1.5,F=0.5",226.28742,1.03e-05,0.00011383,0.090485812176052,1323918.5594464587,25.0,p-H2,HFS-resolved spectroscopy + HFS-resolved collisions
CN,9,3,N=2,N=1,"N=2,J=1.5,F=1.5","N=1,J=0.5,F=0.5",226.67931,5.27e-05,0.00011392,0.4626053370786517,1339641.372852608,25.0,p-H2,HFS-resolved spectroscopy + HFS-resolved collisions
CN,9,4,N=2,N=1,"N=2,J=1.5,F=1.5","N=1,J=0.5,F=1.5",226.63219,4.26e-05,0.00011392,0.37394662921348315,1339641.372852608,25.0,p-H2,HFS-resolved spectroscopy + HFS-resolved collisions
CN,9,5,N=2,N=1,"N=2,J=1.5,F=1.5","N=1,J=1.5,F=2.5",226.3325,4.55e-06,0.00011392,0.039940308988764044,1339641.372852608,25.0,p-H2,HFS-resolved spectroscopy + HFS-resolved collisions
CN,9,6,N=2,N=1,"N=2,J=1.5,F=1.5","N=1,J=1.5,F=1.5",226.31454,9.9e-06,0.00011392,0.08690308988764045,1339641.372852608,25.0,p-H2,HFS-resolved spectroscopy + HFS-resolved collisions
CN,9,7,N=2,N=1,"N=2,J=1.5,F=1.5","N=1,J=1.5,F=0.5",226.30304,4.17e-06,0.00011392,0.036604634831460675,1339641.372852608,25.0,p-H2,HFS-resolved spectroscopy + HFS-resolved collisions
CN,10,4,N=2,N=1,"N=2,J=1.5,F=2.5","N=1,J=0.5,F=1.5",226.65956,9.47e-05,0.00011396,0.830993330993331,1579208.161699471,25.0,p-H2,HFS-resolved spectroscopy + HFS-resolved collisions
CN,10,5,N=2,N=1,"N=2,J=1.5,F=2.5","N=1,J=1.5,F=2.5",226.35987,1.61e-05,0.00011396,0.14127764127764125,1579208.161699471,25.0,p-H2,HFS-resolved spectroscopy + HFS-resolved collisions
CN,10,6,N=2,N=1,"N=2,J=1.5,F=2.5","N=1,J=1.5,F=1.5",226.34193,3.16e-06,0.00011396,0.027729027729027727,1579208.161699471,25.0,p-H2,HFS-resolved spectroscopy + HFS-resolved collisions
CN,11,5,N=2,N=1,"N=2,J=2.5,F=3.5","N=1,J=1.5,F=2.5",226.87478,0.000114,0.000114,1.0,1777577.5579328078,25.0,p-H2,HFS-resolved spectroscopy + HFS-resolved collisions
CN,12,4,N=2,N=1,"N=2,J=2.5,F=2.5","N=1,J=0.5,F=1.5",227.19182,1.45e-09,0.00011430144999999999,1.268575333033833e-05,1550858.976569036,25.0,p-H2,HFS-resolved spectroscopy + HFS-resolved collisions
CN,12,5,N=2,N=1,"N=2,J=2.5,F=2.5","N=1,J=1.5,F=2.5",226.89213,1.81e-05,0.00011430144999999999,0.1583531967442233,1550858.976569036,25.0,p-H2,HFS-resolved spectroscopy + HFS-resolved collisions
CN,12,6,N=2,N=1,"N=2,J=2.5,F=2.5","N=1,J=1.5,F=1.5",226.87419,9.62e-05,0.00011430144999999999,0.8416341175024464,1550858.976569036,25.0,p-H2,HFS-resolved spectroscopy + HFS-resolved collisions
CN,13,5,N=2,N=1,"N=2,J=2.5,F=1.5","N=1,J=1.5,F=2.5",226.90536,1.13e-06,0.00011433,0.009883670077844835,1627689.3729863213,25.0,p-H2,HFS-resolved spectroscopy + HFS-resolved collisions
CN,13,6,N=2,N=1,"N=2,J=2.5,F=1.5","N=1,J=1.5,F=1.5",226.88742,2.73e-05,0.00011433,0.23878247179218054,1627689.3729863213,25.0,p-H2,HFS-resolved spectroscopy + HFS-resolved collisions
CN,13,7,N=2,N=1,"N=2,J=2.5,F=1.5","N=1,J=1.5,F=0.5",226.8759,8.59e-05,0.00011433,0.7513338581299747,1627689.3729863213,25.0,p-H2,HFS-resolved spectroscopy + HFS-resolved collisions
CN,14,8,N=3,N=2,"N=3,J=2.5,F=1.5","N=2,J=1.5,F=0.5",340.03541,0.000289,0.00041252,0.7005720934742558,5652067.865991317,25.0,p-H2,HFS-resolved spectroscopy + HFS-resolved collisions
CN,14,9,N=3,N=2,"N=3,J=2.5,F=1.5","N=2,J=1.5,F=1.5",340.01963,9.27e-05,0.00041252,0.22471637738776304,5652067.865991317,25.0,p-H2,HFS-resolved spectroscopy + HFS-resolved collisions
CN,14,10,N=3,N=2,"N=3,J=2.5,F=1.5","N=2,J=1.5,F=2.5",339.99226,3.89e-06,0.00041252,0.009429845825656938,5652067.865991317,25.0,p-H2,HFS-resolved spectroscopy + HFS-resolved collisions
CN,14,12,N=3,N=2,"N=3,J=2.5,F=1.5","N=2,J=2.5,F=2.5",339.46,4.33e-06,0.00041252,0.010496460777659266,5652067.865991317,25.0,p-H2,HFS-resolved spectroscopy + HFS-resolved collisions
CN,14,13,N=3,N=2,"N=3,J=2.5,F=1.5","N=2,J=2.5,F=1.5",339.44678,2.26e-05,0.00041252,0.05478522253466499,5652067.865991317,25.0,p-H2,HFS-resolved spectroscopy + HFS-resolved collisions
CN,15,9,N=3,N=2,"N=3,J=2.5,F=2.5","N=2,J=1.5,F=1.5",340.03541,0.000323,0.00041213999999999997,0.7837142718493716,5391554.619730489,25.0,p-H2,HFS-resolved spectroscopy + HFS-resolved collisions
CN,15,10,N=3,N=2,"N=3,J=2.5,F=2.5","N=2,J=1.5,F=2.5",340.00813,6.2e-05,0.00041213999999999997,0.1504343184354831,5391554.619730489,25.0,p-H2,HFS-resolved spectroscopy + HFS-resolved collisions
CN,15,11,N=3,N=2,"N=3,J=2.5,F=2.5","N=2,J=2.5,F=3.5",339.49321,2.99e-06,0.00041213999999999997,0.007254816324549911,5391554.619730489,25.0,p-H2,HFS-resolved spectroscopy + HFS-resolved collisions
CN,15,12,N=3,N=2,"N=3,J=2.5,F=2.5","N=2,J=2.5,F=2.5",339.4759,2.12e-05,0.00041213999999999997,0.05143883146503616,5391554.619730489,25.0,p-H2,HFS-resolved spectroscopy + HFS-resolved collisions
CN,15,13,N=3,N=2,"N=3,J=2.5,F=2.5","N=2,J=2.5,F=1.5",339.46264,2.95e-06,0.00041213999999999997,0.007157761925559277,5391554.619730489,25.0,p-H2,HFS-resolved spectroscopy + HFS-resolved collisions
CN,16,10,N=3,N=2,"N=3,J=2.5,F=3.5","N=2,J=1.5,F=2.5",340.03155,0.000384,0.00041173,0.9326500376460302,6162439.997637616,25.0,p-H2,HFS-resolved spectroscopy + HFS-resolved collisions
CN,16,11,N=3,N=2,"N=3,J=2.5,F=3.5","N=2,J=2.5,F=3.5",339.51664,2.54e-05,0.00041173,0.06169091394846137,6162439.997637616,25.0,p-H2,HFS-resolved spectroscopy + HFS-resolved collisions
CN,16,12,N=3,N=2,"N=3,J=2.5,F=3.5","N=2,J=2.5,F=2.5",339.49929,2.33e-06,0.00041173,0.005659048405508464,6162439.997637616,25.0,p-H2,HFS-resolved spectroscopy + HFS-resolved collisions
CN,17,11,N=3,N=2,"N=3,J=3.5,F=4.5","N=2,J=2.5,F=3.5",340.24777,0.000413,0.000413,1.0,6577015.788539429,25.0,p-H2,HFS-resolved spectroscopy + HFS-resolved collisions
CN,18,11,N=3,N=2,"N=3,J=3.5,F=3.5","N=2,J=2.5,F=3.5",340.26495,3.35e-05,0.0004135,0.08101571946795647,5963792.110074949,25.0,p-H2,HFS-resolved spectroscopy + HFS-resolved collisions
CN,18,12,N=3,N=2,"N=3,J=3.5,F=3.5","N=2,J=2.5,F=2.5",340.24777,0.00038,0.0004135,0.9189842805320435,5963792.110074949,25.0,p-H2,HFS-resolved spectroscopy + HFS-resolved collisions
CN,19,11,N=3,N=2,"N=3,J=3.5,F=2.5","N=2,J=2.5,F=3.5",340.27912,9.27e-07,0.000412727,0.002246036726455987,6273082.332358571,25.0,p-H2,HFS-resolved spectroscopy + HFS-resolved collisions
CN,19,12,N=3,N=2,"N=3,J=3.5,F=2.5","N=2,J=2.5,F=2.5",340.26177,4.48e-05,0.000412727,0.10854632723325587,6273082.332358571,25.0,p-H2,HFS-resolved spectroscopy + HFS-resolved collisions
CN,19,13,N=3,N=2,"N=3,J=3.5,F=2.5","N=2,J=2.5,F=1.5",340.24854,0.000367,0.000412727,0.8892076360402881,6273082.332358571,25.0,p-H2,HFS-resolved spectroscopy + HFS-resolved collisions
CN,20,14,N=4,N=3,"N=4,J=3.5,F=2.5","N=3,J=2.5,F=1.5",453.39147,0.000869,0.0010138599999999999,0.8571203124691773,14967676.399812318,25.0,p-H2,HFS-resolved spectroscopy + HFS-resolved collisions
CN,20,15,N=4,N=3,"N=4,J=3.5,F=2.5","N=3,J=2.5,F=2.5",453.3756,0.000107,0.0010138599999999999,0.105537253664214,14967676.399812318,25.0,p-H2,HFS-resolved spectroscopy + HFS-resolved collisions
CN,20,16,N=4,N=3,"N=4,J=3.5,F=2.5","N=3,J=2.5,F=3.5",453.35218,2.24e-06,0.0010138599999999999,0.002209378020634013,14967676.399812318,25.0,p-H2,HFS-resolved spectroscopy + HFS-resolved collisions
CN,20,18,N=4,N=3,"N=4,J=3.5,F=2.5","N=3,J=3.5,F=3.5",452.60386,2.92e-06,0.0010138599999999999,0.0028800820626121953,14967676.399812318,25.0,p-H2,HFS-resolved spectroscopy + HFS-resolved collisions
CN,20,19,N=4,N=3,"N=4,J=3.5,F=2.5","N=3,J=3.5,F=2.5",452.58969,3.27e-05,0.0010138599999999999,0.0322529737833626,14967676.399812318,25.0,p-H2,HFS-resolved spectroscopy + HFS-resolved collisions
CN,21,15,N=4,N=3,"N=4,J=3.5,F=3.5","N=3,J=2.5,F=2.5",453.39161,0.000897,0.00101308,0.8854187231018281,14308053.540949747,25.0,p-H2,HFS-resolved spectroscopy + HFS-resolved collisions
CN,21,16,N=4,N=3,"N=4,J=3.5,F=3.5","N=3,J=2.5,F=3.5",453.36819,8.02e-05,0.00101308,0.07916452797409879,14308053.540949747,25.0,p-H2,HFS-resolved spectroscopy + HFS-resolved collisions
CN,21,17,N=4,N=3,"N=4,J=3.5,F=3.5","N=3,J=3.5,F=4.5",452.63697,2.23e-06,0.00101308,0.0022012081967860385,14308053.540949747,25.0,p-H2,HFS-resolved spectroscopy + HFS-resolved collisions
CN,21,18,N=4,N=3,"N=4,J=3.5,F=3.5","N=3,J=3.5,F=3.5",452.61987,3.14e-05,0.00101308,0.030994590752951395,14308053.540949747,25.0,p-H2,HFS-resolved spectroscopy + HFS-resolved collisions
CN,21,19,N=4,N=3,"N=4,J=3.5,F=3.5","N=3,J=3.5,F=2.5",452.6057,2.25e-06,0.00101308,0.0022209499743356892,14308053.540949747,25.0,p-H2,HFS-resolved spectroscopy + HFS-resolved collisions
CN,22,16,N=4,N=3,"N=4,J=3.5,F=4.5","N=3,J=2.5,F=3.5",453.38992,0.000977,0.00101336,0.964119365279861,15583806.69200143,25.0,p-H2,HFS-resolved spectroscopy + HFS-resolved collisions
CN,22,17,N=4,N=3,"N=4,J=3.5,F=4.5","N=3,J=3.5,F=4.5",452.6587,3.45e-05,0.00101336,0.03404515670640246,15583806.69200143,25.0,p-H2,HFS-resolved spectroscopy + HFS-resolved collisions
CN,22,18,N=4,N=3,"N=4,J=3.5,F=4.5","N=3,J=3.5,F=3.5",452.64161,1.86e-06,0.00101336,0.0018354780137364805,15583806.69200143,25.0,p-H2,HFS-resolved spectroscopy + HFS-resolved collisions
CN,23,17,N=4,N=3,"N=4,J=4.5,F=5.5","N=3,J=3.5,F=4.5",453.60668,0.00102,0.00102,1.0,16184349.882811474,25.0,p-H2,HFS-resolved spectroscopy + HFS-resolved collisions
CN,24,17,N=4,N=3,"N=4,J=4.5,F=4.5","N=3,J=3.5,F=4.5",453.62363,4.99e-05,0.0010149,0.04916740565572963,15124417.055387357,25.0,p-H2,HFS-resolved spectroscopy + HFS-resolved collisions
CN,24,18,N=4,N=3,"N=4,J=4.5,F=4.5","N=3,J=3.5,F=3.5",453.60654,0.000965,0.0010149,0.9508325943442704,15124417.055387357,25.0,p-H2,HFS-resolved spectroscopy + HFS-resolved collisions
CN,25,17,N=4,N=3,"N=4,J=4.5,F=3.5","N=3,J=3.5,F=4.5",453.6384,7.77e-07,0.0010151770000000001,0.0007653837705148954,15733161.170072023,25.0,p-H2,HFS-resolved spectroscopy + HFS-resolved collisions
CN,25,18,N=4,N=3,"N=4,J=4.5,F=3.5","N=3,J=3.5,F=3.5",453.62131,6.24e-05,0.0010151770000000001,0.06146711361664024,15733161.170072023,25.0,p-H2,HFS-resolved spectroscopy + HFS-resolved collisions
CN,25,19,N=4,N=3,"N=4,J=4.5,F=3.5","N=3,J=3.5,F=2.5",453.60713,0.000952,0.0010151770000000001,0.9377675026128448,15733161.170072023,25.0,p-H2,HFS-resolved spectroscopy + HFS-resolved collisions
CN,26,20,N=5,N=4,"N=5,J=4.5,F=3.5","N=4,J=3.5,F=2.5",566.73075,0.00186,0.00202894,0.9167348467672776,29984860.502572566,25.0,p-H2,HFS-resolved spectroscopy + HFS-resolved collisions
CN,26,21,N=5,N=4,"N=5,J=4.5,F=3.5","N=4,J=3.5,F=3.5",566.71474,0.000123,0.00202894,0.06062278825396513,29984860.502572566,25.0,p-H2,HFS-resolved spectroscopy + HFS-resolved collisions
CN,26,22,N=5,N=4,"N=5,J=4.5,F=3.5","N=4,J=3.5,F=4.5",566.693,1.54e-06,0.00202894,0.0007590170236675309,29984860.502572566,25.0,p-H2,HFS-resolved spectroscopy + HFS-resolved collisions
CN,26,24,N=5,N=4,"N=5,J=4.5,F=3.5","N=4,J=4.5,F=4.5",565.72807,2.2e-06,0.00202894,0.0010843100338107585,29984860.502572566,25.0,p-H2,HFS-resolved spectroscopy + HFS-resolved collisions
CN,26,25,N=5,N=4,"N=5,J=4.5,F=3.5","N=4,J=4.5,F=3.5",565.71331,4.22e-05,0.00202894,0.020799037921279094,29984860.502572566,25.0,p-H2,HFS-resolved spectroscopy + HFS-resolved collisions
CN,27,21,N=5,N=4,"N=5,J=4.5,F=4.5","N=4,J=3.5,F=3.5",566.73084,0.00188,0.00202279,0.9294093801136054,28940810.50393601,25.0,p-H2,HFS-resolved spectroscopy + HFS-resolved collisions
CN,27,22,N=5,N=4,"N=5,J=4.5,F=4.5","N=4,J=3.5,F=4.5",566.70911,9.81e-05,0.00202279,0.048497372441034414,28940810.50393601,25.0,p-H2,HFS-resolved spectroscopy + HFS-resolved collisions
CN,27,23,N=5,N=4,"N=5,J=4.5,F=4.5","N=4,J=4.5,F=5.5",565.76113,1.78e-06,0.00202279,0.0008799727109586264,28940810.50393601,25.0,p-H2,HFS-resolved spectroscopy + HFS-resolved collisions
CN,27,24,N=5,N=4,"N=5,J=4.5,F=4.5","N=4,J=4.5,F=4.5",565.74418,4.11e-05,0.00202279,0.020318471022696377,28940810.50393601,25.0,p-H2,HFS-resolved spectroscopy + HFS-resolved collisions
CN,27,25,N=5,N=4,"N=5,J=4.5,F=4.5","N=4,J=4.5,F=3.5",565.72941,1.81e-06,0.00202279,0.0008948037117051202,28940810.50393601,25.0,p-H2,HFS-resolved spectroscopy + HFS-resolved collisions
CN,28,22,N=5,N=4,"N=5,J=4.5,F=5.5","N=4,J=3.5,F=4.5",566.7299,0.00198,0.00202504,0.9777584640303401,30507143.74825637,25.0,p-H2,HFS-resolved spectroscopy + HFS-resolved collisions
CN,28,23,N=5,N=4,"N=5,J=4.5,F=5.5","N=4,J=4.5,F=5.5",565.78192,4.35e-05,0.00202504,0.021481057164302927,30507143.74825637,25.0,p-H2,HFS-resolved spectroscopy + HFS-resolved collisions
CN,28,24,N=5,N=4,"N=5,J=4.5,F=5.5","N=4,J=4.5,F=4.5",565.76498,1.54e-06,0.00202504,0.0007604788053569312,30507143.74825637,25.0,p-H2,HFS-resolved spectroscopy + HFS-resolved collisions
CN,29,23,N=5,N=4,"N=5,J=5.5,F=6.5","N=4,J=4.5,F=5.5",566.94689,0.00203,0.00203,1.0,31034246.864200912,25.0,p-H2,HFS-resolved spectroscopy + HFS-resolved collisions
CN,30,23,N=5,N=4,"N=5,J=5.5,F=5.5","N=4,J=4.5,F=5.5",566.96375,6.68e-05,0.0020268,0.03295835800276298,29838209.568988774,25.0,p-H2,HFS-resolved spectroscopy + HFS-resolved collisions
CN,30,24,N=5,N=4,"N=5,J=5.5,F=5.5","N=4,J=4.5,F=4.5",566.9468,0.00196,0.0020268,0.967041641997237,29838209.568988774,25.0,p-H2,HFS-resolved spectroscopy + HFS-resolved collisions
CN,31,23,N=5,N=4,"N=5,J=5.5,F=4.5","N=4,J=4.5,F=5.5",566.97893,6.66e-07,0.002030866,0.0003279389186681937,30692615.128960047,25.0,p-H2,HFS-resolved spectroscopy + HFS-resolved collisions
CN,31,24,N=5,N=4,"N=5,J=5.5,F=4.5","N=4,J=4.5,F=4.5",566.96198,8.02e-05,0.002030866,0.03949054245824195,30692615.128960047,25.0,p-H2,HFS-resolved spectroscopy + HFS-resolved collisions
CN,31,25,N=5,N=4,"N=5,J=5.5,F=4.5","N=4,J=4.5,F=3.5",566.94721,0.00195,0.002030866,0.9601815186230898,30692615.128960047,25.0,p-H2,HFS-resolved spectroscopy + HFS-resolved collisions
CN,32,26,N=6,N=5,"N=6,J=5.5,F=4.5","N=5,J=4.5,F=3.5",680.04738,0.00336,0.00355332,0.9455945425686401,48784076.63572176,25.0,p-H2,HFS-resolved spectroscopy + HFS-resolved collisions
CN,32,27,N=6,N=5,"N=6,J=5.5,F=4.5","N=5,J=4.5,F=4.5",680.03127,0.000139,0.00355332,0.03911834565983362,48784076.63572176,25.0,p-H2,HFS-resolved spectroscopy + HFS-resolved collisions
CN,32,28,N=6,N=5,"N=6,J=5.5,F=4.5","N=5,J=4.5,F=5.5",680.01048,1.16e-06,0.00355332,0.0003264552587439352,48784076.63572176,25.0,p-H2,HFS-resolved spectroscopy + HFS-resolved collisions
CN,32,30,N=6,N=5,"N=6,J=5.5,F=4.5","N=5,J=5.5,F=5.5",678.82865,1.76e-06,0.00355332,0.0004953114270597639,48784076.63572176,25.0,p-H2,HFS-resolved spectroscopy + HFS-resolved collisions
CN,32,31,N=6,N=5,"N=6,J=5.5,F=4.5","N=5,J=5.5,F=4.5",678.81347,5.14e-05,0.00355332,0.014465345085722649,48784076.63572176,25.0,p-H2,HFS-resolved spectroscopy + HFS-resolved collisions
CN,33,27,N=6,N=5,"N=6,J=5.5,F=5.5","N=5,J=4.5,F=4.5",680.04744,0.00338,0.00354949,0.952249478094036,47660050.83903701,25.0,p-H2,HFS-resolved spectroscopy + HFS-resolved collisions
CN,33,28,N=6,N=5,"N=6,J=5.5,F=5.5","N=5,J=4.5,F=5.5",680.02664,0.000116,0.00354949,0.0326807513192036,47660050.83903701,25.0,p-H2,HFS-resolved spectroscopy + HFS-resolved collisions
CN,33,29,N=6,N=5,"N=6,J=5.5,F=5.5","N=5,J=5.5,F=6.5",678.86167,1.48e-06,0.00354949,0.00041696130993466667,47660050.83903701,25.0,p-H2,HFS-resolved spectroscopy + HFS-resolved collisions
CN,33,30,N=6,N=5,"N=6,J=5.5,F=5.5","N=5,J=5.5,F=5.5",678.84482,5.05e-05,0.00354949,0.014227396048446396,47660050.83903701,25.0,p-H2,HFS-resolved spectroscopy + HFS-resolved collisions
CN,33,31,N=6,N=5,"N=6,J=5.5,F=5.5","N=5,J=5.5,F=4.5",678.82964,1.51e-06,0.00354949,0.0004254132283792883,47660050.83903701,25.0,p-H2,HFS-resolved spectroscopy + HFS-resolved collisions
CN,34,28,N=6,N=5,"N=6,J=5.5,F=6.5","N=5,J=4.5,F=5.5",680.04685,0.0035,0.00355382,0.9848557327045264,49305997.325422175,25.0,p-H2,HFS-resolved spectroscopy + HFS-resolved collisions
CN,34,29,N=6,N=5,"N=6,J=5.5,F=6.5","N=5,J=5.5,F=6.5",678.88188,5.25e-05,0.00355382,0.014772835990567897,49305997.325422175,25.0,p-H2,HFS-resolved spectroscopy + HFS-resolved collisions
CN,34,30,N=6,N=5,"N=6,J=5.5,F=6.5","N=5,J=5.5,F=5.5",678.86502,1.32e-06,0.00355382,0.0003714313049057071,49305997.325422175,25.0,p-H2,HFS-resolved spectroscopy + HFS-resolved collisions
CN,35,29,N=6,N=5,"N=6,J=6.5,F=7.5","N=5,J=5.5,F=6.5",680.26397,0.00356,0.00356,1.0,49797132.72777672,25.0,p-H2,HFS-resolved spectroscopy + HFS-resolved collisions
CN,36,29,N=6,N=5,"N=6,J=6.5,F=6.5","N=5,J=5.5,F=6.5",680.28076,8.39e-05,0.0035539,0.023607867413264302,48489333.548327975,25.0,p-H2,HFS-resolved spectroscopy + HFS-resolved collisions
CN,36,30,N=6,N=5,"N=6,J=6.5,F=6.5","N=5,J=5.5,F=5.5",680.2639,0.00347,0.0035539,0.9763921325867357,48489333.548327975,25.0,p-H2,HFS-resolved spectroscopy + HFS-resolved collisions
CN,37,29,N=6,N=5,"N=6,J=6.5,F=5.5","N=5,J=5.5,F=6.5",680.29624,5.81e-07,0.003558481,0.00016327191293138843,49481371.73778337,25.0,p-H2,HFS-resolved spectroscopy + HFS-resolved collisions
CN,37,30,N=6,N=5,"N=6,J=6.5,F=5.5","N=5,J=5.5,F=5.5",680.27938,9.79e-05,0.003558481,0.027511738857113468,49481371.73778337,25.0,p-H2,HFS-resolved spectroscopy + HFS-resolved collisions
CN,37,31,N=6,N=5,"N=6,J=6.5,F=5.5","N=5,J=5.5,F=4.5",680.2642,0.00346,0.003558481,0.9723249892299551,49481371.73778337,25.0,p-H2,HFS-resolved spectroscopy + HFS-resolved collisions
CN,38,32,N=7,N=6,"N=7,J=6.5,F=5.5","N=6,J=5.5,F=4.5",793.33649,0.00548,0.005698902,0.9615887411294316,68992794.79530036,25.0,p-H2,HFS-resolved spectroscopy + HFS-resolved collisions
CN,38,33,N=7,N=6,"N=7,J=6.5,F=5.5","N=6,J=5.5,F=5.5",793.32032,0.000156,0.005698902,0.027373694090545863,68992794.79530036,25.0,p-H2,HFS-resolved spectroscopy + HFS-resolved collisions
CN,38,34,N=7,N=6,"N=7,J=6.5,F=5.5","N=6,J=5.5,F=6.5",793.30012,9.32e-07,0.005698902,0.0001635402749512099,68992794.79530036,25.0,p-H2,HFS-resolved spectroscopy + HFS-resolved collisions
CN,38,36,N=7,N=6,"N=7,J=6.5,F=5.5","N=6,J=6.5,F=6.5",791.90124,1.47e-06,0.005698902,0.00025794442508398984,68992794.79530036,25.0,p-H2,HFS-resolved spectroscopy + HFS-resolved collisions
CN,38,37,N=7,N=6,"N=7,J=6.5,F=5.5","N=6,J=6.5,F=5.5",791.88576,6.05e-05,0.005698902,0.010616080079987338,68992794.79530036,25.0,p-H2,HFS-resolved spectroscopy + HFS-resolved collisions
CN,39,33,N=7,N=6,"N=7,J=6.5,F=6.5","N=6,J=5.5,F=5.5",793.33654,0.00551,0.00570627,0.9656045017147804,68052113.73510037,25.0,p-H2,HFS-resolved spectroscopy + HFS-resolved collisions
CN,39,34,N=7,N=6,"N=7,J=6.5,F=6.5","N=6,J=5.5,F=6.5",793.31633,0.000134,0.00570627,0.023482940695059996,68052113.73510037,25.0,p-H2,HFS-resolved spectroscopy + HFS-resolved collisions
CN,39,35,N=7,N=6,"N=7,J=6.5,F=6.5","N=6,J=6.5,F=7.5",791.93424,1.27e-06,0.00570627,0.00022256219912482233,68052113.73510037,25.0,p-H2,HFS-resolved spectroscopy + HFS-resolved collisions
CN,39,36,N=7,N=6,"N=7,J=6.5,F=6.5","N=6,J=6.5,F=6.5",791.91745,5.97e-05,0.00570627,0.010462175817127476,68052113.73510037,25.0,p-H2,HFS-resolved spectroscopy + HFS-resolved collisions
CN,39,37,N=7,N=6,"N=7,J=6.5,F=6.5","N=6,J=6.5,F=5.5",791.90197,1.3e-06,0.00570627,0.00022781957390729846,68052113.73510037,25.0,p-H2,HFS-resolved spectroscopy + HFS-resolved collisions
CN,40,34,N=7,N=6,"N=7,J=6.5,F=7.5","N=6,J=5.5,F=6.5",793.33613,0.00564,0.00570265,0.9890138795121566,69416926.68747535,25.0,p-H2,HFS-resolved spectroscopy + HFS-resolved collisions
CN,40,35,N=7,N=6,"N=7,J=6.5,F=7.5","N=6,J=6.5,F=7.5",791.95404,6.15e-05,0.00570265,0.01078445985638256,69416926.68747535,25.0,p-H2,HFS-resolved spectroscopy + HFS-resolved collisions
CN,40,36,N=7,N=6,"N=7,J=6.5,F=7.5","N=6,J=6.5,F=6.5",791.93725,1.15e-06,0.00570265,0.00020166063146081207,69416926.68747535,25.0,p-H2,HFS-resolved spectroscopy + HFS-resolved collisions
CN,41,35,N=7,N=6,"N=7,J=7.5,F=8.5","N=6,J=6.5,F=7.5",793.55333,0.00571,0.00571,1.0,69800290.90929732,25.0,p-H2,HFS-resolved spectroscopy + HFS-resolved collisions
CN,42,35,N=7,N=6,"N=7,J=7.5,F=7.5","N=6,J=6.5,F=7.5",793.57007,0.000101,0.005711000000000001,0.01768516897215899,68772543.63290109,25.0,p-H2,HFS-resolved spectroscopy + HFS-resolved collisions
CN,42,36,N=7,N=6,"N=7,J=7.5,F=7.5","N=6,J=6.5,F=6.5",793.55328,0.00561,0.005711000000000001,0.9823148310278409,68772543.63290109,25.0,p-H2,HFS-resolved spectroscopy + HFS-resolved collisions
CN,43,35,N=7,N=6,"N=7,J=7.5,F=6.5","N=6,J=6.5,F=7.5",793.58578,5.15e-07,0.0057065150000000005,9.02477256258855e-05,69545257.60691255,25.0,p-H2,HFS-resolved spectroscopy + HFS-resolved collisions
CN,43,36,N=7,N=6,"N=7,J=7.5,F=6.5","N=6,J=6.5,F=6.5",793.56899,0.000116,0.0057065150000000005,0.020327643053597508,69545257.60691255,25.0,p-H2,HFS-resolved spectroscopy + HFS-resolved collisions
CN,43,37,N=7,N=6,"N=7,J=7.5,F=6.5","N=6,J=6.5,F=5.5",793.55351,0.00559,0.0057065150000000005,0.9795821092207766,69545257.60691255,25.0,p-H2,HFS-resolved spectroscopy + HFS-resolved collisions
CN,44,38,N=8,N=7,"N=8,J=7.5,F=6.5","N=7,J=6.5,F=5.5",906.5934,0.00834,0.008584535,0.9715144734106157,94640753.18259798,25.0,p-H2,HFS-resolved spectroscopy + HFS-resolved collisions
CN,44,39,N=8,N=7,"N=8,J=7.5,F=6.5","N=7,J=6.5,F=6.5",906.57718,0.000173,0.008584535,0.02015251845324179,94640753.18259798,25.0,p-H2,HFS-resolved spectroscopy + HFS-resolved collisions
CN,44,40,N=8,N=7,"N=8,J=7.5,F=6.5","N=7,J=6.5,F=7.5",906.55739,7.75e-07,0.008584535,9.02786231286843e-05,94640753.18259798,25.0,p-H2,HFS-resolved spectroscopy + HFS-resolved collisions
CN,44,42,N=8,N=7,"N=8,J=7.5,F=6.5","N=7,J=7.5,F=7.5",904.94135,1.26e-06,0.008584535,0.0001467755679253448,94640753.18259798,25.0,p-H2,HFS-resolved spectroscopy + HFS-resolved collisions
CN,44,43,N=8,N=7,"N=8,J=7.5,F=6.5","N=7,J=7.5,F=6.5",904.92564,6.95e-05,0.008584535,0.008095953945088464,94640753.18259798,25.0,p-H2,HFS-resolved spectroscopy + HFS-resolved collisions
CN,45,39,N=8,N=7,"N=8,J=7.5,F=7.5","N=7,J=6.5,F=6.5",906.59343,0.00836,0.00858305,0.9740127344009413,93600732.06656225,25.0,p-H2,HFS-resolved spectroscopy + HFS-resolved collisions
CN,45,40,N=8,N=7,"N=8,J=7.5,F=7.5","N=7,J=6.5,F=7.5",906.57364,0.000152,0.00858305,0.01770932244365348,93600732.06656225,25.0,p-H2,HFS-resolved spectroscopy + HFS-resolved collisions
CN,45,41,N=8,N=7,"N=8,J=7.5,F=7.5","N=7,J=7.5,F=8.5",904.97435,1.11e-06,0.00858305,0.00012932465731878528,93600732.06656225,25.0,p-H2,HFS-resolved spectroscopy + HFS-resolved collisions
CN,45,42,N=8,N=7,"N=8,J=7.5,F=7.5","N=7,J=7.5,F=7.5",904.95761,6.88e-05,0.00858305,0.008015798579758943,93600732.06656225,25.0,p-H2,HFS-resolved spectroscopy + HFS-resolved collisions
CN,45,43,N=8,N=7,"N=8,J=7.5,F=7.5","N=7,J=7.5,F=6.5",904.9419,1.14e-06,0.00858305,0.0001328199183274011,93600732.06656225,25.0,p-H2,HFS-resolved spectroscopy + HFS-resolved collisions
CN,46,40,N=8,N=7,"N=8,J=7.5,F=8.5","N=7,J=6.5,F=7.5",906.59313,0.00851,0.008581420000000001,0.9916773680812732,94939851.12107202,25.0,p-H2,HFS-resolved spectroscopy + HFS-resolved collisions
CN,46,41,N=8,N=7,"N=8,J=7.5,F=8.5","N=7,J=7.5,F=8.5",904.99384,7.04e-05,0.008581420000000001,0.008203770471553658,94939851.12107202,25.0,p-H2,HFS-resolved spectroscopy + HFS-resolved collisions
CN,46,42,N=8,N=7,"N=8,J=7.5,F=8.5","N=7,J=7.5,F=7.5",904.9771,1.02e-06,0.008581420000000001,0.00011886144717307857,94939851.12107202,25.0,p-H2,HFS-resolved spectroscopy + HFS-resolved collisions
CN,47,41,N=8,N=7,"N=8,J=8.5,F=9.5","N=7,J=7.5,F=8.5",906.81039,0.00859,0.00859,1.0,95361246.63709532,25.0,p-H2,HFS-resolved spectroscopy + HFS-resolved collisions
CN,48,41,N=8,N=7,"N=8,J=8.5,F=8.5","N=7,J=7.5,F=8.5",906.82709,0.000119,0.008589,0.013854930725346375,94219929.95483044,25.0,p-H2,HFS-resolved spectroscopy + HFS-resolved collisions
CN,48,42,N=8,N=7,"N=8,J=8.5,F=8.5","N=7,J=7.5,F=7.5",906.81035,0.00847,0.008589,0.9861450692746537,94219929.95483044,25.0,p-H2,HFS-resolved spectroscopy + HFS-resolved collisions
CN,49,41,N=8,N=7,"N=8,J=8.5,F=7.5","N=7,J=7.5,F=8.5",906.84298,4.62e-07,0.008583462,5.382443587447582e-05,95045982.3456083,25.0,p-H2,HFS-resolved spectroscopy + HFS-resolved collisions
CN,49,42,N=8,N=7,"N=8,J=8.5,F=7.5","N=7,J=7.5,F=7.5",906.82624,0.000133,0.008583462,0.015494913357803647,95045982.3456083,25.0,p-H2,HFS-resolved spectroscopy + HFS-resolved collisions
CN,49,43,N=8,N=7,"N=8,J=8.5,F=7.5","N=7,J=7.5,F=6.5",906.81053,0.00845,0.008583462,0.9844512622063217,95045982.3456083,25.0,p-H2,HFS-resolved spectroscopy + HFS-resolved collisions
CN,50,44,N=9,N=8,"N=9,J=8.5,F=7.5","N=8,J=7.5,F=6.5",1019.81346,0.012,0.012271263000000001,0.9778944514513298,124299559.38562953,25.0,p-H2,HFS-resolved spectroscopy + HFS-resolved collisions
CN,50,45,N=9,N=8,"N=9,J=8.5,F=7.5","N=8,J=7.5,F=7.5",1019.79721,0.000191,0.012271263000000001,0.015564820018933665,124299559.38562953,25.0,p-H2,HFS-resolved spectroscopy + HFS-resolved collisions
CN,50,46,N=9,N=8,"N=9,J=8.5,F=7.5","N=8,J=7.5,F=8.5",1019.77771,6.63e-07,0.012271263000000001,5.4028668442685973e-05,124299559.38562953,25.0,p-H2,HFS-resolved spectroscopy + HFS-resolved collisions
CN,50,48,N=9,N=8,"N=9,J=8.5,F=7.5","N=8,J=8.5,F=8.5",1017.94446,1.1e-06,0.012271263000000001,8.96403247163719e-05,124299559.38562953,25.0,p-H2,HFS-resolved spectroscopy + HFS-resolved collisions
CN,50,49,N=9,N=8,"N=9,J=8.5,F=7.5","N=8,J=8.5,F=7.5",1017.92858,7.85e-05,0.012271263000000001,0.006397059536577448,124299559.38562953,25.0,p-H2,HFS-resolved spectroscopy + HFS-resolved collisions
CN,51,45,N=9,N=8,"N=9,J=8.5,F=8.5","N=8,J=7.5,F=7.5",1019.81349,0.012,0.012248895000000001,0.97968020788814,123124913.69936527,25.0,p-H2,HFS-resolved spectroscopy + HFS-resolved collisions
CN,51,46,N=9,N=8,"N=9,J=8.5,F=8.5","N=8,J=7.5,F=8.5",1019.794,0.000169,0.012248895000000001,0.013797162927757971,123124913.69936527,25.0,p-H2,HFS-resolved spectroscopy + HFS-resolved collisions
CN,51,47,N=9,N=8,"N=9,J=8.5,F=8.5","N=8,J=8.5,F=9.5",1017.97745,9.85e-07,0.012248895000000001,8.04154170641515e-05,123124913.69936527,25.0,p-H2,HFS-resolved spectroscopy + HFS-resolved collisions
CN,51,48,N=9,N=8,"N=9,J=8.5,F=8.5","N=8,J=8.5,F=8.5",1017.96075,7.79e-05,0.012248895000000001,0.006359757349540509,123124913.69936527,25.0,p-H2,HFS-resolved spectroscopy + HFS-resolved collisions
CN,51,49,N=9,N=8,"N=9,J=8.5,F=8.5","N=8,J=8.5,F=7.5",1017.94486,1.01e-06,0.012248895000000001,8.245641749725179e-05,123124913.69936527,25.0,p-H2,HFS-resolved spectroscopy + HFS-resolved collisions
CN,52,46,N=9,N=8,"N=9,J=8.5,F=9.5","N=8,J=7.5,F=8.5",1019.81326,0.0122,0.012280221000000001,0.9934674628412632,124723189.38270855,25.0,p-H2,HFS-resolved spectroscopy + HFS-resolved collisions
CN,52,47,N=9,N=8,"N=9,J=8.5,F=9.5","N=8,J=8.5,F=9.5",1017.99672,7.93e-05,0.012280221000000001,0.006457538508468211,124723189.38270855,25.0,p-H2,HFS-resolved spectroscopy + HFS-resolved collisions
CN,52,48,N=9,N=8,"N=9,J=8.5,F=9.5","N=8,J=8.5,F=8.5",1017.98001,9.21e-07,0.012280221000000001,7.499865026859043e-05,124723189.38270855,25.0,p-H2,HFS-resolved spectroscopy + HFS-resolved collisions
CN,53,47,N=9,N=8,"N=9,J=9.5,F=10.5","N=8,J=8.5,F=9.5",1020.03055,0.0123,0.0123,1.0,125142932.79641841,25.0,p-H2,HFS-resolved spectroscopy + HFS-resolved collisions
CN,54,47,N=9,N=8,"N=9,J=9.5,F=9.5","N=8,J=8.5,F=9.5",1020.04722,0.000136,0.012336000000000001,0.011024643320363164,124508428.46725181,25.0,p-H2,HFS-resolved spectroscopy + HFS-resolved collisions
CN,54,48,N=9,N=8,"N=9,J=9.5,F=9.5","N=8,J=8.5,F=8.5",1020.03052,0.0122,0.012336000000000001,0.9889753566796368,124508428.46725181,25.0,p-H2,HFS-resolved spectroscopy + HFS-resolved collisions
CN,55,47,N=9,N=8,"N=9,J=9.5,F=8.5","N=8,J=8.5,F=9.5",1020.06326,4.19e-07,0.012351419,3.392322776840458e-05,125491450.14439225,25.0,p-H2,HFS-resolved spectroscopy + HFS-resolved collisions
CN,55,48,N=9,N=8,"N=9,J=9.5,F=8.5","N=8,J=8.5,F=8.5",1020.04655,0.000151,0.012351419,0.01222531597381645,125491450.14439225,25.0,p-H2,HFS-resolved spectroscopy + HFS-resolved collisions
CN,55,49,N=9,N=8,"N=9,J=9.5,F=8.5","N=8,J=8.5,F=7.5",1020.03066,0.0122,0.012351419,0.9877407607984151,125491450.14439225,25.0,p-H2,HFS-resolved spectroscopy + HFS-resolved collisions
CN,56,50,N=10,N=9,"N=10,J=9.5,F=8.5","N=9,J=8.5,F=7.5",1132.99206,0.0166,0.01689696,0.9824252409900953,156340825.2836731,25.0,p-H2,HFS-resolved spectroscopy + HFS-resolved collisions
CN,56,51,N=10,N=9,"N=10,J=9.5,F=8.5","N=9,J=8.5,F=8.5",1132.97578,0.000208,0.01689696,0.01230990663409276,156340825.2836731,25.0,p-H2,HFS-resolved spectroscopy + HFS-resolved collisions
CN,56,52,N=10,N=9,"N=10,J=9.5,F=8.5","N=9,J=8.5,F=9.5",1132.95652,5.79e-07,0.01689696,3.426651894778706e-05,156340825.2836731,25.0,p-H2,HFS-resolved spectroscopy + HFS-resolved collisions
CN,56,54,N=10,N=9,"N=10,J=9.5,F=8.5","N=9,J=9.5,F=9.5",1130.90601,9.81e-07,0.01689696,5.805778080790865e-05,156340825.2836731,25.0,p-H2,HFS-resolved spectroscopy + HFS-resolved collisions
CN,56,55,N=10,N=9,"N=10,J=9.5,F=8.5","N=9,J=9.5,F=8.5",1130.88998,8.74e-05,0.01689696,0.0051725280760562846,156340825.2836731,25.0,p-H2,HFS-resolved spectroscopy + HFS-resolved collisions
CN,57,51,N=10,N=9,"N=10,J=9.5,F=9.5","N=9,J=8.5,F=8.5",1132.99209,0.0167,0.016975696999999998,0.9837593119151457,155980754.38522652,25.0,p-H2,HFS-resolved spectroscopy + HFS-resolved collisions
CN,57,52,N=10,N=9,"N=10,J=9.5,F=9.5","N=9,J=8.5,F=9.5",1132.97283,0.000187,0.016975696999999998,0.011015747983720493,155980754.38522652,25.0,p-H2,HFS-resolved spectroscopy + HFS-resolved collisions
CN,57,53,N=10,N=9,"N=10,J=9.5,F=9.5","N=9,J=9.5,F=10.5",1130.93899,8.86e-07,0.016975696999999998,5.2192260500408324e-05,155980754.38522652,25.0,p-H2,HFS-resolved spectroscopy + HFS-resolved collisions
CN,57,54,N=10,N=9,"N=10,J=9.5,F=9.5","N=9,J=9.5,F=9.5",1130.92232,8.69e-05,0.016975696999999998,0.005119082886552464,155980754.38522652,25.0,p-H2,HFS-resolved spectroscopy + HFS-resolved collisions
CN,57,55,N=10,N=9,"N=10,J=9.5,F=9.5","N=9,J=9.5,F=8.5",1130.90629,9.11e-07,0.016975696999999998,5.366495408111962e-05,155980754.38522652,25.0,p-H2,HFS-resolved spectroscopy + HFS-resolved collisions
CN,58,52,N=10,N=9,"N=10,J=9.5,F=10.5","N=9,J=8.5,F=9.5",1132.99191,0.0169,0.016989037,0.9947591496798789,157418267.98603067,25.0,p-H2,HFS-resolved spectroscopy + HFS-resolved collisions
CN,58,53,N=10,N=9,"N=10,J=9.5,F=10.5","N=9,J=9.5,F=10.5",1130.95808,8.82e-05,0.016989037,0.005191583254542327,157418267.98603067,25.0,p-H2,HFS-resolved spectroscopy + HFS-resolved collisions
CN,58,54,N=10,N=9,"N=10,J=9.5,F=10.5","N=9,J=9.5,F=9.5",1130.94141,8.37e-07,0.016989037,4.926706557882004e-05,157418267.98603067,25.0,p-H2,HFS-resolved spectroscopy + HFS-resolved collisions
CN,59,53,N=10,N=9,"N=10,J=10.5,F=11.5","N=9,J=9.5,F=10.5",1133.20922,0.017,0.017,1.0,157830268.9711325,25.0,p-H2,HFS-resolved spectroscopy + HFS-resolved collisions
CN,60,53,N=10,N=9,"N=10,J=10.5,F=10.5","N=9,J=9.5,F=10.5",1133.22586,0.000154,0.016954,0.009083402146985962,156213419.40221998,25.0,p-H2,HFS-resolved spectroscopy + HFS-resolved collisions
CN,60,54,N=10,N=9,"N=10,J=10.5,F=10.5","N=9,J=9.5,F=9.5",1133.20919,0.0168,0.016954,0.990916597853014,156213419.40221998,25.0,p-H2,HFS-resolved spectroscopy + HFS-resolved collisions
CN,61,53,N=10,N=9,"N=10,J=10.5,F=9.5","N=9,J=9.5,F=10.5",1133.24202,3.83e-07,0.016969382999999998,2.2570060443564744e-05,157323995.2283857,25.0,p-H2,HFS-resolved spectroscopy + HFS-resolved collisions
CN,61,54,N=10,N=9,"N=10,J=10.5,F=9.5","N=9,J=9.5,F=9.5",1133.22535,0.000169,0.016969382999999998,0.00995911283280011,157323995.2283857,25.0,p-H2,HFS-resolved spectroscopy + HFS-resolved collisions
CN,61,55,N=10,N=9,"N=10,J=10.5,F=9.5","N=9,J=9.5,F=8.5",1133.20931,0.0168,0.016969382999999998,0.9900183171067564,157323995.2283857,25.0,p-H2,HFS-resolved spectroscopy + HFS-resolved collisions
CN,62,56,N=11,N=10,"N=11,J=10.5,F=9.5","N=10,J=9.5,F=8.5",1246.1246,0.0223,0.022622695,0.9857357843528368,201288088.1980566,25.0,p-H2,HFS-resolved spectroscopy + HFS-resolved collisions
CN,62,57,N=11,N=10,"N=11,J=10.5,F=9.5","N=10,J=9.5,F=9.5",1246.10829,0.000225,0.022622695,0.009945764640331312,201288088.1980566,25.0,p-H2,HFS-resolved spectroscopy + HFS-resolved collisions
CN,62,58,N=11,N=10,"N=11,J=10.5,F=9.5","N=10,J=9.5,F=10.5",1246.08921,5.13e-07,0.022622695,2.267634337995539e-05,201288088.1980566,25.0,p-H2,HFS-resolved spectroscopy + HFS-resolved collisions
CN,62,60,N=11,N=10,"N=11,J=10.5,F=9.5","N=10,J=10.5,F=10.5",1243.82142,8.82e-07,0.022622695,3.8987397390098744e-05,201288088.1980566,25.0,p-H2,HFS-resolved spectroscopy + HFS-resolved collisions
CN,62,61,N=11,N=10,"N=11,J=10.5,F=9.5","N=10,J=10.5,F=9.5",1243.80527,9.63e-05,0.022622695,0.004256787266061802,201288088.1980566,25.0,p-H2,HFS-resolved spectroscopy + HFS-resolved collisions
CN,63,57,N=11,N=10,"N=11,J=10.5,F=10.5","N=10,J=9.5,F=9.5",1246.12462,0.0223,0.022602433,0.9866194493309636,200024446.79504865,25.0,p-H2,HFS-resolved spectroscopy + HFS-resolved collisions
CN,63,58,N=11,N=10,"N=11,J=10.5,F=10.5","N=10,J=9.5,F=10.5",1246.10554,0.000205,0.022602433,0.009069820049903476,200024446.79504865,25.0,p-H2,HFS-resolved spectroscopy + HFS-resolved collisions
CN,63,59,N=11,N=10,"N=11,J=10.5,F=10.5","N=10,J=10.5,F=11.5",1243.8544,8.05e-07,0.022602433,3.561563483010877e-05,200024446.79504865,25.0,p-H2,HFS-resolved spectroscopy + HFS-resolved collisions
CN,63,60,N=11,N=10,"N=11,J=10.5,F=10.5","N=10,J=10.5,F=10.5",1243.83775,9.58e-05,0.022602433,0.0042384817599061125,200024446.79504865,25.0,p-H2,HFS-resolved spectroscopy + HFS-resolved collisions
CN,63,61,N=11,N=10,"N=11,J=10.5,F=10.5","N=10,J=10.5,F=9.5",1243.8216,8.28e-07,0.022602433,3.663322439668331e-05,200024446.79504865,25.0,p-H2,HFS-resolved spectroscopy + HFS-resolved collisions
CN,64,58,N=11,N=10,"N=11,J=10.5,F=11.5","N=10,J=9.5,F=10.5",1246.12448,0.0225,0.022597766,0.9956736431379988,201299582.19389856,25.0,p-H2,HFS-resolved spectroscopy + HFS-resolved collisions
CN,64,59,N=11,N=10,"N=11,J=10.5,F=11.5","N=10,J=10.5,F=11.5",1243.87334,9.7e-05,0.022597766,0.004292459705972706,201299582.19389856,25.0,p-H2,HFS-resolved spectroscopy + HFS-resolved collisions
CN,64,60,N=11,N=10,"N=11,J=10.5,F=11.5","N=10,J=10.5,F=10.5",1243.85669,7.66e-07,0.022597766,3.38971560286092e-05,201299582.19389856,25.0,p-H2,HFS-resolved spectroscopy + HFS-resolved collisions
CN,65,59,N=11,N=10,"N=11,J=11.5,F=12.5","N=10,J=10.5,F=11.5",1246.3418,0.0227,0.0227,1.0,202468895.9774782,25.0,p-H2,HFS-resolved spectroscopy + HFS-resolved collisions
CN,66,59,N=11,N=10,"N=11,J=11.5,F=11.5","N=10,J=10.5,F=11.5",1246.35842,0.000171,0.022671,0.007542675664946407,201114358.83934933,25.0,p-H2,HFS-resolved spectroscopy + HFS-resolved collisions
CN,66,60,N=11,N=10,"N=11,J=11.5,F=11.5","N=10,J=10.5,F=10.5",1246.34178,0.0225,0.022671,0.9924573243350535,201114358.83934933,25.0,p-H2,HFS-resolved spectroscopy + HFS-resolved collisions
CN,67,59,N=11,N=10,"N=11,J=11.5,F=10.5","N=10,J=10.5,F=11.5",1246.37468,3.53e-07,0.022687353,1.555932946430551e-05,202154671.23620576,25.0,p-H2,HFS-resolved spectroscopy + HFS-resolved collisions
CN,67,60,N=11,N=10,"N=11,J=11.5,F=10.5","N=10,J=10.5,F=10.5",1246.35803,0.000187,0.022687353,0.00824247764822983,202154671.23620576,25.0,p-H2,HFS-resolved spectroscopy + HFS-resolved collisions
CN,67,61,N=11,N=10,"N=11,J=11.5,F=10.5","N=10,J=10.5,F=9.5",1246.34188,0.0225,0.022687353,0.9917419630223058,202154671.23620576,25.0,p-H2,HFS-resolved spectroscopy + HFS-resolved collisions
CN,68,62,N=12,N=11,"N=12,J=11.5,F=10.5","N=11,J=10.5,F=9.5",1359.20647,0.0291,0.029449262,0.9881402121384231,108500376.39679278,25.0,p-H2,HFS-resolved spectroscopy + HFS-resolved collisions
CN,68,63,N=12,N=11,"N=12,J=11.5,F=10.5","N=11,J=10.5,F=10.5",1359.19014,0.000243,0.029449262,0.008251480121980646,108500376.39679278,25.0,p-H2,HFS-resolved spectroscopy + HFS-resolved collisions
CN,68,64,N=12,N=11,"N=12,J=11.5,F=10.5","N=11,J=10.5,F=11.5",1359.1712,4.6e-07,0.029449262,1.5620085827617684e-05,108500376.39679278,25.0,p-H2,HFS-resolved spectroscopy + HFS-resolved collisions
CN,68,66,N=12,N=11,"N=12,J=11.5,F=10.5","N=11,J=11.5,F=11.5",1356.68612,8.02e-07,0.029449262,2.7233280073368223e-05,108500376.39679278,25.0,p-H2,HFS-resolved spectroscopy + HFS-resolved collisions
CN,68,67,N=12,N=11,"N=12,J=11.5,F=10.5","N=11,J=11.5,F=10.5",1356.66986,0.000105,0.029449262,0.0035654543736953407,108500376.39679278,25.0,p-H2,HFS-resolved spectroscopy + HFS-resolved collisions
CN,69,63,N=12,N=11,"N=12,J=11.5,F=11.5","N=11,J=10.5,F=10.5",1359.20649,0.0292,0.029529497000000002,0.9888417672674884,108287044.2997099,25.0,p-H2,HFS-resolved spectroscopy + HFS-resolved collisions
CN,69,64,N=12,N=11,"N=12,J=11.5,F=11.5","N=11,J=10.5,F=11.5",1359.18755,0.000223,0.029529497000000002,0.007551771030844176,108287044.2997099,25.0,p-H2,HFS-resolved spectroscopy + HFS-resolved collisions
CN,69,65,N=12,N=11,"N=12,J=11.5,F=11.5","N=11,J=11.5,F=12.5",1356.71909,7.38e-07,0.029529497000000002,2.4991959734363235e-05,108287044.2997099,25.0,p-H2,HFS-resolved spectroscopy + HFS-resolved collisions
CN,69,66,N=12,N=11,"N=12,J=11.5,F=11.5","N=11,J=11.5,F=11.5",1356.70247,0.000105,0.029529497000000002,0.003555766628872818,108287044.2997099,25.0,p-H2,HFS-resolved spectroscopy + HFS-resolved collisions
CN,69,67,N=12,N=11,"N=12,J=11.5,F=11.5","N=11,J=11.5,F=10.5",1356.68622,7.59e-07,0.029529497000000002,2.5703113060137798e-05,108287044.2997099,25.0,p-H2,HFS-resolved spectroscopy + HFS-resolved collisions
CN,70,64,N=12,N=11,"N=12,J=11.5,F=12.5","N=11,J=10.5,F=11.5",1359.20637,0.0294,0.029506707,0.9963836357611847,108276307.62679017,25.0,p-H2,HFS-resolved spectroscopy + HFS-resolved collisions
CN,70,65,N=12,N=11,"N=12,J=11.5,F=12.5","N=11,J=11.5,F=12.5",1356.73791,0.000106,0.029506707,0.0035924035847171966,108276307.62679017,25.0,p-H2,HFS-resolved spectroscopy + HFS-resolved collisions
CN,70,66,N=12,N=11,"N=12,J=11.5,F=12.5","N=11,J=11.5,F=11.5",1356.72129,7.07e-07,0.029506707,2.3960654098066585e-05,108276307.62679017,25.0,p-H2,HFS-resolved spectroscopy + HFS-resolved collisions
CN,71,65,N=12,N=11,"N=12,J=12.5,F=13.5","N=11,J=11.5,F=12.5",1359.4237,0.0295,0.0295,1.0,108037473.09993774,25.0,p-H2,HFS-resolved spectroscopy + HFS-resolved collisions
CN,72,65,N=12,N=11,"N=12,J=12.5,F=12.5","N=11,J=11.5,F=12.5",1359.4403,0.000189,0.029489,0.006409169520838279,108023151.12708133,25.0,p-H2,HFS-resolved spectroscopy + HFS-resolved collisions
CN,72,66,N=12,N=11,"N=12,J=12.5,F=12.5","N=11,J=11.5,F=11.5",1359.42368,0.0293,0.029489,0.9935908304791616,108023151.12708133,25.0,p-H2,HFS-resolved spectroscopy + HFS-resolved collisions
CN,73,65,N=12,N=11,"N=12,J=12.5,F=11.5","N=11,J=11.5,F=12.5",1359.45664,3.27e-07,0.029504327,1.10831201131956e-05,108466921.77441657,25.0,p-H2,HFS-resolved spectroscopy + HFS-resolved collisions
CN,73,66,N=12,N=11,"N=12,J=12.5,F=11.5","N=11,J=11.5,F=11.5",1359.44002,0.000204,0.029504327,0.006914240070617438,108466921.77441657,25.0,p-H2,HFS-resolved spectroscopy + HFS-resolved collisions
CN,73,67,N=12,N=11,"N=12,J=12.5,F=11.5","N=11,J=11.5,F=10.5",1359.42376,0.0293,0.029504327,0.9930746768092693,108466921.77441657,25.0,p-H2,HFS-resolved spectroscopy + HFS-resolved collisions
CN,3,1,N=1,N=0,"N=1,J=0.5,F=0.5","N=0,J=0.5,F=1.5",113.14416,1.05e-05,1.1789999999999999e-05,0.89058524173028,127688.45161151027,30.0,p-H2,HFS-resolved spectroscopy + HFS-resolved collisions
CN,3,2,N=1,N=0,"N=1,J=0.5,F=0.5","N=0,J=0.5,F=0.5",113.12337,1.29e-06,1.1789999999999999e-05,0.10941475826972011,127688.45161151027,30.0,p-H2,HFS-resolved spectroscopy + HFS-resolved collisions
CN,4,1,N=1,N=0,"N=1,J=0.5,F=1.5","N=0,J=0.5,F=1.5",113.19128,6.68e-06,1.182e-05,0.5651438240270727,133142.6304705422,30.0,p-H2,HFS-resolved spectroscopy + HFS-resolved collisions
CN,4,2,N=1,N=0,"N=1,J=0.5,F=1.5","N=0,J=0.5,F=0.5",113.17049,5.14e-06,1.182e-05,0.43485617597292725,133142.6304705422,30.0,p-H2,HFS-resolved spectroscopy + HFS-resolved collisions
CN,5,1,N=1,N=0,"N=1,J=1.5,F=2.5","N=0,J=0.5,F=1.5",113.49097,1.19e-05,1.19e-05,1.0,156453.49353152534,30.0,p-H2,HFS-resolved spectroscopy + HFS-resolved collisions
CN,6,1,N=1,N=0,"N=1,J=1.5,F=1.5","N=0,J=0.5,F=1.5",113.50891,5.19e-06,1.193e-05,0.435037720033529,136700.89670394876,30.0,p-H2,HFS-resolved spectroscopy + HFS-resolved collisions
CN,6,2,N=1,N=0,"N=1,J=1.5,F=1.5","N=0,J=0.5,F=0.5",113.48812,6.74e-06,1.193e-05,0.5649622799664711,136700.89670394876,30.0,p-H2,HFS-resolved spectroscopy + HFS-resolved collisions
CN,7,1,N=1,N=0,"N=1,J=1.5,F=0.5","N=0,J=0.5,F=1.5",113.52043,1.3e-06,1.19e-05,0.10924369747899161,135769.13478259117,30.0,p-H2,HFS-resolved spectroscopy + HFS-resolved collisions
CN,7,2,N=1,N=0,"N=1,J=1.5,F=0.5","N=0,J=0.5,F=0.5",113.49964,1.06e-05,1.19e-05,0.8907563025210085,135769.13478259117,30.0,p-H2,HFS-resolved spectroscopy + HFS-resolved collisions
CN,8,3,N=2,N=1,"N=2,J=1.5,F=0.5","N=1,J=0.5,F=0.5",226.66369,8.46e-05,0.00011383,0.7432135640867961,1223294.6133660474,30.0,p-H2,HFS-resolved spectroscopy + HFS-resolved collisions
CN,8,4,N=2,N=1,"N=2,J=1.5,F=0.5","N=1,J=0.5,F=1.5",226.61657,1.07e-05,0.00011383,0.09399982429939382,1223294.6133660474,30.0,p-H2,HFS-resolved spectroscopy + HFS-resolved collisions
CN,8,6,N=2,N=1,"N=2,J=1.5,F=0.5","N=1,J=1.5,F=1.5",226.29894,8.23e-06,0.00011383,0.07230079943775806,1223294.6133660474,30.0,p-H2,HFS-resolved spectroscopy + HFS-resolved collisions
CN,8,7,N=2,N=1,"N=2,J=1.5,F=0.5","N=1,J=1.5,F=0.5",226.28742,1.03e-05,0.00011383,0.090485812176052,1223294.6133660474,30.0,p-H2,HFS-resolved spectroscopy + HFS-resolved collisions
CN,9,3,N=2,N=1,"N=2,J=1.5,F=1.5","N=1,J=0.5,F=0.5",226.67931,5.27e-05,0.00011392,0.4626053370786517,1237217.2732957967,30.0,p-H2,HFS-resolved spectroscopy + HFS-resolved collisions
CN,9,4,N=2,N=1,"N=2,J=1.5,F=1.5","N=1,J=0.5,F=1.5",226.63219,4.26e-05,0.00011392,0.37394662921348315,1237217.2732957967,30.0,p-H2,HFS-resolved spectroscopy + HFS-resolved collisions
CN,9,5,N=2,N=1,"N=2,J=1.5,F=1.5","N=1,J=1.5,F=2.5",226.3325,4.55e-06,0.00011392,0.039940308988764044,1237217.2732957967,30.0,p-H2,HFS-resolved spectroscopy + HFS-resolved collisions
CN,9,6,N=2,N=1,"N=2,J=1.5,F=1.5","N=1,J=1.5,F=1.5",226.31454,9.9e-06,0.00011392,0.08690308988764045,1237217.2732957967,30.0,p-H2,HFS-resolved spectroscopy + HFS-resolved collisions
CN,9,7,N=2,N=1,"N=2,J=1.5,F=1.5","N=1,J=1.5,F=0.5",226.30304,4.17e-06,0.00011392,0.036604634831460675,1237217.2732957967,30.0,p-H2,HFS-resolved spectroscopy + HFS-resolved collisions
CN,10,4,N=2,N=1,"N=2,J=1.5,F=2.5","N=1,J=0.5,F=1.5",226.65956,9.47e-05,0.00011396,0.830993330993331,1437072.7162887545,30.0,p-H2,HFS-resolved spectroscopy + HFS-resolved collisions
CN,10,5,N=2,N=1,"N=2,J=1.5,F=2.5","N=1,J=1.5,F=2.5",226.35987,1.61e-05,0.00011396,0.14127764127764125,1437072.7162887545,30.0,p-H2,HFS-resolved spectroscopy + HFS-resolved collisions
CN,10,6,N=2,N=1,"N=2,J=1.5,F=2.5","N=1,J=1.5,F=1.5",226.34193,3.16e-06,0.00011396,0.027729027729027727,1437072.7162887545,30.0,p-H2,HFS-resolved spectroscopy + HFS-resolved collisions
CN,11,5,N=2,N=1,"N=2,J=2.5,F=3.5","N=1,J=1.5,F=2.5",226.87478,0.000114,0.000114,1.0,1600648.6968989547,30.0,p-H2,HFS-resolved spectroscopy + HFS-resolved collisions
CN,12,4,N=2,N=1,"N=2,J=2.5,F=2.5","N=1,J=0.5,F=1.5",227.19182,1.45e-09,0.00011430144999999999,1.268575333033833e-05,1413480.974784106,30.0,p-H2,HFS-resolved spectroscopy + HFS-resolved collisions
CN,12,5,N=2,N=1,"N=2,J=2.5,F=2.5","N=1,J=1.5,F=2.5",226.89213,1.81e-05,0.00011430144999999999,0.1583531967442233,1413480.974784106,30.0,p-H2,HFS-resolved spectroscopy + HFS-resolved collisions
CN,12,6,N=2,N=1,"N=2,J=2.5,F=2.5","N=1,J=1.5,F=1.5",226.87419,9.62e-05,0.00011430144999999999,0.8416341175024464,1413480.974784106,30.0,p-H2,HFS-resolved spectroscopy + HFS-resolved collisions
CN,13,5,N=2,N=1,"N=2,J=2.5,F=1.5","N=1,J=1.5,F=2.5",226.90536,1.13e-06,0.00011433,0.009883670077844835,1478054.4739817465,30.0,p-H2,HFS-resolved spectroscopy + HFS-resolved collisions
CN,13,6,N=2,N=1,"N=2,J=2.5,F=1.5","N=1,J=1.5,F=1.5",226.88742,2.73e-05,0.00011433,0.23878247179218054,1478054.4739817465,30.0,p-H2,HFS-resolved spectroscopy + HFS-resolved collisions
CN,13,7,N=2,N=1,"N=2,J=2.5,F=1.5","N=1,J=1.5,F=0.5",226.8759,8.59e-05,0.00011433,0.7513338581299747,1478054.4739817465,30.0,p-H2,HFS-resolved spectroscopy + HFS-resolved collisions
CN,14,8,N=3,N=2,"N=3,J=2.5,F=1.5","N=2,J=1.5,F=0.5",340.03541,0.000289,0.00041252,0.7005720934742558,5141269.815288371,30.0,p-H2,HFS-resolved spectroscopy + HFS-resolved collisions
CN,14,9,N=3,N=2,"N=3,J=2.5,F=1.5","N=2,J=1.5,F=1.5",340.01963,9.27e-05,0.00041252,0.22471637738776304,5141269.815288371,30.0,p-H2,HFS-resolved spectroscopy + HFS-resolved collisions
CN,14,10,N=3,N=2,"N=3,J=2.5,F=1.5","N=2,J=1.5,F=2.5",339.99226,3.89e-06,0.00041252,0.009429845825656938,5141269.815288371,30.0,p-H2,HFS-resolved spectroscopy + HFS-resolved collisions
CN,14,12,N=3,N=2,"N=3,J=2.5,F=1.5","N=2,J=2.5,F=2.5",339.46,4.33e-06,0.00041252,0.010496460777659266,5141269.815288371,30.0,p-H2,HFS-resolved spectroscopy + HFS-resolved collisions
CN,14,13,N=3,N=2,"N=3,J=2.5,F=1.5","N=2,J=2.5,F=1.5",339.44678,2.26e-05,0.00041252,0.05478522253466499,5141269.815288371,30.0,p-H2,HFS-resolved spectroscopy + HFS-resolved collisions
CN,15,9,N=3,N=2,"N=3,J=2.5,F=2.5","N=2,J=1.5,F=1.5",340.03541,0.000323,0.00041213999999999997,0.7837142718493716,4912364.740128287,30.0,p-H2,HFS-resolved spectroscopy + HFS-resolved collisions
CN,15,10,N=3,N=2,"N=3,J=2.5,F=2.5","N=2,J=1.5,F=2.5",340.00813,6.2e-05,0.00041213999999999997,0.1504343184354831,4912364.740128287,30.0,p-H2,HFS-resolved spectroscopy + HFS-resolved collisions
CN,15,11,N=3,N=2,"N=3,J=2.5,F=2.5","N=2,J=2.5,F=3.5",339.49321,2.99e-06,0.00041213999999999997,0.007254816324549911,4912364.740128287,30.0,p-H2,HFS-resolved spectroscopy + HFS-resolved collisions
CN,15,12,N=3,N=2,"N=3,J=2.5,F=2.5","N=2,J=2.5,F=2.5",339.4759,2.12e-05,0.00041213999999999997,0.05143883146503616,4912364.740128287,30.0,p-H2,HFS-resolved spectroscopy + HFS-resolved collisions
CN,15,13,N=3,N=2,"N=3,J=2.5,F=2.5","N=2,J=2.5,F=1.5",339.46264,2.95e-06,0.00041213999999999997,0.007157761925559277,4912364.740128287,30.0,p-H2,HFS-resolved spectroscopy + HFS-resolved collisions
CN,16,10,N=3,N=2,"N=3,J=2.5,F=3.5","N=2,J=1.5,F=2.5",340.03155,0.000384,0.00041173,0.9326500376460302,5567844.769255842,30.0,p-H2,HFS-resolved spectroscopy + HFS-resolved collisions
CN,16,11,N=3,N=2,"N=3,J=2.5,F=3.5","N=2,J=2.5,F=3.5",339.51664,2.54e-05,0.00041173,0.06169091394846137,5567844.769255842,30.0,p-H2,HFS-resolved spectroscopy + HFS-resolved collisions
CN,16,12,N=3,N=2,"N=3,J=2.5,F=3.5","N=2,J=2.5,F=2.5",339.49929,2.33e-06,0.00041173,0.005659048405508464,5567844.769255842,30.0,p-H2,HFS-resolved spectroscopy + HFS-resolved collisions
CN,17,11,N=3,N=2,"N=3,J=3.5,F=4.5","N=2,J=2.5,F=3.5",340.24777,0.000413,0.000413,1.0,5912821.142654993,30.0,p-H2,HFS-resolved spectroscopy + HFS-resolved collisions
CN,18,11,N=3,N=2,"N=3,J=3.5,F=3.5","N=2,J=2.5,F=3.5",340.26495,3.35e-05,0.0004135,0.08101571946795647,5401494.151967554,30.0,p-H2,HFS-resolved spectroscopy + HFS-resolved collisions
CN,18,12,N=3,N=2,"N=3,J=3.5,F=3.5","N=2,J=2.5,F=2.5",340.24777,0.00038,0.0004135,0.9189842805320435,5401494.151967554,30.0,p-H2,HFS-resolved spectroscopy + HFS-resolved collisions
CN,19,11,N=3,N=2,"N=3,J=3.5,F=2.5","N=2,J=2.5,F=3.5",340.27912,9.27e-07,0.000412727,0.002246036726455987,5661022.467053421,30.0,p-H2,HFS-resolved spectroscopy + HFS-resolved collisions
CN,19,12,N=3,N=2,"N=3,J=3.5,F=2.5","N=2,J=2.5,F=2.5",340.26177,4.48e-05,0.000412727,0.10854632723325587,5661022.467053421,30.0,p-H2,HFS-resolved spectroscopy + HFS-resolved collisions
CN,19,13,N=3,N=2,"N=3,J=3.5,F=2.5","N=2,J=2.5,F=1.5",340.24854,0.000367,0.000412727,0.8892076360402881,5661022.467053421,30.0,p-H2,HFS-resolved spectroscopy + HFS-resolved collisions
CN,20,14,N=4,N=3,"N=4,J=3.5,F=2.5","N=3,J=2.5,F=1.5",453.39147,0.000869,0.0010138599999999999,0.8571203124691773,13632424.536097258,30.0,p-H2,HFS-resolved spectroscopy + HFS-resolved collisions
CN,20,15,N=4,N=3,"N=4,J=3.5,F=2.5","N=3,J=2.5,F=2.5",453.3756,0.000107,0.0010138599999999999,0.105537253664214,13632424.536097258,30.0,p-H2,HFS-resolved spectroscopy + HFS-resolved collisions
CN,20,16,N=4,N=3,"N=4,J=3.5,F=2.5","N=3,J=2.5,F=3.5",453.35218,2.24e-06,0.0010138599999999999,0.002209378020634013,13632424.536097258,30.0,p-H2,HFS-resolved spectroscopy + HFS-resolved collisions
CN,20,18,N=4,N=3,"N=4,J=3.5,F=2.5","N=3,J=3.5,F=3.5",452.60386,2.92e-06,0.0010138599999999999,0.0028800820626121953,13632424.536097258,30.0,p-H2,HFS-resolved spectroscopy + HFS-resolved collisions
CN,20,19,N=4,N=3,"N=4,J=3.5,F=2.5","N=3,J=3.5,F=2.5",452.58969,3.27e-05,0.0010138599999999999,0.0322529737833626,13632424.536097258,30.0,p-H2,HFS-resolved spectroscopy + HFS-resolved collisions
CN,21,15,N=4,N=3,"N=4,J=3.5,F=3.5","N=3,J=2.5,F=2.5",453.39161,0.000897,0.00101308,0.8854187231018281,13041217.616548378,30.0,p-H2,HFS-resolved spectroscopy + HFS-resolved collisions
CN,21,16,N=4,N=3,"N=4,J=3.5,F=3.5","N=3,J=2.5,F=3.5",453.36819,8.02e-05,0.00101308,0.07916452797409879,13041217.616548378,30.0,p-H2,HFS-resolved spectroscopy + HFS-resolved collisions
CN,21,17,N=4,N=3,"N=4,J=3.5,F=3.5","N=3,J=3.5,F=4.5",452.63697,2.23e-06,0.00101308,0.0022012081967860385,13041217.616548378,30.0,p-H2,HFS-resolved spectroscopy + HFS-resolved collisions
CN,21,18,N=4,N=3,"N=4,J=3.5,F=3.5","N=3,J=3.5,F=3.5",452.61987,3.14e-05,0.00101308,0.030994590752951395,13041217.616548378,30.0,p-H2,HFS-resolved spectroscopy + HFS-resolved collisions
CN,21,19,N=4,N=3,"N=4,J=3.5,F=3.5","N=3,J=3.5,F=2.5",452.6057,2.25e-06,0.00101308,0.0022209499743356892,13041217.616548378,30.0,p-H2,HFS-resolved spectroscopy + HFS-resolved collisions
CN,22,16,N=4,N=3,"N=4,J=3.5,F=4.5","N=3,J=2.5,F=3.5",453.38992,0.000977,0.00101336,0.964119365279861,14180850.881071089,30.0,p-H2,HFS-resolved spectroscopy + HFS-resolved collisions
CN,22,17,N=4,N=3,"N=4,J=3.5,F=4.5","N=3,J=3.5,F=4.5",452.6587,3.45e-05,0.00101336,0.03404515670640246,14180850.881071089,30.0,p-H2,HFS-resolved spectroscopy + HFS-resolved collisions
CN,22,18,N=4,N=3,"N=4,J=3.5,F=4.5","N=3,J=3.5,F=3.5",452.64161,1.86e-06,0.00101336,0.0018354780137364805,14180850.881071089,30.0,p-H2,HFS-resolved spectroscopy + HFS-resolved collisions
CN,23,17,N=4,N=3,"N=4,J=4.5,F=5.5","N=3,J=3.5,F=4.5",453.60668,0.00102,0.00102,1.0,14720121.287987132,30.0,p-H2,HFS-resolved spectroscopy + HFS-resolved collisions
CN,24,17,N=4,N=3,"N=4,J=4.5,F=4.5","N=3,J=3.5,F=4.5",453.62363,4.99e-05,0.0010149,0.04916740565572963,13774671.568611631,30.0,p-H2,HFS-resolved spectroscopy + HFS-resolved collisions
CN,24,18,N=4,N=3,"N=4,J=4.5,F=4.5","N=3,J=3.5,F=3.5",453.60654,0.000965,0.0010149,0.9508325943442704,13774671.568611631,30.0,p-H2,HFS-resolved spectroscopy + HFS-resolved collisions
CN,25,17,N=4,N=3,"N=4,J=4.5,F=3.5","N=3,J=3.5,F=4.5",453.6384,7.77e-07,0.0010151770000000001,0.0007653837705148954,14312351.009702558,30.0,p-H2,HFS-resolved spectroscopy + HFS-resolved collisions
CN,25,18,N=4,N=3,"N=4,J=4.5,F=3.5","N=3,J=3.5,F=3.5",453.62131,6.24e-05,0.0010151770000000001,0.06146711361664024,14312351.009702558,30.0,p-H2,HFS-resolved spectroscopy + HFS-resolved collisions
CN,25,19,N=4,N=3,"N=4,J=4.5,F=3.5","N=3,J=3.5,F=2.5",453.60713,0.000952,0.0010151770000000001,0.9377675026128448,14312351.009702558,30.0,p-H2,HFS-resolved spectroscopy + HFS-resolved collisions
CN,26,20,N=5,N=4,"N=5,J=4.5,F=3.5","N=4,J=3.5,F=2.5",566.73075,0.00186,0.00202894,0.9167348467672776,27736449.404721223,30.0,p-H2,HFS-resolved spectroscopy + HFS-resolved collisions
CN,26,21,N=5,N=4,"N=5,J=4.5,F=3.5","N=4,J=3.5,F=3.5",566.71474,0.000123,0.00202894,0.06062278825396513,27736449.404721223,30.0,p-H2,HFS-resolved spectroscopy + HFS-resolved collisions
CN,26,22,N=5,N=4,"N=5,J=4.5,F=3.5","N=4,J=3.5,F=4.5",566.693,1.54e-06,0.00202894,0.0007590170236675309,27736449.404721223,30.0,p-H2,HFS-resolved spectroscopy + HFS-resolved collisions
CN,26,24,N=5,N=4,"N=5,J=4.5,F=3.5","N=4,J=4.5,F=4.5",565.72807,2.2e-06,0.00202894,0.0010843100338107585,27736449.404721223,30.0,p-H2,HFS-resolved spectroscopy + HFS-resolved collisions
CN,26,25,N=5,N=4,"N=5,J=4.5,F=3.5","N=4,J=4.5,F=3.5",565.71331,4.22e-05,0.00202894,0.020799037921279094,27736449.404721223,30.0,p-H2,HFS-resolved spectroscopy + HFS-resolved collisions
CN,27,21,N=5,N=4,"N=5,J=4.5,F=4.5","N=4,J=3.5,F=3.5",566.73084,0.00188,0.00202279,0.9294093801136054,26730820.92017777,30.0,p-H2,HFS-resolved spectroscopy + HFS-resolved collisions
CN,27,22,N=5,N=4,"N=5,J=4.5,F=4.5","N=4,J=3.5,F=4.5",566.70911,9.81e-05,0.00202279,0.048497372441034414,26730820.92017777,30.0,p-H2,HFS-resolved spectroscopy + HFS-resolved collisions
CN,27,23,N=5,N=4,"N=5,J=4.5,F=4.5","N=4,J=4.5,F=5.5",565.76113,1.78e-06,0.00202279,0.0008799727109586264,26730820.92017777,30.0,p-H2,HFS-resolved spectroscopy + HFS-resolved collisions
CN,27,24,N=5,N=4,"N=5,J=4.5,F=4.5","N=4,J=4.5,F=4.5",565.74418,4.11e-05,0.00202279,0.020318471022696377,26730820.92017777,30.0,p-H2,HFS-resolved spectroscopy + HFS-resolved collisions
CN,27,25,N=5,N=4,"N=5,J=4.5,F=4.5","N=4,J=4.5,F=3.5",565.72941,1.81e-06,0.00202279,0.0008948037117051202,26730820.92017777,30.0,p-H2,HFS-resolved spectroscopy + HFS-resolved collisions
CN,28,22,N=5,N=4,"N=5,J=4.5,F=5.5","N=4,J=3.5,F=4.5",566.7299,0.00198,0.00202504,0.9777584640303401,28244080.591707706,30.0,p-H2,HFS-resolved spectroscopy + HFS-resolved collisions
CN,28,23,N=5,N=4,"N=5,J=4.5,F=5.5","N=4,J=4.5,F=5.5",565.78192,4.35e-05,0.00202504,0.021481057164302927,28244080.591707706,30.0,p-H2,HFS-resolved spectroscopy + HFS-resolved collisions
CN,28,24,N=5,N=4,"N=5,J=4.5,F=5.5","N=4,J=4.5,F=4.5",565.76498,1.54e-06,0.00202504,0.0007604788053569312,28244080.591707706,30.0,p-H2,HFS-resolved spectroscopy + HFS-resolved collisions
CN,29,23,N=5,N=4,"N=5,J=5.5,F=6.5","N=4,J=4.5,F=5.5",566.94689,0.00203,0.00203,1.0,28757961.198734175,30.0,p-H2,HFS-resolved spectroscopy + HFS-resolved collisions
CN,30,23,N=5,N=4,"N=5,J=5.5,F=5.5","N=4,J=4.5,F=5.5",566.96375,6.68e-05,0.0020268,0.03295835800276298,27596944.803285778,30.0,p-H2,HFS-resolved spectroscopy + HFS-resolved collisions
CN,30,24,N=5,N=4,"N=5,J=5.5,F=5.5","N=4,J=4.5,F=4.5",566.9468,0.00196,0.0020268,0.967041641997237,27596944.803285778,30.0,p-H2,HFS-resolved spectroscopy + HFS-resolved collisions
CN,31,23,N=5,N=4,"N=5,J=5.5,F=4.5","N=4,J=4.5,F=5.5",566.97893,6.66e-07,0.002030866,0.0003279389186681937,28405405.9282901,30.0,p-H2,HFS-resolved spectroscopy + HFS-resolved collisions
CN,31,24,N=5,N=4,"N=5,J=5.5,F=4.5","N=4,J=4.5,F=4.5",566.96198,8.02e-05,0.002030866,0.03949054245824195,28405405.9282901,30.0,p-H2,HFS-resolved spectroscopy + HFS-resolved collisions
CN,31,25,N=5,N=4,"N=5,J=5.5,F=4.5","N=4,J=4.5,F=3.5",566.94721,0.00195,0.002030866,0.9601815186230898,28405405.9282901,30.0,p-H2,HFS-resolved spectroscopy + HFS-resolved collisions
CN,32,26,N=6,N=5,"N=6,J=5.5,F=4.5","N=5,J=4.5,F=3.5",680.04738,0.00336,0.00355332,0.9455945425686401,46135354.32708862,30.0,p-H2,HFS-resolved spectroscopy + HFS-resolved collisions
CN,32,27,N=6,N=5,"N=6,J=5.5,F=4.5","N=5,J=4.5,F=4.5",680.03127,0.000139,0.00355332,0.03911834565983362,46135354.32708862,30.0,p-H2,HFS-resolved spectroscopy + HFS-resolved collisions
CN,32,28,N=6,N=5,"N=6,J=5.5,F=4.5","N=5,J=4.5,F=5.5",680.01048,1.16e-06,0.00355332,0.0003264552587439352,46135354.32708862,30.0,p-H2,HFS-resolved spectroscopy + HFS-resolved collisions
CN,32,30,N=6,N=5,"N=6,J=5.5,F=4.5","N=5,J=5.5,F=5.5",678.82865,1.76e-06,0.00355332,0.0004953114270597639,46135354.32708862,30.0,p-H2,HFS-resolved spectroscopy + HFS-resolved collisions
CN,32,31,N=6,N=5,"N=6,J=5.5,F=4.5","N=5,J=5.5,F=4.5",678.81347,5.14e-05,0.00355332,0.014465345085722649,46135354.32708862,30.0,p-H2,HFS-resolved spectroscopy + HFS-resolved collisions
CN,33,27,N=6,N=5,"N=6,J=5.5,F=5.5","N=5,J=4.5,F=4.5",680.04744,0.00338,0.00354949,0.952249478094036,45014708.76147319,30.0,p-H2,HFS-resolved spectroscopy + HFS-resolved collisions
CN,33,28,N=6,N=5,"N=6,J=5.5,F=5.5","N=5,J=4.5,F=5.5",680.02664,0.000116,0.00354949,0.0326807513192036,45014708.76147319,30.0,p-H2,HFS-resolved spectroscopy + HFS-resolved collisions
CN,33,29,N=6,N=5,"N=6,J=5.5,F=5.5","N=5,J=5.5,F=6.5",678.86167,1.48e-06,0.00354949,0.00041696130993466667,45014708.76147319,30.0,p-H2,HFS-resolved spectroscopy + HFS-resolved collisions
CN,33,30,N=6,N=5,"N=6,J=5.5,F=5.5","N=5,J=5.5,F=5.5",678.84482,5.05e-05,0.00354949,0.014227396048446396,45014708.76147319,30.0,p-H2,HFS-resolved spectroscopy + HFS-resolved collisions
CN,33,31,N=6,N=5,"N=6,J=5.5,F=5.5","N=5,J=5.5,F=4.5",678.82964,1.51e-06,0.00354949,0.0004254132283792883,45014708.76147319,30.0,p-H2,HFS-resolved spectroscopy + HFS-resolved collisions
CN,34,28,N=6,N=5,"N=6,J=5.5,F=6.5","N=5,J=4.5,F=5.5",680.04685,0.0035,0.00355382,0.9848557327045264,46666069.46711555,30.0,p-H2,HFS-resolved spectroscopy + HFS-resolved collisions
CN,34,29,N=6,N=5,"N=6,J=5.5,F=6.5","N=5,J=5.5,F=6.5",678.88188,5.25e-05,0.00355382,0.014772835990567897,46666069.46711555,30.0,p-H2,HFS-resolved spectroscopy + HFS-resolved collisions
CN,34,30,N=6,N=5,"N=6,J=5.5,F=6.5","N=5,J=5.5,F=5.5",678.86502,1.32e-06,0.00355382,0.0003714313049057071,46666069.46711555,30.0,p-H2,HFS-resolved spectroscopy + HFS-resolved collisions
CN,35,29,N=6,N=5,"N=6,J=6.5,F=7.5","N=5,J=5.5,F=6.5",680.26397,0.00356,0.00356,1.0,47139595.026694275,30.0,p-H2,HFS-resolved spectroscopy + HFS-resolved collisions
CN,36,29,N=6,N=5,"N=6,J=6.5,F=6.5","N=5,J=5.5,F=6.5",680.28076,8.39e-05,0.0035539,0.023607867413264302,45844947.75260746,30.0,p-H2,HFS-resolved spectroscopy + HFS-resolved collisions
CN,36,30,N=6,N=5,"N=6,J=6.5,F=6.5","N=5,J=5.5,F=5.5",680.2639,0.00347,0.0035539,0.9763921325867357,45844947.75260746,30.0,p-H2,HFS-resolved spectroscopy + HFS-resolved collisions
CN,37,29,N=6,N=5,"N=6,J=6.5,F=5.5","N=5,J=5.5,F=6.5",680.29624,5.81e-07,0.003558481,0.00016327191293138843,46828353.530800566,30.0,p-H2,HFS-resolved spectroscopy + HFS-resolved collisions
CN,37,30,N=6,N=5,"N=6,J=6.5,F=5.5","N=5,J=5.5,F=5.5",680.27938,9.79e-05,0.003558481,0.027511738857113468,46828353.530800566,30.0,p-H2,HFS-resolved spectroscopy + HFS-resolved collisions
CN,37,31,N=6,N=5,"N=6,J=6.5,F=5.5","N=5,J=5.5,F=4.5",680.2642,0.00346,0.003558481,0.9723249892299551,46828353.530800566,30.0,p-H2,HFS-resolved spectroscopy + HFS-resolved collisions
CN,38,32,N=7,N=6,"N=7,J=6.5,F=5.5","N=6,J=5.5,F=4.5",793.33649,0.00548,0.005698902,0.9615887411294316,66913224.2990999,30.0,p-H2,HFS-resolved spectroscopy + HFS-resolved collisions
CN,38,33,N=7,N=6,"N=7,J=6.5,F=5.5","N=6,J=5.5,F=5.5",793.32032,0.000156,0.005698902,0.027373694090545863,66913224.2990999,30.0,p-H2,HFS-resolved spectroscopy + HFS-resolved collisions
CN,38,34,N=7,N=6,"N=7,J=6.5,F=5.5","N=6,J=5.5,F=6.5",793.30012,9.32e-07,0.005698902,0.0001635402749512099,66913224.2990999,30.0,p-H2,HFS-resolved spectroscopy + HFS-resolved collisions
CN,38,36,N=7,N=6,"N=7,J=6.5,F=5.5","N=6,J=6.5,F=6.5",791.90124,1.47e-06,0.005698902,0.00025794442508398984,66913224.2990999,30.0,p-H2,HFS-resolved spectroscopy + HFS-resolved collisions
CN,38,37,N=7,N=6,"N=7,J=6.5,F=5.5","N=6,J=6.5,F=5.5",791.88576,6.05e-05,0.005698902,0.010616080079987338,66913224.2990999,30.0,p-H2,HFS-resolved spectroscopy + HFS-resolved collisions
CN,39,33,N=7,N=6,"N=7,J=6.5,F=6.5","N=6,J=5.5,F=5.5",793.33654,0.00551,0.00570627,0.9656045017147804,65883507.61997622,30.0,p-H2,HFS-resolved spectroscopy + HFS-resolved collisions
CN,39,34,N=7,N=6,"N=7,J=6.5,F=6.5","N=6,J=5.5,F=6.5",793.31633,0.000134,0.00570627,0.023482940695059996,65883507.61997622,30.0,p-H2,HFS-resolved spectroscopy + HFS-resolved collisions
CN,39,35,N=7,N=6,"N=7,J=6.5,F=6.5","N=6,J=6.5,F=7.5",791.93424,1.27e-06,0.00570627,0.00022256219912482233,65883507.61997622,30.0,p-H2,HFS-resolved spectroscopy + HFS-resolved collisions
CN,39,36,N=7,N=6,"N=7,J=6.5,F=6.5","N=6,J=6.5,F=6.5",791.91745,5.97e-05,0.00570627,0.010462175817127476,65883507.61997622,30.0,p-H2,HFS-resolved spectroscopy + HFS-resolved collisions
CN,39,37,N=7,N=6,"N=7,J=6.5,F=6.5","N=6,J=6.5,F=5.5",791.90197,1.3e-06,0.00570627,0.00022781957390729846,65883507.61997622,30.0,p-H2,HFS-resolved spectroscopy + HFS-resolved collisions
CN,40,34,N=7,N=6,"N=7,J=6.5,F=7.5","N=6,J=5.5,F=6.5",793.33613,0.00564,0.00570265,0.9890138795121566,67334763.74202405,30.0,p-H2,HFS-resolved spectroscopy + HFS-resolved collisions
CN,40,35,N=7,N=6,"N=7,J=6.5,F=7.5","N=6,J=6.5,F=7.5",791.95404,6.15e-05,0.00570265,0.01078445985638256,67334763.74202405,30.0,p-H2,HFS-resolved spectroscopy + HFS-resolved collisions
CN,40,36,N=7,N=6,"N=7,J=6.5,F=7.5","N=6,J=6.5,F=6.5",791.93725,1.15e-06,0.00570265,0.00020166063146081207,67334763.74202405,30.0,p-H2,HFS-resolved spectroscopy + HFS-resolved collisions
CN,41,35,N=7,N=6,"N=7,J=7.5,F=8.5","N=6,J=6.5,F=7.5",793.55333,0.00571,0.00571,1.0,67728381.11450098,30.0,p-H2,HFS-resolved spectroscopy + HFS-resolved collisions
CN,42,35,N=7,N=6,"N=7,J=7.5,F=7.5","N=6,J=6.5,F=7.5",793.57007,0.000101,0.005711000000000001,0.01768516897215899,66664773.863759436,30.0,p-H2,HFS-resolved spectroscopy + HFS-resolved collisions
CN,42,36,N=7,N=6,"N=7,J=7.5,F=7.5","N=6,J=6.5,F=6.5",793.55328,0.00561,0.005711000000000001,0.9823148310278409,66664773.863759436,30.0,p-H2,HFS-resolved spectroscopy + HFS-resolved collisions
CN,43,35,N=7,N=6,"N=7,J=7.5,F=6.5","N=6,J=6.5,F=7.5",793.58578,5.15e-07,0.0057065150000000005,9.02477256258855e-05,67476026.90486683,30.0,p-H2,HFS-resolved spectroscopy + HFS-resolved collisions
CN,43,36,N=7,N=6,"N=7,J=7.5,F=6.5","N=6,J=6.5,F=6.5",793.56899,0.000116,0.0057065150000000005,0.020327643053597508,67476026.90486683,30.0,p-H2,HFS-resolved spectroscopy + HFS-resolved collisions
CN,43,37,N=7,N=6,"N=7,J=7.5,F=6.5","N=6,J=6.5,F=5.5",793.55351,0.00559,0.0057065150000000005,0.9795821092207766,67476026.90486683,30.0,p-H2,HFS-resolved spectroscopy + HFS-resolved collisions
CN,44,38,N=8,N=7,"N=8,J=7.5,F=6.5","N=7,J=6.5,F=5.5",906.5934,0.00834,0.008584535,0.9715144734106157,92602551.20290916,30.0,p-H2,HFS-resolved spectroscopy + HFS-resolved collisions
CN,44,39,N=8,N=7,"N=8,J=7.5,F=6.5","N=7,J=6.5,F=6.5",906.57718,0.000173,0.008584535,0.02015251845324179,92602551.20290916,30.0,p-H2,HFS-resolved spectroscopy + HFS-resolved collisions
CN,44,40,N=8,N=7,"N=8,J=7.5,F=6.5","N=7,J=6.5,F=7.5",906.55739,7.75e-07,0.008584535,9.02786231286843e-05,92602551.20290916,30.0,p-H2,HFS-resolved spectroscopy + HFS-resolved collisions
CN,44,42,N=8,N=7,"N=8,J=7.5,F=6.5","N=7,J=7.5,F=7.5",904.94135,1.26e-06,0.008584535,0.0001467755679253448,92602551.20290916,30.0,p-H2,HFS-resolved spectroscopy + HFS-resolved collisions
CN,44,43,N=8,N=7,"N=8,J=7.5,F=6.5","N=7,J=7.5,F=6.5",904.92564,6.95e-05,0.008584535,0.008095953945088464,92602551.20290916,30.0,p-H2,HFS-resolved spectroscopy + HFS-resolved collisions
CN,45,39,N=8,N=7,"N=8,J=7.5,F=7.5","N=7,J=6.5,F=6.5",906.59343,0.00836,0.00858305,0.9740127344009413,91508926.80818208,30.0,p-H2,HFS-resolved spectroscopy + HFS-resolved collisions
CN,45,40,N=8,N=7,"N=8,J=7.5,F=7.5","N=7,J=6.5,F=7.5",906.57364,0.000152,0.00858305,0.01770932244365348,91508926.80818208,30.0,p-H2,HFS-resolved spectroscopy + HFS-resolved collisions
CN,45,41,N=8,N=7,"N=8,J=7.5,F=7.5","N=7,J=7.5,F=8.5",904.97435,1.11e-06,0.00858305,0.00012932465731878528,91508926.80818208,30.0,p-H2,HFS-resolved spectroscopy + HFS-resolved collisions
CN,45,42,N=8,N=7,"N=8,J=7.5,F=7.5","N=7,J=7.5,F=7.5",904.95761,6.88e-05,0.00858305,0.008015798579758943,91508926.80818208,30.0,p-H2,HFS-resolved spectroscopy + HFS-resolved collisions
CN,45,43,N=8,N=7,"N=8,J=7.5,F=7.5","N=7,J=7.5,F=6.5",904.9419,1.14e-06,0.00858305,0.0001328199183274011,91508926.80818208,30.0,p-H2,HFS-resolved spectroscopy + HFS-resolved collisions
CN,46,40,N=8,N=7,"N=8,J=7.5,F=8.5","N=7,J=6.5,F=7.5",906.59313,0.00851,0.008581420000000001,0.9916773680812732,92896381.57721081,30.0,p-H2,HFS-resolved spectroscopy + HFS-resolved collisions
CN,46,41,N=8,N=7,"N=8,J=7.5,F=8.5","N=7,J=7.5,F=8.5",904.99384,7.04e-05,0.008581420000000001,0.008203770471553658,92896381.57721081,30.0,p-H2,HFS-resolved spectroscopy + HFS-resolved collisions
CN,46,42,N=8,N=7,"N=8,J=7.5,F=8.5","N=7,J=7.5,F=7.5",904.9771,1.02e-06,0.008581420000000001,0.00011886144717307857,92896381.57721081,30.0,p-H2,HFS-resolved spectroscopy + HFS-resolved collisions
CN,47,41,N=8,N=7,"N=8,J=8.5,F=9.5","N=7,J=7.5,F=8.5",906.81039,0.00859,0.00859,1.0,93322704.33403637,30.0,p-H2,HFS-resolved spectroscopy + HFS-resolved collisions
CN,48,41,N=8,N=7,"N=8,J=8.5,F=8.5","N=7,J=7.5,F=8.5",906.82709,0.000119,0.008589,0.013854930725346375,92149423.10227002,30.0,p-H2,HFS-resolved spectroscopy + HFS-resolved collisions
CN,48,42,N=8,N=7,"N=8,J=8.5,F=8.5","N=7,J=7.5,F=7.5",906.81035,0.00847,0.008589,0.9861450692746537,92149423.10227002,30.0,p-H2,HFS-resolved spectroscopy + HFS-resolved collisions
CN,49,41,N=8,N=7,"N=8,J=8.5,F=7.5","N=7,J=7.5,F=8.5",906.84298,4.62e-07,0.008583462,5.382443587447582e-05,93012041.03790285,30.0,p-H2,HFS-resolved spectroscopy + HFS-resolved collisions
CN,49,42,N=8,N=7,"N=8,J=8.5,F=7.5","N=7,J=7.5,F=7.5",906.82624,0.000133,0.008583462,0.015494913357803647,93012041.03790285,30.0,p-H2,HFS-resolved spectroscopy + HFS-resolved collisions
CN,49,43,N=8,N=7,"N=8,J=8.5,F=7.5","N=7,J=7.5,F=6.5",906.81053,0.00845,0.008583462,0.9844512622063217,93012041.03790285,30.0,p-H2,HFS-resolved spectroscopy + HFS-resolved collisions
CN,50,44,N=9,N=8,"N=9,J=8.5,F=7.5","N=8,J=7.5,F=6.5",1019.81346,0.012,0.012271263000000001,0.9778944514513298,122396495.17799133,30.0,p-H2,HFS-resolved spectroscopy + HFS-resolved collisions
CN,50,45,N=9,N=8,"N=9,J=8.5,F=7.5","N=8,J=7.5,F=7.5",1019.79721,0.000191,0.012271263000000001,0.015564820018933665,122396495.17799133,30.0,p-H2,HFS-resolved spectroscopy + HFS-resolved collisions
CN,50,46,N=9,N=8,"N=9,J=8.5,F=7.5","N=8,J=7.5,F=8.5",1019.77771,6.63e-07,0.012271263000000001,5.4028668442685973e-05,122396495.17799133,30.0,p-H2,HFS-resolved spectroscopy + HFS-resolved collisions
CN,50,48,N=9,N=8,"N=9,J=8.5,F=7.5","N=8,J=8.5,F=8.5",1017.94446,1.1e-06,0.012271263000000001,8.96403247163719e-05,122396495.17799133,30.0,p-H2,HFS-resolved spectroscopy + HFS-resolved collisions
CN,50,49,N=9,N=8,"N=9,J=8.5,F=7.5","N=8,J=8.5,F=7.5",1017.92858,7.85e-05,0.012271263000000001,0.006397059536577448,122396495.17799133,30.0,p-H2,HFS-resolved spectroscopy + HFS-resolved collisions
CN,51,45,N=9,N=8,"N=9,J=8.5,F=8.5","N=8,J=7.5,F=7.5",1019.81349,0.012,0.012248895000000001,0.97968020788814,121127658.85489303,30.0,p-H2,HFS-resolved spectroscopy + HFS-resolved collisions
CN,51,46,N=9,N=8,"N=9,J=8.5,F=8.5","N=8,J=7.5,F=8.5",1019.794,0.000169,0.012248895000000001,0.013797162927757971,121127658.85489303,30.0,p-H2,HFS-resolved spectroscopy + HFS-resolved collisions
CN,51,47,N=9,N=8,"N=9,J=8.5,F=8.5","N=8,J=8.5,F=9.5",1017.97745,9.85e-07,0.012248895000000001,8.04154170641515e-05,121127658.85489303,30.0,p-H2,HFS-resolved spectroscopy + HFS-resolved collisions
CN,51,48,N=9,N=8,"N=9,J=8.5,F=8.5","N=8,J=8.5,F=8.5",1017.96075,7.79e-05,0.012248895000000001,0.006359757349540509,121127658.85489303,30.0,p-H2,HFS-resolved spectroscopy + HFS-resolved collisions
CN,51,49,N=9,N=8,"N=9,J=8.5,F=8.5","N=8,J=8.5,F=7.5",1017.94486,1.01e-06,0.012248895000000001,8.245641749725179e-05,121127658.85489303,30.0,p-H2,HFS-resolved spectroscopy + HFS-resolved collisions
CN,52,46,N=9,N=8,"N=9,J=8.5,F=9.5","N=8,J=7.5,F=8.5",1019.81326,0.0122,0.012280221000000001,0.9934674628412632,122813644.21002011,30.0,p-H2,HFS-resolved spectroscopy + HFS-resolved collisions
CN,52,47,N=9,N=8,"N=9,J=8.5,F=9.5","N=8,J=8.5,F=9.5",1017.99672,7.93e-05,0.012280221000000001,0.006457538508468211,122813644.21002011,30.0,p-H2,HFS-resolved spectroscopy + HFS-resolved collisions
CN,52,48,N=9,N=8,"N=9,J=8.5,F=9.5","N=8,J=8.5,F=8.5",1017.98001,9.21e-07,0.012280221000000001,7.499865026859043e-05,122813644.21002011,30.0,p-H2,HFS-resolved spectroscopy + HFS-resolved collisions
CN,53,47,N=9,N=8,"N=9,J=9.5,F=10.5","N=8,J=8.5,F=9.5",1020.03055,0.0123,0.0123,1.0,123240757.5202983,30.0,p-H2,HFS-resolved spectroscopy + HFS-resolved collisions
CN,54,47,N=9,N=8,"N=9,J=9.5,F=9.5","N=8,J=8.5,F=9.5",1020.04722,0.000136,0.012336000000000001,0.011024643320363164,122564376.58466351,30.0,p-H2,HFS-resolved spectroscopy + HFS-resolved collisions
CN,54,48,N=9,N=8,"N=9,J=9.5,F=9.5","N=8,J=8.5,F=8.5",1020.03052,0.0122,0.012336000000000001,0.9889753566796368,122564376.58466351,30.0,p-H2,HFS-resolved spectroscopy + HFS-resolved collisions
CN,55,47,N=9,N=8,"N=9,J=9.5,F=8.5","N=8,J=8.5,F=9.5",1020.06326,4.19e-07,0.012351419,3.392322776840458e-05,123577533.6173596,30.0,p-H2,HFS-resolved spectroscopy + HFS-resolved collisions
CN,55,48,N=9,N=8,"N=9,J=9.5,F=8.5","N=8,J=8.5,F=8.5",1020.04655,0.000151,0.012351419,0.01222531597381645,123577533.6173596,30.0,p-H2,HFS-resolved spectroscopy + HFS-resolved collisions
CN,55,49,N=9,N=8,"N=9,J=9.5,F=8.5","N=8,J=8.5,F=7.5",1020.03066,0.0122,0.012351419,0.9877407607984151,123577533.6173596,30.0,p-H2,HFS-resolved spectroscopy + HFS-resolved collisions
CN,56,50,N=10,N=9,"N=10,J=9.5,F=8.5","N=9,J=8.5,F=7.5",1132.99206,0.0166,0.01689696,0.9824252409900953,153921964.1311435,30.0,p-H2,HFS-resolved spectroscopy + HFS-resolved collisions
CN,56,51,N=10,N=9,"N=10,J=9.5,F=8.5","N=9,J=8.5,F=8.5",1132.97578,0.000208,0.01689696,0.01230990663409276,153921964.1311435,30.0,p-H2,HFS-resolved spectroscopy + HFS-resolved collisions
CN,56,52,N=10,N=9,"N=10,J=9.5,F=8.5","N=9,J=8.5,F=9.5",1132.95652,5.79e-07,0.01689696,3.426651894778706e-05,153921964.1311435,30.0,p-H2,HFS-resolved spectroscopy + HFS-resolved collisions
CN,56,54,N=10,N=9,"N=10,J=9.5,F=8.5","N=9,J=9.5,F=9.5",1130.90601,9.81e-07,0.01689696,5.805778080790865e-05,153921964.1311435,30.0,p-H2,HFS-resolved spectroscopy + HFS-resolved collisions
CN,56,55,N=10,N=9,"N=10,J=9.5,F=8.5","N=9,J=9.5,F=8.5",1130.88998,8.74e-05,0.01689696,0.0051725280760562846,153921964.1311435,30.0,p-H2,HFS-resolved spectroscopy + HFS-resolved collisions
CN,57,51,N=10,N=9,"N=10,J=9.5,F=9.5","N=9,J=8.5,F=8.5",1132.99209,0.0167,0.016975696999999998,0.9837593119151457,153354454.96435505,30.0,p-H2,HFS-resolved spectroscopy + HFS-resolved collisions
CN,57,52,N=10,N=9,"N=10,J=9.5,F=9.5","N=9,J=8.5,F=9.5",1132.97283,0.000187,0.016975696999999998,0.011015747983720493,153354454.96435505,30.0,p-H2,HFS-resolved spectroscopy + HFS-resolved collisions
CN,57,53,N=10,N=9,"N=10,J=9.5,F=9.5","N=9,J=9.5,F=10.5",1130.93899,8.86e-07,0.016975696999999998,5.2192260500408324e-05,153354454.96435505,30.0,p-H2,HFS-resolved spectroscopy + HFS-resolved collisions
CN,57,54,N=10,N=9,"N=10,J=9.5,F=9.5","N=9,J=9.5,F=9.5",1130.92232,8.69e-05,0.016975696999999998,0.005119082886552464,153354454.96435505,30.0,p-H2,HFS-resolved spectroscopy + HFS-resolved collisions
CN,57,55,N=10,N=9,"N=10,J=9.5,F=9.5","N=9,J=9.5,F=8.5",1130.90629,9.11e-07,0.016975696999999998,5.366495408111962e-05,153354454.96435505,30.0,p-H2,HFS-resolved spectroscopy + HFS-resolved collisions
CN,58,52,N=10,N=9,"N=10,J=9.5,F=10.5","N=9,J=8.5,F=9.5",1132.99191,0.0169,0.016989037,0.9947591496798789,155015646.7935985,30.0,p-H2,HFS-resolved spectroscopy + HFS-resolved collisions
CN,58,53,N=10,N=9,"N=10,J=9.5,F=10.5","N=9,J=9.5,F=10.5",1130.95808,8.82e-05,0.016989037,0.005191583254542327,155015646.7935985,30.0,p-H2,HFS-resolved spectroscopy + HFS-resolved collisions
CN,58,54,N=10,N=9,"N=10,J=9.5,F=10.5","N=9,J=9.5,F=9.5",1130.94141,8.37e-07,0.016989037,4.926706557882004e-05,155015646.7935985,30.0,p-H2,HFS-resolved spectroscopy + HFS-resolved collisions
CN,59,53,N=10,N=9,"N=10,J=10.5,F=11.5","N=9,J=9.5,F=10.5",1133.20922,0.017,0.017,1.0,155523719.37044093,30.0,p-H2,HFS-resolved spectroscopy + HFS-resolved collisions
CN,60,53,N=10,N=9,"N=10,J=10.5,F=10.5","N=9,J=9.5,F=10.5",1133.22586,0.000154,0.016954,0.009083402146985962,153661398.63713968,30.0,p-H2,HFS-resolved spectroscopy + HFS-resolved collisions
CN,60,54,N=10,N=9,"N=10,J=10.5,F=10.5","N=9,J=9.5,F=9.5",1133.20919,0.0168,0.016954,0.990916597853014,153661398.63713968,30.0,p-H2,HFS-resolved spectroscopy + HFS-resolved collisions
CN,61,53,N=10,N=9,"N=10,J=10.5,F=9.5","N=9,J=9.5,F=10.5",1133.24202,3.83e-07,0.016969382999999998,2.2570060443564744e-05,154924843.7308899,30.0,p-H2,HFS-resolved spectroscopy + HFS-resolved collisions
CN,61,54,N=10,N=9,"N=10,J=10.5,F=9.5","N=9,J=9.5,F=9.5",1133.22535,0.000169,0.016969382999999998,0.00995911283280011,154924843.7308899,30.0,p-H2,HFS-resolved spectroscopy + HFS-resolved collisions
CN,61,55,N=10,N=9,"N=10,J=10.5,F=9.5","N=9,J=9.5,F=8.5",1133.20931,0.0168,0.016969382999999998,0.9900183171067564,154924843.7308899,30.0,p-H2,HFS-resolved spectroscopy + HFS-resolved collisions
CN,62,56,N=11,N=10,"N=11,J=10.5,F=9.5","N=10,J=9.5,F=8.5",1246.1246,0.0223,0.022622695,0.9857357843528368,200629981.917996,30.0,p-H2,HFS-resolved spectroscopy + HFS-resolved collisions
CN,62,57,N=11,N=10,"N=11,J=10.5,F=9.5","N=10,J=9.5,F=9.5",1246.10829,0.000225,0.022622695,0.009945764640331312,200629981.917996,30.0,p-H2,HFS-resolved spectroscopy + HFS-resolved collisions
CN,62,58,N=11,N=10,"N=11,J=10.5,F=9.5","N=10,J=9.5,F=10.5",1246.08921,5.13e-07,0.022622695,2.267634337995539e-05,200629981.917996,30.0,p-H2,HFS-resolved spectroscopy + HFS-resolved collisions
CN,62,60,N=11,N=10,"N=11,J=10.5,F=9.5","N=10,J=10.5,F=10.5",1243.82142,8.82e-07,0.022622695,3.8987397390098744e-05,200629981.917996,30.0,p-H2,HFS-resolved spectroscopy + HFS-resolved collisions
CN,62,61,N=11,N=10,"N=11,J=10.5,F=9.5","N=10,J=10.5,F=9.5",1243.80527,9.63e-05,0.022622695,0.004256787266061802,200629981.917996,30.0,p-H2,HFS-resolved spectroscopy + HFS-resolved collisions
CN,63,57,N=11,N=10,"N=11,J=10.5,F=10.5","N=10,J=9.5,F=9.5",1246.12462,0.0223,0.022602433,0.9866194493309636,199380494.46645233,30.0,p-H2,HFS-resolved spectroscopy + HFS-resolved collisions
CN,63,58,N=11,N=10,"N=11,J=10.5,F=10.5","N=10,J=9.5,F=10.5",1246.10554,0.000205,0.022602433,0.009069820049903476,199380494.46645233,30.0,p-H2,HFS-resolved spectroscopy + HFS-resolved collisions
CN,63,59,N=11,N=10,"N=11,J=10.5,F=10.5","N=10,J=10.5,F=11.5",1243.8544,8.05e-07,0.022602433,3.561563483010877e-05,199380494.46645233,30.0,p-H2,HFS-resolved spectroscopy + HFS-resolved collisions
CN,63,60,N=11,N=10,"N=11,J=10.5,F=10.5","N=10,J=10.5,F=10.5",1243.83775,9.58e-05,0.022602433,0.0042384817599061125,199380494.46645233,30.0,p-H2,HFS-resolved spectroscopy + HFS-resolved collisions
CN,63,61,N=11,N=10,"N=11,J=10.5,F=10.5","N=10,J=10.5,F=9.5",1243.8216,8.28e-07,0.022602433,3.663322439668331e-05,199380494.46645233,30.0,p-H2,HFS-resolved spectroscopy + HFS-resolved collisions
CN,64,58,N=11,N=10,"N=11,J=10.5,F=11.5","N=10,J=9.5,F=10.5",1246.12448,0.0225,0.022597766,0.9956736431379988,200732506.68544903,30.0,p-H2,HFS-resolved spectroscopy + HFS-resolved collisions
CN,64,59,N=11,N=10,"N=11,J=10.5,F=11.5","N=10,J=10.5,F=11.5",1243.87334,9.7e-05,0.022597766,0.004292459705972706,200732506.68544903,30.0,p-H2,HFS-resolved spectroscopy + HFS-resolved collisions
CN,64,60,N=11,N=10,"N=11,J=10.5,F=11.5","N=10,J=10.5,F=10.5",1243.85669,7.66e-07,0.022597766,3.38971560286092e-05,200732506.68544903,30.0,p-H2,HFS-resolved spectroscopy + HFS-resolved collisions
CN,65,59,N=11,N=10,"N=11,J=11.5,F=12.5","N=10,J=10.5,F=11.5",1246.3418,0.0227,0.0227,1.0,201920003.55095246,30.0,p-H2,HFS-resolved spectroscopy + HFS-resolved collisions
CN,66,59,N=11,N=10,"N=11,J=11.5,F=11.5","N=10,J=10.5,F=11.5",1246.35842,0.000171,0.022671,0.007542675664946407,200413853.1806616,30.0,p-H2,HFS-resolved spectroscopy + HFS-resolved collisions
CN,66,60,N=11,N=10,"N=11,J=11.5,F=11.5","N=10,J=10.5,F=10.5",1246.34178,0.0225,0.022671,0.9924573243350535,200413853.1806616,30.0,p-H2,HFS-resolved spectroscopy + HFS-resolved collisions
CN,67,59,N=11,N=10,"N=11,J=11.5,F=10.5","N=10,J=10.5,F=11.5",1246.37468,3.53e-07,0.022687353,1.555932946430551e-05,201513395.6858826,30.0,p-H2,HFS-resolved spectroscopy + HFS-resolved collisions
CN,67,60,N=11,N=10,"N=11,J=11.5,F=10.5","N=10,J=10.5,F=10.5",1246.35803,0.000187,0.022687353,0.00824247764822983,201513395.6858826,30.0,p-H2,HFS-resolved spectroscopy + HFS-resolved collisions
CN,67,61,N=11,N=10,"N=11,J=11.5,F=10.5","N=10,J=10.5,F=9.5",1246.34188,0.0225,0.022687353,0.9917419630223058,201513395.6858826,30.0,p-H2,HFS-resolved spectroscopy + HFS-resolved collisions
CN,68,62,N=12,N=11,"N=12,J=11.5,F=10.5","N=11,J=10.5,F=9.5",1359.20647,0.0291,0.029449262,0.9881402121384231,125540335.92298675,30.0,p-H2,HFS-resolved spectroscopy + HFS-resolved collisions
CN,68,63,N=12,N=11,"N=12,J=11.5,F=10.5","N=11,J=10.5,F=10.5",1359.19014,0.000243,0.029449262,0.008251480121980646,125540335.92298675,30.0,p-H2,HFS-resolved spectroscopy + HFS-resolved collisions
CN,68,64,N=12,N=11,"N=12,J=11.5,F=10.5","N=11,J=10.5,F=11.5",1359.1712,4.6e-07,0.029449262,1.5620085827617684e-05,125540335.92298675,30.0,p-H2,HFS-resolved spectroscopy + HFS-resolved collisions
CN,68,66,N=12,N=11,"N=12,J=11.5,F=10.5","N=11,J=11.5,F=11.5",1356.68612,8.02e-07,0.029449262,2.7233280073368223e-05,125540335.92298675,30.0,p-H2,HFS-resolved spectroscopy + HFS-resolved collisions
CN,68,67,N=12,N=11,"N=12,J=11.5,F=10.5","N=11,J=11.5,F=10.5",1356.66986,0.000105,0.029449262,0.0035654543736953407,125540335.92298675,30.0,p-H2,HFS-resolved spectroscopy + HFS-resolved collisions
CN,69,63,N=12,N=11,"N=12,J=11.5,F=11.5","N=11,J=10.5,F=10.5",1359.20649,0.0292,0.029529497000000002,0.9888417672674884,125152547.5241595,30.0,p-H2,HFS-resolved spectroscopy + HFS-resolved collisions
CN,69,64,N=12,N=11,"N=12,J=11.5,F=11.5","N=11,J=10.5,F=11.5",1359.18755,0.000223,0.029529497000000002,0.007551771030844176,125152547.5241595,30.0,p-H2,HFS-resolved spectroscopy + HFS-resolved collisions
CN,69,65,N=12,N=11,"N=12,J=11.5,F=11.5","N=11,J=11.5,F=12.5",1356.71909,7.38e-07,0.029529497000000002,2.4991959734363235e-05,125152547.5241595,30.0,p-H2,HFS-resolved spectroscopy + HFS-resolved collisions
CN,69,66,N=12,N=11,"N=12,J=11.5,F=11.5","N=11,J=11.5,F=11.5",1356.70247,0.000105,0.029529497000000002,0.003555766628872818,125152547.5241595,30.0,p-H2,HFS-resolved spectroscopy + HFS-resolved collisions
CN,69,67,N=12,N=11,"N=12,J=11.5,F=11.5","N=11,J=11.5,F=10.5",1356.68622,7.59e-07,0.029529497000000002,2.5703113060137798e-05,125152547.5241595,30.0,p-H2,HFS-resolved spectroscopy + HFS-resolved collisions
CN,70,64,N=12,N=11,"N=12,J=11.5,F=12.5","N=11,J=10.5,F=11.5",1359.20637,0.0294,0.029506707,0.9963836357611847,125245177.69003066,30.0,p-H2,HFS-resolved spectroscopy + HFS-resolved collisions
CN,70,65,N=12,N=11,"N=12,J=11.5,F=12.5","N=11,J=11.5,F=12.5",1356.73791,0.000106,0.029506707,0.0035924035847171966,125245177.69003066,30.0,p-H2,HFS-resolved spectroscopy + HFS-resolved collisions
CN,70,66,N=12,N=11,"N=12,J=11.5,F=12.5","N=11,J=11.5,F=11.5",1356.72129,7.07e-07,0.029506707,2.3960654098066585e-05,125245177.69003066,30.0,p-H2,HFS-resolved spectroscopy + HFS-resolved collisions
CN,71,65,N=12,N=11,"N=12,J=12.5,F=13.5","N=11,J=11.5,F=12.5",1359.4237,0.0295,0.0295,1.0,124875022.56160985,30.0,p-H2,HFS-resolved spectroscopy + HFS-resolved collisions
CN,72,65,N=12,N=11,"N=12,J=12.5,F=12.5","N=11,J=11.5,F=12.5",1359.4403,0.000189,0.029489,0.006409169520838279,124954391.10089026,30.0,p-H2,HFS-resolved spectroscopy + HFS-resolved collisions
CN,72,66,N=12,N=11,"N=12,J=12.5,F=12.5","N=11,J=11.5,F=11.5",1359.42368,0.0293,0.029489,0.9935908304791616,124954391.10089026,30.0,p-H2,HFS-resolved spectroscopy + HFS-resolved collisions
CN,73,65,N=12,N=11,"N=12,J=12.5,F=11.5","N=11,J=11.5,F=12.5",1359.45664,3.27e-07,0.029504327,1.10831201131956e-05,125190777.48361824,30.0,p-H2,HFS-resolved spectroscopy + HFS-resolved collisions
CN,73,66,N=12,N=11,"N=12,J=12.5,F=11.5","N=11,J=11.5,F=11.5",1359.44002,0.000204,0.029504327,0.006914240070617438,125190777.48361824,30.0,p-H2,HFS-resolved spectroscopy + HFS-resolved collisions
CN,73,67,N=12,N=11,"N=12,J=12.5,F=11.5","N=11,J=11.5,F=10.5",1359.42376,0.0293,0.029504327,0.9930746768092693,125190777.48361824,30.0,p-H2,HFS-resolved spectroscopy + HFS-resolved collisions
CN,3,1,N=1,N=0,"N=1,J=0.5,F=0.5","N=0,J=0.5,F=1.5",113.14416,1.05e-05,1.1789999999999999e-05,0.89058524173028,119479.7225057955,35.0,p-H2,HFS-resolved spectroscopy + HFS-resolved collisions
CN,3,2,N=1,N=0,"N=1,J=0.5,F=0.5","N=0,J=0.5,F=0.5",113.12337,1.29e-06,1.1789999999999999e-05,0.10941475826972011,119479.7225057955,35.0,p-H2,HFS-resolved spectroscopy + HFS-resolved collisions
CN,4,1,N=1,N=0,"N=1,J=0.5,F=1.5","N=0,J=0.5,F=1.5",113.19128,6.68e-06,1.182e-05,0.5651438240270727,123682.41098843704,35.0,p-H2,HFS-resolved spectroscopy + HFS-resolved collisions
CN,4,2,N=1,N=0,"N=1,J=0.5,F=1.5","N=0,J=0.5,F=0.5",113.17049,5.14e-06,1.182e-05,0.43485617597292725,123682.41098843704,35.0,p-H2,HFS-resolved spectroscopy + HFS-resolved collisions
CN,5,1,N=1,N=0,"N=1,J=1.5,F=2.5","N=0,J=0.5,F=1.5",113.49097,1.19e-05,1.19e-05,1.0,143813.47393947223,35.0,p-H2,HFS-resolved spectroscopy + HFS-resolved collisions
CN,6,1,N=1,N=0,"N=1,J=1.5,F=1.5","N=0,J=0.5,F=1.5",113.50891,5.19e-06,1.193e-05,0.435037720033529,126744.15541384532,35.0,p-H2,HFS-resolved spectroscopy + HFS-resolved collisions
CN,6,2,N=1,N=0,"N=1,J=1.5,F=1.5","N=0,J=0.5,F=0.5",113.48812,6.74e-06,1.193e-05,0.5649622799664711,126744.15541384532,35.0,p-H2,HFS-resolved spectroscopy + HFS-resolved collisions
CN,7,1,N=1,N=0,"N=1,J=1.5,F=0.5","N=0,J=0.5,F=1.5",113.52043,1.3e-06,1.19e-05,0.10924369747899161,125830.95468662246,35.0,p-H2,HFS-resolved spectroscopy + HFS-resolved collisions
CN,7,2,N=1,N=0,"N=1,J=1.5,F=0.5","N=0,J=0.5,F=0.5",113.49964,1.06e-05,1.19e-05,0.8907563025210085,125830.95468662246,35.0,p-H2,HFS-resolved spectroscopy + HFS-resolved collisions
CN,8,3,N=2,N=1,"N=2,J=1.5,F=0.5","N=1,J=0.5,F=0.5",226.66369,8.46e-05,0.00011383,0.7432135640867961,1146871.4423625758,35.0,p-H2,HFS-resolved spectroscopy + HFS-resolved collisions
CN,8,4,N=2,N=1,"N=2,J=1.5,F=0.5","N=1,J=0.5,F=1.5",226.61657,1.07e-05,0.00011383,0.09399982429939382,1146871.4423625758,35.0,p-H2,HFS-resolved spectroscopy + HFS-resolved collisions
CN,8,6,N=2,N=1,"N=2,J=1.5,F=0.5","N=1,J=1.5,F=1.5",226.29894,8.23e-06,0.00011383,0.07230079943775806,1146871.4423625758,35.0,p-H2,HFS-resolved spectroscopy + HFS-resolved collisions
CN,8,7,N=2,N=1,"N=2,J=1.5,F=0.5","N=1,J=1.5,F=0.5",226.28742,1.03e-05,0.00011383,0.090485812176052,1146871.4423625758,35.0,p-H2,HFS-resolved spectroscopy + HFS-resolved collisions
CN,9,3,N=2,N=1,"N=2,J=1.5,F=1.5","N=1,J=0.5,F=0.5",226.67931,5.27e-05,0.00011392,0.4626053370786517,1159572.1309721014,35.0,p-H2,HFS-resolved spectroscopy + HFS-resolved collisions
CN,9,4,N=2,N=1,"N=2,J=1.5,F=1.5","N=1,J=0.5,F=1.5",226.63219,4.26e-05,0.00011392,0.37394662921348315,1159572.1309721014,35.0,p-H2,HFS-resolved spectroscopy + HFS-resolved collisions
CN,9,5,N=2,N=1,"N=2,J=1.5,F=1.5","N=1,J=1.5,F=2.5",226.3325,4.55e-06,0.00011392,0.039940308988764044,1159572.1309721014,35.0,p-H2,HFS-resolved spectroscopy + HFS-resolved collisions
CN,9,6,N=2,N=1,"N=2,J=1.5,F=1.5","N=1,J=1.5,F=1.5",226.31454,9.9e-06,0.00011392,0.08690308988764045,1159572.1309721014,35.0,p-H2,HFS-resolved spectroscopy + HFS-resolved collisions
CN,9,7,N=2,N=1,"N=2,J=1.5,F=1.5","N=1,J=1.5,F=0.5",226.30304,4.17e-06,0.00011392,0.036604634831460675,1159572.1309721014,35.0,p-H2,HFS-resolved spectroscopy + HFS-resolved collisions
CN,10,4,N=2,N=1,"N=2,J=1.5,F=2.5","N=1,J=0.5,F=1.5",226.65956,9.47e-05,0.00011396,0.830993330993331,1334702.2694256078,35.0,p-H2,HFS-resolved spectroscopy + HFS-resolved collisions
CN,10,5,N=2,N=1,"N=2,J=1.5,F=2.5","N=1,J=1.5,F=2.5",226.35987,1.61e-05,0.00011396,0.14127764127764125,1334702.2694256078,35.0,p-H2,HFS-resolved spectroscopy + HFS-resolved collisions
CN,10,6,N=2,N=1,"N=2,J=1.5,F=2.5","N=1,J=1.5,F=1.5",226.34193,3.16e-06,0.00011396,0.027729027729027727,1334702.2694256078,35.0,p-H2,HFS-resolved spectroscopy + HFS-resolved collisions
CN,11,5,N=2,N=1,"N=2,J=2.5,F=3.5","N=1,J=1.5,F=2.5",226.87478,0.000114,0.000114,1.0,1474320.774554247,35.0,p-H2,HFS-resolved spectroscopy + HFS-resolved collisions
CN,12,4,N=2,N=1,"N=2,J=2.5,F=2.5","N=1,J=0.5,F=1.5",227.19182,1.45e-09,0.00011430144999999999,1.268575333033833e-05,1314607.0059963006,35.0,p-H2,HFS-resolved spectroscopy + HFS-resolved collisions
CN,12,5,N=2,N=1,"N=2,J=2.5,F=2.5","N=1,J=1.5,F=2.5",226.89213,1.81e-05,0.00011430144999999999,0.1583531967442233,1314607.0059963006,35.0,p-H2,HFS-resolved spectroscopy + HFS-resolved collisions
CN,12,6,N=2,N=1,"N=2,J=2.5,F=2.5","N=1,J=1.5,F=1.5",226.87419,9.62e-05,0.00011430144999999999,0.8416341175024464,1314607.0059963006,35.0,p-H2,HFS-resolved spectroscopy + HFS-resolved collisions
CN,13,5,N=2,N=1,"N=2,J=2.5,F=1.5","N=1,J=1.5,F=2.5",226.90536,1.13e-06,0.00011433,0.009883670077844835,1370453.8942405437,35.0,p-H2,HFS-resolved spectroscopy + HFS-resolved collisions
CN,13,6,N=2,N=1,"N=2,J=2.5,F=1.5","N=1,J=1.5,F=1.5",226.88742,2.73e-05,0.00011433,0.23878247179218054,1370453.8942405437,35.0,p-H2,HFS-resolved spectroscopy + HFS-resolved collisions
CN,13,7,N=2,N=1,"N=2,J=2.5,F=1.5","N=1,J=1.5,F=0.5",226.8759,8.59e-05,0.00011433,0.7513338581299747,1370453.8942405437,35.0,p-H2,HFS-resolved spectroscopy + HFS-resolved collisions
CN,14,8,N=3,N=2,"N=3,J=2.5,F=1.5","N=2,J=1.5,F=0.5",340.03541,0.000289,0.00041252,0.7005720934742558,4778580.798685179,35.0,p-H2,HFS-resolved spectroscopy + HFS-resolved collisions
CN,14,9,N=3,N=2,"N=3,J=2.5,F=1.5","N=2,J=1.5,F=1.5",340.01963,9.27e-05,0.00041252,0.22471637738776304,4778580.798685179,35.0,p-H2,HFS-resolved spectroscopy + HFS-resolved collisions
CN,14,10,N=3,N=2,"N=3,J=2.5,F=1.5","N=2,J=1.5,F=2.5",339.99226,3.89e-06,0.00041252,0.009429845825656938,4778580.798685179,35.0,p-H2,HFS-resolved spectroscopy + HFS-resolved collisions
CN,14,12,N=3,N=2,"N=3,J=2.5,F=1.5","N=2,J=2.5,F=2.5",339.46,4.33e-06,0.00041252,0.010496460777659266,4778580.798685179,35.0,p-H2,HFS-resolved spectroscopy + HFS-resolved collisions
CN,14,13,N=3,N=2,"N=3,J=2.5,F=1.5","N=2,J=2.5,F=1.5",339.44678,2.26e-05,0.00041252,0.05478522253466499,4778580.798685179,35.0,p-H2,HFS-resolved spectroscopy + HFS-resolved collisions
CN,15,9,N=3,N=2,"N=3,J=2.5,F=2.5","N=2,J=1.5,F=1.5",340.03541,0.000323,0.00041213999999999997,0.7837142718493716,4579961.655275308,35.0,p-H2,HFS-resolved spectroscopy + HFS-resolved collisions
CN,15,10,N=3,N=2,"N=3,J=2.5,F=2.5","N=2,J=1.5,F=2.5",340.00813,6.2e-05,0.00041213999999999997,0.1504343184354831,4579961.655275308,35.0,p-H2,HFS-resolved spectroscopy + HFS-resolved collisions
CN,15,11,N=3,N=2,"N=3,J=2.5,F=2.5","N=2,J=2.5,F=3.5",339.49321,2.99e-06,0.00041213999999999997,0.007254816324549911,4579961.655275308,35.0,p-H2,HFS-resolved spectroscopy + HFS-resolved collisions
CN,15,12,N=3,N=2,"N=3,J=2.5,F=2.5","N=2,J=2.5,F=2.5",339.4759,2.12e-05,0.00041213999999999997,0.05143883146503616,4579961.655275308,35.0,p-H2,HFS-resolved spectroscopy + HFS-resolved collisions
CN,15,13,N=3,N=2,"N=3,J=2.5,F=2.5","N=2,J=2.5,F=1.5",339.46264,2.95e-06,0.00041213999999999997,0.007157761925559277,4579961.655275308,35.0,p-H2,HFS-resolved spectroscopy + HFS-resolved collisions
CN,16,10,N=3,N=2,"N=3,J=2.5,F=3.5","N=2,J=1.5,F=2.5",340.03155,0.000384,0.00041173,0.9326500376460302,5147217.520865883,35.0,p-H2,HFS-resolved spectroscopy + HFS-resolved collisions
CN,16,11,N=3,N=2,"N=3,J=2.5,F=3.5","N=2,J=2.5,F=3.5",339.51664,2.54e-05,0.00041173,0.06169091394846137,5147217.520865883,35.0,p-H2,HFS-resolved spectroscopy + HFS-resolved collisions
CN,16,12,N=3,N=2,"N=3,J=2.5,F=3.5","N=2,J=2.5,F=2.5",339.49929,2.33e-06,0.00041173,0.005659048405508464,5147217.520865883,35.0,p-H2,HFS-resolved spectroscopy + HFS-resolved collisions
CN,17,11,N=3,N=2,"N=3,J=3.5,F=4.5","N=2,J=2.5,F=3.5",340.24777,0.000413,0.000413,1.0,5444119.966592891,35.0,p-H2,HFS-resolved spectroscopy + HFS-resolved collisions
CN,18,11,N=3,N=2,"N=3,J=3.5,F=3.5","N=2,J=2.5,F=3.5",340.26495,3.35e-05,0.0004135,0.08101571946795647,5005631.235677901,35.0,p-H2,HFS-resolved spectroscopy + HFS-resolved collisions
CN,18,12,N=3,N=2,"N=3,J=3.5,F=3.5","N=2,J=2.5,F=2.5",340.24777,0.00038,0.0004135,0.9189842805320435,5005631.235677901,35.0,p-H2,HFS-resolved spectroscopy + HFS-resolved collisions
CN,19,11,N=3,N=2,"N=3,J=3.5,F=2.5","N=2,J=2.5,F=3.5",340.27912,9.27e-07,0.000412727,0.002246036726455987,5226745.550163493,35.0,p-H2,HFS-resolved spectroscopy + HFS-resolved collisions
CN,19,12,N=3,N=2,"N=3,J=3.5,F=2.5","N=2,J=2.5,F=2.5",340.26177,4.48e-05,0.000412727,0.10854632723325587,5226745.550163493,35.0,p-H2,HFS-resolved spectroscopy + HFS-resolved collisions
CN,19,13,N=3,N=2,"N=3,J=3.5,F=2.5","N=2,J=2.5,F=1.5",340.24854,0.000367,0.000412727,0.8892076360402881,5226745.550163493,35.0,p-H2,HFS-resolved spectroscopy + HFS-resolved collisions
CN,20,14,N=4,N=3,"N=4,J=3.5,F=2.5","N=3,J=2.5,F=1.5",453.39147,0.000869,0.0010138599999999999,0.8571203124691773,12625258.595110886,35.0,p-H2,HFS-resolved spectroscopy + HFS-resolved collisions
CN,20,15,N=4,N=3,"N=4,J=3.5,F=2.5","N=3,J=2.5,F=2.5",453.3756,0.000107,0.0010138599999999999,0.105537253664214,12625258.595110886,35.0,p-H2,HFS-resolved spectroscopy + HFS-resolved collisions
CN,20,16,N=4,N=3,"N=4,J=3.5,F=2.5","N=3,J=2.5,F=3.5",453.35218,2.24e-06,0.0010138599999999999,0.002209378020634013,12625258.595110886,35.0,p-H2,HFS-resolved spectroscopy + HFS-resolved collisions
CN,20,18,N=4,N=3,"N=4,J=3.5,F=2.5","N=3,J=3.5,F=3.5",452.60386,2.92e-06,0.0010138599999999999,0.0028800820626121953,12625258.595110886,35.0,p-H2,HFS-resolved spectroscopy + HFS-resolved collisions
CN,20,19,N=4,N=3,"N=4,J=3.5,F=2.5","N=3,J=3.5,F=2.5",452.58969,3.27e-05,0.0010138599999999999,0.0322529737833626,12625258.595110886,35.0,p-H2,HFS-resolved spectroscopy + HFS-resolved collisions
CN,21,15,N=4,N=3,"N=4,J=3.5,F=3.5","N=3,J=2.5,F=2.5",453.39161,0.000897,0.00101308,0.8854187231018281,12097120.154711334,35.0,p-H2,HFS-resolved spectroscopy + HFS-resolved collisions
CN,21,16,N=4,N=3,"N=4,J=3.5,F=3.5","N=3,J=2.5,F=3.5",453.36819,8.02e-05,0.00101308,0.07916452797409879,12097120.154711334,35.0,p-H2,HFS-resolved spectroscopy + HFS-resolved collisions
CN,21,17,N=4,N=3,"N=4,J=3.5,F=3.5","N=3,J=3.5,F=4.5",452.63697,2.23e-06,0.00101308,0.0022012081967860385,12097120.154711334,35.0,p-H2,HFS-resolved spectroscopy + HFS-resolved collisions
CN,21,18,N=4,N=3,"N=4,J=3.5,F=3.5","N=3,J=3.5,F=3.5",452.61987,3.14e-05,0.00101308,0.030994590752951395,12097120.154711334,35.0,p-H2,HFS-resolved spectroscopy + HFS-resolved collisions
CN,21,19,N=4,N=3,"N=4,J=3.5,F=3.5","N=3,J=3.5,F=2.5",452.6057,2.25e-06,0.00101308,0.0022209499743356892,12097120.154711334,35.0,p-H2,HFS-resolved spectroscopy + HFS-resolved collisions
CN,22,16,N=4,N=3,"N=4,J=3.5,F=4.5","N=3,J=2.5,F=3.5",453.38992,0.000977,0.00101336,0.964119365279861,13113438.439863792,35.0,p-H2,HFS-resolved spectroscopy + HFS-resolved collisions
CN,22,17,N=4,N=3,"N=4,J=3.5,F=4.5","N=3,J=3.5,F=4.5",452.6587,3.45e-05,0.00101336,0.03404515670640246,13113438.439863792,35.0,p-H2,HFS-resolved spectroscopy + HFS-resolved collisions
CN,22,18,N=4,N=3,"N=4,J=3.5,F=4.5","N=3,J=3.5,F=3.5",452.64161,1.86e-06,0.00101336,0.0018354780137364805,13113438.439863792,35.0,p-H2,HFS-resolved spectroscopy + HFS-resolved collisions
CN,23,17,N=4,N=3,"N=4,J=4.5,F=5.5","N=3,J=3.5,F=4.5",453.60668,0.00102,0.00102,1.0,13584371.429962443,35.0,p-H2,HFS-resolved spectroscopy + HFS-resolved collisions
CN,24,17,N=4,N=3,"N=4,J=4.5,F=4.5","N=3,J=3.5,F=4.5",453.62363,4.99e-05,0.0010149,0.04916740565572963,12747523.654271834,35.0,p-H2,HFS-resolved spectroscopy + HFS-resolved collisions
CN,24,18,N=4,N=3,"N=4,J=4.5,F=4.5","N=3,J=3.5,F=3.5",453.60654,0.000965,0.0010149,0.9508325943442704,12747523.654271834,35.0,p-H2,HFS-resolved spectroscopy + HFS-resolved collisions
CN,25,17,N=4,N=3,"N=4,J=4.5,F=3.5","N=3,J=3.5,F=4.5",453.6384,7.77e-07,0.0010151770000000001,0.0007653837705148954,13223852.43018471,35.0,p-H2,HFS-resolved spectroscopy + HFS-resolved collisions
CN,25,18,N=4,N=3,"N=4,J=4.5,F=3.5","N=3,J=3.5,F=3.5",453.62131,6.24e-05,0.0010151770000000001,0.06146711361664024,13223852.43018471,35.0,p-H2,HFS-resolved spectroscopy + HFS-resolved collisions
CN,25,19,N=4,N=3,"N=4,J=4.5,F=3.5","N=3,J=3.5,F=2.5",453.60713,0.000952,0.0010151770000000001,0.9377675026128448,13223852.43018471,35.0,p-H2,HFS-resolved spectroscopy + HFS-resolved collisions
CN,26,20,N=5,N=4,"N=5,J=4.5,F=3.5","N=4,J=3.5,F=2.5",566.73075,0.00186,0.00202894,0.9167348467672776,25793551.086034678,35.0,p-H2,HFS-resolved spectroscopy + HFS-resolved collisions
CN,26,21,N=5,N=4,"N=5,J=4.5,F=3.5","N=4,J=3.5,F=3.5",566.71474,0.000123,0.00202894,0.06062278825396513,25793551.086034678,35.0,p-H2,HFS-resolved spectroscopy + HFS-resolved collisions
CN,26,22,N=5,N=4,"N=5,J=4.5,F=3.5","N=4,J=3.5,F=4.5",566.693,1.54e-06,0.00202894,0.0007590170236675309,25793551.086034678,35.0,p-H2,HFS-resolved spectroscopy + HFS-resolved collisions
CN,26,24,N=5,N=4,"N=5,J=4.5,F=3.5","N=4,J=4.5,F=4.5",565.72807,2.2e-06,0.00202894,0.0010843100338107585,25793551.086034678,35.0,p-H2,HFS-resolved spectroscopy + HFS-resolved collisions
CN,26,25,N=5,N=4,"N=5,J=4.5,F=3.5","N=4,J=4.5,F=3.5",565.71331,4.22e-05,0.00202894,0.020799037921279094,25793551.086034678,35.0,p-H2,HFS-resolved spectroscopy + HFS-resolved collisions
CN,27,21,N=5,N=4,"N=5,J=4.5,F=4.5","N=4,J=3.5,F=3.5",566.73084,0.00188,0.00202279,0.9294093801136054,24884812.109265458,35.0,p-H2,HFS-resolved spectroscopy + HFS-resolved collisions
CN,27,22,N=5,N=4,"N=5,J=4.5,F=4.5","N=4,J=3.5,F=4.5",566.70911,9.81e-05,0.00202279,0.048497372441034414,24884812.109265458,35.0,p-H2,HFS-resolved spectroscopy + HFS-resolved collisions
CN,27,23,N=5,N=4,"N=5,J=4.5,F=4.5","N=4,J=4.5,F=5.5",565.76113,1.78e-06,0.00202279,0.0008799727109586264,24884812.109265458,35.0,p-H2,HFS-resolved spectroscopy + HFS-resolved collisions
CN,27,24,N=5,N=4,"N=5,J=4.5,F=4.5","N=4,J=4.5,F=4.5",565.74418,4.11e-05,0.00202279,0.020318471022696377,24884812.109265458,35.0,p-H2,HFS-resolved spectroscopy + HFS-resolved collisions
CN,27,25,N=5,N=4,"N=5,J=4.5,F=4.5","N=4,J=4.5,F=3.5",565.72941,1.81e-06,0.00202279,0.0008948037117051202,24884812.109265458,35.0,p-H2,HFS-resolved spectroscopy + HFS-resolved collisions
CN,28,22,N=5,N=4,"N=5,J=4.5,F=5.5","N=4,J=3.5,F=4.5",566.7299,0.00198,0.00202504,0.9777584640303401,26248300.635259576,35.0,p-H2,HFS-resolved spectroscopy + HFS-resolved collisions
CN,28,23,N=5,N=4,"N=5,J=4.5,F=5.5","N=4,J=4.5,F=5.5",565.78192,4.35e-05,0.00202504,0.021481057164302927,26248300.635259576,35.0,p-H2,HFS-resolved spectroscopy + HFS-resolved collisions
CN,28,24,N=5,N=4,"N=5,J=4.5,F=5.5","N=4,J=4.5,F=4.5",565.76498,1.54e-06,0.00202504,0.0007604788053569312,26248300.635259576,35.0,p-H2,HFS-resolved spectroscopy + HFS-resolved collisions
CN,29,23,N=5,N=4,"N=5,J=5.5,F=6.5","N=4,J=4.5,F=5.5",566.94689,0.00203,0.00203,1.0,26724110.40156005,35.0,p-H2,HFS-resolved spectroscopy + HFS-resolved collisions
CN,30,23,N=5,N=4,"N=5,J=5.5,F=5.5","N=4,J=4.5,F=5.5",566.96375,6.68e-05,0.0020268,0.03295835800276298,25663620.55962303,35.0,p-H2,HFS-resolved spectroscopy + HFS-resolved collisions
CN,30,24,N=5,N=4,"N=5,J=5.5,F=5.5","N=4,J=4.5,F=4.5",566.9468,0.00196,0.0020268,0.967041641997237,25663620.55962303,35.0,p-H2,HFS-resolved spectroscopy + HFS-resolved collisions
CN,31,23,N=5,N=4,"N=5,J=5.5,F=4.5","N=4,J=4.5,F=5.5",566.97893,6.66e-07,0.002030866,0.0003279389186681937,26417796.2391898,35.0,p-H2,HFS-resolved spectroscopy + HFS-resolved collisions
CN,31,24,N=5,N=4,"N=5,J=5.5,F=4.5","N=4,J=4.5,F=4.5",566.96198,8.02e-05,0.002030866,0.03949054245824195,26417796.2391898,35.0,p-H2,HFS-resolved spectroscopy + HFS-resolved collisions
CN,31,25,N=5,N=4,"N=5,J=5.5,F=4.5","N=4,J=4.5,F=3.5",566.94721,0.00195,0.002030866,0.9601815186230898,26417796.2391898,35.0,p-H2,HFS-resolved spectroscopy + HFS-resolved collisions
CN,32,26,N=6,N=5,"N=6,J=5.5,F=4.5","N=5,J=4.5,F=3.5",680.04738,0.00336,0.00355332,0.9455945425686401,43509545.18490355,35.0,p-H2,HFS-resolved spectroscopy + HFS-resolved collisions
CN,32,27,N=6,N=5,"N=6,J=5.5,F=4.5","N=5,J=4.5,F=4.5",680.03127,0.000139,0.00355332,0.03911834565983362,43509545.18490355,35.0,p-H2,HFS-resolved spectroscopy + HFS-resolved collisions
CN,32,28,N=6,N=5,"N=6,J=5.5,F=4.5","N=5,J=4.5,F=5.5",680.01048,1.16e-06,0.00355332,0.0003264552587439352,43509545.18490355,35.0,p-H2,HFS-resolved spectroscopy + HFS-resolved collisions
CN,32,30,N=6,N=5,"N=6,J=5.5,F=4.5","N=5,J=5.5,F=5.5",678.82865,1.76e-06,0.00355332,0.0004953114270597639,43509545.18490355,35.0,p-H2,HFS-resolved spectroscopy + HFS-resolved collisions
CN,32,31,N=6,N=5,"N=6,J=5.5,F=4.5","N=5,J=5.5,F=4.5",678.81347,5.14e-05,0.00355332,0.014465345085722649,43509545.18490355,35.0,p-H2,HFS-resolved spectroscopy + HFS-resolved collisions
CN,33,27,N=6,N=5,"N=6,J=5.5,F=5.5","N=5,J=4.5,F=4.5",680.04744,0.00338,0.00354949,0.952249478094036,42416065.89655922,35.0,p-H2,HFS-resolved spectroscopy + HFS-resolved collisions
CN,33,28,N=6,N=5,"N=6,J=5.5,F=5.5","N=5,J=4.5,F=5.5",680.02664,0.000116,0.00354949,0.0326807513192036,42416065.89655922,35.0,p-H2,HFS-resolved spectroscopy + HFS-resolved collisions
CN,33,29,N=6,N=5,"N=6,J=5.5,F=5.5","N=5,J=5.5,F=6.5",678.86167,1.48e-06,0.00354949,0.00041696130993466667,42416065.89655922,35.0,p-H2,HFS-resolved spectroscopy + HFS-resolved collisions
CN,33,30,N=6,N=5,"N=6,J=5.5,F=5.5","N=5,J=5.5,F=5.5",678.84482,5.05e-05,0.00354949,0.014227396048446396,42416065.89655922,35.0,p-H2,HFS-resolved spectroscopy + HFS-resolved collisions
CN,33,31,N=6,N=5,"N=6,J=5.5,F=5.5","N=5,J=5.5,F=4.5",678.82964,1.51e-06,0.00354949,0.0004254132283792883,42416065.89655922,35.0,p-H2,HFS-resolved spectroscopy + HFS-resolved collisions
CN,34,28,N=6,N=5,"N=6,J=5.5,F=6.5","N=5,J=4.5,F=5.5",680.04685,0.0035,0.00355382,0.9848557327045264,43992458.23616676,35.0,p-H2,HFS-resolved spectroscopy + HFS-resolved collisions
CN,34,29,N=6,N=5,"N=6,J=5.5,F=6.5","N=5,J=5.5,F=6.5",678.88188,5.25e-05,0.00355382,0.014772835990567897,43992458.23616676,35.0,p-H2,HFS-resolved spectroscopy + HFS-resolved collisions
CN,34,30,N=6,N=5,"N=6,J=5.5,F=6.5","N=5,J=5.5,F=5.5",678.86502,1.32e-06,0.00355382,0.0003714313049057071,43992458.23616676,35.0,p-H2,HFS-resolved spectroscopy + HFS-resolved collisions
CN,35,29,N=6,N=5,"N=6,J=6.5,F=7.5","N=5,J=5.5,F=6.5",680.26397,0.00356,0.00356,1.0,44460993.60205205,35.0,p-H2,HFS-resolved spectroscopy + HFS-resolved collisions
CN,36,29,N=6,N=5,"N=6,J=6.5,F=6.5","N=5,J=5.5,F=6.5",680.28076,8.39e-05,0.0035539,0.023607867413264302,43203624.51991376,35.0,p-H2,HFS-resolved spectroscopy + HFS-resolved collisions
CN,36,30,N=6,N=5,"N=6,J=6.5,F=6.5","N=5,J=5.5,F=5.5",680.2639,0.00347,0.0035539,0.9763921325867357,43203624.51991376,35.0,p-H2,HFS-resolved spectroscopy + HFS-resolved collisions
CN,37,29,N=6,N=5,"N=6,J=6.5,F=5.5","N=5,J=5.5,F=6.5",680.29624,5.81e-07,0.003558481,0.00016327191293138843,44132186.11590533,35.0,p-H2,HFS-resolved spectroscopy + HFS-resolved collisions
CN,37,30,N=6,N=5,"N=6,J=6.5,F=5.5","N=5,J=5.5,F=5.5",680.27938,9.79e-05,0.003558481,0.027511738857113468,44132186.11590533,35.0,p-H2,HFS-resolved spectroscopy + HFS-resolved collisions
CN,37,31,N=6,N=5,"N=6,J=6.5,F=5.5","N=5,J=5.5,F=4.5",680.2642,0.00346,0.003558481,0.9723249892299551,44132186.11590533,35.0,p-H2,HFS-resolved spectroscopy + HFS-resolved collisions
CN,38,32,N=7,N=6,"N=7,J=6.5,F=5.5","N=6,J=5.5,F=4.5",793.33649,0.00548,0.005698902,0.9615887411294316,64278282.42243584,35.0,p-H2,HFS-resolved spectroscopy + HFS-resolved collisions
CN,38,33,N=7,N=6,"N=7,J=6.5,F=5.5","N=6,J=5.5,F=5.5",793.32032,0.000156,0.005698902,0.027373694090545863,64278282.42243584,35.0,p-H2,HFS-resolved spectroscopy + HFS-resolved collisions
CN,38,34,N=7,N=6,"N=7,J=6.5,F=5.5","N=6,J=5.5,F=6.5",793.30012,9.32e-07,0.005698902,0.0001635402749512099,64278282.42243584,35.0,p-H2,HFS-resolved spectroscopy + HFS-resolved collisions
CN,38,36,N=7,N=6,"N=7,J=6.5,F=5.5","N=6,J=6.5,F=6.5",791.90124,1.47e-06,0.005698902,0.00025794442508398984,64278282.42243584,35.0,p-H2,HFS-resolved spectroscopy + HFS-resolved collisions
CN,38,37,N=7,N=6,"N=7,J=6.5,F=5.5","N=6,J=6.5,F=5.5",791.88576,6.05e-05,0.005698902,0.010616080079987338,64278282.42243584,35.0,p-H2,HFS-resolved spectroscopy + HFS-resolved collisions
CN,39,33,N=7,N=6,"N=7,J=6.5,F=6.5","N=6,J=5.5,F=5.5",793.33654,0.00551,0.00570627,0.9656045017147804,63289172.19356265,35.0,p-H2,HFS-resolved spectroscopy + HFS-resolved collisions
CN,39,34,N=7,N=6,"N=7,J=6.5,F=6.5","N=6,J=5.5,F=6.5",793.31633,0.000134,0.00570627,0.023482940695059996,63289172.19356265,35.0,p-H2,HFS-resolved spectroscopy + HFS-resolved collisions
CN,39,35,N=7,N=6,"N=7,J=6.5,F=6.5","N=6,J=6.5,F=7.5",791.93424,1.27e-06,0.00570627,0.00022256219912482233,63289172.19356265,35.0,p-H2,HFS-resolved spectroscopy + HFS-resolved collisions
CN,39,36,N=7,N=6,"N=7,J=6.5,F=6.5","N=6,J=6.5,F=6.5",791.91745,5.97e-05,0.00570627,0.010462175817127476,63289172.19356265,35.0,p-H2,HFS-resolved spectroscopy + HFS-resolved collisions
CN,39,37,N=7,N=6,"N=7,J=6.5,F=6.5","N=6,J=6.5,F=5.5",791.90197,1.3e-06,0.00570627,0.00022781957390729846,63289172.19356265,35.0,p-H2,HFS-resolved spectroscopy + HFS-resolved collisions
CN,40,34,N=7,N=6,"N=7,J=6.5,F=7.5","N=6,J=5.5,F=6.5",793.33613,0.00564,0.00570265,0.9890138795121566,64696261.658054754,35.0,p-H2,HFS-resolved spectroscopy + HFS-resolved collisions
CN,40,35,N=7,N=6,"N=7,J=6.5,F=7.5","N=6,J=6.5,F=7.5",791.95404,6.15e-05,0.00570265,0.01078445985638256,64696261.658054754,35.0,p-H2,HFS-resolved spectroscopy + HFS-resolved collisions
CN,40,36,N=7,N=6,"N=7,J=6.5,F=7.5","N=6,J=6.5,F=6.5",791.93725,1.15e-06,0.00570265,0.00020166063146081207,64696261.658054754,35.0,p-H2,HFS-resolved spectroscopy + HFS-resolved collisions
CN,41,35,N=7,N=6,"N=7,J=7.5,F=8.5","N=6,J=6.5,F=7.5",793.55333,0.00571,0.00571,1.0,65133899.10382366,35.0,p-H2,HFS-resolved spectroscopy + HFS-resolved collisions
CN,42,35,N=7,N=6,"N=7,J=7.5,F=7.5","N=6,J=6.5,F=7.5",793.57007,0.000101,0.005711000000000001,0.01768516897215899,64021026.80997895,35.0,p-H2,HFS-resolved spectroscopy + HFS-resolved collisions
CN,42,36,N=7,N=6,"N=7,J=7.5,F=7.5","N=6,J=6.5,F=6.5",793.55328,0.00561,0.005711000000000001,0.9823148310278409,64021026.80997895,35.0,p-H2,HFS-resolved spectroscopy + HFS-resolved collisions
CN,43,35,N=7,N=6,"N=7,J=7.5,F=6.5","N=6,J=6.5,F=7.5",793.58578,5.15e-07,0.0057065150000000005,9.02477256258855e-05,64837057.483241476,35.0,p-H2,HFS-resolved spectroscopy + HFS-resolved collisions
CN,43,36,N=7,N=6,"N=7,J=7.5,F=6.5","N=6,J=6.5,F=6.5",793.56899,0.000116,0.0057065150000000005,0.020327643053597508,64837057.483241476,35.0,p-H2,HFS-resolved spectroscopy + HFS-resolved collisions
CN,43,37,N=7,N=6,"N=7,J=7.5,F=6.5","N=6,J=6.5,F=5.5",793.55351,0.00559,0.0057065150000000005,0.9795821092207766,64837057.483241476,35.0,p-H2,HFS-resolved spectroscopy + HFS-resolved collisions
CN,44,38,N=8,N=7,"N=8,J=7.5,F=6.5","N=7,J=6.5,F=5.5",906.5934,0.00834,0.008584535,0.9715144734106157,89935234.45693901,35.0,p-H2,HFS-resolved spectroscopy + HFS-resolved collisions
CN,44,39,N=8,N=7,"N=8,J=7.5,F=6.5","N=7,J=6.5,F=6.5",906.57718,0.000173,0.008584535,0.02015251845324179,89935234.45693901,35.0,p-H2,HFS-resolved spectroscopy + HFS-resolved collisions
CN,44,40,N=8,N=7,"N=8,J=7.5,F=6.5","N=7,J=6.5,F=7.5",906.55739,7.75e-07,0.008584535,9.02786231286843e-05,89935234.45693901,35.0,p-H2,HFS-resolved spectroscopy + HFS-resolved collisions
CN,44,42,N=8,N=7,"N=8,J=7.5,F=6.5","N=7,J=7.5,F=7.5",904.94135,1.26e-06,0.008584535,0.0001467755679253448,89935234.45693901,35.0,p-H2,HFS-resolved spectroscopy + HFS-resolved collisions
CN,44,43,N=8,N=7,"N=8,J=7.5,F=6.5","N=7,J=7.5,F=6.5",904.92564,6.95e-05,0.008584535,0.008095953945088464,89935234.45693901,35.0,p-H2,HFS-resolved spectroscopy + HFS-resolved collisions
CN,45,39,N=8,N=7,"N=8,J=7.5,F=7.5","N=7,J=6.5,F=6.5",906.59343,0.00836,0.00858305,0.9740127344009413,88820243.04567209,35.0,p-H2,HFS-resolved spectroscopy + HFS-resolved collisions
CN,45,40,N=8,N=7,"N=8,J=7.5,F=7.5","N=7,J=6.5,F=7.5",906.57364,0.000152,0.00858305,0.01770932244365348,88820243.04567209,35.0,p-H2,HFS-resolved spectroscopy + HFS-resolved collisions
CN,45,41,N=8,N=7,"N=8,J=7.5,F=7.5","N=7,J=7.5,F=8.5",904.97435,1.11e-06,0.00858305,0.00012932465731878528,88820243.04567209,35.0,p-H2,HFS-resolved spectroscopy + HFS-resolved collisions
CN,45,42,N=8,N=7,"N=8,J=7.5,F=7.5","N=7,J=7.5,F=7.5",904.95761,6.88e-05,0.00858305,0.008015798579758943,88820243.04567209,35.0,p-H2,HFS-resolved spectroscopy + HFS-resolved collisions
CN,45,43,N=8,N=7,"N=8,J=7.5,F=7.5","N=7,J=7.5,F=6.5",904.9419,1.14e-06,0.00858305,0.0001328199183274011,88820243.04567209,35.0,p-H2,HFS-resolved spectroscopy + HFS-resolved collisions
CN,46,40,N=8,N=7,"N=8,J=7.5,F=8.5","N=7,J=6.5,F=7.5",906.59313,0.00851,0.008581420000000001,0.9916773680812732,90275930.94851446,35.0,p-H2,HFS-resolved spectroscopy + HFS-resolved collisions
CN,46,41,N=8,N=7,"N=8,J=7.5,F=8.5","N=7,J=7.5,F=8.5",904.99384,7.04e-05,0.008581420000000001,0.008203770471553658,90275930.94851446,35.0,p-H2,HFS-resolved spectroscopy + HFS-resolved collisions
CN,46,42,N=8,N=7,"N=8,J=7.5,F=8.5","N=7,J=7.5,F=7.5",904.9771,1.02e-06,0.008581420000000001,0.00011886144717307857,90275930.94851446,35.0,p-H2,HFS-resolved spectroscopy + HFS-resolved collisions
CN,47,41,N=8,N=7,"N=8,J=8.5,F=9.5","N=7,J=7.5,F=8.5",906.81039,0.00859,0.00859,1.0,90650682.7719567,35.0,p-H2,HFS-resolved spectroscopy + HFS-resolved collisions
CN,48,41,N=8,N=7,"N=8,J=8.5,F=8.5","N=7,J=7.5,F=8.5",906.82709,0.000119,0.008589,0.013854930725346375,89470233.13509338,35.0,p-H2,HFS-resolved spectroscopy + HFS-resolved collisions
CN,48,42,N=8,N=7,"N=8,J=8.5,F=8.5","N=7,J=7.5,F=7.5",906.81035,0.00847,0.008589,0.9861450692746537,89470233.13509338,35.0,p-H2,HFS-resolved spectroscopy + HFS-resolved collisions
CN,49,41,N=8,N=7,"N=8,J=8.5,F=7.5","N=7,J=7.5,F=8.5",906.84298,4.62e-07,0.008583462,5.382443587447582e-05,90348807.71769111,35.0,p-H2,HFS-resolved spectroscopy + HFS-resolved collisions
CN,49,42,N=8,N=7,"N=8,J=8.5,F=7.5","N=7,J=7.5,F=7.5",906.82624,0.000133,0.008583462,0.015494913357803647,90348807.71769111,35.0,p-H2,HFS-resolved spectroscopy + HFS-resolved collisions
CN,49,43,N=8,N=7,"N=8,J=8.5,F=7.5","N=7,J=7.5,F=6.5",906.81053,0.00845,0.008583462,0.9844512622063217,90348807.71769111,35.0,p-H2,HFS-resolved spectroscopy + HFS-resolved collisions
CN,50,44,N=9,N=8,"N=9,J=8.5,F=7.5","N=8,J=7.5,F=6.5",1019.81346,0.012,0.012271263000000001,0.9778944514513298,119860546.11520617,35.0,p-H2,HFS-resolved spectroscopy + HFS-resolved collisions
CN,50,45,N=9,N=8,"N=9,J=8.5,F=7.5","N=8,J=7.5,F=7.5",1019.79721,0.000191,0.012271263000000001,0.015564820018933665,119860546.11520617,35.0,p-H2,HFS-resolved spectroscopy + HFS-resolved collisions
CN,50,46,N=9,N=8,"N=9,J=8.5,F=7.5","N=8,J=7.5,F=8.5",1019.77771,6.63e-07,0.012271263000000001,5.4028668442685973e-05,119860546.11520617,35.0,p-H2,HFS-resolved spectroscopy + HFS-resolved collisions
CN,50,48,N=9,N=8,"N=9,J=8.5,F=7.5","N=8,J=8.5,F=8.5",1017.94446,1.1e-06,0.012271263000000001,8.96403247163719e-05,119860546.11520617,35.0,p-H2,HFS-resolved spectroscopy + HFS-resolved collisions
CN,50,49,N=9,N=8,"N=9,J=8.5,F=7.5","N=8,J=8.5,F=7.5",1017.92858,7.85e-05,0.012271263000000001,0.006397059536577448,119860546.11520617,35.0,p-H2,HFS-resolved spectroscopy + HFS-resolved collisions
CN,51,45,N=9,N=8,"N=9,J=8.5,F=8.5","N=8,J=7.5,F=7.5",1019.81349,0.012,0.012248895000000001,0.97968020788814,118568902.8115074,35.0,p-H2,HFS-resolved spectroscopy + HFS-resolved collisions
CN,51,46,N=9,N=8,"N=9,J=8.5,F=8.5","N=8,J=7.5,F=8.5",1019.794,0.000169,0.012248895000000001,0.013797162927757971,118568902.8115074,35.0,p-H2,HFS-resolved spectroscopy + HFS-resolved collisions
CN,51,47,N=9,N=8,"N=9,J=8.5,F=8.5","N=8,J=8.5,F=9.5",1017.97745,9.85e-07,0.012248895000000001,8.04154170641515e-05,118568902.8115074,35.0,p-H2,HFS-resolved spectroscopy + HFS-resolved collisions
CN,51,48,N=9,N=8,"N=9,J=8.5,F=8.5","N=8,J=8.5,F=8.5",1017.96075,7.79e-05,0.012248895000000001,0.006359757349540509,118568902.8115074,35.0,p-H2,HFS-resolved spectroscopy + HFS-resolved collisions
CN,51,49,N=9,N=8,"N=9,J=8.5,F=8.5","N=8,J=8.5,F=7.5",1017.94486,1.01e-06,0.012248895000000001,8.245641749725179e-05,118568902.8115074,35.0,p-H2,HFS-resolved spectroscopy + HFS-resolved collisions
CN,52,46,N=9,N=8,"N=9,J=8.5,F=9.5","N=8,J=7.5,F=8.5",1019.81326,0.0122,0.012280221000000001,0.9934674628412632,120215988.97655341,35.0,p-H2,HFS-resolved spectroscopy + HFS-resolved collisions
CN,52,47,N=9,N=8,"N=9,J=8.5,F=9.5","N=8,J=8.5,F=9.5",1017.99672,7.93e-05,0.012280221000000001,0.006457538508468211,120215988.97655341,35.0,p-H2,HFS-resolved spectroscopy + HFS-resolved collisions
CN,52,48,N=9,N=8,"N=9,J=8.5,F=9.5","N=8,J=8.5,F=8.5",1017.98001,9.21e-07,0.012280221000000001,7.499865026859043e-05,120215988.97655341,35.0,p-H2,HFS-resolved spectroscopy + HFS-resolved collisions
CN,53,47,N=9,N=8,"N=9,J=9.5,F=10.5","N=8,J=8.5,F=9.5",1020.03055,0.0123,0.0123,1.0,120711570.17958413,35.0,p-H2,HFS-resolved spectroscopy + HFS-resolved collisions
CN,54,47,N=9,N=8,"N=9,J=9.5,F=9.5","N=8,J=8.5,F=9.5",1020.04722,0.000136,0.012336000000000001,0.011024643320363164,119936764.43029562,35.0,p-H2,HFS-resolved spectroscopy + HFS-resolved collisions
CN,54,48,N=9,N=8,"N=9,J=9.5,F=9.5","N=8,J=8.5,F=8.5",1020.03052,0.0122,0.012336000000000001,0.9889753566796368,119936764.43029562,35.0,p-H2,HFS-resolved spectroscopy + HFS-resolved collisions
CN,55,47,N=9,N=8,"N=9,J=9.5,F=8.5","N=8,J=8.5,F=9.5",1020.06326,4.19e-07,0.012351419,3.392322776840458e-05,120971121.69167855,35.0,p-H2,HFS-resolved spectroscopy + HFS-resolved collisions
CN,55,48,N=9,N=8,"N=9,J=9.5,F=8.5","N=8,J=8.5,F=8.5",1020.04655,0.000151,0.012351419,0.01222531597381645,120971121.69167855,35.0,p-H2,HFS-resolved spectroscopy + HFS-resolved collisions
CN,55,49,N=9,N=8,"N=9,J=9.5,F=8.5","N=8,J=8.5,F=7.5",1020.03066,0.0122,0.012351419,0.9877407607984151,120971121.69167855,35.0,p-H2,HFS-resolved spectroscopy + HFS-resolved collisions
CN,56,50,N=10,N=9,"N=10,J=9.5,F=8.5","N=9,J=8.5,F=7.5",1132.99206,0.0166,0.01689696,0.9824252409900953,150733068.34885022,35.0,p-H2,HFS-resolved spectroscopy + HFS-resolved collisions
CN,56,51,N=10,N=9,"N=10,J=9.5,F=8.5","N=9,J=8.5,F=8.5",1132.97578,0.000208,0.01689696,0.01230990663409276,150733068.34885022,35.0,p-H2,HFS-resolved spectroscopy + HFS-resolved collisions
CN,56,52,N=10,N=9,"N=10,J=9.5,F=8.5","N=9,J=8.5,F=9.5",1132.95652,5.79e-07,0.01689696,3.426651894778706e-05,150733068.34885022,35.0,p-H2,HFS-resolved spectroscopy + HFS-resolved collisions
CN,56,54,N=10,N=9,"N=10,J=9.5,F=8.5","N=9,J=9.5,F=9.5",1130.90601,9.81e-07,0.01689696,5.805778080790865e-05,150733068.34885022,35.0,p-H2,HFS-resolved spectroscopy + HFS-resolved collisions
CN,56,55,N=10,N=9,"N=10,J=9.5,F=8.5","N=9,J=9.5,F=8.5",1130.88998,8.74e-05,0.01689696,0.0051725280760562846,150733068.34885022,35.0,p-H2,HFS-resolved spectroscopy + HFS-resolved collisions
CN,57,51,N=10,N=9,"N=10,J=9.5,F=9.5","N=9,J=8.5,F=8.5",1132.99209,0.0167,0.016975696999999998,0.9837593119151457,149914673.8475155,35.0,p-H2,HFS-resolved spectroscopy + HFS-resolved collisions
CN,57,52,N=10,N=9,"N=10,J=9.5,F=9.5","N=9,J=8.5,F=9.5",1132.97283,0.000187,0.016975696999999998,0.011015747983720493,149914673.8475155,35.0,p-H2,HFS-resolved spectroscopy + HFS-resolved collisions
CN,57,53,N=10,N=9,"N=10,J=9.5,F=9.5","N=9,J=9.5,F=10.5",1130.93899,8.86e-07,0.016975696999999998,5.2192260500408324e-05,149914673.8475155,35.0,p-H2,HFS-resolved spectroscopy + HFS-resolved collisions
CN,57,54,N=10,N=9,"N=10,J=9.5,F=9.5","N=9,J=9.5,F=9.5",1130.92232,8.69e-05,0.016975696999999998,0.005119082886552464,149914673.8475155,35.0,p-H2,HFS-resolved spectroscopy + HFS-resolved collisions
CN,57,55,N=10,N=9,"N=10,J=9.5,F=9.5","N=9,J=9.5,F=8.5",1130.90629,9.11e-07,0.016975696999999998,5.366495408111962e-05,149914673.8475155,35.0,p-H2,HFS-resolved spectroscopy + HFS-resolved collisions
CN,58,52,N=10,N=9,"N=10,J=9.5,F=10.5","N=9,J=8.5,F=9.5",1132.99191,0.0169,0.016989037,0.9947591496798789,151848153.45299467,35.0,p-H2,HFS-resolved spectroscopy + HFS-resolved collisions
CN,58,53,N=10,N=9,"N=10,J=9.5,F=10.5","N=9,J=9.5,F=10.5",1130.95808,8.82e-05,0.016989037,0.005191583254542327,151848153.45299467,35.0,p-H2,HFS-resolved spectroscopy + HFS-resolved collisions
CN,58,54,N=10,N=9,"N=10,J=9.5,F=10.5","N=9,J=9.5,F=9.5",1130.94141,8.37e-07,0.016989037,4.926706557882004e-05,151848153.45299467,35.0,p-H2,HFS-resolved spectroscopy + HFS-resolved collisions
CN,59,53,N=10,N=9,"N=10,J=10.5,F=11.5","N=9,J=9.5,F=10.5",1133.20922,0.017,0.017,1.0,152377461.49059036,35.0,p-H2,HFS-resolved spectroscopy + HFS-resolved collisions
CN,60,53,N=10,N=9,"N=10,J=10.5,F=10.5","N=9,J=9.5,F=10.5",1133.22586,0.000154,0.016954,0.009083402146985962,150399037.3175896,35.0,p-H2,HFS-resolved spectroscopy + HFS-resolved collisions
CN,60,54,N=10,N=9,"N=10,J=10.5,F=10.5","N=9,J=9.5,F=9.5",1133.20919,0.0168,0.016954,0.990916597853014,150399037.3175896,35.0,p-H2,HFS-resolved spectroscopy + HFS-resolved collisions
CN,61,53,N=10,N=9,"N=10,J=10.5,F=9.5","N=9,J=9.5,F=10.5",1133.24202,3.83e-07,0.016969382999999998,2.2570060443564744e-05,151781207.32128847,35.0,p-H2,HFS-resolved spectroscopy + HFS-resolved collisions
CN,61,54,N=10,N=9,"N=10,J=10.5,F=9.5","N=9,J=9.5,F=9.5",1133.22535,0.000169,0.016969382999999998,0.00995911283280011,151781207.32128847,35.0,p-H2,HFS-resolved spectroscopy + HFS-resolved collisions
CN,61,55,N=10,N=9,"N=10,J=10.5,F=9.5","N=9,J=9.5,F=8.5",1133.20931,0.0168,0.016969382999999998,0.9900183171067564,151781207.32128847,35.0,p-H2,HFS-resolved spectroscopy + HFS-resolved collisions
CN,62,56,N=11,N=10,"N=11,J=10.5,F=9.5","N=10,J=9.5,F=8.5",1246.1246,0.0223,0.022622695,0.9857357843528368,200358343.73462772,35.0,p-H2,HFS-resolved spectroscopy + HFS-resolved collisions
CN,62,57,N=11,N=10,"N=11,J=10.5,F=9.5","N=10,J=9.5,F=9.5",1246.10829,0.000225,0.022622695,0.009945764640331312,200358343.73462772,35.0,p-H2,HFS-resolved spectroscopy + HFS-resolved collisions
CN,62,58,N=11,N=10,"N=11,J=10.5,F=9.5","N=10,J=9.5,F=10.5",1246.08921,5.13e-07,0.022622695,2.267634337995539e-05,200358343.73462772,35.0,p-H2,HFS-resolved spectroscopy + HFS-resolved collisions
CN,62,60,N=11,N=10,"N=11,J=10.5,F=9.5","N=10,J=10.5,F=10.5",1243.82142,8.82e-07,0.022622695,3.8987397390098744e-05,200358343.73462772,35.0,p-H2,HFS-resolved spectroscopy + HFS-resolved collisions
CN,62,61,N=11,N=10,"N=11,J=10.5,F=9.5","N=10,J=10.5,F=9.5",1243.80527,9.63e-05,0.022622695,0.004256787266061802,200358343.73462772,35.0,p-H2,HFS-resolved spectroscopy + HFS-resolved collisions
CN,63,57,N=11,N=10,"N=11,J=10.5,F=10.5","N=10,J=9.5,F=9.5",1246.12462,0.0223,0.022602433,0.9866194493309636,198938821.34230554,35.0,p-H2,HFS-resolved spectroscopy + HFS-resolved collisions
CN,63,58,N=11,N=10,"N=11,J=10.5,F=10.5","N=10,J=9.5,F=10.5",1246.10554,0.000205,0.022602433,0.009069820049903476,198938821.34230554,35.0,p-H2,HFS-resolved spectroscopy + HFS-resolved collisions
CN,63,59,N=11,N=10,"N=11,J=10.5,F=10.5","N=10,J=10.5,F=11.5",1243.8544,8.05e-07,0.022602433,3.561563483010877e-05,198938821.34230554,35.0,p-H2,HFS-resolved spectroscopy + HFS-resolved collisions
CN,63,60,N=11,N=10,"N=11,J=10.5,F=10.5","N=10,J=10.5,F=10.5",1243.83775,9.58e-05,0.022602433,0.0042384817599061125,198938821.34230554,35.0,p-H2,HFS-resolved spectroscopy + HFS-resolved collisions
CN,63,61,N=11,N=10,"N=11,J=10.5,F=10.5","N=10,J=10.5,F=9.5",1243.8216,8.28e-07,0.022602433,3.663322439668331e-05,198938821.34230554,35.0,p-H2,HFS-resolved spectroscopy + HFS-resolved collisions
CN,64,58,N=11,N=10,"N=11,J=10.5,F=11.5","N=10,J=9.5,F=10.5",1246.12448,0.0225,0.022597766,0.9956736431379988,200466866.14687702,35.0,p-H2,HFS-resolved spectroscopy + HFS-resolved collisions
CN,64,59,N=11,N=10,"N=11,J=10.5,F=11.5","N=10,J=10.5,F=11.5",1243.87334,9.7e-05,0.022597766,0.004292459705972706,200466866.14687702,35.0,p-H2,HFS-resolved spectroscopy + HFS-resolved collisions
CN,64,60,N=11,N=10,"N=11,J=10.5,F=11.5","N=10,J=10.5,F=10.5",1243.85669,7.66e-07,0.022597766,3.38971560286092e-05,200466866.14687702,35.0,p-H2,HFS-resolved spectroscopy + HFS-resolved collisions
CN,65,59,N=11,N=10,"N=11,J=11.5,F=12.5","N=10,J=10.5,F=11.5",1246.3418,0.0227,0.0227,1.0,201658290.6902659,35.0,p-H2,HFS-resolved spectroscopy + HFS-resolved collisions
CN,66,59,N=11,N=10,"N=11,J=11.5,F=11.5","N=10,J=10.5,F=11.5",1246.35842,0.000171,0.022671,0.007542675664946407,200096540.81792477,35.0,p-H2,HFS-resolved spectroscopy + HFS-resolved collisions
CN,66,60,N=11,N=10,"N=11,J=11.5,F=11.5","N=10,J=10.5,F=10.5",1246.34178,0.0225,0.022671,0.9924573243350535,200096540.81792477,35.0,p-H2,HFS-resolved spectroscopy + HFS-resolved collisions
CN,67,59,N=11,N=10,"N=11,J=11.5,F=10.5","N=10,J=10.5,F=11.5",1246.37468,3.53e-07,0.022687353,1.555932946430551e-05,201243379.05326337,35.0,p-H2,HFS-resolved spectroscopy + HFS-resolved collisions
CN,67,60,N=11,N=10,"N=11,J=11.5,F=10.5","N=10,J=10.5,F=10.5",1246.35803,0.000187,0.022687353,0.00824247764822983,201243379.05326337,35.0,p-H2,HFS-resolved spectroscopy + HFS-resolved collisions
CN,67,61,N=11,N=10,"N=11,J=11.5,F=10.5","N=10,J=10.5,F=9.5",1246.34188,0.0225,0.022687353,0.9917419630223058,201243379.05326337,35.0,p-H2,HFS-resolved spectroscopy + HFS-resolved collisions
CN,68,62,N=12,N=11,"N=12,J=11.5,F=10.5","N=11,J=10.5,F=9.5",1359.20647,0.0291,0.029449262,0.9881402121384231,138510658.03560707,35.0,p-H2,HFS-resolved spectroscopy + HFS-resolved collisions
CN,68,63,N=12,N=11,"N=12,J=11.5,F=10.5","N=11,J=10.5,F=10.5",1359.19014,0.000243,0.029449262,0.008251480121980646,138510658.03560707,35.0,p-H2,HFS-resolved spectroscopy + HFS-resolved collisions
CN,68,64,N=12,N=11,"N=12,J=11.5,F=10.5","N=11,J=10.5,F=11.5",1359.1712,4.6e-07,0.029449262,1.5620085827617684e-05,138510658.03560707,35.0,p-H2,HFS-resolved spectroscopy + HFS-resolved collisions
CN,68,66,N=12,N=11,"N=12,J=11.5,F=10.5","N=11,J=11.5,F=11.5",1356.68612,8.02e-07,0.029449262,2.7233280073368223e-05,138510658.03560707,35.0,p-H2,HFS-resolved spectroscopy + HFS-resolved collisions
CN,68,67,N=12,N=11,"N=12,J=11.5,F=10.5","N=11,J=11.5,F=10.5",1356.66986,0.000105,0.029449262,0.0035654543736953407,138510658.03560707,35.0,p-H2,HFS-resolved spectroscopy + HFS-resolved collisions
CN,69,63,N=12,N=11,"N=12,J=11.5,F=11.5","N=11,J=10.5,F=10.5",1359.20649,0.0292,0.029529497000000002,0.9888417672674884,137946476.80994305,35.0,p-H2,HFS-resolved spectroscopy + HFS-resolved collisions
CN,69,64,N=12,N=11,"N=12,J=11.5,F=11.5","N=11,J=10.5,F=11.5",1359.18755,0.000223,0.029529497000000002,0.007551771030844176,137946476.80994305,35.0,p-H2,HFS-resolved spectroscopy + HFS-resolved collisions
CN,69,65,N=12,N=11,"N=12,J=11.5,F=11.5","N=11,J=11.5,F=12.5",1356.71909,7.38e-07,0.029529497000000002,2.4991959734363235e-05,137946476.80994305,35.0,p-H2,HFS-resolved spectroscopy + HFS-resolved collisions
CN,69,66,N=12,N=11,"N=12,J=11.5,F=11.5","N=11,J=11.5,F=11.5",1356.70247,0.000105,0.029529497000000002,0.003555766628872818,137946476.80994305,35.0,p-H2,HFS-resolved spectroscopy + HFS-resolved collisions
CN,69,67,N=12,N=11,"N=12,J=11.5,F=11.5","N=11,J=11.5,F=10.5",1356.68622,7.59e-07,0.029529497000000002,2.5703113060137798e-05,137946476.80994305,35.0,p-H2,HFS-resolved spectroscopy + HFS-resolved collisions
CN,70,64,N=12,N=11,"N=12,J=11.5,F=12.5","N=11,J=10.5,F=11.5",1359.20637,0.0294,0.029506707,0.9963836357611847,138365049.92104378,35.0,p-H2,HFS-resolved spectroscopy + HFS-resolved collisions
CN,70,65,N=12,N=11,"N=12,J=11.5,F=12.5","N=11,J=11.5,F=12.5",1356.73791,0.000106,0.029506707,0.0035924035847171966,138365049.92104378,35.0,p-H2,HFS-resolved spectroscopy + HFS-resolved collisions
CN,70,66,N=12,N=11,"N=12,J=11.5,F=12.5","N=11,J=11.5,F=11.5",1356.72129,7.07e-07,0.029506707,2.3960654098066585e-05,138365049.92104378,35.0,p-H2,HFS-resolved spectroscopy + HFS-resolved collisions
CN,71,65,N=12,N=11,"N=12,J=12.5,F=13.5","N=11,J=11.5,F=12.5",1359.4237,0.0295,0.0295,1.0,137885144.92534438,35.0,p-H2,HFS-resolved spectroscopy + HFS-resolved collisions
CN,72,65,N=12,N=11,"N=12,J=12.5,F=12.5","N=11,J=11.5,F=12.5",1359.4403,0.000189,0.029489,0.006409169520838279,138042600.06470725,35.0,p-H2,HFS-resolved spectroscopy + HFS-resolved collisions
CN,72,66,N=12,N=11,"N=12,J=12.5,F=12.5","N=11,J=11.5,F=11.5",1359.42368,0.0293,0.029489,0.9935908304791616,138042600.06470725,35.0,p-H2,HFS-resolved spectroscopy + HFS-resolved collisions
CN,73,65,N=12,N=11,"N=12,J=12.5,F=11.5","N=11,J=11.5,F=12.5",1359.45664,3.27e-07,0.029504327,1.10831201131956e-05,138333208.31325155,35.0,p-H2,HFS-resolved spectroscopy + HFS-resolved collisions
CN,73,66,N=12,N=11,"N=12,J=12.5,F=11.5","N=11,J=11.5,F=11.5",1359.44002,0.000204,0.029504327,0.006914240070617438,138333208.31325155,35.0,p-H2,HFS-resolved spectroscopy + HFS-resolved collisions
CN,73,67,N=12,N=11,"N=12,J=12.5,F=11.5","N=11,J=11.5,F=10.5",1359.42376,0.0293,0.029504327,0.9930746768092693,138333208.31325155,35.0,p-H2,HFS-resolved spectroscopy + HFS-resolved collisions
CN,3,1,N=1,N=0,"N=1,J=0.5,F=0.5","N=0,J=0.5,F=1.5",113.14416,1.05e-05,1.1789999999999999e-05,0.89058524173028,112759.84437489032,40.0,p-H2,HFS-resolved spectroscopy + HFS-resolved collisions
CN,3,2,N=1,N=0,"N=1,J=0.5,F=0.5","N=0,J=0.5,F=0.5",113.12337,1.29e-06,1.1789999999999999e-05,0.10941475826972011,112759.84437489032,40.0,p-H2,HFS-resolved spectroscopy + HFS-resolved collisions
CN,4,1,N=1,N=0,"N=1,J=0.5,F=1.5","N=0,J=0.5,F=1.5",113.19128,6.68e-06,1.182e-05,0.5651438240270727,116174.28526209605,40.0,p-H2,HFS-resolved spectroscopy + HFS-resolved collisions
CN,4,2,N=1,N=0,"N=1,J=0.5,F=1.5","N=0,J=0.5,F=0.5",113.17049,5.14e-06,1.182e-05,0.43485617597292725,116174.28526209605,40.0,p-H2,HFS-resolved spectroscopy + HFS-resolved collisions
CN,5,1,N=1,N=0,"N=1,J=1.5,F=2.5","N=0,J=0.5,F=1.5",113.49097,1.19e-05,1.19e-05,1.0,134051.20476082485,40.0,p-H2,HFS-resolved spectroscopy + HFS-resolved collisions
CN,6,1,N=1,N=0,"N=1,J=1.5,F=1.5","N=0,J=0.5,F=1.5",113.50891,5.19e-06,1.193e-05,0.435037720033529,118935.5133715806,40.0,p-H2,HFS-resolved spectroscopy + HFS-resolved collisions
CN,6,2,N=1,N=0,"N=1,J=1.5,F=1.5","N=0,J=0.5,F=0.5",113.48812,6.74e-06,1.193e-05,0.5649622799664711,118935.5133715806,40.0,p-H2,HFS-resolved spectroscopy + HFS-resolved collisions
CN,7,1,N=1,N=0,"N=1,J=1.5,F=0.5","N=0,J=0.5,F=1.5",113.52043,1.3e-06,1.19e-05,0.10924369747899161,117984.54248905768,40.0,p-H2,HFS-resolved spectroscopy + HFS-resolved collisions
CN,7,2,N=1,N=0,"N=1,J=1.5,F=0.5","N=0,J=0.5,F=0.5",113.49964,1.06e-05,1.19e-05,0.8907563025210085,117984.54248905768,40.0,p-H2,HFS-resolved spectroscopy + HFS-resolved collisions
CN,8,3,N=2,N=1,"N=2,J=1.5,F=0.5","N=1,J=0.5,F=0.5",226.66369,8.46e-05,0.00011383,0.7432135640867961,1083132.1205000137,40.0,p-H2,HFS-resolved spectroscopy + HFS-resolved collisions
CN,8,4,N=2,N=1,"N=2,J=1.5,F=0.5","N=1,J=0.5,F=1.5",226.61657,1.07e-05,0.00011383,0.09399982429939382,1083132.1205000137,40.0,p-H2,HFS-resolved spectroscopy + HFS-resolved collisions
CN,8,6,N=2,N=1,"N=2,J=1.5,F=0.5","N=1,J=1.5,F=1.5",226.29894,8.23e-06,0.00011383,0.07230079943775806,1083132.1205000137,40.0,p-H2,HFS-resolved spectroscopy + HFS-resolved collisions
CN,8,7,N=2,N=1,"N=2,J=1.5,F=0.5","N=1,J=1.5,F=0.5",226.28742,1.03e-05,0.00011383,0.090485812176052,1083132.1205000137,40.0,p-H2,HFS-resolved spectroscopy + HFS-resolved collisions
CN,9,3,N=2,N=1,"N=2,J=1.5,F=1.5","N=1,J=0.5,F=0.5",226.67931,5.27e-05,0.00011392,0.4626053370786517,1095049.3341868892,40.0,p-H2,HFS-resolved spectroscopy + HFS-resolved collisions
CN,9,4,N=2,N=1,"N=2,J=1.5,F=1.5","N=1,J=0.5,F=1.5",226.63219,4.26e-05,0.00011392,0.37394662921348315,1095049.3341868892,40.0,p-H2,HFS-resolved spectroscopy + HFS-resolved collisions
CN,9,5,N=2,N=1,"N=2,J=1.5,F=1.5","N=1,J=1.5,F=2.5",226.3325,4.55e-06,0.00011392,0.039940308988764044,1095049.3341868892,40.0,p-H2,HFS-resolved spectroscopy + HFS-resolved collisions
CN,9,6,N=2,N=1,"N=2,J=1.5,F=1.5","N=1,J=1.5,F=1.5",226.31454,9.9e-06,0.00011392,0.08690308988764045,1095049.3341868892,40.0,p-H2,HFS-resolved spectroscopy + HFS-resolved collisions
CN,9,7,N=2,N=1,"N=2,J=1.5,F=1.5","N=1,J=1.5,F=0.5",226.30304,4.17e-06,0.00011392,0.036604634831460675,1095049.3341868892,40.0,p-H2,HFS-resolved spectroscopy + HFS-resolved collisions
CN,10,4,N=2,N=1,"N=2,J=1.5,F=2.5","N=1,J=0.5,F=1.5",226.65956,9.47e-05,0.00011396,0.830993330993331,1251025.2503670133,40.0,p-H2,HFS-resolved spectroscopy + HFS-resolved collisions
CN,10,5,N=2,N=1,"N=2,J=1.5,F=2.5","N=1,J=1.5,F=2.5",226.35987,1.61e-05,0.00011396,0.14127764127764125,1251025.2503670133,40.0,p-H2,HFS-resolved spectroscopy + HFS-resolved collisions
CN,10,6,N=2,N=1,"N=2,J=1.5,F=2.5","N=1,J=1.5,F=1.5",226.34193,3.16e-06,0.00011396,0.027729027729027727,1251025.2503670133,40.0,p-H2,HFS-resolved spectroscopy + HFS-resolved collisions
CN,11,5,N=2,N=1,"N=2,J=2.5,F=3.5","N=1,J=1.5,F=2.5",226.87478,0.000114,0.000114,1.0,1372502.7231853232,40.0,p-H2,HFS-resolved spectroscopy + HFS-resolved collisions
CN,12,4,N=2,N=1,"N=2,J=2.5,F=2.5","N=1,J=0.5,F=1.5",227.19182,1.45e-09,0.00011430144999999999,1.268575333033833e-05,1233527.1095034843,40.0,p-H2,HFS-resolved spectroscopy + HFS-resolved collisions
CN,12,5,N=2,N=1,"N=2,J=2.5,F=2.5","N=1,J=1.5,F=2.5",226.89213,1.81e-05,0.00011430144999999999,0.1583531967442233,1233527.1095034843,40.0,p-H2,HFS-resolved spectroscopy + HFS-resolved collisions
CN,12,6,N=2,N=1,"N=2,J=2.5,F=2.5","N=1,J=1.5,F=1.5",226.87419,9.62e-05,0.00011430144999999999,0.8416341175024464,1233527.1095034843,40.0,p-H2,HFS-resolved spectroscopy + HFS-resolved collisions
CN,13,5,N=2,N=1,"N=2,J=2.5,F=1.5","N=1,J=1.5,F=2.5",226.90536,1.13e-06,0.00011433,0.009883670077844835,1282643.2391389643,40.0,p-H2,HFS-resolved spectroscopy + HFS-resolved collisions
CN,13,6,N=2,N=1,"N=2,J=2.5,F=1.5","N=1,J=1.5,F=1.5",226.88742,2.73e-05,0.00011433,0.23878247179218054,1282643.2391389643,40.0,p-H2,HFS-resolved spectroscopy + HFS-resolved collisions
CN,13,7,N=2,N=1,"N=2,J=2.5,F=1.5","N=1,J=1.5,F=0.5",226.8759,8.59e-05,0.00011433,0.7513338581299747,1282643.2391389643,40.0,p-H2,HFS-resolved spectroscopy + HFS-resolved collisions
CN,14,8,N=3,N=2,"N=3,J=2.5,F=1.5","N=2,J=1.5,F=0.5",340.03541,0.000289,0.00041252,0.7005720934742558,4480452.304001087,40.0,p-H2,HFS-resolved spectroscopy + HFS-resolved collisions
CN,14,9,N=3,N=2,"N=3,J=2.5,F=1.5","N=2,J=1.5,F=1.5",340.01963,9.27e-05,0.00041252,0.22471637738776304,4480452.304001087,40.0,p-H2,HFS-resolved spectroscopy + HFS-resolved collisions
CN,14,10,N=3,N=2,"N=3,J=2.5,F=1.5","N=2,J=1.5,F=2.5",339.99226,3.89e-06,0.00041252,0.009429845825656938,4480452.304001087,40.0,p-H2,HFS-resolved spectroscopy + HFS-resolved collisions
CN,14,12,N=3,N=2,"N=3,J=2.5,F=1.5","N=2,J=2.5,F=2.5",339.46,4.33e-06,0.00041252,0.010496460777659266,4480452.304001087,40.0,p-H2,HFS-resolved spectroscopy + HFS-resolved collisions
CN,14,13,N=3,N=2,"N=3,J=2.5,F=1.5","N=2,J=2.5,F=1.5",339.44678,2.26e-05,0.00041252,0.05478522253466499,4480452.304001087,40.0,p-H2,HFS-resolved spectroscopy + HFS-resolved collisions
CN,15,9,N=3,N=2,"N=3,J=2.5,F=2.5","N=2,J=1.5,F=1.5",340.03541,0.000323,0.00041213999999999997,0.7837142718493716,4305584.394366126,40.0,p-H2,HFS-resolved spectroscopy + HFS-resolved collisions
CN,15,10,N=3,N=2,"N=3,J=2.5,F=2.5","N=2,J=1.5,F=2.5",340.00813,6.2e-05,0.00041213999999999997,0.1504343184354831,4305584.394366126,40.0,p-H2,HFS-resolved spectroscopy + HFS-resolved collisions
CN,15,11,N=3,N=2,"N=3,J=2.5,F=2.5","N=2,J=2.5,F=3.5",339.49321,2.99e-06,0.00041213999999999997,0.007254816324549911,4305584.394366126,40.0,p-H2,HFS-resolved spectroscopy + HFS-resolved collisions
CN,15,12,N=3,N=2,"N=3,J=2.5,F=2.5","N=2,J=2.5,F=2.5",339.4759,2.12e-05,0.00041213999999999997,0.05143883146503616,4305584.394366126,40.0,p-H2,HFS-resolved spectroscopy + HFS-resolved collisions
CN,15,13,N=3,N=2,"N=3,J=2.5,F=2.5","N=2,J=2.5,F=1.5",339.46264,2.95e-06,0.00041213999999999997,0.007157761925559277,4305584.394366126,40.0,p-H2,HFS-resolved spectroscopy + HFS-resolved collisions
CN,16,10,N=3,N=2,"N=3,J=2.5,F=3.5","N=2,J=1.5,F=2.5",340.03155,0.000384,0.00041173,0.9326500376460302,4804313.826769251,40.0,p-H2,HFS-resolved spectroscopy + HFS-resolved collisions
CN,16,11,N=3,N=2,"N=3,J=2.5,F=3.5","N=2,J=2.5,F=3.5",339.51664,2.54e-05,0.00041173,0.06169091394846137,4804313.826769251,40.0,p-H2,HFS-resolved spectroscopy + HFS-resolved collisions
CN,16,12,N=3,N=2,"N=3,J=2.5,F=3.5","N=2,J=2.5,F=2.5",339.49929,2.33e-06,0.00041173,0.005659048405508464,4804313.826769251,40.0,p-H2,HFS-resolved spectroscopy + HFS-resolved collisions
CN,17,11,N=3,N=2,"N=3,J=3.5,F=4.5","N=2,J=2.5,F=3.5",340.24777,0.000413,0.000413,1.0,5064928.500413983,40.0,p-H2,HFS-resolved spectroscopy + HFS-resolved collisions
CN,18,11,N=3,N=2,"N=3,J=3.5,F=3.5","N=2,J=2.5,F=3.5",340.26495,3.35e-05,0.0004135,0.08101571946795647,4681821.5804388225,40.0,p-H2,HFS-resolved spectroscopy + HFS-resolved collisions
CN,18,12,N=3,N=2,"N=3,J=3.5,F=3.5","N=2,J=2.5,F=2.5",340.24777,0.00038,0.0004135,0.9189842805320435,4681821.5804388225,40.0,p-H2,HFS-resolved spectroscopy + HFS-resolved collisions
CN,19,11,N=3,N=2,"N=3,J=3.5,F=2.5","N=2,J=2.5,F=3.5",340.27912,9.27e-07,0.000412727,0.002246036726455987,4874038.076722918,40.0,p-H2,HFS-resolved spectroscopy + HFS-resolved collisions
CN,19,12,N=3,N=2,"N=3,J=3.5,F=2.5","N=2,J=2.5,F=2.5",340.26177,4.48e-05,0.000412727,0.10854632723325587,4874038.076722918,40.0,p-H2,HFS-resolved spectroscopy + HFS-resolved collisions
CN,19,13,N=3,N=2,"N=3,J=3.5,F=2.5","N=2,J=2.5,F=1.5",340.24854,0.000367,0.000412727,0.8892076360402881,4874038.076722918,40.0,p-H2,HFS-resolved spectroscopy + HFS-resolved collisions
CN,20,14,N=4,N=3,"N=4,J=3.5,F=2.5","N=3,J=2.5,F=1.5",453.39147,0.000869,0.0010138599999999999,0.8571203124691773,11790684.001684926,40.0,p-H2,HFS-resolved spectroscopy + HFS-resolved collisions
CN,20,15,N=4,N=3,"N=4,J=3.5,F=2.5","N=3,J=2.5,F=2.5",453.3756,0.000107,0.0010138599999999999,0.105537253664214,11790684.001684926,40.0,p-H2,HFS-resolved spectroscopy + HFS-resolved collisions
CN,20,16,N=4,N=3,"N=4,J=3.5,F=2.5","N=3,J=2.5,F=3.5",453.35218,2.24e-06,0.0010138599999999999,0.002209378020634013,11790684.001684926,40.0,p-H2,HFS-resolved spectroscopy + HFS-resolved collisions
CN,20,18,N=4,N=3,"N=4,J=3.5,F=2.5","N=3,J=3.5,F=3.5",452.60386,2.92e-06,0.0010138599999999999,0.0028800820626121953,11790684.001684926,40.0,p-H2,HFS-resolved spectroscopy + HFS-resolved collisions
CN,20,19,N=4,N=3,"N=4,J=3.5,F=2.5","N=3,J=3.5,F=2.5",452.58969,3.27e-05,0.0010138599999999999,0.0322529737833626,11790684.001684926,40.0,p-H2,HFS-resolved spectroscopy + HFS-resolved collisions
CN,21,15,N=4,N=3,"N=4,J=3.5,F=3.5","N=3,J=2.5,F=2.5",453.39161,0.000897,0.00101308,0.8854187231018281,11312976.923568603,40.0,p-H2,HFS-resolved spectroscopy + HFS-resolved collisions
CN,21,16,N=4,N=3,"N=4,J=3.5,F=3.5","N=3,J=2.5,F=3.5",453.36819,8.02e-05,0.00101308,0.07916452797409879,11312976.923568603,40.0,p-H2,HFS-resolved spectroscopy + HFS-resolved collisions
CN,21,17,N=4,N=3,"N=4,J=3.5,F=3.5","N=3,J=3.5,F=4.5",452.63697,2.23e-06,0.00101308,0.0022012081967860385,11312976.923568603,40.0,p-H2,HFS-resolved spectroscopy + HFS-resolved collisions
CN,21,18,N=4,N=3,"N=4,J=3.5,F=3.5","N=3,J=3.5,F=3.5",452.61987,3.14e-05,0.00101308,0.030994590752951395,11312976.923568603,40.0,p-H2,HFS-resolved spectroscopy + HFS-resolved collisions
CN,21,19,N=4,N=3,"N=4,J=3.5,F=3.5","N=3,J=3.5,F=2.5",452.6057,2.25e-06,0.00101308,0.0022209499743356892,11312976.923568603,40.0,p-H2,HFS-resolved spectroscopy + HFS-resolved collisions
CN,22,16,N=4,N=3,"N=4,J=3.5,F=4.5","N=3,J=2.5,F=3.5",453.38992,0.000977,0.00101336,0.964119365279861,12230005.683759537,40.0,p-H2,HFS-resolved spectroscopy + HFS-resolved collisions
CN,22,17,N=4,N=3,"N=4,J=3.5,F=4.5","N=3,J=3.5,F=4.5",452.6587,3.45e-05,0.00101336,0.03404515670640246,12230005.683759537,40.0,p-H2,HFS-resolved spectroscopy + HFS-resolved collisions
CN,22,18,N=4,N=3,"N=4,J=3.5,F=4.5","N=3,J=3.5,F=3.5",452.64161,1.86e-06,0.00101336,0.0018354780137364805,12230005.683759537,40.0,p-H2,HFS-resolved spectroscopy + HFS-resolved collisions
CN,23,17,N=4,N=3,"N=4,J=4.5,F=5.5","N=3,J=3.5,F=4.5",453.60668,0.00102,0.00102,1.0,12647961.230908185,40.0,p-H2,HFS-resolved spectroscopy + HFS-resolved collisions
CN,24,17,N=4,N=3,"N=4,J=4.5,F=4.5","N=3,J=3.5,F=4.5",453.62363,4.99e-05,0.0010149,0.04916740565572963,11896903.566586813,40.0,p-H2,HFS-resolved spectroscopy + HFS-resolved collisions
CN,24,18,N=4,N=3,"N=4,J=4.5,F=4.5","N=3,J=3.5,F=3.5",453.60654,0.000965,0.0010149,0.9508325943442704,11896903.566586813,40.0,p-H2,HFS-resolved spectroscopy + HFS-resolved collisions
CN,25,17,N=4,N=3,"N=4,J=4.5,F=3.5","N=3,J=3.5,F=4.5",453.6384,7.77e-07,0.0010151770000000001,0.0007653837705148954,12324051.830216838,40.0,p-H2,HFS-resolved spectroscopy + HFS-resolved collisions
CN,25,18,N=4,N=3,"N=4,J=4.5,F=3.5","N=3,J=3.5,F=3.5",453.62131,6.24e-05,0.0010151770000000001,0.06146711361664024,12324051.830216838,40.0,p-H2,HFS-resolved spectroscopy + HFS-resolved collisions
CN,25,19,N=4,N=3,"N=4,J=4.5,F=3.5","N=3,J=3.5,F=2.5",453.60713,0.000952,0.0010151770000000001,0.9377675026128448,12324051.830216838,40.0,p-H2,HFS-resolved spectroscopy + HFS-resolved collisions
CN,26,20,N=5,N=4,"N=5,J=4.5,F=3.5","N=4,J=3.5,F=2.5",566.73075,0.00186,0.00202894,0.9167348467672776,24142359.405017357,40.0,p-H2,HFS-resolved spectroscopy + HFS-resolved collisions
CN,26,21,N=5,N=4,"N=5,J=4.5,F=3.5","N=4,J=3.5,F=3.5",566.71474,0.000123,0.00202894,0.06062278825396513,24142359.405017357,40.0,p-H2,HFS-resolved spectroscopy + HFS-resolved collisions
CN,26,22,N=5,N=4,"N=5,J=4.5,F=3.5","N=4,J=3.5,F=4.5",566.693,1.54e-06,0.00202894,0.0007590170236675309,24142359.405017357,40.0,p-H2,HFS-resolved spectroscopy + HFS-resolved collisions
CN,26,24,N=5,N=4,"N=5,J=4.5,F=3.5","N=4,J=4.5,F=4.5",565.72807,2.2e-06,0.00202894,0.0010843100338107585,24142359.405017357,40.0,p-H2,HFS-resolved spectroscopy + HFS-resolved collisions
CN,26,25,N=5,N=4,"N=5,J=4.5,F=3.5","N=4,J=4.5,F=3.5",565.71331,4.22e-05,0.00202894,0.020799037921279094,24142359.405017357,40.0,p-H2,HFS-resolved spectroscopy + HFS-resolved collisions
CN,27,21,N=5,N=4,"N=5,J=4.5,F=4.5","N=4,J=3.5,F=3.5",566.73084,0.00188,0.00202279,0.9294093801136054,23315821.80936027,40.0,p-H2,HFS-resolved spectroscopy + HFS-resolved collisions
CN,27,22,N=5,N=4,"N=5,J=4.5,F=4.5","N=4,J=3.5,F=4.5",566.70911,9.81e-05,0.00202279,0.048497372441034414,23315821.80936027,40.0,p-H2,HFS-resolved spectroscopy + HFS-resolved collisions
CN,27,23,N=5,N=4,"N=5,J=4.5,F=4.5","N=4,J=4.5,F=5.5",565.76113,1.78e-06,0.00202279,0.0008799727109586264,23315821.80936027,40.0,p-H2,HFS-resolved spectroscopy + HFS-resolved collisions
CN,27,24,N=5,N=4,"N=5,J=4.5,F=4.5","N=4,J=4.5,F=4.5",565.74418,4.11e-05,0.00202279,0.020318471022696377,23315821.80936027,40.0,p-H2,HFS-resolved spectroscopy + HFS-resolved collisions
CN,27,25,N=5,N=4,"N=5,J=4.5,F=4.5","N=4,J=4.5,F=3.5",565.72941,1.81e-06,0.00202279,0.0008948037117051202,23315821.80936027,40.0,p-H2,HFS-resolved spectroscopy + HFS-resolved collisions
CN,28,22,N=5,N=4,"N=5,J=4.5,F=5.5","N=4,J=3.5,F=4.5",566.7299,0.00198,0.00202504,0.9777584640303401,24553304.501637742,40.0,p-H2,HFS-resolved spectroscopy + HFS-resolved collisions
CN,28,23,N=5,N=4,"N=5,J=4.5,F=5.5","N=4,J=4.5,F=5.5",565.78192,4.35e-05,0.00202504,0.021481057164302927,24553304.501637742,40.0,p-H2,HFS-resolved spectroscopy + HFS-resolved collisions
CN,28,24,N=5,N=4,"N=5,J=4.5,F=5.5","N=4,J=4.5,F=4.5",565.76498,1.54e-06,0.00202504,0.0007604788053569312,24553304.501637742,40.0,p-H2,HFS-resolved spectroscopy + HFS-resolved collisions
CN,29,23,N=5,N=4,"N=5,J=5.5,F=6.5","N=4,J=4.5,F=5.5",566.94689,0.00203,0.00203,1.0,24996917.59696288,40.0,p-H2,HFS-resolved spectroscopy + HFS-resolved collisions
CN,30,23,N=5,N=4,"N=5,J=5.5,F=5.5","N=4,J=4.5,F=5.5",566.96375,6.68e-05,0.0020268,0.03295835800276298,24021107.89680157,40.0,p-H2,HFS-resolved spectroscopy + HFS-resolved collisions
CN,30,24,N=5,N=4,"N=5,J=5.5,F=5.5","N=4,J=4.5,F=4.5",566.9468,0.00196,0.0020268,0.967041641997237,24021107.89680157,40.0,p-H2,HFS-resolved spectroscopy + HFS-resolved collisions
CN,31,23,N=5,N=4,"N=5,J=5.5,F=4.5","N=4,J=4.5,F=5.5",566.97893,6.66e-07,0.002030866,0.0003279389186681937,24725740.24854485,40.0,p-H2,HFS-resolved spectroscopy + HFS-resolved collisions
CN,31,24,N=5,N=4,"N=5,J=5.5,F=4.5","N=4,J=4.5,F=4.5",566.96198,8.02e-05,0.002030866,0.03949054245824195,24725740.24854485,40.0,p-H2,HFS-resolved spectroscopy + HFS-resolved collisions
CN,31,25,N=5,N=4,"N=5,J=5.5,F=4.5","N=4,J=4.5,F=3.5",566.94721,0.00195,0.002030866,0.9601815186230898,24725740.24854485,40.0,p-H2,HFS-resolved spectroscopy + HFS-resolved collisions
CN,32,26,N=6,N=5,"N=6,J=5.5,F=4.5","N=5,J=4.5,F=3.5",680.04738,0.00336,0.00355332,0.9455945425686401,41144253.65719571,40.0,p-H2,HFS-resolved spectroscopy + HFS-resolved collisions
CN,32,27,N=6,N=5,"N=6,J=5.5,F=4.5","N=5,J=4.5,F=4.5",680.03127,0.000139,0.00355332,0.03911834565983362,41144253.65719571,40.0,p-H2,HFS-resolved spectroscopy + HFS-resolved collisions
CN,32,28,N=6,N=5,"N=6,J=5.5,F=4.5","N=5,J=4.5,F=5.5",680.01048,1.16e-06,0.00355332,0.0003264552587439352,41144253.65719571,40.0,p-H2,HFS-resolved spectroscopy + HFS-resolved collisions
CN,32,30,N=6,N=5,"N=6,J=5.5,F=4.5","N=5,J=5.5,F=5.5",678.82865,1.76e-06,0.00355332,0.0004953114270597639,41144253.65719571,40.0,p-H2,HFS-resolved spectroscopy + HFS-resolved collisions
CN,32,31,N=6,N=5,"N=6,J=5.5,F=4.5","N=5,J=5.5,F=4.5",678.81347,5.14e-05,0.00355332,0.014465345085722649,41144253.65719571,40.0,p-H2,HFS-resolved spectroscopy + HFS-resolved collisions
CN,33,27,N=6,N=5,"N=6,J=5.5,F=5.5","N=5,J=4.5,F=4.5",680.04744,0.00338,0.00354949,0.952249478094036,40087638.41758477,40.0,p-H2,HFS-resolved spectroscopy + HFS-resolved collisions
CN,33,28,N=6,N=5,"N=6,J=5.5,F=5.5","N=5,J=4.5,F=5.5",680.02664,0.000116,0.00354949,0.0326807513192036,40087638.41758477,40.0,p-H2,HFS-resolved spectroscopy + HFS-resolved collisions
CN,33,29,N=6,N=5,"N=6,J=5.5,F=5.5","N=5,J=5.5,F=6.5",678.86167,1.48e-06,0.00354949,0.00041696130993466667,40087638.41758477,40.0,p-H2,HFS-resolved spectroscopy + HFS-resolved collisions
CN,33,30,N=6,N=5,"N=6,J=5.5,F=5.5","N=5,J=5.5,F=5.5",678.84482,5.05e-05,0.00354949,0.014227396048446396,40087638.41758477,40.0,p-H2,HFS-resolved spectroscopy + HFS-resolved collisions
CN,33,31,N=6,N=5,"N=6,J=5.5,F=5.5","N=5,J=5.5,F=4.5",678.82964,1.51e-06,0.00354949,0.0004254132283792883,40087638.41758477,40.0,p-H2,HFS-resolved spectroscopy + HFS-resolved collisions
CN,34,28,N=6,N=5,"N=6,J=5.5,F=6.5","N=5,J=4.5,F=5.5",680.04685,0.0035,0.00355382,0.9848557327045264,41587675.85809229,40.0,p-H2,HFS-resolved spectroscopy + HFS-resolved collisions
CN,34,29,N=6,N=5,"N=6,J=5.5,F=6.5","N=5,J=5.5,F=6.5",678.88188,5.25e-05,0.00355382,0.014772835990567897,41587675.85809229,40.0,p-H2,HFS-resolved spectroscopy + HFS-resolved collisions
CN,34,30,N=6,N=5,"N=6,J=5.5,F=6.5","N=5,J=5.5,F=5.5",678.86502,1.32e-06,0.00355382,0.0003714313049057071,41587675.85809229,40.0,p-H2,HFS-resolved spectroscopy + HFS-resolved collisions
CN,35,29,N=6,N=5,"N=6,J=6.5,F=7.5","N=5,J=5.5,F=6.5",680.26397,0.00356,0.00356,1.0,42043360.67298551,40.0,p-H2,HFS-resolved spectroscopy + HFS-resolved collisions
CN,36,29,N=6,N=5,"N=6,J=6.5,F=6.5","N=5,J=5.5,F=6.5",680.28076,8.39e-05,0.0035539,0.023607867413264302,40832483.648087256,40.0,p-H2,HFS-resolved spectroscopy + HFS-resolved collisions
CN,36,30,N=6,N=5,"N=6,J=6.5,F=6.5","N=5,J=5.5,F=5.5",680.2639,0.00347,0.0035539,0.9763921325867357,40832483.648087256,40.0,p-H2,HFS-resolved spectroscopy + HFS-resolved collisions
CN,37,29,N=6,N=5,"N=6,J=6.5,F=5.5","N=5,J=5.5,F=6.5",680.29624,5.81e-07,0.003558481,0.00016327191293138843,41707831.88781897,40.0,p-H2,HFS-resolved spectroscopy + HFS-resolved collisions
CN,37,30,N=6,N=5,"N=6,J=6.5,F=5.5","N=5,J=5.5,F=5.5",680.27938,9.79e-05,0.003558481,0.027511738857113468,41707831.88781897,40.0,p-H2,HFS-resolved spectroscopy + HFS-resolved collisions
CN,37,31,N=6,N=5,"N=6,J=6.5,F=5.5","N=5,J=5.5,F=4.5",680.2642,0.00346,0.003558481,0.9723249892299551,41707831.88781897,40.0,p-H2,HFS-resolved spectroscopy + HFS-resolved collisions
CN,38,32,N=7,N=6,"N=7,J=6.5,F=5.5","N=6,J=5.5,F=4.5",793.33649,0.00548,0.005698902,0.9615887411294316,61689278.8119919,40.0,p-H2,HFS-resolved spectroscopy + HFS-resolved collisions
CN,38,33,N=7,N=6,"N=7,J=6.5,F=5.5","N=6,J=5.5,F=5.5",793.32032,0.000156,0.005698902,0.027373694090545863,61689278.8119919,40.0,p-H2,HFS-resolved spectroscopy + HFS-resolved collisions
CN,38,34,N=7,N=6,"N=7,J=6.5,F=5.5","N=6,J=5.5,F=6.5",793.30012,9.32e-07,0.005698902,0.0001635402749512099,61689278.8119919,40.0,p-H2,HFS-resolved spectroscopy + HFS-resolved collisions
CN,38,36,N=7,N=6,"N=7,J=6.5,F=5.5","N=6,J=6.5,F=6.5",791.90124,1.47e-06,0.005698902,0.00025794442508398984,61689278.8119919,40.0,p-H2,HFS-resolved spectroscopy + HFS-resolved collisions
CN,38,37,N=7,N=6,"N=7,J=6.5,F=5.5","N=6,J=6.5,F=5.5",791.88576,6.05e-05,0.005698902,0.010616080079987338,61689278.8119919,40.0,p-H2,HFS-resolved spectroscopy + HFS-resolved collisions
CN,39,33,N=7,N=6,"N=7,J=6.5,F=6.5","N=6,J=5.5,F=5.5",793.33654,0.00551,0.00570627,0.9656045017147804,60742922.28495664,40.0,p-H2,HFS-resolved spectroscopy + HFS-resolved collisions
CN,39,34,N=7,N=6,"N=7,J=6.5,F=6.5","N=6,J=5.5,F=6.5",793.31633,0.000134,0.00570627,0.023482940695059996,60742922.28495664,40.0,p-H2,HFS-resolved spectroscopy + HFS-resolved collisions
CN,39,35,N=7,N=6,"N=7,J=6.5,F=6.5","N=6,J=6.5,F=7.5",791.93424,1.27e-06,0.00570627,0.00022256219912482233,60742922.28495664,40.0,p-H2,HFS-resolved spectroscopy + HFS-resolved collisions
CN,39,36,N=7,N=6,"N=7,J=6.5,F=6.5","N=6,J=6.5,F=6.5",791.91745,5.97e-05,0.00570627,0.010462175817127476,60742922.28495664,40.0,p-H2,HFS-resolved spectroscopy + HFS-resolved collisions
CN,39,37,N=7,N=6,"N=7,J=6.5,F=6.5","N=6,J=6.5,F=5.5",791.90197,1.3e-06,0.00570627,0.00022781957390729846,60742922.28495664,40.0,p-H2,HFS-resolved spectroscopy + HFS-resolved collisions
CN,40,34,N=7,N=6,"N=7,J=6.5,F=7.5","N=6,J=5.5,F=6.5",793.33613,0.00564,0.00570265,0.9890138795121566,62096468.44403143,40.0,p-H2,HFS-resolved spectroscopy + HFS-resolved collisions
CN,40,35,N=7,N=6,"N=7,J=6.5,F=7.5","N=6,J=6.5,F=7.5",791.95404,6.15e-05,0.00570265,0.01078445985638256,62096468.44403143,40.0,p-H2,HFS-resolved spectroscopy + HFS-resolved collisions
CN,40,36,N=7,N=6,"N=7,J=6.5,F=7.5","N=6,J=6.5,F=6.5",791.93725,1.15e-06,0.00570265,0.00020166063146081207,62096468.44403143,40.0,p-H2,HFS-resolved spectroscopy + HFS-resolved collisions
CN,41,35,N=7,N=6,"N=7,J=7.5,F=8.5","N=6,J=6.5,F=7.5",793.55333,0.00571,0.00571,1.0,62563078.8461167,40.0,p-H2,HFS-resolved spectroscopy + HFS-resolved collisions
CN,42,35,N=7,N=6,"N=7,J=7.5,F=7.5","N=6,J=6.5,F=7.5",793.57007,0.000101,0.005711000000000001,0.01768516897215899,61426252.631893635,40.0,p-H2,HFS-resolved spectroscopy + HFS-resolved collisions
CN,42,36,N=7,N=6,"N=7,J=7.5,F=7.5","N=6,J=6.5,F=6.5",793.55328,0.00561,0.005711000000000001,0.9823148310278409,61426252.631893635,40.0,p-H2,HFS-resolved spectroscopy + HFS-resolved collisions
CN,43,35,N=7,N=6,"N=7,J=7.5,F=6.5","N=6,J=6.5,F=7.5",793.58578,5.15e-07,0.0057065150000000005,9.02477256258855e-05,62235522.65714798,40.0,p-H2,HFS-resolved spectroscopy + HFS-resolved collisions
CN,43,36,N=7,N=6,"N=7,J=7.5,F=6.5","N=6,J=6.5,F=6.5",793.56899,0.000116,0.0057065150000000005,0.020327643053597508,62235522.65714798,40.0,p-H2,HFS-resolved spectroscopy + HFS-resolved collisions
CN,43,37,N=7,N=6,"N=7,J=7.5,F=6.5","N=6,J=6.5,F=5.5",793.55351,0.00559,0.0057065150000000005,0.9795821092207766,62235522.65714798,40.0,p-H2,HFS-resolved spectroscopy + HFS-resolved collisions
CN,44,38,N=8,N=7,"N=8,J=7.5,F=6.5","N=7,J=6.5,F=5.5",906.5934,0.00834,0.008584535,0.9715144734106157,87140225.45672756,40.0,p-H2,HFS-resolved spectroscopy + HFS-resolved collisions
CN,44,39,N=8,N=7,"N=8,J=7.5,F=6.5","N=7,J=6.5,F=6.5",906.57718,0.000173,0.008584535,0.02015251845324179,87140225.45672756,40.0,p-H2,HFS-resolved spectroscopy + HFS-resolved collisions
CN,44,40,N=8,N=7,"N=8,J=7.5,F=6.5","N=7,J=6.5,F=7.5",906.55739,7.75e-07,0.008584535,9.02786231286843e-05,87140225.45672756,40.0,p-H2,HFS-resolved spectroscopy + HFS-resolved collisions
CN,44,42,N=8,N=7,"N=8,J=7.5,F=6.5","N=7,J=7.5,F=7.5",904.94135,1.26e-06,0.008584535,0.0001467755679253448,87140225.45672756,40.0,p-H2,HFS-resolved spectroscopy + HFS-resolved collisions
CN,44,43,N=8,N=7,"N=8,J=7.5,F=6.5","N=7,J=7.5,F=6.5",904.92564,6.95e-05,0.008584535,0.008095953945088464,87140225.45672756,40.0,p-H2,HFS-resolved spectroscopy + HFS-resolved collisions
CN,45,39,N=8,N=7,"N=8,J=7.5,F=7.5","N=7,J=6.5,F=6.5",906.59343,0.00836,0.00858305,0.9740127344009413,86019600.2229978,40.0,p-H2,HFS-resolved spectroscopy + HFS-resolved collisions
CN,45,40,N=8,N=7,"N=8,J=7.5,F=7.5","N=7,J=6.5,F=7.5",906.57364,0.000152,0.00858305,0.01770932244365348,86019600.2229978,40.0,p-H2,HFS-resolved spectroscopy + HFS-resolved collisions
CN,45,41,N=8,N=7,"N=8,J=7.5,F=7.5","N=7,J=7.5,F=8.5",904.97435,1.11e-06,0.00858305,0.00012932465731878528,86019600.2229978,40.0,p-H2,HFS-resolved spectroscopy + HFS-resolved collisions
CN,45,42,N=8,N=7,"N=8,J=7.5,F=7.5","N=7,J=7.5,F=7.5",904.95761,6.88e-05,0.00858305,0.008015798579758943,86019600.2229978,40.0,p-H2,HFS-resolved spectroscopy + HFS-resolved collisions
CN,45,43,N=8,N=7,"N=8,J=7.5,F=7.5","N=7,J=7.5,F=6.5",904.9419,1.14e-06,0.00858305,0.0001328199183274011,86019600.2229978,40.0,p-H2,HFS-resolved spectroscopy + HFS-resolved collisions
CN,46,40,N=8,N=7,"N=8,J=7.5,F=8.5","N=7,J=6.5,F=7.5",906.59313,0.00851,0.008581420000000001,0.9916773680812732,87511389.84068297,40.0,p-H2,HFS-resolved spectroscopy + HFS-resolved collisions
CN,46,41,N=8,N=7,"N=8,J=7.5,F=8.5","N=7,J=7.5,F=8.5",904.99384,7.04e-05,0.008581420000000001,0.008203770471553658,87511389.84068297,40.0,p-H2,HFS-resolved spectroscopy + HFS-resolved collisions
CN,46,42,N=8,N=7,"N=8,J=7.5,F=8.5","N=7,J=7.5,F=7.5",904.9771,1.02e-06,0.008581420000000001,0.00011886144717307857,87511389.84068297,40.0,p-H2,HFS-resolved spectroscopy + HFS-resolved collisions
CN,47,41,N=8,N=7,"N=8,J=8.5,F=9.5","N=7,J=7.5,F=8.5",906.81039,0.00859,0.00859,1.0,87842710.23805873,40.0,p-H2,HFS-resolved spectroscopy + HFS-resolved collisions
CN,48,41,N=8,N=7,"N=8,J=8.5,F=8.5","N=7,J=7.5,F=8.5",906.82709,0.000119,0.008589,0.013854930725346375,86671891.04339479,40.0,p-H2,HFS-resolved spectroscopy + HFS-resolved collisions
CN,48,42,N=8,N=7,"N=8,J=8.5,F=8.5","N=7,J=7.5,F=7.5",906.81035,0.00847,0.008589,0.9861450692746537,86671891.04339479,40.0,p-H2,HFS-resolved spectroscopy + HFS-resolved collisions
CN,49,41,N=8,N=7,"N=8,J=8.5,F=7.5","N=7,J=7.5,F=8.5",906.84298,4.62e-07,0.008583462,5.382443587447582e-05,87552060.3939402,40.0,p-H2,HFS-resolved spectroscopy + HFS-resolved collisions
CN,49,42,N=8,N=7,"N=8,J=8.5,F=7.5","N=7,J=7.5,F=7.5",906.82624,0.000133,0.008583462,0.015494913357803647,87552060.3939402,40.0,p-H2,HFS-resolved spectroscopy + HFS-resolved collisions
CN,49,43,N=8,N=7,"N=8,J=8.5,F=7.5","N=7,J=7.5,F=6.5",906.81053,0.00845,0.008583462,0.9844512622063217,87552060.3939402,40.0,p-H2,HFS-resolved spectroscopy + HFS-resolved collisions
CN,50,44,N=9,N=8,"N=9,J=8.5,F=7.5","N=8,J=7.5,F=6.5",1019.81346,0.012,0.012271263000000001,0.9778944514513298,116993949.08431198,40.0,p-H2,HFS-resolved spectroscopy + HFS-resolved collisions
CN,50,45,N=9,N=8,"N=9,J=8.5,F=7.5","N=8,J=7.5,F=7.5",1019.79721,0.000191,0.012271263000000001,0.015564820018933665,116993949.08431198,40.0,p-H2,HFS-resolved spectroscopy + HFS-resolved collisions
CN,50,46,N=9,N=8,"N=9,J=8.5,F=7.5","N=8,J=7.5,F=8.5",1019.77771,6.63e-07,0.012271263000000001,5.4028668442685973e-05,116993949.08431198,40.0,p-H2,HFS-resolved spectroscopy + HFS-resolved collisions
CN,50,48,N=9,N=8,"N=9,J=8.5,F=7.5","N=8,J=8.5,F=8.5",1017.94446,1.1e-06,0.012271263000000001,8.96403247163719e-05,116993949.08431198,40.0,p-H2,HFS-resolved spectroscopy + HFS-resolved collisions
CN,50,49,N=9,N=8,"N=9,J=8.5,F=7.5","N=8,J=8.5,F=7.5",1017.92858,7.85e-05,0.012271263000000001,0.006397059536577448,116993949.08431198,40.0,p-H2,HFS-resolved spectroscopy + HFS-resolved collisions
CN,51,45,N=9,N=8,"N=9,J=8.5,F=8.5","N=8,J=7.5,F=7.5",1019.81349,0.012,0.012248895000000001,0.97968020788814,115693257.00321338,40.0,p-H2,HFS-resolved spectroscopy + HFS-resolved collisions
CN,51,46,N=9,N=8,"N=9,J=8.5,F=8.5","N=8,J=7.5,F=8.5",1019.794,0.000169,0.012248895000000001,0.013797162927757971,115693257.00321338,40.0,p-H2,HFS-resolved spectroscopy + HFS-resolved collisions
CN,51,47,N=9,N=8,"N=9,J=8.5,F=8.5","N=8,J=8.5,F=9.5",1017.97745,9.85e-07,0.012248895000000001,8.04154170641515e-05,115693257.00321338,40.0,p-H2,HFS-resolved spectroscopy + HFS-resolved collisions
CN,51,48,N=9,N=8,"N=9,J=8.5,F=8.5","N=8,J=8.5,F=8.5",1017.96075,7.79e-05,0.012248895000000001,0.006359757349540509,115693257.00321338,40.0,p-H2,HFS-resolved spectroscopy + HFS-resolved collisions
CN,51,49,N=9,N=8,"N=9,J=8.5,F=8.5","N=8,J=8.5,F=7.5",1017.94486,1.01e-06,0.012248895000000001,8.245641749725179e-05,115693257.00321338,40.0,p-H2,HFS-resolved spectroscopy + HFS-resolved collisions
CN,52,46,N=9,N=8,"N=9,J=8.5,F=9.5","N=8,J=7.5,F=8.5",1019.81326,0.0122,0.012280221000000001,0.9934674628412632,117298168.64146836,40.0,p-H2,HFS-resolved spectroscopy + HFS-resolved collisions
CN,52,47,N=9,N=8,"N=9,J=8.5,F=9.5","N=8,J=8.5,F=9.5",1017.99672,7.93e-05,0.012280221000000001,0.006457538508468211,117298168.64146836,40.0,p-H2,HFS-resolved spectroscopy + HFS-resolved collisions
CN,52,48,N=9,N=8,"N=9,J=8.5,F=9.5","N=8,J=8.5,F=8.5",1017.98001,9.21e-07,0.012280221000000001,7.499865026859043e-05,117298168.64146836,40.0,p-H2,HFS-resolved spectroscopy + HFS-resolved collisions
CN,53,47,N=9,N=8,"N=9,J=9.5,F=10.5","N=8,J=8.5,F=9.5",1020.03055,0.0123,0.0123,1.0,117843750.8216109,40.0,p-H2,HFS-resolved spectroscopy + HFS-resolved collisions
CN,54,47,N=9,N=8,"N=9,J=9.5,F=9.5","N=8,J=8.5,F=9.5",1020.04722,0.000136,0.012336000000000001,0.011024643320363164,116998794.93466674,40.0,p-H2,HFS-resolved spectroscopy + HFS-resolved collisions
CN,54,48,N=9,N=8,"N=9,J=9.5,F=9.5","N=8,J=8.5,F=8.5",1020.03052,0.0122,0.012336000000000001,0.9889753566796368,116998794.93466674,40.0,p-H2,HFS-resolved spectroscopy + HFS-resolved collisions
CN,55,47,N=9,N=8,"N=9,J=9.5,F=8.5","N=8,J=8.5,F=9.5",1020.06326,4.19e-07,0.012351419,3.392322776840458e-05,118040745.52590406,40.0,p-H2,HFS-resolved spectroscopy + HFS-resolved collisions
CN,55,48,N=9,N=8,"N=9,J=9.5,F=8.5","N=8,J=8.5,F=8.5",1020.04655,0.000151,0.012351419,0.01222531597381645,118040745.52590406,40.0,p-H2,HFS-resolved spectroscopy + HFS-resolved collisions
CN,55,49,N=9,N=8,"N=9,J=9.5,F=8.5","N=8,J=8.5,F=7.5",1020.03066,0.0122,0.012351419,0.9877407607984151,118040745.52590406,40.0,p-H2,HFS-resolved spectroscopy + HFS-resolved collisions
CN,56,50,N=10,N=9,"N=10,J=9.5,F=8.5","N=9,J=8.5,F=7.5",1132.99206,0.0166,0.01689696,0.9824252409900953,147191591.5598104,40.0,p-H2,HFS-resolved spectroscopy + HFS-resolved collisions
CN,56,51,N=10,N=9,"N=10,J=9.5,F=8.5","N=9,J=8.5,F=8.5",1132.97578,0.000208,0.01689696,0.01230990663409276,147191591.5598104,40.0,p-H2,HFS-resolved spectroscopy + HFS-resolved collisions
CN,56,52,N=10,N=9,"N=10,J=9.5,F=8.5","N=9,J=8.5,F=9.5",1132.95652,5.79e-07,0.01689696,3.426651894778706e-05,147191591.5598104,40.0,p-H2,HFS-resolved spectroscopy + HFS-resolved collisions
CN,56,54,N=10,N=9,"N=10,J=9.5,F=8.5","N=9,J=9.5,F=9.5",1130.90601,9.81e-07,0.01689696,5.805778080790865e-05,147191591.5598104,40.0,p-H2,HFS-resolved spectroscopy + HFS-resolved collisions
CN,56,55,N=10,N=9,"N=10,J=9.5,F=8.5","N=9,J=9.5,F=8.5",1130.88998,8.74e-05,0.01689696,0.0051725280760562846,147191591.5598104,40.0,p-H2,HFS-resolved spectroscopy + HFS-resolved collisions
CN,57,51,N=10,N=9,"N=10,J=9.5,F=9.5","N=9,J=8.5,F=8.5",1132.99209,0.0167,0.016975696999999998,0.9837593119151457,146138609.01419345,40.0,p-H2,HFS-resolved spectroscopy + HFS-resolved collisions
CN,57,52,N=10,N=9,"N=10,J=9.5,F=9.5","N=9,J=8.5,F=9.5",1132.97283,0.000187,0.016975696999999998,0.011015747983720493,146138609.01419345,40.0,p-H2,HFS-resolved spectroscopy + HFS-resolved collisions
CN,57,53,N=10,N=9,"N=10,J=9.5,F=9.5","N=9,J=9.5,F=10.5",1130.93899,8.86e-07,0.016975696999999998,5.2192260500408324e-05,146138609.01419345,40.0,p-H2,HFS-resolved spectroscopy + HFS-resolved collisions
CN,57,54,N=10,N=9,"N=10,J=9.5,F=9.5","N=9,J=9.5,F=9.5",1130.92232,8.69e-05,0.016975696999999998,0.005119082886552464,146138609.01419345,40.0,p-H2,HFS-resolved spectroscopy + HFS-resolved collisions
CN,57,55,N=10,N=9,"N=10,J=9.5,F=9.5","N=9,J=9.5,F=8.5",1130.90629,9.11e-07,0.016975696999999998,5.366495408111962e-05,146138609.01419345,40.0,p-H2,HFS-resolved spectroscopy + HFS-resolved collisions
CN,58,52,N=10,N=9,"N=10,J=9.5,F=10.5","N=9,J=8.5,F=9.5",1132.99191,0.0169,0.016989037,0.9947591496798789,148330162.95315674,40.0,p-H2,HFS-resolved spectroscopy + HFS-resolved collisions
CN,58,53,N=10,N=9,"N=10,J=9.5,F=10.5","N=9,J=9.5,F=10.5",1130.95808,8.82e-05,0.016989037,0.005191583254542327,148330162.95315674,40.0,p-H2,HFS-resolved spectroscopy + HFS-resolved collisions
CN,58,54,N=10,N=9,"N=10,J=9.5,F=10.5","N=9,J=9.5,F=9.5",1130.94141,8.37e-07,0.016989037,4.926706557882004e-05,148330162.95315674,40.0,p-H2,HFS-resolved spectroscopy + HFS-resolved collisions
CN,59,53,N=10,N=9,"N=10,J=10.5,F=11.5","N=9,J=9.5,F=10.5",1133.20922,0.017,0.017,1.0,148871272.76704195,40.0,p-H2,HFS-resolved spectroscopy + HFS-resolved collisions
CN,60,53,N=10,N=9,"N=10,J=10.5,F=10.5","N=9,J=9.5,F=10.5",1133.22586,0.000154,0.016954,0.009083402146985962,146785753.4362395,40.0,p-H2,HFS-resolved spectroscopy + HFS-resolved collisions
CN,60,54,N=10,N=9,"N=10,J=10.5,F=10.5","N=9,J=9.5,F=9.5",1133.20919,0.0168,0.016954,0.990916597853014,146785753.4362395,40.0,p-H2,HFS-resolved spectroscopy + HFS-resolved collisions
CN,61,53,N=10,N=9,"N=10,J=10.5,F=9.5","N=9,J=9.5,F=10.5",1133.24202,3.83e-07,0.016969382999999998,2.2570060443564744e-05,148285558.27121624,40.0,p-H2,HFS-resolved spectroscopy + HFS-resolved collisions
CN,61,54,N=10,N=9,"N=10,J=10.5,F=9.5","N=9,J=9.5,F=9.5",1133.22535,0.000169,0.016969382999999998,0.00995911283280011,148285558.27121624,40.0,p-H2,HFS-resolved spectroscopy + HFS-resolved collisions
CN,61,55,N=10,N=9,"N=10,J=10.5,F=9.5","N=9,J=9.5,F=8.5",1133.20931,0.0168,0.016969382999999998,0.9900183171067564,148285558.27121624,40.0,p-H2,HFS-resolved spectroscopy + HFS-resolved collisions
CN,62,56,N=11,N=10,"N=11,J=10.5,F=9.5","N=10,J=9.5,F=8.5",1246.1246,0.0223,0.022622695,0.9857357843528368,200091362.72126272,40.0,p-H2,HFS-resolved spectroscopy + HFS-resolved collisions
CN,62,57,N=11,N=10,"N=11,J=10.5,F=9.5","N=10,J=9.5,F=9.5",1246.10829,0.000225,0.022622695,0.009945764640331312,200091362.72126272,40.0,p-H2,HFS-resolved spectroscopy + HFS-resolved collisions
CN,62,58,N=11,N=10,"N=11,J=10.5,F=9.5","N=10,J=9.5,F=10.5",1246.08921,5.13e-07,0.022622695,2.267634337995539e-05,200091362.72126272,40.0,p-H2,HFS-resolved spectroscopy + HFS-resolved collisions
CN,62,60,N=11,N=10,"N=11,J=10.5,F=9.5","N=10,J=10.5,F=10.5",1243.82142,8.82e-07,0.022622695,3.8987397390098744e-05,200091362.72126272,40.0,p-H2,HFS-resolved spectroscopy + HFS-resolved collisions
CN,62,61,N=11,N=10,"N=11,J=10.5,F=9.5","N=10,J=10.5,F=9.5",1243.80527,9.63e-05,0.022622695,0.004256787266061802,200091362.72126272,40.0,p-H2,HFS-resolved spectroscopy + HFS-resolved collisions
CN,63,57,N=11,N=10,"N=11,J=10.5,F=10.5","N=10,J=9.5,F=9.5",1246.12462,0.0223,0.022602433,0.9866194493309636,198521971.63714197,40.0,p-H2,HFS-resolved spectroscopy + HFS-resolved collisions
CN,63,58,N=11,N=10,"N=11,J=10.5,F=10.5","N=10,J=9.5,F=10.5",1246.10554,0.000205,0.022602433,0.009069820049903476,198521971.63714197,40.0,p-H2,HFS-resolved spectroscopy + HFS-resolved collisions
CN,63,59,N=11,N=10,"N=11,J=10.5,F=10.5","N=10,J=10.5,F=11.5",1243.8544,8.05e-07,0.022602433,3.561563483010877e-05,198521971.63714197,40.0,p-H2,HFS-resolved spectroscopy + HFS-resolved collisions
CN,63,60,N=11,N=10,"N=11,J=10.5,F=10.5","N=10,J=10.5,F=10.5",1243.83775,9.58e-05,0.022602433,0.0042384817599061125,198521971.63714197,40.0,p-H2,HFS-resolved spectroscopy + HFS-resolved collisions
CN,63,61,N=11,N=10,"N=11,J=10.5,F=10.5","N=10,J=10.5,F=9.5",1243.8216,8.28e-07,0.022602433,3.663322439668331e-05,198521971.63714197,40.0,p-H2,HFS-resolved spectroscopy + HFS-resolved collisions
CN,64,58,N=11,N=10,"N=11,J=10.5,F=11.5","N=10,J=9.5,F=10.5",1246.12448,0.0225,0.022597766,0.9956736431379988,200205628.15727457,40.0,p-H2,HFS-resolved spectroscopy + HFS-resolved collisions
CN,64,59,N=11,N=10,"N=11,J=10.5,F=11.5","N=10,J=10.5,F=11.5",1243.87334,9.7e-05,0.022597766,0.004292459705972706,200205628.15727457,40.0,p-H2,HFS-resolved spectroscopy + HFS-resolved collisions
CN,64,60,N=11,N=10,"N=11,J=10.5,F=11.5","N=10,J=10.5,F=10.5",1243.85669,7.66e-07,0.022597766,3.38971560286092e-05,200205628.15727457,40.0,p-H2,HFS-resolved spectroscopy + HFS-resolved collisions
CN,65,59,N=11,N=10,"N=11,J=11.5,F=12.5","N=10,J=10.5,F=11.5",1246.3418,0.0227,0.0227,1.0,201400973.96182194,40.0,p-H2,HFS-resolved spectroscopy + HFS-resolved collisions
CN,66,59,N=11,N=10,"N=11,J=11.5,F=11.5","N=10,J=10.5,F=11.5",1246.35842,0.000171,0.022671,0.007542675664946407,199788024.8179221,40.0,p-H2,HFS-resolved spectroscopy + HFS-resolved collisions
CN,66,60,N=11,N=10,"N=11,J=11.5,F=11.5","N=10,J=10.5,F=10.5",1246.34178,0.0225,0.022671,0.9924573243350535,199788024.8179221,40.0,p-H2,HFS-resolved spectroscopy + HFS-resolved collisions
CN,67,59,N=11,N=10,"N=11,J=11.5,F=10.5","N=10,J=10.5,F=11.5",1246.37468,3.53e-07,0.022687353,1.555932946430551e-05,200978494.0679273,40.0,p-H2,HFS-resolved spectroscopy + HFS-resolved collisions
CN,67,60,N=11,N=10,"N=11,J=11.5,F=10.5","N=10,J=10.5,F=10.5",1246.35803,0.000187,0.022687353,0.00824247764822983,200978494.0679273,40.0,p-H2,HFS-resolved spectroscopy + HFS-resolved collisions
CN,67,61,N=11,N=10,"N=11,J=11.5,F=10.5","N=10,J=10.5,F=9.5",1246.34188,0.0225,0.022687353,0.9917419630223058,200978494.0679273,40.0,p-H2,HFS-resolved spectroscopy + HFS-resolved collisions
CN,68,62,N=12,N=11,"N=12,J=11.5,F=10.5","N=11,J=10.5,F=9.5",1359.20647,0.0291,0.029449262,0.9881402121384231,150782208.63637388,40.0,p-H2,HFS-resolved spectroscopy + HFS-resolved collisions
CN,68,63,N=12,N=11,"N=12,J=11.5,F=10.5","N=11,J=10.5,F=10.5",1359.19014,0.000243,0.029449262,0.008251480121980646,150782208.63637388,40.0,p-H2,HFS-resolved spectroscopy + HFS-resolved collisions
CN,68,64,N=12,N=11,"N=12,J=11.5,F=10.5","N=11,J=10.5,F=11.5",1359.1712,4.6e-07,0.029449262,1.5620085827617684e-05,150782208.63637388,40.0,p-H2,HFS-resolved spectroscopy + HFS-resolved collisions
CN,68,66,N=12,N=11,"N=12,J=11.5,F=10.5","N=11,J=11.5,F=11.5",1356.68612,8.02e-07,0.029449262,2.7233280073368223e-05,150782208.63637388,40.0,p-H2,HFS-resolved spectroscopy + HFS-resolved collisions
CN,68,67,N=12,N=11,"N=12,J=11.5,F=10.5","N=11,J=11.5,F=10.5",1356.66986,0.000105,0.029449262,0.0035654543736953407,150782208.63637388,40.0,p-H2,HFS-resolved spectroscopy + HFS-resolved collisions
CN,69,63,N=12,N=11,"N=12,J=11.5,F=11.5","N=11,J=10.5,F=10.5",1359.20649,0.0292,0.029529497000000002,0.9888417672674884,150024873.4932194,40.0,p-H2,HFS-resolved spectroscopy + HFS-resolved collisions
CN,69,64,N=12,N=11,"N=12,J=11.5,F=11.5","N=11,J=10.5,F=11.5",1359.18755,0.000223,0.029529497000000002,0.007551771030844176,150024873.4932194,40.0,p-H2,HFS-resolved spectroscopy + HFS-resolved collisions
CN,69,65,N=12,N=11,"N=12,J=11.5,F=11.5","N=11,J=11.5,F=12.5",1356.71909,7.38e-07,0.029529497000000002,2.4991959734363235e-05,150024873.4932194,40.0,p-H2,HFS-resolved spectroscopy + HFS-resolved collisions
CN,69,66,N=12,N=11,"N=12,J=11.5,F=11.5","N=11,J=11.5,F=11.5",1356.70247,0.000105,0.029529497000000002,0.003555766628872818,150024873.4932194,40.0,p-H2,HFS-resolved spectroscopy + HFS-resolved collisions
CN,69,67,N=12,N=11,"N=12,J=11.5,F=11.5","N=11,J=11.5,F=10.5",1356.68622,7.59e-07,0.029529497000000002,2.5703113060137798e-05,150024873.4932194,40.0,p-H2,HFS-resolved spectroscopy + HFS-resolved collisions
CN,70,64,N=12,N=11,"N=12,J=11.5,F=12.5","N=11,J=10.5,F=11.5",1359.20637,0.0294,0.029506707,0.9963836357611847,150793446.19918576,40.0,p-H2,HFS-resolved spectroscopy + HFS-resolved collisions
CN,70,65,N=12,N=11,"N=12,J=11.5,F=12.5","N=11,J=11.5,F=12.5",1356.73791,0.000106,0.029506707,0.0035924035847171966,150793446.19918576,40.0,p-H2,HFS-resolved spectroscopy + HFS-resolved collisions
CN,70,66,N=12,N=11,"N=12,J=11.5,F=12.5","N=11,J=11.5,F=11.5",1356.72129,7.07e-07,0.029506707,2.3960654098066585e-05,150793446.19918576,40.0,p-H2,HFS-resolved spectroscopy + HFS-resolved collisions
CN,71,65,N=12,N=11,"N=12,J=12.5,F=13.5","N=11,J=11.5,F=12.5",1359.4237,0.0295,0.0295,1.0,150207448.42798823,40.0,p-H2,HFS-resolved spectroscopy + HFS-resolved collisions
CN,72,65,N=12,N=11,"N=12,J=12.5,F=12.5","N=11,J=11.5,F=12.5",1359.4403,0.000189,0.029489,0.006409169520838279,150429143.9398655,40.0,p-H2,HFS-resolved spectroscopy + HFS-resolved collisions
CN,72,66,N=12,N=11,"N=12,J=12.5,F=12.5","N=11,J=11.5,F=11.5",1359.42368,0.0293,0.029489,0.9935908304791616,150429143.9398655,40.0,p-H2,HFS-resolved spectroscopy + HFS-resolved collisions
CN,73,65,N=12,N=11,"N=12,J=12.5,F=11.5","N=11,J=11.5,F=12.5",1359.45664,3.27e-07,0.029504327,1.10831201131956e-05,150785941.84000334,40.0,p-H2,HFS-resolved spectroscopy + HFS-resolved collisions
CN,73,66,N=12,N=11,"N=12,J=12.5,F=11.5","N=11,J=11.5,F=11.5",1359.44002,0.000204,0.029504327,0.006914240070617438,150785941.84000334,40.0,p-H2,HFS-resolved spectroscopy + HFS-resolved collisions
CN,73,67,N=12,N=11,"N=12,J=12.5,F=11.5","N=11,J=11.5,F=10.5",1359.42376,0.0293,0.029504327,0.9930746768092693,150785941.84000334,40.0,p-H2,HFS-resolved spectroscopy + HFS-resolved collisions
CN,3,1,N=1,N=0,"N=1,J=0.5,F=0.5","N=0,J=0.5,F=1.5",113.14416,1.05e-05,1.1789999999999999e-05,0.89058524173028,106943.71875792668,45.0,p-H2,HFS-resolved spectroscopy + HFS-resolved collisions
CN,3,2,N=1,N=0,"N=1,J=0.5,F=0.5","N=0,J=0.5,F=0.5",113.12337,1.29e-06,1.1789999999999999e-05,0.10941475826972011,106943.71875792668,45.0,p-H2,HFS-resolved spectroscopy + HFS-resolved collisions
CN,4,1,N=1,N=0,"N=1,J=0.5,F=1.5","N=0,J=0.5,F=1.5",113.19128,6.68e-06,1.182e-05,0.5651438240270727,109836.15825728505,45.0,p-H2,HFS-resolved spectroscopy + HFS-resolved collisions
CN,4,2,N=1,N=0,"N=1,J=0.5,F=1.5","N=0,J=0.5,F=0.5",113.17049,5.14e-06,1.182e-05,0.43485617597292725,109836.15825728505,45.0,p-H2,HFS-resolved spectroscopy + HFS-resolved collisions
CN,5,1,N=1,N=0,"N=1,J=1.5,F=2.5","N=0,J=0.5,F=1.5",113.49097,1.19e-05,1.19e-05,1.0,126029.18604984065,45.0,p-H2,HFS-resolved spectroscopy + HFS-resolved collisions
CN,6,1,N=1,N=0,"N=1,J=1.5,F=1.5","N=0,J=0.5,F=1.5",113.50891,5.19e-06,1.193e-05,0.435037720033529,112340.36234979509,45.0,p-H2,HFS-resolved spectroscopy + HFS-resolved collisions
CN,6,2,N=1,N=0,"N=1,J=1.5,F=1.5","N=0,J=0.5,F=0.5",113.48812,6.74e-06,1.193e-05,0.5649622799664711,112340.36234979509,45.0,p-H2,HFS-resolved spectroscopy + HFS-resolved collisions
CN,7,1,N=1,N=0,"N=1,J=1.5,F=0.5","N=0,J=0.5,F=1.5",113.52043,1.3e-06,1.19e-05,0.10924369747899161,111374.16800144725,45.0,p-H2,HFS-resolved spectroscopy + HFS-resolved collisions
CN,7,2,N=1,N=0,"N=1,J=1.5,F=0.5","N=0,J=0.5,F=0.5",113.49964,1.06e-05,1.19e-05,0.8907563025210085,111374.16800144725,45.0,p-H2,HFS-resolved spectroscopy + HFS-resolved collisions
CN,8,3,N=2,N=1,"N=2,J=1.5,F=0.5","N=1,J=0.5,F=0.5",226.66369,8.46e-05,0.00011383,0.7432135640867961,1027579.9612209143,45.0,p-H2,HFS-resolved spectroscopy + HFS-resolved collisions
CN,8,4,N=2,N=1,"N=2,J=1.5,F=0.5","N=1,J=0.5,F=1.5",226.61657,1.07e-05,0.00011383,0.09399982429939382,1027579.9612209143,45.0,p-H2,HFS-resolved spectroscopy + HFS-resolved collisions
CN,8,6,N=2,N=1,"N=2,J=1.5,F=0.5","N=1,J=1.5,F=1.5",226.29894,8.23e-06,0.00011383,0.07230079943775806,1027579.9612209143,45.0,p-H2,HFS-resolved spectroscopy + HFS-resolved collisions
CN,8,7,N=2,N=1,"N=2,J=1.5,F=0.5","N=1,J=1.5,F=0.5",226.28742,1.03e-05,0.00011383,0.090485812176052,1027579.9612209143,45.0,p-H2,HFS-resolved spectroscopy + HFS-resolved collisions
CN,9,3,N=2,N=1,"N=2,J=1.5,F=1.5","N=1,J=0.5,F=0.5",226.67931,5.27e-05,0.00011392,0.4626053370786517,1038109.9134208444,45.0,p-H2,HFS-resolved spectroscopy + HFS-resolved collisions
CN,9,4,N=2,N=1,"N=2,J=1.5,F=1.5","N=1,J=0.5,F=1.5",226.63219,4.26e-05,0.00011392,0.37394662921348315,1038109.9134208444,45.0,p-H2,HFS-resolved spectroscopy + HFS-resolved collisions
CN,9,5,N=2,N=1,"N=2,J=1.5,F=1.5","N=1,J=1.5,F=2.5",226.3325,4.55e-06,0.00011392,0.039940308988764044,1038109.9134208444,45.0,p-H2,HFS-resolved spectroscopy + HFS-resolved collisions
CN,9,6,N=2,N=1,"N=2,J=1.5,F=1.5","N=1,J=1.5,F=1.5",226.31454,9.9e-06,0.00011392,0.08690308988764045,1038109.9134208444,45.0,p-H2,HFS-resolved spectroscopy + HFS-resolved collisions
CN,9,7,N=2,N=1,"N=2,J=1.5,F=1.5","N=1,J=1.5,F=0.5",226.30304,4.17e-06,0.00011392,0.036604634831460675,1038109.9134208444,45.0,p-H2,HFS-resolved spectroscopy + HFS-resolved collisions
CN,10,4,N=2,N=1,"N=2,J=1.5,F=2.5","N=1,J=0.5,F=1.5",226.65956,9.47e-05,0.00011396,0.830993330993331,1178459.0464168242,45.0,p-H2,HFS-resolved spectroscopy + HFS-resolved collisions
CN,10,5,N=2,N=1,"N=2,J=1.5,F=2.5","N=1,J=1.5,F=2.5",226.35987,1.61e-05,0.00011396,0.14127764127764125,1178459.0464168242,45.0,p-H2,HFS-resolved spectroscopy + HFS-resolved collisions
CN,10,6,N=2,N=1,"N=2,J=1.5,F=2.5","N=1,J=1.5,F=1.5",226.34193,3.16e-06,0.00011396,0.027729027729027727,1178459.0464168242,45.0,p-H2,HFS-resolved spectroscopy + HFS-resolved collisions
CN,11,5,N=2,N=1,"N=2,J=2.5,F=3.5","N=1,J=1.5,F=2.5",226.87478,0.000114,0.000114,1.0,1287737.3921623968,45.0,p-H2,HFS-resolved spectroscopy + HFS-resolved collisions
CN,12,4,N=2,N=1,"N=2,J=2.5,F=2.5","N=1,J=0.5,F=1.5",227.19182,1.45e-09,0.00011430144999999999,1.268575333033833e-05,1162950.8226204212,45.0,p-H2,HFS-resolved spectroscopy + HFS-resolved collisions
CN,12,5,N=2,N=1,"N=2,J=2.5,F=2.5","N=1,J=1.5,F=2.5",226.89213,1.81e-05,0.00011430144999999999,0.1583531967442233,1162950.8226204212,45.0,p-H2,HFS-resolved spectroscopy + HFS-resolved collisions
CN,12,6,N=2,N=1,"N=2,J=2.5,F=2.5","N=1,J=1.5,F=1.5",226.87419,9.62e-05,0.00011430144999999999,0.8416341175024464,1162950.8226204212,45.0,p-H2,HFS-resolved spectroscopy + HFS-resolved collisions
CN,13,5,N=2,N=1,"N=2,J=2.5,F=1.5","N=1,J=1.5,F=2.5",226.90536,1.13e-06,0.00011433,0.009883670077844835,1207132.4679139636,45.0,p-H2,HFS-resolved spectroscopy + HFS-resolved collisions
CN,13,6,N=2,N=1,"N=2,J=2.5,F=1.5","N=1,J=1.5,F=1.5",226.88742,2.73e-05,0.00011433,0.23878247179218054,1207132.4679139636,45.0,p-H2,HFS-resolved spectroscopy + HFS-resolved collisions
CN,13,7,N=2,N=1,"N=2,J=2.5,F=1.5","N=1,J=1.5,F=0.5",226.8759,8.59e-05,0.00011433,0.7513338581299747,1207132.4679139636,45.0,p-H2,HFS-resolved spectroscopy + HFS-resolved collisions
CN,14,8,N=3,N=2,"N=3,J=2.5,F=1.5","N=2,J=1.5,F=0.5",340.03541,0.000289,0.00041252,0.7005720934742558,4223342.557955537,45.0,p-H2,HFS-resolved spectroscopy + HFS-resolved collisions
CN,14,9,N=3,N=2,"N=3,J=2.5,F=1.5","N=2,J=1.5,F=1.5",340.01963,9.27e-05,0.00041252,0.22471637738776304,4223342.557955537,45.0,p-H2,HFS-resolved spectroscopy + HFS-resolved collisions
CN,14,10,N=3,N=2,"N=3,J=2.5,F=1.5","N=2,J=1.5,F=2.5",339.99226,3.89e-06,0.00041252,0.009429845825656938,4223342.557955537,45.0,p-H2,HFS-resolved spectroscopy + HFS-resolved collisions
CN,14,12,N=3,N=2,"N=3,J=2.5,F=1.5","N=2,J=2.5,F=2.5",339.46,4.33e-06,0.00041252,0.010496460777659266,4223342.557955537,45.0,p-H2,HFS-resolved spectroscopy + HFS-resolved collisions
CN,14,13,N=3,N=2,"N=3,J=2.5,F=1.5","N=2,J=2.5,F=1.5",339.44678,2.26e-05,0.00041252,0.05478522253466499,4223342.557955537,45.0,p-H2,HFS-resolved spectroscopy + HFS-resolved collisions
CN,15,9,N=3,N=2,"N=3,J=2.5,F=2.5","N=2,J=1.5,F=1.5",340.03541,0.000323,0.00041213999999999997,0.7837142718493716,4065652.629837557,45.0,p-H2,HFS-resolved spectroscopy + HFS-resolved collisions
CN,15,10,N=3,N=2,"N=3,J=2.5,F=2.5","N=2,J=1.5,F=2.5",340.00813,6.2e-05,0.00041213999999999997,0.1504343184354831,4065652.629837557,45.0,p-H2,HFS-resolved spectroscopy + HFS-resolved collisions
CN,15,11,N=3,N=2,"N=3,J=2.5,F=2.5","N=2,J=2.5,F=3.5",339.49321,2.99e-06,0.00041213999999999997,0.007254816324549911,4065652.629837557,45.0,p-H2,HFS-resolved spectroscopy + HFS-resolved collisions
CN,15,12,N=3,N=2,"N=3,J=2.5,F=2.5","N=2,J=2.5,F=2.5",339.4759,2.12e-05,0.00041213999999999997,0.05143883146503616,4065652.629837557,45.0,p-H2,HFS-resolved spectroscopy + HFS-resolved collisions
CN,15,13,N=3,N=2,"N=3,J=2.5,F=2.5","N=2,J=2.5,F=1.5",339.46264,2.95e-06,0.00041213999999999997,0.007157761925559277,4065652.629837557,45.0,p-H2,HFS-resolved spectroscopy + HFS-resolved collisions
CN,16,10,N=3,N=2,"N=3,J=2.5,F=3.5","N=2,J=1.5,F=2.5",340.03155,0.000384,0.00041173,0.9326500376460302,4514215.062425348,45.0,p-H2,HFS-resolved spectroscopy + HFS-resolved collisions
CN,16,11,N=3,N=2,"N=3,J=2.5,F=3.5","N=2,J=2.5,F=3.5",339.51664,2.54e-05,0.00041173,0.06169091394846137,4514215.062425348,45.0,p-H2,HFS-resolved spectroscopy + HFS-resolved collisions
CN,16,12,N=3,N=2,"N=3,J=2.5,F=3.5","N=2,J=2.5,F=2.5",339.49929,2.33e-06,0.00041173,0.005659048405508464,4514215.062425348,45.0,p-H2,HFS-resolved spectroscopy + HFS-resolved collisions
CN,17,11,N=3,N=2,"N=3,J=3.5,F=4.5","N=2,J=2.5,F=3.5",340.24777,0.000413,0.000413,1.0,4747925.815128628,45.0,p-H2,HFS-resolved spectroscopy + HFS-resolved collisions
CN,18,11,N=3,N=2,"N=3,J=3.5,F=3.5","N=2,J=2.5,F=3.5",340.26495,3.35e-05,0.0004135,0.08101571946795647,4407701.273499887,45.0,p-H2,HFS-resolved spectroscopy + HFS-resolved collisions
CN,18,12,N=3,N=2,"N=3,J=3.5,F=3.5","N=2,J=2.5,F=2.5",340.24777,0.00038,0.0004135,0.9189842805320435,4407701.273499887,45.0,p-H2,HFS-resolved spectroscopy + HFS-resolved collisions
CN,19,11,N=3,N=2,"N=3,J=3.5,F=2.5","N=2,J=2.5,F=3.5",340.27912,9.27e-07,0.000412727,0.002246036726455987,4578924.2173491055,45.0,p-H2,HFS-resolved spectroscopy + HFS-resolved collisions
CN,19,12,N=3,N=2,"N=3,J=3.5,F=2.5","N=2,J=2.5,F=2.5",340.26177,4.48e-05,0.000412727,0.10854632723325587,4578924.2173491055,45.0,p-H2,HFS-resolved spectroscopy + HFS-resolved collisions
CN,19,13,N=3,N=2,"N=3,J=3.5,F=2.5","N=2,J=2.5,F=1.5",340.24854,0.000367,0.000412727,0.8892076360402881,4578924.2173491055,45.0,p-H2,HFS-resolved spectroscopy + HFS-resolved collisions
CN,20,14,N=4,N=3,"N=4,J=3.5,F=2.5","N=3,J=2.5,F=1.5",453.39147,0.000869,0.0010138599999999999,0.8571203124691773,11072691.565606155,45.0,p-H2,HFS-resolved spectroscopy + HFS-resolved collisions
CN,20,15,N=4,N=3,"N=4,J=3.5,F=2.5","N=3,J=2.5,F=2.5",453.3756,0.000107,0.0010138599999999999,0.105537253664214,11072691.565606155,45.0,p-H2,HFS-resolved spectroscopy + HFS-resolved collisions
CN,20,16,N=4,N=3,"N=4,J=3.5,F=2.5","N=3,J=2.5,F=3.5",453.35218,2.24e-06,0.0010138599999999999,0.002209378020634013,11072691.565606155,45.0,p-H2,HFS-resolved spectroscopy + HFS-resolved collisions
CN,20,18,N=4,N=3,"N=4,J=3.5,F=2.5","N=3,J=3.5,F=3.5",452.60386,2.92e-06,0.0010138599999999999,0.0028800820626121953,11072691.565606155,45.0,p-H2,HFS-resolved spectroscopy + HFS-resolved collisions
CN,20,19,N=4,N=3,"N=4,J=3.5,F=2.5","N=3,J=3.5,F=2.5",452.58969,3.27e-05,0.0010138599999999999,0.0322529737833626,11072691.565606155,45.0,p-H2,HFS-resolved spectroscopy + HFS-resolved collisions
CN,21,15,N=4,N=3,"N=4,J=3.5,F=3.5","N=3,J=2.5,F=2.5",453.39161,0.000897,0.00101308,0.8854187231018281,10638973.503808007,45.0,p-H2,HFS-resolved spectroscopy + HFS-resolved collisions
CN,21,16,N=4,N=3,"N=4,J=3.5,F=3.5","N=3,J=2.5,F=3.5",453.36819,8.02e-05,0.00101308,0.07916452797409879,10638973.503808007,45.0,p-H2,HFS-resolved spectroscopy + HFS-resolved collisions
CN,21,17,N=4,N=3,"N=4,J=3.5,F=3.5","N=3,J=3.5,F=4.5",452.63697,2.23e-06,0.00101308,0.0022012081967860385,10638973.503808007,45.0,p-H2,HFS-resolved spectroscopy + HFS-resolved collisions
CN,21,18,N=4,N=3,"N=4,J=3.5,F=3.5","N=3,J=3.5,F=3.5",452.61987,3.14e-05,0.00101308,0.030994590752951395,10638973.503808007,45.0,p-H2,HFS-resolved spectroscopy + HFS-resolved collisions
CN,21,19,N=4,N=3,"N=4,J=3.5,F=3.5","N=3,J=3.5,F=2.5",452.6057,2.25e-06,0.00101308,0.0022209499743356892,10638973.503808007,45.0,p-H2,HFS-resolved spectroscopy + HFS-resolved collisions
CN,22,16,N=4,N=3,"N=4,J=3.5,F=4.5","N=3,J=2.5,F=3.5",453.38992,0.000977,0.00101336,0.964119365279861,11464736.02412557,45.0,p-H2,HFS-resolved spectroscopy + HFS-resolved collisions
CN,22,17,N=4,N=3,"N=4,J=3.5,F=4.5","N=3,J=3.5,F=4.5",452.6587,3.45e-05,0.00101336,0.03404515670640246,11464736.02412557,45.0,p-H2,HFS-resolved spectroscopy + HFS-resolved collisions
CN,22,18,N=4,N=3,"N=4,J=3.5,F=4.5","N=3,J=3.5,F=3.5",452.64161,1.86e-06,0.00101336,0.0018354780137364805,11464736.02412557,45.0,p-H2,HFS-resolved spectroscopy + HFS-resolved collisions
CN,23,17,N=4,N=3,"N=4,J=4.5,F=5.5","N=3,J=3.5,F=4.5",453.60668,0.00102,0.00102,1.0,11843663.948725639,45.0,p-H2,HFS-resolved spectroscopy + HFS-resolved collisions
CN,24,17,N=4,N=3,"N=4,J=4.5,F=4.5","N=3,J=3.5,F=4.5",453.62363,4.99e-05,0.0010149,0.04916740565572963,11170167.71150746,45.0,p-H2,HFS-resolved spectroscopy + HFS-resolved collisions
CN,24,18,N=4,N=3,"N=4,J=4.5,F=4.5","N=3,J=3.5,F=3.5",453.60654,0.000965,0.0010149,0.9508325943442704,11170167.71150746,45.0,p-H2,HFS-resolved spectroscopy + HFS-resolved collisions
CN,25,17,N=4,N=3,"N=4,J=4.5,F=3.5","N=3,J=3.5,F=4.5",453.6384,7.77e-07,0.0010151770000000001,0.0007653837705148954,11554185.03020396,45.0,p-H2,HFS-resolved spectroscopy + HFS-resolved collisions
CN,25,18,N=4,N=3,"N=4,J=4.5,F=3.5","N=3,J=3.5,F=3.5",453.62131,6.24e-05,0.0010151770000000001,0.06146711361664024,11554185.03020396,45.0,p-H2,HFS-resolved spectroscopy + HFS-resolved collisions
CN,25,19,N=4,N=3,"N=4,J=4.5,F=3.5","N=3,J=3.5,F=2.5",453.60713,0.000952,0.0010151770000000001,0.9377675026128448,11554185.03020396,45.0,p-H2,HFS-resolved spectroscopy + HFS-resolved collisions
CN,26,20,N=5,N=4,"N=5,J=4.5,F=3.5","N=4,J=3.5,F=2.5",566.73075,0.00186,0.00202894,0.9167348467672776,22664310.09224876,45.0,p-H2,HFS-resolved spectroscopy + HFS-resolved collisions
CN,26,21,N=5,N=4,"N=5,J=4.5,F=3.5","N=4,J=3.5,F=3.5",566.71474,0.000123,0.00202894,0.06062278825396513,22664310.09224876,45.0,p-H2,HFS-resolved spectroscopy + HFS-resolved collisions
CN,26,22,N=5,N=4,"N=5,J=4.5,F=3.5","N=4,J=3.5,F=4.5",566.693,1.54e-06,0.00202894,0.0007590170236675309,22664310.09224876,45.0,p-H2,HFS-resolved spectroscopy + HFS-resolved collisions
CN,26,24,N=5,N=4,"N=5,J=4.5,F=3.5","N=4,J=4.5,F=4.5",565.72807,2.2e-06,0.00202894,0.0010843100338107585,22664310.09224876,45.0,p-H2,HFS-resolved spectroscopy + HFS-resolved collisions
CN,26,25,N=5,N=4,"N=5,J=4.5,F=3.5","N=4,J=4.5,F=3.5",565.71331,4.22e-05,0.00202894,0.020799037921279094,22664310.09224876,45.0,p-H2,HFS-resolved spectroscopy + HFS-resolved collisions
CN,27,21,N=5,N=4,"N=5,J=4.5,F=4.5","N=4,J=3.5,F=3.5",566.73084,0.00188,0.00202279,0.9294093801136054,21912740.60156426,45.0,p-H2,HFS-resolved spectroscopy + HFS-resolved collisions
CN,27,22,N=5,N=4,"N=5,J=4.5,F=4.5","N=4,J=3.5,F=4.5",566.70911,9.81e-05,0.00202279,0.048497372441034414,21912740.60156426,45.0,p-H2,HFS-resolved spectroscopy + HFS-resolved collisions
CN,27,23,N=5,N=4,"N=5,J=4.5,F=4.5","N=4,J=4.5,F=5.5",565.76113,1.78e-06,0.00202279,0.0008799727109586264,21912740.60156426,45.0,p-H2,HFS-resolved spectroscopy + HFS-resolved collisions
CN,27,24,N=5,N=4,"N=5,J=4.5,F=4.5","N=4,J=4.5,F=4.5",565.74418,4.11e-05,0.00202279,0.020318471022696377,21912740.60156426,45.0,p-H2,HFS-resolved spectroscopy + HFS-resolved collisions
CN,27,25,N=5,N=4,"N=5,J=4.5,F=4.5","N=4,J=4.5,F=3.5",565.72941,1.81e-06,0.00202279,0.0008948037117051202,21912740.60156426,45.0,p-H2,HFS-resolved spectroscopy + HFS-resolved collisions
CN,28,22,N=5,N=4,"N=5,J=4.5,F=5.5","N=4,J=3.5,F=4.5",566.7299,0.00198,0.00202504,0.9777584640303401,23042513.38299369,45.0,p-H2,HFS-resolved spectroscopy + HFS-resolved collisions
CN,28,23,N=5,N=4,"N=5,J=4.5,F=5.5","N=4,J=4.5,F=5.5",565.78192,4.35e-05,0.00202504,0.021481057164302927,23042513.38299369,45.0,p-H2,HFS-resolved spectroscopy + HFS-resolved collisions
CN,28,24,N=5,N=4,"N=5,J=4.5,F=5.5","N=4,J=4.5,F=4.5",565.76498,1.54e-06,0.00202504,0.0007604788053569312,23042513.38299369,45.0,p-H2,HFS-resolved spectroscopy + HFS-resolved collisions
CN,29,23,N=5,N=4,"N=5,J=5.5,F=6.5","N=4,J=4.5,F=5.5",566.94689,0.00203,0.00203,1.0,23453023.35389206,45.0,p-H2,HFS-resolved spectroscopy + HFS-resolved collisions
CN,30,23,N=5,N=4,"N=5,J=5.5,F=5.5","N=4,J=4.5,F=5.5",566.96375,6.68e-05,0.0020268,0.03295835800276298,22565083.05778379,45.0,p-H2,HFS-resolved spectroscopy + HFS-resolved collisions
CN,30,24,N=5,N=4,"N=5,J=5.5,F=5.5","N=4,J=4.5,F=4.5",566.9468,0.00196,0.0020268,0.967041641997237,22565083.05778379,45.0,p-H2,HFS-resolved spectroscopy + HFS-resolved collisions
CN,31,23,N=5,N=4,"N=5,J=5.5,F=4.5","N=4,J=4.5,F=5.5",566.97893,6.66e-07,0.002030866,0.0003279389186681937,23205356.738601953,45.0,p-H2,HFS-resolved spectroscopy + HFS-resolved collisions
CN,31,24,N=5,N=4,"N=5,J=5.5,F=4.5","N=4,J=4.5,F=4.5",566.96198,8.02e-05,0.002030866,0.03949054245824195,23205356.738601953,45.0,p-H2,HFS-resolved spectroscopy + HFS-resolved collisions
CN,31,25,N=5,N=4,"N=5,J=5.5,F=4.5","N=4,J=4.5,F=3.5",566.94721,0.00195,0.002030866,0.9601815186230898,23205356.738601953,45.0,p-H2,HFS-resolved spectroscopy + HFS-resolved collisions
CN,32,26,N=6,N=5,"N=6,J=5.5,F=4.5","N=5,J=4.5,F=3.5",680.04738,0.00336,0.00355332,0.9455945425686401,38886603.30174566,45.0,p-H2,HFS-resolved spectroscopy + HFS-resolved collisions
CN,32,27,N=6,N=5,"N=6,J=5.5,F=4.5","N=5,J=4.5,F=4.5",680.03127,0.000139,0.00355332,0.03911834565983362,38886603.30174566,45.0,p-H2,HFS-resolved spectroscopy + HFS-resolved collisions
CN,32,28,N=6,N=5,"N=6,J=5.5,F=4.5","N=5,J=4.5,F=5.5",680.01048,1.16e-06,0.00355332,0.0003264552587439352,38886603.30174566,45.0,p-H2,HFS-resolved spectroscopy + HFS-resolved collisions
CN,32,30,N=6,N=5,"N=6,J=5.5,F=4.5","N=5,J=5.5,F=5.5",678.82865,1.76e-06,0.00355332,0.0004953114270597639,38886603.30174566,45.0,p-H2,HFS-resolved spectroscopy + HFS-resolved collisions
CN,32,31,N=6,N=5,"N=6,J=5.5,F=4.5","N=5,J=5.5,F=4.5",678.81347,5.14e-05,0.00355332,0.014465345085722649,38886603.30174566,45.0,p-H2,HFS-resolved spectroscopy + HFS-resolved collisions
CN,33,27,N=6,N=5,"N=6,J=5.5,F=5.5","N=5,J=4.5,F=4.5",680.04744,0.00338,0.00354949,0.952249478094036,37929976.32921565,45.0,p-H2,HFS-resolved spectroscopy + HFS-resolved collisions
CN,33,28,N=6,N=5,"N=6,J=5.5,F=5.5","N=5,J=4.5,F=5.5",680.02664,0.000116,0.00354949,0.0326807513192036,37929976.32921565,45.0,p-H2,HFS-resolved spectroscopy + HFS-resolved collisions
CN,33,29,N=6,N=5,"N=6,J=5.5,F=5.5","N=5,J=5.5,F=6.5",678.86167,1.48e-06,0.00354949,0.00041696130993466667,37929976.32921565,45.0,p-H2,HFS-resolved spectroscopy + HFS-resolved collisions
CN,33,30,N=6,N=5,"N=6,J=5.5,F=5.5","N=5,J=5.5,F=5.5",678.84482,5.05e-05,0.00354949,0.014227396048446396,37929976.32921565,45.0,p-H2,HFS-resolved spectroscopy + HFS-resolved collisions
CN,33,31,N=6,N=5,"N=6,J=5.5,F=5.5","N=5,J=5.5,F=4.5",678.82964,1.51e-06,0.00354949,0.0004254132283792883,37929976.32921565,45.0,p-H2,HFS-resolved spectroscopy + HFS-resolved collisions
CN,34,28,N=6,N=5,"N=6,J=5.5,F=6.5","N=5,J=4.5,F=5.5",680.04685,0.0035,0.00355382,0.9848557327045264,39311779.7749198,45.0,p-H2,HFS-resolved spectroscopy + HFS-resolved collisions
CN,34,29,N=6,N=5,"N=6,J=5.5,F=6.5","N=5,J=5.5,F=6.5",678.88188,5.25e-05,0.00355382,0.014772835990567897,39311779.7749198,45.0,p-H2,HFS-resolved spectroscopy + HFS-resolved collisions
CN,34,30,N=6,N=5,"N=6,J=5.5,F=6.5","N=5,J=5.5,F=5.5",678.86502,1.32e-06,0.00355382,0.0003714313049057071,39311779.7749198,45.0,p-H2,HFS-resolved spectroscopy + HFS-resolved collisions
CN,35,29,N=6,N=5,"N=6,J=6.5,F=7.5","N=5,J=5.5,F=6.5",680.26397,0.00356,0.00356,1.0,39739375.61357258,45.0,p-H2,HFS-resolved spectroscopy + HFS-resolved collisions
CN,36,29,N=6,N=5,"N=6,J=6.5,F=6.5","N=5,J=5.5,F=6.5",680.28076,8.39e-05,0.0035539,0.023607867413264302,38632594.79080953,45.0,p-H2,HFS-resolved spectroscopy + HFS-resolved collisions
CN,36,30,N=6,N=5,"N=6,J=6.5,F=6.5","N=5,J=5.5,F=5.5",680.2639,0.00347,0.0035539,0.9763921325867357,38632594.79080953,45.0,p-H2,HFS-resolved spectroscopy + HFS-resolved collisions
CN,37,29,N=6,N=5,"N=6,J=6.5,F=5.5","N=5,J=5.5,F=6.5",680.29624,5.81e-07,0.003558481,0.00016327191293138843,39442817.007675566,45.0,p-H2,HFS-resolved spectroscopy + HFS-resolved collisions
CN,37,30,N=6,N=5,"N=6,J=6.5,F=5.5","N=5,J=5.5,F=5.5",680.27938,9.79e-05,0.003558481,0.027511738857113468,39442817.007675566,45.0,p-H2,HFS-resolved spectroscopy + HFS-resolved collisions
CN,37,31,N=6,N=5,"N=6,J=6.5,F=5.5","N=5,J=5.5,F=4.5",680.2642,0.00346,0.003558481,0.9723249892299551,39442817.007675566,45.0,p-H2,HFS-resolved spectroscopy + HFS-resolved collisions
CN,38,32,N=7,N=6,"N=7,J=6.5,F=5.5","N=6,J=5.5,F=4.5",793.33649,0.00548,0.005698902,0.9615887411294316,58958611.236912146,45.0,p-H2,HFS-resolved spectroscopy + HFS-resolved collisions
CN,38,33,N=7,N=6,"N=7,J=6.5,F=5.5","N=6,J=5.5,F=5.5",793.32032,0.000156,0.005698902,0.027373694090545863,58958611.236912146,45.0,p-H2,HFS-resolved spectroscopy + HFS-resolved collisions
CN,38,34,N=7,N=6,"N=7,J=6.5,F=5.5","N=6,J=5.5,F=6.5",793.30012,9.32e-07,0.005698902,0.0001635402749512099,58958611.236912146,45.0,p-H2,HFS-resolved spectroscopy + HFS-resolved collisions
CN,38,36,N=7,N=6,"N=7,J=6.5,F=5.5","N=6,J=6.5,F=6.5",791.90124,1.47e-06,0.005698902,0.00025794442508398984,58958611.236912146,45.0,p-H2,HFS-resolved spectroscopy + HFS-resolved collisions
CN,38,37,N=7,N=6,"N=7,J=6.5,F=5.5","N=6,J=6.5,F=5.5",791.88576,6.05e-05,0.005698902,0.010616080079987338,58958611.236912146,45.0,p-H2,HFS-resolved spectroscopy + HFS-resolved collisions
CN,39,33,N=7,N=6,"N=7,J=6.5,F=6.5","N=6,J=5.5,F=5.5",793.33654,0.00551,0.00570627,0.9656045017147804,58045705.61089031,45.0,p-H2,HFS-resolved spectroscopy + HFS-resolved collisions
CN,39,34,N=7,N=6,"N=7,J=6.5,F=6.5","N=6,J=5.5,F=6.5",793.31633,0.000134,0.00570627,0.023482940695059996,58045705.61089031,45.0,p-H2,HFS-resolved spectroscopy + HFS-resolved collisions
CN,39,35,N=7,N=6,"N=7,J=6.5,F=6.5","N=6,J=6.5,F=7.5",791.93424,1.27e-06,0.00570627,0.00022256219912482233,58045705.61089031,45.0,p-H2,HFS-resolved spectroscopy + HFS-resolved collisions
CN,39,36,N=7,N=6,"N=7,J=6.5,F=6.5","N=6,J=6.5,F=6.5",791.91745,5.97e-05,0.00570627,0.010462175817127476,58045705.61089031,45.0,p-H2,HFS-resolved spectroscopy + HFS-resolved collisions
CN,39,37,N=7,N=6,"N=7,J=6.5,F=6.5","N=6,J=6.5,F=5.5",791.90197,1.3e-06,0.00570627,0.00022781957390729846,58045705.61089031,45.0,p-H2,HFS-resolved spectroscopy + HFS-resolved collisions
CN,40,34,N=7,N=6,"N=7,J=6.5,F=7.5","N=6,J=5.5,F=6.5",793.33613,0.00564,0.00570265,0.9890138795121566,59377172.95305238,45.0,p-H2,HFS-resolved spectroscopy + HFS-resolved collisions
CN,40,35,N=7,N=6,"N=7,J=6.5,F=7.5","N=6,J=6.5,F=7.5",791.95404,6.15e-05,0.00570265,0.01078445985638256,59377172.95305238,45.0,p-H2,HFS-resolved spectroscopy + HFS-resolved collisions
CN,40,36,N=7,N=6,"N=7,J=6.5,F=7.5","N=6,J=6.5,F=6.5",791.93725,1.15e-06,0.00570265,0.00020166063146081207,59377172.95305238,45.0,p-H2,HFS-resolved spectroscopy + HFS-resolved collisions
CN,41,35,N=7,N=6,"N=7,J=7.5,F=8.5","N=6,J=6.5,F=7.5",793.55333,0.00571,0.00571,1.0,59801074.326847464,45.0,p-H2,HFS-resolved spectroscopy + HFS-resolved collisions
CN,42,35,N=7,N=6,"N=7,J=7.5,F=7.5","N=6,J=6.5,F=7.5",793.57007,0.000101,0.005711000000000001,0.01768516897215899,58722600.55381729,45.0,p-H2,HFS-resolved spectroscopy + HFS-resolved collisions
CN,42,36,N=7,N=6,"N=7,J=7.5,F=7.5","N=6,J=6.5,F=6.5",793.55328,0.00561,0.005711000000000001,0.9823148310278409,58722600.55381729,45.0,p-H2,HFS-resolved spectroscopy + HFS-resolved collisions
CN,43,35,N=7,N=6,"N=7,J=7.5,F=6.5","N=6,J=6.5,F=7.5",793.58578,5.15e-07,0.0057065150000000005,9.02477256258855e-05,59501134.27894817,45.0,p-H2,HFS-resolved spectroscopy + HFS-resolved collisions
CN,43,36,N=7,N=6,"N=7,J=7.5,F=6.5","N=6,J=6.5,F=6.5",793.56899,0.000116,0.0057065150000000005,0.020327643053597508,59501134.27894817,45.0,p-H2,HFS-resolved spectroscopy + HFS-resolved collisions
CN,43,37,N=7,N=6,"N=7,J=7.5,F=6.5","N=6,J=6.5,F=5.5",793.55351,0.00559,0.0057065150000000005,0.9795821092207766,59501134.27894817,45.0,p-H2,HFS-resolved spectroscopy + HFS-resolved collisions
CN,44,38,N=8,N=7,"N=8,J=7.5,F=6.5","N=7,J=6.5,F=5.5",906.5934,0.00834,0.008584535,0.9715144734106157,84058326.53757292,45.0,p-H2,HFS-resolved spectroscopy + HFS-resolved collisions
CN,44,39,N=8,N=7,"N=8,J=7.5,F=6.5","N=7,J=6.5,F=6.5",906.57718,0.000173,0.008584535,0.02015251845324179,84058326.53757292,45.0,p-H2,HFS-resolved spectroscopy + HFS-resolved collisions
CN,44,40,N=8,N=7,"N=8,J=7.5,F=6.5","N=7,J=6.5,F=7.5",906.55739,7.75e-07,0.008584535,9.02786231286843e-05,84058326.53757292,45.0,p-H2,HFS-resolved spectroscopy + HFS-resolved collisions
CN,44,42,N=8,N=7,"N=8,J=7.5,F=6.5","N=7,J=7.5,F=7.5",904.94135,1.26e-06,0.008584535,0.0001467755679253448,84058326.53757292,45.0,p-H2,HFS-resolved spectroscopy + HFS-resolved collisions
CN,44,43,N=8,N=7,"N=8,J=7.5,F=6.5","N=7,J=7.5,F=6.5",904.92564,6.95e-05,0.008584535,0.008095953945088464,84058326.53757292,45.0,p-H2,HFS-resolved spectroscopy + HFS-resolved collisions
CN,45,39,N=8,N=7,"N=8,J=7.5,F=7.5","N=7,J=6.5,F=6.5",906.59343,0.00836,0.00858305,0.9740127344009413,82955275.50492603,45.0,p-H2,HFS-resolved spectroscopy + HFS-resolved collisions
CN,45,40,N=8,N=7,"N=8,J=7.5,F=7.5","N=7,J=6.5,F=7.5",906.57364,0.000152,0.00858305,0.01770932244365348,82955275.50492603,45.0,p-H2,HFS-resolved spectroscopy + HFS-resolved collisions
CN,45,41,N=8,N=7,"N=8,J=7.5,F=7.5","N=7,J=7.5,F=8.5",904.97435,1.11e-06,0.00858305,0.00012932465731878528,82955275.50492603,45.0,p-H2,HFS-resolved spectroscopy + HFS-resolved collisions
CN,45,42,N=8,N=7,"N=8,J=7.5,F=7.5","N=7,J=7.5,F=7.5",904.95761,6.88e-05,0.00858305,0.008015798579758943,82955275.50492603,45.0,p-H2,HFS-resolved spectroscopy + HFS-resolved collisions
CN,45,43,N=8,N=7,"N=8,J=7.5,F=7.5","N=7,J=7.5,F=6.5",904.9419,1.14e-06,0.00858305,0.0001328199183274011,82955275.50492603,45.0,p-H2,HFS-resolved spectroscopy + HFS-resolved collisions
CN,46,40,N=8,N=7,"N=8,J=7.5,F=8.5","N=7,J=6.5,F=7.5",906.59313,0.00851,0.008581420000000001,0.9916773680812732,84385213.70009378,45.0,p-H2,HFS-resolved spectroscopy + HFS-resolved collisions
CN,46,41,N=8,N=7,"N=8,J=7.5,F=8.5","N=7,J=7.5,F=8.5",904.99384,7.04e-05,0.008581420000000001,0.008203770471553658,84385213.70009378,45.0,p-H2,HFS-resolved spectroscopy + HFS-resolved collisions
CN,46,42,N=8,N=7,"N=8,J=7.5,F=8.5","N=7,J=7.5,F=7.5",904.9771,1.02e-06,0.008581420000000001,0.00011886144717307857,84385213.70009378,45.0,p-H2,HFS-resolved spectroscopy + HFS-resolved collisions
CN,47,41,N=8,N=7,"N=8,J=8.5,F=9.5","N=7,J=7.5,F=8.5",906.81039,0.00859,0.00859,1.0,84772005.87330765,45.0,p-H2,HFS-resolved spectroscopy + HFS-resolved collisions
CN,48,41,N=8,N=7,"N=8,J=8.5,F=8.5","N=7,J=7.5,F=8.5",906.82709,0.000119,0.008589,0.013854930725346375,83609458.21549655,45.0,p-H2,HFS-resolved spectroscopy + HFS-resolved collisions
CN,48,42,N=8,N=7,"N=8,J=8.5,F=8.5","N=7,J=7.5,F=7.5",906.81035,0.00847,0.008589,0.9861450692746537,83609458.21549655,45.0,p-H2,HFS-resolved spectroscopy + HFS-resolved collisions
CN,49,41,N=8,N=7,"N=8,J=8.5,F=7.5","N=7,J=7.5,F=8.5",906.84298,4.62e-07,0.008583462,5.382443587447582e-05,84464701.60701059,45.0,p-H2,HFS-resolved spectroscopy + HFS-resolved collisions
CN,49,42,N=8,N=7,"N=8,J=8.5,F=7.5","N=7,J=7.5,F=7.5",906.82624,0.000133,0.008583462,0.015494913357803647,84464701.60701059,45.0,p-H2,HFS-resolved spectroscopy + HFS-resolved collisions
CN,49,43,N=8,N=7,"N=8,J=8.5,F=7.5","N=7,J=7.5,F=6.5",906.81053,0.00845,0.008583462,0.9844512622063217,84464701.60701059,45.0,p-H2,HFS-resolved spectroscopy + HFS-resolved collisions
CN,50,44,N=9,N=8,"N=9,J=8.5,F=7.5","N=8,J=7.5,F=6.5",1019.81346,0.012,0.012271263000000001,0.9778944514513298,113588799.10500853,45.0,p-H2,HFS-resolved spectroscopy + HFS-resolved collisions
CN,50,45,N=9,N=8,"N=9,J=8.5,F=7.5","N=8,J=7.5,F=7.5",1019.79721,0.000191,0.012271263000000001,0.015564820018933665,113588799.10500853,45.0,p-H2,HFS-resolved spectroscopy + HFS-resolved collisions
CN,50,46,N=9,N=8,"N=9,J=8.5,F=7.5","N=8,J=7.5,F=8.5",1019.77771,6.63e-07,0.012271263000000001,5.4028668442685973e-05,113588799.10500853,45.0,p-H2,HFS-resolved spectroscopy + HFS-resolved collisions
CN,50,48,N=9,N=8,"N=9,J=8.5,F=7.5","N=8,J=8.5,F=8.5",1017.94446,1.1e-06,0.012271263000000001,8.96403247163719e-05,113588799.10500853,45.0,p-H2,HFS-resolved spectroscopy + HFS-resolved collisions
CN,50,49,N=9,N=8,"N=9,J=8.5,F=7.5","N=8,J=8.5,F=7.5",1017.92858,7.85e-05,0.012271263000000001,0.006397059536577448,113588799.10500853,45.0,p-H2,HFS-resolved spectroscopy + HFS-resolved collisions
CN,51,45,N=9,N=8,"N=9,J=8.5,F=8.5","N=8,J=7.5,F=7.5",1019.81349,0.012,0.012248895000000001,0.97968020788814,112289330.04717706,45.0,p-H2,HFS-resolved spectroscopy + HFS-resolved collisions
CN,51,46,N=9,N=8,"N=9,J=8.5,F=8.5","N=8,J=7.5,F=8.5",1019.794,0.000169,0.012248895000000001,0.013797162927757971,112289330.04717706,45.0,p-H2,HFS-resolved spectroscopy + HFS-resolved collisions
CN,51,47,N=9,N=8,"N=9,J=8.5,F=8.5","N=8,J=8.5,F=9.5",1017.97745,9.85e-07,0.012248895000000001,8.04154170641515e-05,112289330.04717706,45.0,p-H2,HFS-resolved spectroscopy + HFS-resolved collisions
CN,51,48,N=9,N=8,"N=9,J=8.5,F=8.5","N=8,J=8.5,F=8.5",1017.96075,7.79e-05,0.012248895000000001,0.006359757349540509,112289330.04717706,45.0,p-H2,HFS-resolved spectroscopy + HFS-resolved collisions
CN,51,49,N=9,N=8,"N=9,J=8.5,F=8.5","N=8,J=8.5,F=7.5",1017.94486,1.01e-06,0.012248895000000001,8.245641749725179e-05,112289330.04717706,45.0,p-H2,HFS-resolved spectroscopy + HFS-resolved collisions
CN,52,46,N=9,N=8,"N=9,J=8.5,F=9.5","N=8,J=7.5,F=8.5",1019.81326,0.0122,0.012280221000000001,0.9934674628412632,113953749.136429,45.0,p-H2,HFS-resolved spectroscopy + HFS-resolved collisions
CN,52,47,N=9,N=8,"N=9,J=8.5,F=9.5","N=8,J=8.5,F=9.5",1017.99672,7.93e-05,0.012280221000000001,0.006457538508468211,113953749.136429,45.0,p-H2,HFS-resolved spectroscopy + HFS-resolved collisions
CN,52,48,N=9,N=8,"N=9,J=8.5,F=9.5","N=8,J=8.5,F=8.5",1017.98001,9.21e-07,0.012280221000000001,7.499865026859043e-05,113953749.136429,45.0,p-H2,HFS-resolved spectroscopy + HFS-resolved collisions
CN,53,47,N=9,N=8,"N=9,J=9.5,F=10.5","N=8,J=8.5,F=9.5",1020.03055,0.0123,0.0123,1.0,114437572.60109833,45.0,p-H2,HFS-resolved spectroscopy + HFS-resolved collisions
CN,54,47,N=9,N=8,"N=9,J=9.5,F=9.5","N=8,J=8.5,F=9.5",1020.04722,0.000136,0.012336000000000001,0.011024643320363164,113636362.06303026,45.0,p-H2,HFS-resolved spectroscopy + HFS-resolved collisions
CN,54,48,N=9,N=8,"N=9,J=9.5,F=9.5","N=8,J=8.5,F=8.5",1020.03052,0.0122,0.012336000000000001,0.9889753566796368,113636362.06303026,45.0,p-H2,HFS-resolved spectroscopy + HFS-resolved collisions
CN,55,47,N=9,N=8,"N=9,J=9.5,F=8.5","N=8,J=8.5,F=9.5",1020.06326,4.19e-07,0.012351419,3.392322776840458e-05,114672307.12165573,45.0,p-H2,HFS-resolved spectroscopy + HFS-resolved collisions
CN,55,48,N=9,N=8,"N=9,J=9.5,F=8.5","N=8,J=8.5,F=8.5",1020.04655,0.000151,0.012351419,0.01222531597381645,114672307.12165573,45.0,p-H2,HFS-resolved spectroscopy + HFS-resolved collisions
CN,55,49,N=9,N=8,"N=9,J=9.5,F=8.5","N=8,J=8.5,F=7.5",1020.03066,0.0122,0.012351419,0.9877407607984151,114672307.12165573,45.0,p-H2,HFS-resolved spectroscopy + HFS-resolved collisions
CN,56,50,N=10,N=9,"N=10,J=9.5,F=8.5","N=9,J=8.5,F=7.5",1132.99206,0.0166,0.01689696,0.9824252409900953,143058705.92871487,45.0,p-H2,HFS-resolved spectroscopy + HFS-resolved collisions
CN,56,51,N=10,N=9,"N=10,J=9.5,F=8.5","N=9,J=8.5,F=8.5",1132.97578,0.000208,0.01689696,0.01230990663409276,143058705.92871487,45.0,p-H2,HFS-resolved spectroscopy + HFS-resolved collisions
CN,56,52,N=10,N=9,"N=10,J=9.5,F=8.5","N=9,J=8.5,F=9.5",1132.95652,5.79e-07,0.01689696,3.426651894778706e-05,143058705.92871487,45.0,p-H2,HFS-resolved spectroscopy + HFS-resolved collisions
CN,56,54,N=10,N=9,"N=10,J=9.5,F=8.5","N=9,J=9.5,F=9.5",1130.90601,9.81e-07,0.01689696,5.805778080790865e-05,143058705.92871487,45.0,p-H2,HFS-resolved spectroscopy + HFS-resolved collisions
CN,56,55,N=10,N=9,"N=10,J=9.5,F=8.5","N=9,J=9.5,F=8.5",1130.88998,8.74e-05,0.01689696,0.0051725280760562846,143058705.92871487,45.0,p-H2,HFS-resolved spectroscopy + HFS-resolved collisions
CN,57,51,N=10,N=9,"N=10,J=9.5,F=9.5","N=9,J=8.5,F=8.5",1132.99209,0.0167,0.016975696999999998,0.9837593119151457,141968589.99423268,45.0,p-H2,HFS-resolved spectroscopy + HFS-resolved collisions
CN,57,52,N=10,N=9,"N=10,J=9.5,F=9.5","N=9,J=8.5,F=9.5",1132.97283,0.000187,0.016975696999999998,0.011015747983720493,141968589.99423268,45.0,p-H2,HFS-resolved spectroscopy + HFS-resolved collisions
CN,57,53,N=10,N=9,"N=10,J=9.5,F=9.5","N=9,J=9.5,F=10.5",1130.93899,8.86e-07,0.016975696999999998,5.2192260500408324e-05,141968589.99423268,45.0,p-H2,HFS-resolved spectroscopy + HFS-resolved collisions
CN,57,54,N=10,N=9,"N=10,J=9.5,F=9.5","N=9,J=9.5,F=9.5",1130.92232,8.69e-05,0.016975696999999998,0.005119082886552464,141968589.99423268,45.0,p-H2,HFS-resolved spectroscopy + HFS-resolved collisions
CN,57,55,N=10,N=9,"N=10,J=9.5,F=9.5","N=9,J=9.5,F=8.5",1130.90629,9.11e-07,0.016975696999999998,5.366495408111962e-05,141968589.99423268,45.0,p-H2,HFS-resolved spectroscopy + HFS-resolved collisions
CN,58,52,N=10,N=9,"N=10,J=9.5,F=10.5","N=9,J=8.5,F=9.5",1132.99191,0.0169,0.016989037,0.9947591496798789,144304517.27650112,45.0,p-H2,HFS-resolved spectroscopy + HFS-resolved collisions
CN,58,53,N=10,N=9,"N=10,J=9.5,F=10.5","N=9,J=9.5,F=10.5",1130.95808,8.82e-05,0.016989037,0.005191583254542327,144304517.27650112,45.0,p-H2,HFS-resolved spectroscopy + HFS-resolved collisions
CN,58,54,N=10,N=9,"N=10,J=9.5,F=10.5","N=9,J=9.5,F=9.5",1130.94141,8.37e-07,0.016989037,4.926706557882004e-05,144304517.27650112,45.0,p-H2,HFS-resolved spectroscopy + HFS-resolved collisions
CN,59,53,N=10,N=9,"N=10,J=10.5,F=11.5","N=9,J=9.5,F=10.5",1133.20922,0.017,0.017,1.0,144842096.8174814,45.0,p-H2,HFS-resolved spectroscopy + HFS-resolved collisions
CN,60,53,N=10,N=9,"N=10,J=10.5,F=10.5","N=9,J=9.5,F=10.5",1133.22586,0.000154,0.016954,0.009083402146985962,142625859.3680439,45.0,p-H2,HFS-resolved spectroscopy + HFS-resolved collisions
CN,60,54,N=10,N=9,"N=10,J=10.5,F=10.5","N=9,J=9.5,F=9.5",1133.20919,0.0168,0.016954,0.990916597853014,142625859.3680439,45.0,p-H2,HFS-resolved spectroscopy + HFS-resolved collisions
CN,61,53,N=10,N=9,"N=10,J=10.5,F=9.5","N=9,J=9.5,F=10.5",1133.24202,3.83e-07,0.016969382999999998,2.2570060443564744e-05,144261039.1600436,45.0,p-H2,HFS-resolved spectroscopy + HFS-resolved collisions
CN,61,54,N=10,N=9,"N=10,J=10.5,F=9.5","N=9,J=9.5,F=9.5",1133.22535,0.000169,0.016969382999999998,0.00995911283280011,144261039.1600436,45.0,p-H2,HFS-resolved spectroscopy + HFS-resolved collisions
CN,61,55,N=10,N=9,"N=10,J=10.5,F=9.5","N=9,J=9.5,F=8.5",1133.20931,0.0168,0.016969382999999998,0.9900183171067564,144261039.1600436,45.0,p-H2,HFS-resolved spectroscopy + HFS-resolved collisions
CN,62,56,N=11,N=10,"N=11,J=10.5,F=9.5","N=10,J=9.5,F=8.5",1246.1246,0.0223,0.022622695,0.9857357843528368,199436342.37070927,45.0,p-H2,HFS-resolved spectroscopy + HFS-resolved collisions
CN,62,57,N=11,N=10,"N=11,J=10.5,F=9.5","N=10,J=9.5,F=9.5",1246.10829,0.000225,0.022622695,0.009945764640331312,199436342.37070927,45.0,p-H2,HFS-resolved spectroscopy + HFS-resolved collisions
CN,62,58,N=11,N=10,"N=11,J=10.5,F=9.5","N=10,J=9.5,F=10.5",1246.08921,5.13e-07,0.022622695,2.267634337995539e-05,199436342.37070927,45.0,p-H2,HFS-resolved spectroscopy + HFS-resolved collisions
CN,62,60,N=11,N=10,"N=11,J=10.5,F=9.5","N=10,J=10.5,F=10.5",1243.82142,8.82e-07,0.022622695,3.8987397390098744e-05,199436342.37070927,45.0,p-H2,HFS-resolved spectroscopy + HFS-resolved collisions
CN,62,61,N=11,N=10,"N=11,J=10.5,F=9.5","N=10,J=10.5,F=9.5",1243.80527,9.63e-05,0.022622695,0.004256787266061802,199436342.37070927,45.0,p-H2,HFS-resolved spectroscopy + HFS-resolved collisions
CN,63,57,N=11,N=10,"N=11,J=10.5,F=10.5","N=10,J=9.5,F=9.5",1246.12462,0.0223,0.022602433,0.9866194493309636,197915440.3228871,45.0,p-H2,HFS-resolved spectroscopy + HFS-resolved collisions
CN,63,58,N=11,N=10,"N=11,J=10.5,F=10.5","N=10,J=9.5,F=10.5",1246.10554,0.000205,0.022602433,0.009069820049903476,197915440.3228871,45.0,p-H2,HFS-resolved spectroscopy + HFS-resolved collisions
CN,63,59,N=11,N=10,"N=11,J=10.5,F=10.5","N=10,J=10.5,F=11.5",1243.8544,8.05e-07,0.022602433,3.561563483010877e-05,197915440.3228871,45.0,p-H2,HFS-resolved spectroscopy + HFS-resolved collisions
CN,63,60,N=11,N=10,"N=11,J=10.5,F=10.5","N=10,J=10.5,F=10.5",1243.83775,9.58e-05,0.022602433,0.0042384817599061125,197915440.3228871,45.0,p-H2,HFS-resolved spectroscopy + HFS-resolved collisions
CN,63,61,N=11,N=10,"N=11,J=10.5,F=10.5","N=10,J=10.5,F=9.5",1243.8216,8.28e-07,0.022602433,3.663322439668331e-05,197915440.3228871,45.0,p-H2,HFS-resolved spectroscopy + HFS-resolved collisions
CN,64,58,N=11,N=10,"N=11,J=10.5,F=11.5","N=10,J=9.5,F=10.5",1246.12448,0.0225,0.022597766,0.9956736431379988,199562148.2863542,45.0,p-H2,HFS-resolved spectroscopy + HFS-resolved collisions
CN,64,59,N=11,N=10,"N=11,J=10.5,F=11.5","N=10,J=10.5,F=11.5",1243.87334,9.7e-05,0.022597766,0.004292459705972706,199562148.2863542,45.0,p-H2,HFS-resolved spectroscopy + HFS-resolved collisions
CN,64,60,N=11,N=10,"N=11,J=10.5,F=11.5","N=10,J=10.5,F=10.5",1243.85669,7.66e-07,0.022597766,3.38971560286092e-05,199562148.2863542,45.0,p-H2,HFS-resolved spectroscopy + HFS-resolved collisions
CN,65,59,N=11,N=10,"N=11,J=11.5,F=12.5","N=10,J=10.5,F=11.5",1246.3418,0.0227,0.0227,1.0,200815647.75237712,45.0,p-H2,HFS-resolved spectroscopy + HFS-resolved collisions
CN,66,59,N=11,N=10,"N=11,J=11.5,F=11.5","N=10,J=10.5,F=11.5",1246.35842,0.000171,0.022671,0.007542675664946407,199108922.41077742,45.0,p-H2,HFS-resolved spectroscopy + HFS-resolved collisions
CN,66,60,N=11,N=10,"N=11,J=11.5,F=11.5","N=10,J=10.5,F=10.5",1246.34178,0.0225,0.022671,0.9924573243350535,199108922.41077742,45.0,p-H2,HFS-resolved spectroscopy + HFS-resolved collisions
CN,67,59,N=11,N=10,"N=11,J=11.5,F=10.5","N=10,J=10.5,F=11.5",1246.37468,3.53e-07,0.022687353,1.555932946430551e-05,200355998.3220727,45.0,p-H2,HFS-resolved spectroscopy + HFS-resolved collisions
CN,67,60,N=11,N=10,"N=11,J=11.5,F=10.5","N=10,J=10.5,F=10.5",1246.35803,0.000187,0.022687353,0.00824247764822983,200355998.3220727,45.0,p-H2,HFS-resolved spectroscopy + HFS-resolved collisions
CN,67,61,N=11,N=10,"N=11,J=11.5,F=10.5","N=10,J=10.5,F=9.5",1246.34188,0.0225,0.022687353,0.9917419630223058,200355998.3220727,45.0,p-H2,HFS-resolved spectroscopy + HFS-resolved collisions
CN,68,62,N=12,N=11,"N=12,J=11.5,F=10.5","N=11,J=10.5,F=9.5",1359.20647,0.0291,0.029449262,0.9881402121384231,159826724.7064899,45.0,p-H2,HFS-resolved spectroscopy + HFS-resolved collisions
CN,68,63,N=12,N=11,"N=12,J=11.5,F=10.5","N=11,J=10.5,F=10.5",1359.19014,0.000243,0.029449262,0.008251480121980646,159826724.7064899,45.0,p-H2,HFS-resolved spectroscopy + HFS-resolved collisions
CN,68,64,N=12,N=11,"N=12,J=11.5,F=10.5","N=11,J=10.5,F=11.5",1359.1712,4.6e-07,0.029449262,1.5620085827617684e-05,159826724.7064899,45.0,p-H2,HFS-resolved spectroscopy + HFS-resolved collisions
CN,68,66,N=12,N=11,"N=12,J=11.5,F=10.5","N=11,J=11.5,F=11.5",1356.68612,8.02e-07,0.029449262,2.7233280073368223e-05,159826724.7064899,45.0,p-H2,HFS-resolved spectroscopy + HFS-resolved collisions
CN,68,67,N=12,N=11,"N=12,J=11.5,F=10.5","N=11,J=11.5,F=10.5",1356.66986,0.000105,0.029449262,0.0035654543736953407,159826724.7064899,45.0,p-H2,HFS-resolved spectroscopy + HFS-resolved collisions
CN,69,63,N=12,N=11,"N=12,J=11.5,F=11.5","N=11,J=10.5,F=10.5",1359.20649,0.0292,0.029529497000000002,0.9888417672674884,159381125.93398115,45.0,p-H2,HFS-resolved spectroscopy + HFS-resolved collisions
CN,69,64,N=12,N=11,"N=12,J=11.5,F=11.5","N=11,J=10.5,F=11.5",1359.18755,0.000223,0.029529497000000002,0.007551771030844176,159381125.93398115,45.0,p-H2,HFS-resolved spectroscopy + HFS-resolved collisions
CN,69,65,N=12,N=11,"N=12,J=11.5,F=11.5","N=11,J=11.5,F=12.5",1356.71909,7.38e-07,0.029529497000000002,2.4991959734363235e-05,159381125.93398115,45.0,p-H2,HFS-resolved spectroscopy + HFS-resolved collisions
CN,69,66,N=12,N=11,"N=12,J=11.5,F=11.5","N=11,J=11.5,F=11.5",1356.70247,0.000105,0.029529497000000002,0.003555766628872818,159381125.93398115,45.0,p-H2,HFS-resolved spectroscopy + HFS-resolved collisions
CN,69,67,N=12,N=11,"N=12,J=11.5,F=11.5","N=11,J=11.5,F=10.5",1356.68622,7.59e-07,0.029529497000000002,2.5703113060137798e-05,159381125.93398115,45.0,p-H2,HFS-resolved spectroscopy + HFS-resolved collisions
CN,70,64,N=12,N=11,"N=12,J=11.5,F=12.5","N=11,J=10.5,F=11.5",1359.20637,0.0294,0.029506707,0.9963836357611847,160254269.1185663,45.0,p-H2,HFS-resolved spectroscopy + HFS-resolved collisions
CN,70,65,N=12,N=11,"N=12,J=11.5,F=12.5","N=11,J=11.5,F=12.5",1356.73791,0.000106,0.029506707,0.0035924035847171966,160254269.1185663,45.0,p-H2,HFS-resolved spectroscopy + HFS-resolved collisions
CN,70,66,N=12,N=11,"N=12,J=11.5,F=12.5","N=11,J=11.5,F=11.5",1356.72129,7.07e-07,0.029506707,2.3960654098066585e-05,160254269.1185663,45.0,p-H2,HFS-resolved spectroscopy + HFS-resolved collisions
CN,71,65,N=12,N=11,"N=12,J=12.5,F=13.5","N=11,J=11.5,F=12.5",1359.4237,0.0295,0.0295,1.0,159505682.2670313,45.0,p-H2,HFS-resolved spectroscopy + HFS-resolved collisions
CN,72,65,N=12,N=11,"N=12,J=12.5,F=12.5","N=11,J=11.5,F=12.5",1359.4403,0.000189,0.029489,0.006409169520838279,159316930.23175672,45.0,p-H2,HFS-resolved spectroscopy + HFS-resolved collisions
CN,72,66,N=12,N=11,"N=12,J=12.5,F=12.5","N=11,J=11.5,F=11.5",1359.42368,0.0293,0.029489,0.9935908304791616,159316930.23175672,45.0,p-H2,HFS-resolved spectroscopy + HFS-resolved collisions
CN,73,65,N=12,N=11,"N=12,J=12.5,F=11.5","N=11,J=11.5,F=12.5",1359.45664,3.27e-07,0.029504327,1.10831201131956e-05,160247609.17611775,45.0,p-H2,HFS-resolved spectroscopy + HFS-resolved collisions
CN,73,66,N=12,N=11,"N=12,J=12.5,F=11.5","N=11,J=11.5,F=11.5",1359.44002,0.000204,0.029504327,0.006914240070617438,160247609.17611775,45.0,p-H2,HFS-resolved spectroscopy + HFS-resolved collisions
CN,73,67,N=12,N=11,"N=12,J=12.5,F=11.5","N=11,J=11.5,F=10.5",1359.42376,0.0293,0.029504327,0.9930746768092693,160247609.17611775,45.0,p-H2,HFS-resolved spectroscopy + HFS-resolved collisions
CN,3,1,N=1,N=0,"N=1,J=0.5,F=0.5","N=0,J=0.5,F=1.5",113.14416,1.05e-05,1.1789999999999999e-05,0.89058524173028,101969.80875052523,50.0,p-H2,HFS-resolved spectroscopy + HFS-resolved collisions
CN,3,2,N=1,N=0,"N=1,J=0.5,F=0.5","N=0,J=0.5,F=0.5",113.12337,1.29e-06,1.1789999999999999e-05,0.10941475826972011,101969.80875052523,50.0,p-H2,HFS-resolved spectroscopy + HFS-resolved collisions
CN,4,1,N=1,N=0,"N=1,J=0.5,F=1.5","N=0,J=0.5,F=1.5",113.19128,6.68e-06,1.182e-05,0.5651438240270727,104526.84393372588,50.0,p-H2,HFS-resolved spectroscopy + HFS-resolved collisions
CN,4,2,N=1,N=0,"N=1,J=0.5,F=1.5","N=0,J=0.5,F=0.5",113.17049,5.14e-06,1.182e-05,0.43485617597292725,104526.84393372588,50.0,p-H2,HFS-resolved spectroscopy + HFS-resolved collisions
CN,5,1,N=1,N=0,"N=1,J=1.5,F=2.5","N=0,J=0.5,F=1.5",113.49097,1.19e-05,1.19e-05,1.0,119432.02740904375,50.0,p-H2,HFS-resolved spectroscopy + HFS-resolved collisions
CN,6,1,N=1,N=0,"N=1,J=1.5,F=1.5","N=0,J=0.5,F=1.5",113.50891,5.19e-06,1.193e-05,0.435037720033529,106878.08493496726,50.0,p-H2,HFS-resolved spectroscopy + HFS-resolved collisions
CN,6,2,N=1,N=0,"N=1,J=1.5,F=1.5","N=0,J=0.5,F=0.5",113.48812,6.74e-06,1.193e-05,0.5649622799664711,106878.08493496726,50.0,p-H2,HFS-resolved spectroscopy + HFS-resolved collisions
CN,7,1,N=1,N=0,"N=1,J=1.5,F=0.5","N=0,J=0.5,F=1.5",113.52043,1.3e-06,1.19e-05,0.10924369747899161,105874.15077011632,50.0,p-H2,HFS-resolved spectroscopy + HFS-resolved collisions
CN,7,2,N=1,N=0,"N=1,J=1.5,F=0.5","N=0,J=0.5,F=0.5",113.49964,1.06e-05,1.19e-05,0.8907563025210085,105874.15077011632,50.0,p-H2,HFS-resolved spectroscopy + HFS-resolved collisions
CN,8,3,N=2,N=1,"N=2,J=1.5,F=0.5","N=1,J=0.5,F=0.5",226.66369,8.46e-05,0.00011383,0.7432135640867961,980317.0474772297,50.0,p-H2,HFS-resolved spectroscopy + HFS-resolved collisions
CN,8,4,N=2,N=1,"N=2,J=1.5,F=0.5","N=1,J=0.5,F=1.5",226.61657,1.07e-05,0.00011383,0.09399982429939382,980317.0474772297,50.0,p-H2,HFS-resolved spectroscopy + HFS-resolved collisions
CN,8,6,N=2,N=1,"N=2,J=1.5,F=0.5","N=1,J=1.5,F=1.5",226.29894,8.23e-06,0.00011383,0.07230079943775806,980317.0474772297,50.0,p-H2,HFS-resolved spectroscopy + HFS-resolved collisions
CN,8,7,N=2,N=1,"N=2,J=1.5,F=0.5","N=1,J=1.5,F=0.5",226.28742,1.03e-05,0.00011383,0.090485812176052,980317.0474772297,50.0,p-H2,HFS-resolved spectroscopy + HFS-resolved collisions
CN,9,3,N=2,N=1,"N=2,J=1.5,F=1.5","N=1,J=0.5,F=0.5",226.67931,5.27e-05,0.00011392,0.4626053370786517,989755.1895950794,50.0,p-H2,HFS-resolved spectroscopy + HFS-resolved collisions
CN,9,4,N=2,N=1,"N=2,J=1.5,F=1.5","N=1,J=0.5,F=1.5",226.63219,4.26e-05,0.00011392,0.37394662921348315,989755.1895950794,50.0,p-H2,HFS-resolved spectroscopy + HFS-resolved collisions
CN,9,5,N=2,N=1,"N=2,J=1.5,F=1.5","N=1,J=1.5,F=2.5",226.3325,4.55e-06,0.00011392,0.039940308988764044,989755.1895950794,50.0,p-H2,HFS-resolved spectroscopy + HFS-resolved collisions
CN,9,6,N=2,N=1,"N=2,J=1.5,F=1.5","N=1,J=1.5,F=1.5",226.31454,9.9e-06,0.00011392,0.08690308988764045,989755.1895950794,50.0,p-H2,HFS-resolved spectroscopy + HFS-resolved collisions
CN,9,7,N=2,N=1,"N=2,J=1.5,F=1.5","N=1,J=1.5,F=0.5",226.30304,4.17e-06,0.00011392,0.036604634831460675,989755.1895950794,50.0,p-H2,HFS-resolved spectroscopy + HFS-resolved collisions
CN,10,4,N=2,N=1,"N=2,J=1.5,F=2.5","N=1,J=0.5,F=1.5",226.65956,9.47e-05,0.00011396,0.830993330993331,1117420.2564042823,50.0,p-H2,HFS-resolved spectroscopy + HFS-resolved collisions
CN,10,5,N=2,N=1,"N=2,J=1.5,F=2.5","N=1,J=1.5,F=2.5",226.35987,1.61e-05,0.00011396,0.14127764127764125,1117420.2564042823,50.0,p-H2,HFS-resolved spectroscopy + HFS-resolved collisions
CN,10,6,N=2,N=1,"N=2,J=1.5,F=2.5","N=1,J=1.5,F=1.5",226.34193,3.16e-06,0.00011396,0.027729027729027727,1117420.2564042823,50.0,p-H2,HFS-resolved spectroscopy + HFS-resolved collisions
CN,11,5,N=2,N=1,"N=2,J=2.5,F=3.5","N=1,J=1.5,F=2.5",226.87478,0.000114,0.000114,1.0,1217012.7619975053,50.0,p-H2,HFS-resolved spectroscopy + HFS-resolved collisions
CN,12,4,N=2,N=1,"N=2,J=2.5,F=2.5","N=1,J=0.5,F=1.5",227.19182,1.45e-09,0.00011430144999999999,1.268575333033833e-05,1103562.057474415,50.0,p-H2,HFS-resolved spectroscopy + HFS-resolved collisions
CN,12,5,N=2,N=1,"N=2,J=2.5,F=2.5","N=1,J=1.5,F=2.5",226.89213,1.81e-05,0.00011430144999999999,0.1583531967442233,1103562.057474415,50.0,p-H2,HFS-resolved spectroscopy + HFS-resolved collisions
CN,12,6,N=2,N=1,"N=2,J=2.5,F=2.5","N=1,J=1.5,F=1.5",226.87419,9.62e-05,0.00011430144999999999,0.8416341175024464,1103562.057474415,50.0,p-H2,HFS-resolved spectroscopy + HFS-resolved collisions
CN,13,5,N=2,N=1,"N=2,J=2.5,F=1.5","N=1,J=1.5,F=2.5",226.90536,1.13e-06,0.00011433,0.009883670077844835,1143803.9131243443,50.0,p-H2,HFS-resolved spectroscopy + HFS-resolved collisions
CN,13,6,N=2,N=1,"N=2,J=2.5,F=1.5","N=1,J=1.5,F=1.5",226.88742,2.73e-05,0.00011433,0.23878247179218054,1143803.9131243443,50.0,p-H2,HFS-resolved spectroscopy + HFS-resolved collisions
CN,13,7,N=2,N=1,"N=2,J=2.5,F=1.5","N=1,J=1.5,F=0.5",226.8759,8.59e-05,0.00011433,0.7513338581299747,1143803.9131243443,50.0,p-H2,HFS-resolved spectroscopy + HFS-resolved collisions
CN,14,8,N=3,N=2,"N=3,J=2.5,F=1.5","N=2,J=1.5,F=0.5",340.03541,0.000289,0.00041252,0.7005720934742558,4006747.6841537594,50.0,p-H2,HFS-resolved spectroscopy + HFS-resolved collisions
CN,14,9,N=3,N=2,"N=3,J=2.5,F=1.5","N=2,J=1.5,F=1.5",340.01963,9.27e-05,0.00041252,0.22471637738776304,4006747.6841537594,50.0,p-H2,HFS-resolved spectroscopy + HFS-resolved collisions
CN,14,10,N=3,N=2,"N=3,J=2.5,F=1.5","N=2,J=1.5,F=2.5",339.99226,3.89e-06,0.00041252,0.009429845825656938,4006747.6841537594,50.0,p-H2,HFS-resolved spectroscopy + HFS-resolved collisions
CN,14,12,N=3,N=2,"N=3,J=2.5,F=1.5","N=2,J=2.5,F=2.5",339.46,4.33e-06,0.00041252,0.010496460777659266,4006747.6841537594,50.0,p-H2,HFS-resolved spectroscopy + HFS-resolved collisions
CN,14,13,N=3,N=2,"N=3,J=2.5,F=1.5","N=2,J=2.5,F=1.5",339.44678,2.26e-05,0.00041252,0.05478522253466499,4006747.6841537594,50.0,p-H2,HFS-resolved spectroscopy + HFS-resolved collisions
CN,15,9,N=3,N=2,"N=3,J=2.5,F=2.5","N=2,J=1.5,F=1.5",340.03541,0.000323,0.00041213999999999997,0.7837142718493716,3863126.230337222,50.0,p-H2,HFS-resolved spectroscopy + HFS-resolved collisions
CN,15,10,N=3,N=2,"N=3,J=2.5,F=2.5","N=2,J=1.5,F=2.5",340.00813,6.2e-05,0.00041213999999999997,0.1504343184354831,3863126.230337222,50.0,p-H2,HFS-resolved spectroscopy + HFS-resolved collisions
CN,15,11,N=3,N=2,"N=3,J=2.5,F=2.5","N=2,J=2.5,F=3.5",339.49321,2.99e-06,0.00041213999999999997,0.007254816324549911,3863126.230337222,50.0,p-H2,HFS-resolved spectroscopy + HFS-resolved collisions
CN,15,12,N=3,N=2,"N=3,J=2.5,F=2.5","N=2,J=2.5,F=2.5",339.4759,2.12e-05,0.00041213999999999997,0.05143883146503616,3863126.230337222,50.0,p-H2,HFS-resolved spectroscopy + HFS-resolved collisions
CN,15,13,N=3,N=2,"N=3,J=2.5,F=2.5","N=2,J=2.5,F=1.5",339.46264,2.95e-06,0.00041213999999999997,0.007157761925559277,3863126.230337222,50.0,p-H2,HFS-resolved spectroscopy + HFS-resolved collisions
CN,16,10,N=3,N=2,"N=3,J=2.5,F=3.5","N=2,J=1.5,F=2.5",340.03155,0.000384,0.00041173,0.9326500376460302,4271243.54579787,50.0,p-H2,HFS-resolved spectroscopy + HFS-resolved collisions
CN,16,11,N=3,N=2,"N=3,J=2.5,F=3.5","N=2,J=2.5,F=3.5",339.51664,2.54e-05,0.00041173,0.06169091394846137,4271243.54579787,50.0,p-H2,HFS-resolved spectroscopy + HFS-resolved collisions
CN,16,12,N=3,N=2,"N=3,J=2.5,F=3.5","N=2,J=2.5,F=2.5",339.49929,2.33e-06,0.00041173,0.005659048405508464,4271243.54579787,50.0,p-H2,HFS-resolved spectroscopy + HFS-resolved collisions
CN,17,11,N=3,N=2,"N=3,J=3.5,F=4.5","N=2,J=2.5,F=3.5",340.24777,0.000413,0.000413,1.0,4483750.379571402,50.0,p-H2,HFS-resolved spectroscopy + HFS-resolved collisions
CN,18,11,N=3,N=2,"N=3,J=3.5,F=3.5","N=2,J=2.5,F=3.5",340.26495,3.35e-05,0.0004135,0.08101571946795647,4177567.615617904,50.0,p-H2,HFS-resolved spectroscopy + HFS-resolved collisions
CN,18,12,N=3,N=2,"N=3,J=3.5,F=3.5","N=2,J=2.5,F=2.5",340.24777,0.00038,0.0004135,0.9189842805320435,4177567.615617904,50.0,p-H2,HFS-resolved spectroscopy + HFS-resolved collisions
CN,19,11,N=3,N=2,"N=3,J=3.5,F=2.5","N=2,J=2.5,F=3.5",340.27912,9.27e-07,0.000412727,0.002246036726455987,4331850.763133106,50.0,p-H2,HFS-resolved spectroscopy + HFS-resolved collisions
CN,19,12,N=3,N=2,"N=3,J=3.5,F=2.5","N=2,J=2.5,F=2.5",340.26177,4.48e-05,0.000412727,0.10854632723325587,4331850.763133106,50.0,p-H2,HFS-resolved spectroscopy + HFS-resolved collisions
CN,19,13,N=3,N=2,"N=3,J=3.5,F=2.5","N=2,J=2.5,F=1.5",340.24854,0.000367,0.000412727,0.8892076360402881,4331850.763133106,50.0,p-H2,HFS-resolved spectroscopy + HFS-resolved collisions
CN,20,14,N=4,N=3,"N=4,J=3.5,F=2.5","N=3,J=2.5,F=1.5",453.39147,0.000869,0.0010138599999999999,0.8571203124691773,10467946.129828209,50.0,p-H2,HFS-resolved spectroscopy + HFS-resolved collisions
CN,20,15,N=4,N=3,"N=4,J=3.5,F=2.5","N=3,J=2.5,F=2.5",453.3756,0.000107,0.0010138599999999999,0.105537253664214,10467946.129828209,50.0,p-H2,HFS-resolved spectroscopy + HFS-resolved collisions
CN,20,16,N=4,N=3,"N=4,J=3.5,F=2.5","N=3,J=2.5,F=3.5",453.35218,2.24e-06,0.0010138599999999999,0.002209378020634013,10467946.129828209,50.0,p-H2,HFS-resolved spectroscopy + HFS-resolved collisions
CN,20,18,N=4,N=3,"N=4,J=3.5,F=2.5","N=3,J=3.5,F=3.5",452.60386,2.92e-06,0.0010138599999999999,0.0028800820626121953,10467946.129828209,50.0,p-H2,HFS-resolved spectroscopy + HFS-resolved collisions
CN,20,19,N=4,N=3,"N=4,J=3.5,F=2.5","N=3,J=3.5,F=2.5",452.58969,3.27e-05,0.0010138599999999999,0.0322529737833626,10467946.129828209,50.0,p-H2,HFS-resolved spectroscopy + HFS-resolved collisions
CN,21,15,N=4,N=3,"N=4,J=3.5,F=3.5","N=3,J=2.5,F=2.5",453.39161,0.000897,0.00101308,0.8854187231018281,10070703.44813893,50.0,p-H2,HFS-resolved spectroscopy + HFS-resolved collisions
CN,21,16,N=4,N=3,"N=4,J=3.5,F=3.5","N=3,J=2.5,F=3.5",453.36819,8.02e-05,0.00101308,0.07916452797409879,10070703.44813893,50.0,p-H2,HFS-resolved spectroscopy + HFS-resolved collisions
CN,21,17,N=4,N=3,"N=4,J=3.5,F=3.5","N=3,J=3.5,F=4.5",452.63697,2.23e-06,0.00101308,0.0022012081967860385,10070703.44813893,50.0,p-H2,HFS-resolved spectroscopy + HFS-resolved collisions
CN,21,18,N=4,N=3,"N=4,J=3.5,F=3.5","N=3,J=3.5,F=3.5",452.61987,3.14e-05,0.00101308,0.030994590752951395,10070703.44813893,50.0,p-H2,HFS-resolved spectroscopy + HFS-resolved collisions
CN,21,19,N=4,N=3,"N=4,J=3.5,F=3.5","N=3,J=3.5,F=2.5",452.6057,2.25e-06,0.00101308,0.0022209499743356892,10070703.44813893,50.0,p-H2,HFS-resolved spectroscopy + HFS-resolved collisions
CN,22,16,N=4,N=3,"N=4,J=3.5,F=4.5","N=3,J=2.5,F=3.5",453.38992,0.000977,0.00101336,0.964119365279861,10822644.81786441,50.0,p-H2,HFS-resolved spectroscopy + HFS-resolved collisions
CN,22,17,N=4,N=3,"N=4,J=3.5,F=4.5","N=3,J=3.5,F=4.5",452.6587,3.45e-05,0.00101336,0.03404515670640246,10822644.81786441,50.0,p-H2,HFS-resolved spectroscopy + HFS-resolved collisions
CN,22,18,N=4,N=3,"N=4,J=3.5,F=4.5","N=3,J=3.5,F=3.5",452.64161,1.86e-06,0.00101336,0.0018354780137364805,10822644.81786441,50.0,p-H2,HFS-resolved spectroscopy + HFS-resolved collisions
CN,23,17,N=4,N=3,"N=4,J=4.5,F=5.5","N=3,J=3.5,F=4.5",453.60668,0.00102,0.00102,1.0,11169762.724620646,50.0,p-H2,HFS-resolved spectroscopy + HFS-resolved collisions
CN,24,17,N=4,N=3,"N=4,J=4.5,F=4.5","N=3,J=3.5,F=4.5",453.62363,4.99e-05,0.0010149,0.04916740565572963,10559015.61527136,50.0,p-H2,HFS-resolved spectroscopy + HFS-resolved collisions
CN,24,18,N=4,N=3,"N=4,J=4.5,F=4.5","N=3,J=3.5,F=3.5",453.60654,0.000965,0.0010149,0.9508325943442704,10559015.61527136,50.0,p-H2,HFS-resolved spectroscopy + HFS-resolved collisions
CN,25,17,N=4,N=3,"N=4,J=4.5,F=3.5","N=3,J=3.5,F=4.5",453.6384,7.77e-07,0.0010151770000000001,0.0007653837705148954,10908293.794800535,50.0,p-H2,HFS-resolved spectroscopy + HFS-resolved collisions
CN,25,18,N=4,N=3,"N=4,J=4.5,F=3.5","N=3,J=3.5,F=3.5",453.62131,6.24e-05,0.0010151770000000001,0.06146711361664024,10908293.794800535,50.0,p-H2,HFS-resolved spectroscopy + HFS-resolved collisions
CN,25,19,N=4,N=3,"N=4,J=4.5,F=3.5","N=3,J=3.5,F=2.5",453.60713,0.000952,0.0010151770000000001,0.9377675026128448,10908293.794800535,50.0,p-H2,HFS-resolved spectroscopy + HFS-resolved collisions
CN,26,20,N=5,N=4,"N=5,J=4.5,F=3.5","N=4,J=3.5,F=2.5",566.73075,0.00186,0.00202894,0.9167348467672776,21410723.01183658,50.0,p-H2,HFS-resolved spectroscopy + HFS-resolved collisions
CN,26,21,N=5,N=4,"N=5,J=4.5,F=3.5","N=4,J=3.5,F=3.5",566.71474,0.000123,0.00202894,0.06062278825396513,21410723.01183658,50.0,p-H2,HFS-resolved spectroscopy + HFS-resolved collisions
CN,26,22,N=5,N=4,"N=5,J=4.5,F=3.5","N=4,J=3.5,F=4.5",566.693,1.54e-06,0.00202894,0.0007590170236675309,21410723.01183658,50.0,p-H2,HFS-resolved spectroscopy + HFS-resolved collisions
CN,26,24,N=5,N=4,"N=5,J=4.5,F=3.5","N=4,J=4.5,F=4.5",565.72807,2.2e-06,0.00202894,0.0010843100338107585,21410723.01183658,50.0,p-H2,HFS-resolved spectroscopy + HFS-resolved collisions
CN,26,25,N=5,N=4,"N=5,J=4.5,F=3.5","N=4,J=4.5,F=3.5",565.71331,4.22e-05,0.00202894,0.020799037921279094,21410723.01183658,50.0,p-H2,HFS-resolved spectroscopy + HFS-resolved collisions
CN,27,21,N=5,N=4,"N=5,J=4.5,F=4.5","N=4,J=3.5,F=3.5",566.73084,0.00188,0.00202279,0.9294093801136054,20720704.8919832,50.0,p-H2,HFS-resolved spectroscopy + HFS-resolved collisions
CN,27,22,N=5,N=4,"N=5,J=4.5,F=4.5","N=4,J=3.5,F=4.5",566.70911,9.81e-05,0.00202279,0.048497372441034414,20720704.8919832,50.0,p-H2,HFS-resolved spectroscopy + HFS-resolved collisions
CN,27,23,N=5,N=4,"N=5,J=4.5,F=4.5","N=4,J=4.5,F=5.5",565.76113,1.78e-06,0.00202279,0.0008799727109586264,20720704.8919832,50.0,p-H2,HFS-resolved spectroscopy + HFS-resolved collisions
CN,27,24,N=5,N=4,"N=5,J=4.5,F=4.5","N=4,J=4.5,F=4.5",565.74418,4.11e-05,0.00202279,0.020318471022696377,20720704.8919832,50.0,p-H2,HFS-resolved spectroscopy + HFS-resolved collisions
CN,27,25,N=5,N=4,"N=5,J=4.5,F=4.5","N=4,J=4.5,F=3.5",565.72941,1.81e-06,0.00202279,0.0008948037117051202,20720704.8919832,50.0,p-H2,HFS-resolved spectroscopy + HFS-resolved collisions
CN,28,22,N=5,N=4,"N=5,J=4.5,F=5.5","N=4,J=3.5,F=4.5",566.7299,0.00198,0.00202504,0.9777584640303401,21761919.361632347,50.0,p-H2,HFS-resolved spectroscopy + HFS-resolved collisions
CN,28,23,N=5,N=4,"N=5,J=4.5,F=5.5","N=4,J=4.5,F=5.5",565.78192,4.35e-05,0.00202504,0.021481057164302927,21761919.361632347,50.0,p-H2,HFS-resolved spectroscopy + HFS-resolved collisions
CN,28,24,N=5,N=4,"N=5,J=4.5,F=5.5","N=4,J=4.5,F=4.5",565.76498,1.54e-06,0.00202504,0.0007604788053569312,21761919.361632347,50.0,p-H2,HFS-resolved spectroscopy + HFS-resolved collisions
CN,29,23,N=5,N=4,"N=5,J=5.5,F=6.5","N=4,J=4.5,F=5.5",566.94689,0.00203,0.00203,1.0,22143798.516582143,50.0,p-H2,HFS-resolved spectroscopy + HFS-resolved collisions
CN,30,23,N=5,N=4,"N=5,J=5.5,F=5.5","N=4,J=4.5,F=5.5",566.96375,6.68e-05,0.0020268,0.03295835800276298,21328853.725282956,50.0,p-H2,HFS-resolved spectroscopy + HFS-resolved collisions
CN,30,24,N=5,N=4,"N=5,J=5.5,F=5.5","N=4,J=4.5,F=4.5",566.9468,0.00196,0.0020268,0.967041641997237,21328853.725282956,50.0,p-H2,HFS-resolved spectroscopy + HFS-resolved collisions
CN,31,23,N=5,N=4,"N=5,J=5.5,F=4.5","N=4,J=4.5,F=5.5",566.97893,6.66e-07,0.002030866,0.0003279389186681937,21916175.024451166,50.0,p-H2,HFS-resolved spectroscopy + HFS-resolved collisions
CN,31,24,N=5,N=4,"N=5,J=5.5,F=4.5","N=4,J=4.5,F=4.5",566.96198,8.02e-05,0.002030866,0.03949054245824195,21916175.024451166,50.0,p-H2,HFS-resolved spectroscopy + HFS-resolved collisions
CN,31,25,N=5,N=4,"N=5,J=5.5,F=4.5","N=4,J=4.5,F=3.5",566.94721,0.00195,0.002030866,0.9601815186230898,21916175.024451166,50.0,p-H2,HFS-resolved spectroscopy + HFS-resolved collisions
CN,32,26,N=6,N=5,"N=6,J=5.5,F=4.5","N=5,J=4.5,F=3.5",680.04738,0.00336,0.00355332,0.9455945425686401,36919787.24362667,50.0,p-H2,HFS-resolved spectroscopy + HFS-resolved collisions
CN,32,27,N=6,N=5,"N=6,J=5.5,F=4.5","N=5,J=4.5,F=4.5",680.03127,0.000139,0.00355332,0.03911834565983362,36919787.24362667,50.0,p-H2,HFS-resolved spectroscopy + HFS-resolved collisions
CN,32,28,N=6,N=5,"N=6,J=5.5,F=4.5","N=5,J=4.5,F=5.5",680.01048,1.16e-06,0.00355332,0.0003264552587439352,36919787.24362667,50.0,p-H2,HFS-resolved spectroscopy + HFS-resolved collisions
CN,32,30,N=6,N=5,"N=6,J=5.5,F=4.5","N=5,J=5.5,F=5.5",678.82865,1.76e-06,0.00355332,0.0004953114270597639,36919787.24362667,50.0,p-H2,HFS-resolved spectroscopy + HFS-resolved collisions
CN,32,31,N=6,N=5,"N=6,J=5.5,F=4.5","N=5,J=5.5,F=4.5",678.81347,5.14e-05,0.00355332,0.014465345085722649,36919787.24362667,50.0,p-H2,HFS-resolved spectroscopy + HFS-resolved collisions
CN,33,27,N=6,N=5,"N=6,J=5.5,F=5.5","N=5,J=4.5,F=4.5",680.04744,0.00338,0.00354949,0.952249478094036,36046436.49870135,50.0,p-H2,HFS-resolved spectroscopy + HFS-resolved collisions
CN,33,28,N=6,N=5,"N=6,J=5.5,F=5.5","N=5,J=4.5,F=5.5",680.02664,0.000116,0.00354949,0.0326807513192036,36046436.49870135,50.0,p-H2,HFS-resolved spectroscopy + HFS-resolved collisions
CN,33,29,N=6,N=5,"N=6,J=5.5,F=5.5","N=5,J=5.5,F=6.5",678.86167,1.48e-06,0.00354949,0.00041696130993466667,36046436.49870135,50.0,p-H2,HFS-resolved spectroscopy + HFS-resolved collisions
CN,33,30,N=6,N=5,"N=6,J=5.5,F=5.5","N=5,J=5.5,F=5.5",678.84482,5.05e-05,0.00354949,0.014227396048446396,36046436.49870135,50.0,p-H2,HFS-resolved spectroscopy + HFS-resolved collisions
CN,33,31,N=6,N=5,"N=6,J=5.5,F=5.5","N=5,J=5.5,F=4.5",678.82964,1.51e-06,0.00354949,0.0004254132283792883,36046436.49870135,50.0,p-H2,HFS-resolved spectroscopy + HFS-resolved collisions
CN,34,28,N=6,N=5,"N=6,J=5.5,F=6.5","N=5,J=4.5,F=5.5",680.04685,0.0035,0.00355382,0.9848557327045264,37326073.85197743,50.0,p-H2,HFS-resolved spectroscopy + HFS-resolved collisions
CN,34,29,N=6,N=5,"N=6,J=5.5,F=6.5","N=5,J=5.5,F=6.5",678.88188,5.25e-05,0.00355382,0.014772835990567897,37326073.85197743,50.0,p-H2,HFS-resolved spectroscopy + HFS-resolved collisions
CN,34,30,N=6,N=5,"N=6,J=5.5,F=6.5","N=5,J=5.5,F=5.5",678.86502,1.32e-06,0.00355382,0.0003714313049057071,37326073.85197743,50.0,p-H2,HFS-resolved spectroscopy + HFS-resolved collisions
CN,35,29,N=6,N=5,"N=6,J=6.5,F=7.5","N=5,J=5.5,F=6.5",680.26397,0.00356,0.00356,1.0,37730630.63919895,50.0,p-H2,HFS-resolved spectroscopy + HFS-resolved collisions
CN,36,29,N=6,N=5,"N=6,J=6.5,F=6.5","N=5,J=5.5,F=6.5",680.28076,8.39e-05,0.0035539,0.023607867413264302,36711248.49401543,50.0,p-H2,HFS-resolved spectroscopy + HFS-resolved collisions
CN,36,30,N=6,N=5,"N=6,J=6.5,F=6.5","N=5,J=5.5,F=5.5",680.2639,0.00347,0.0035539,0.9763921325867357,36711248.49401543,50.0,p-H2,HFS-resolved spectroscopy + HFS-resolved collisions
CN,37,29,N=6,N=5,"N=6,J=6.5,F=5.5","N=5,J=5.5,F=6.5",680.29624,5.81e-07,0.003558481,0.00016327191293138843,37465211.76314454,50.0,p-H2,HFS-resolved spectroscopy + HFS-resolved collisions
CN,37,30,N=6,N=5,"N=6,J=6.5,F=5.5","N=5,J=5.5,F=5.5",680.27938,9.79e-05,0.003558481,0.027511738857113468,37465211.76314454,50.0,p-H2,HFS-resolved spectroscopy + HFS-resolved collisions
CN,37,31,N=6,N=5,"N=6,J=6.5,F=5.5","N=5,J=5.5,F=4.5",680.2642,0.00346,0.003558481,0.9723249892299551,37465211.76314454,50.0,p-H2,HFS-resolved spectroscopy + HFS-resolved collisions
CN,38,32,N=7,N=6,"N=7,J=6.5,F=5.5","N=6,J=5.5,F=4.5",793.33649,0.00548,0.005698902,0.9615887411294316,56473268.48484416,50.0,p-H2,HFS-resolved spectroscopy + HFS-resolved collisions
CN,38,33,N=7,N=6,"N=7,J=6.5,F=5.5","N=6,J=5.5,F=5.5",793.32032,0.000156,0.005698902,0.027373694090545863,56473268.48484416,50.0,p-H2,HFS-resolved spectroscopy + HFS-resolved collisions
CN,38,34,N=7,N=6,"N=7,J=6.5,F=5.5","N=6,J=5.5,F=6.5",793.30012,9.32e-07,0.005698902,0.0001635402749512099,56473268.48484416,50.0,p-H2,HFS-resolved spectroscopy + HFS-resolved collisions
CN,38,36,N=7,N=6,"N=7,J=6.5,F=5.5","N=6,J=6.5,F=6.5",791.90124,1.47e-06,0.005698902,0.00025794442508398984,56473268.48484416,50.0,p-H2,HFS-resolved spectroscopy + HFS-resolved collisions
CN,38,37,N=7,N=6,"N=7,J=6.5,F=5.5","N=6,J=6.5,F=5.5",791.88576,6.05e-05,0.005698902,0.010616080079987338,56473268.48484416,50.0,p-H2,HFS-resolved spectroscopy + HFS-resolved collisions
CN,39,33,N=7,N=6,"N=7,J=6.5,F=6.5","N=6,J=5.5,F=5.5",793.33654,0.00551,0.00570627,0.9656045017147804,55593816.59925644,50.0,p-H2,HFS-resolved spectroscopy + HFS-resolved collisions
CN,39,34,N=7,N=6,"N=7,J=6.5,F=6.5","N=6,J=5.5,F=6.5",793.31633,0.000134,0.00570627,0.023482940695059996,55593816.59925644,50.0,p-H2,HFS-resolved spectroscopy + HFS-resolved collisions
CN,39,35,N=7,N=6,"N=7,J=6.5,F=6.5","N=6,J=6.5,F=7.5",791.93424,1.27e-06,0.00570627,0.00022256219912482233,55593816.59925644,50.0,p-H2,HFS-resolved spectroscopy + HFS-resolved collisions
CN,39,36,N=7,N=6,"N=7,J=6.5,F=6.5","N=6,J=6.5,F=6.5",791.91745,5.97e-05,0.00570627,0.010462175817127476,55593816.59925644,50.0,p-H2,HFS-resolved spectroscopy + HFS-resolved collisions
CN,39,37,N=7,N=6,"N=7,J=6.5,F=6.5","N=6,J=6.5,F=5.5",791.90197,1.3e-06,0.00570627,0.00022781957390729846,55593816.59925644,50.0,p-H2,HFS-resolved spectroscopy + HFS-resolved collisions
CN,40,34,N=7,N=6,"N=7,J=6.5,F=7.5","N=6,J=5.5,F=6.5",793.33613,0.00564,0.00570265,0.9890138795121566,56898463.736855045,50.0,p-H2,HFS-resolved spectroscopy + HFS-resolved collisions
CN,40,35,N=7,N=6,"N=7,J=6.5,F=7.5","N=6,J=6.5,F=7.5",791.95404,6.15e-05,0.00570265,0.01078445985638256,56898463.736855045,50.0,p-H2,HFS-resolved spectroscopy + HFS-resolved collisions
CN,40,36,N=7,N=6,"N=7,J=6.5,F=7.5","N=6,J=6.5,F=6.5",791.93725,1.15e-06,0.00570265,0.00020166063146081207,56898463.736855045,50.0,p-H2,HFS-resolved spectroscopy + HFS-resolved collisions
CN,41,35,N=7,N=6,"N=7,J=7.5,F=8.5","N=6,J=6.5,F=7.5",793.55333,0.00571,0.00571,1.0,57285195.28241266,50.0,p-H2,HFS-resolved spectroscopy + HFS-resolved collisions
CN,42,35,N=7,N=6,"N=7,J=7.5,F=7.5","N=6,J=6.5,F=7.5",793.57007,0.000101,0.005711000000000001,0.01768516897215899,56262156.84029831,50.0,p-H2,HFS-resolved spectroscopy + HFS-resolved collisions
CN,42,36,N=7,N=6,"N=7,J=7.5,F=7.5","N=6,J=6.5,F=6.5",793.55328,0.00561,0.005711000000000001,0.9823148310278409,56262156.84029831,50.0,p-H2,HFS-resolved spectroscopy + HFS-resolved collisions
CN,43,35,N=7,N=6,"N=7,J=7.5,F=6.5","N=6,J=6.5,F=7.5",793.58578,5.15e-07,0.0057065150000000005,9.02477256258855e-05,57009901.06544654,50.0,p-H2,HFS-resolved spectroscopy + HFS-resolved collisions
CN,43,36,N=7,N=6,"N=7,J=7.5,F=6.5","N=6,J=6.5,F=6.5",793.56899,0.000116,0.0057065150000000005,0.020327643053597508,57009901.06544654,50.0,p-H2,HFS-resolved spectroscopy + HFS-resolved collisions
CN,43,37,N=7,N=6,"N=7,J=7.5,F=6.5","N=6,J=6.5,F=5.5",793.55351,0.00559,0.0057065150000000005,0.9795821092207766,57009901.06544654,50.0,p-H2,HFS-resolved spectroscopy + HFS-resolved collisions
CN,44,38,N=8,N=7,"N=8,J=7.5,F=6.5","N=7,J=6.5,F=5.5",906.5934,0.00834,0.008584535,0.9715144734106157,81143351.86157261,50.0,p-H2,HFS-resolved spectroscopy + HFS-resolved collisions
CN,44,39,N=8,N=7,"N=8,J=7.5,F=6.5","N=7,J=6.5,F=6.5",906.57718,0.000173,0.008584535,0.02015251845324179,81143351.86157261,50.0,p-H2,HFS-resolved spectroscopy + HFS-resolved collisions
CN,44,40,N=8,N=7,"N=8,J=7.5,F=6.5","N=7,J=6.5,F=7.5",906.55739,7.75e-07,0.008584535,9.02786231286843e-05,81143351.86157261,50.0,p-H2,HFS-resolved spectroscopy + HFS-resolved collisions
CN,44,42,N=8,N=7,"N=8,J=7.5,F=6.5","N=7,J=7.5,F=7.5",904.94135,1.26e-06,0.008584535,0.0001467755679253448,81143351.86157261,50.0,p-H2,HFS-resolved spectroscopy + HFS-resolved collisions
CN,44,43,N=8,N=7,"N=8,J=7.5,F=6.5","N=7,J=7.5,F=6.5",904.92564,6.95e-05,0.008584535,0.008095953945088464,81143351.86157261,50.0,p-H2,HFS-resolved spectroscopy + HFS-resolved collisions
CN,45,39,N=8,N=7,"N=8,J=7.5,F=7.5","N=7,J=6.5,F=6.5",906.59343,0.00836,0.00858305,0.9740127344009413,80063821.01995602,50.0,p-H2,HFS-resolved spectroscopy + HFS-resolved collisions
CN,45,40,N=8,N=7,"N=8,J=7.5,F=7.5","N=7,J=6.5,F=7.5",906.57364,0.000152,0.00858305,0.01770932244365348,80063821.01995602,50.0,p-H2,HFS-resolved spectroscopy + HFS-resolved collisions
CN,45,41,N=8,N=7,"N=8,J=7.5,F=7.5","N=7,J=7.5,F=8.5",904.97435,1.11e-06,0.00858305,0.00012932465731878528,80063821.01995602,50.0,p-H2,HFS-resolved spectroscopy + HFS-resolved collisions
CN,45,42,N=8,N=7,"N=8,J=7.5,F=7.5","N=7,J=7.5,F=7.5",904.95761,6.88e-05,0.00858305,0.008015798579758943,80063821.01995602,50.0,p-H2,HFS-resolved spectroscopy + HFS-resolved collisions
CN,45,43,N=8,N=7,"N=8,J=7.5,F=7.5","N=7,J=7.5,F=6.5",904.9419,1.14e-06,0.00858305,0.0001328199183274011,80063821.01995602,50.0,p-H2,HFS-resolved spectroscopy + HFS-resolved collisions
CN,46,40,N=8,N=7,"N=8,J=7.5,F=8.5","N=7,J=6.5,F=7.5",906.59313,0.00851,0.008581420000000001,0.9916773680812732,81434864.30354905,50.0,p-H2,HFS-resolved spectroscopy + HFS-resolved collisions
CN,46,41,N=8,N=7,"N=8,J=7.5,F=8.5","N=7,J=7.5,F=8.5",904.99384,7.04e-05,0.008581420000000001,0.008203770471553658,81434864.30354905,50.0,p-H2,HFS-resolved spectroscopy + HFS-resolved collisions
CN,46,42,N=8,N=7,"N=8,J=7.5,F=8.5","N=7,J=7.5,F=7.5",904.9771,1.02e-06,0.008581420000000001,0.00011886144717307857,81434864.30354905,50.0,p-H2,HFS-resolved spectroscopy + HFS-resolved collisions
CN,47,41,N=8,N=7,"N=8,J=8.5,F=9.5","N=7,J=7.5,F=8.5",906.81039,0.00859,0.00859,1.0,81862465.58392671,50.0,p-H2,HFS-resolved spectroscopy + HFS-resolved collisions
CN,48,41,N=8,N=7,"N=8,J=8.5,F=8.5","N=7,J=7.5,F=8.5",906.82709,0.000119,0.008589,0.013854930725346375,80714781.6624651,50.0,p-H2,HFS-resolved spectroscopy + HFS-resolved collisions
CN,48,42,N=8,N=7,"N=8,J=8.5,F=8.5","N=7,J=7.5,F=7.5",906.81035,0.00847,0.008589,0.9861450692746537,80714781.6624651,50.0,p-H2,HFS-resolved spectroscopy + HFS-resolved collisions
CN,49,41,N=8,N=7,"N=8,J=8.5,F=7.5","N=7,J=7.5,F=8.5",906.84298,4.62e-07,0.008583462,5.382443587447582e-05,81543643.34049162,50.0,p-H2,HFS-resolved spectroscopy + HFS-resolved collisions
CN,49,42,N=8,N=7,"N=8,J=8.5,F=7.5","N=7,J=7.5,F=7.5",906.82624,0.000133,0.008583462,0.015494913357803647,81543643.34049162,50.0,p-H2,HFS-resolved spectroscopy + HFS-resolved collisions
CN,49,43,N=8,N=7,"N=8,J=8.5,F=7.5","N=7,J=7.5,F=6.5",906.81053,0.00845,0.008583462,0.9844512622063217,81543643.34049162,50.0,p-H2,HFS-resolved spectroscopy + HFS-resolved collisions
CN,50,44,N=9,N=8,"N=9,J=8.5,F=7.5","N=8,J=7.5,F=6.5",1019.81346,0.012,0.012271263000000001,0.9778944514513298,110251248.25897232,50.0,p-H2,HFS-resolved spectroscopy + HFS-resolved collisions
CN,50,45,N=9,N=8,"N=9,J=8.5,F=7.5","N=8,J=7.5,F=7.5",1019.79721,0.000191,0.012271263000000001,0.015564820018933665,110251248.25897232,50.0,p-H2,HFS-resolved spectroscopy + HFS-resolved collisions
CN,50,46,N=9,N=8,"N=9,J=8.5,F=7.5","N=8,J=7.5,F=8.5",1019.77771,6.63e-07,0.012271263000000001,5.4028668442685973e-05,110251248.25897232,50.0,p-H2,HFS-resolved spectroscopy + HFS-resolved collisions
CN,50,48,N=9,N=8,"N=9,J=8.5,F=7.5","N=8,J=8.5,F=8.5",1017.94446,1.1e-06,0.012271263000000001,8.96403247163719e-05,110251248.25897232,50.0,p-H2,HFS-resolved spectroscopy + HFS-resolved collisions
CN,50,49,N=9,N=8,"N=9,J=8.5,F=7.5","N=8,J=8.5,F=7.5",1017.92858,7.85e-05,0.012271263000000001,0.006397059536577448,110251248.25897232,50.0,p-H2,HFS-resolved spectroscopy + HFS-resolved collisions
CN,51,45,N=9,N=8,"N=9,J=8.5,F=8.5","N=8,J=7.5,F=7.5",1019.81349,0.012,0.012248895000000001,0.97968020788814,108963550.83047919,50.0,p-H2,HFS-resolved spectroscopy + HFS-resolved collisions
CN,51,46,N=9,N=8,"N=9,J=8.5,F=8.5","N=8,J=7.5,F=8.5",1019.794,0.000169,0.012248895000000001,0.013797162927757971,108963550.83047919,50.0,p-H2,HFS-resolved spectroscopy + HFS-resolved collisions
CN,51,47,N=9,N=8,"N=9,J=8.5,F=8.5","N=8,J=8.5,F=9.5",1017.97745,9.85e-07,0.012248895000000001,8.04154170641515e-05,108963550.83047919,50.0,p-H2,HFS-resolved spectroscopy + HFS-resolved collisions
CN,51,48,N=9,N=8,"N=9,J=8.5,F=8.5","N=8,J=8.5,F=8.5",1017.96075,7.79e-05,0.012248895000000001,0.006359757349540509,108963550.83047919,50.0,p-H2,HFS-resolved spectroscopy + HFS-resolved collisions
CN,51,49,N=9,N=8,"N=9,J=8.5,F=8.5","N=8,J=8.5,F=7.5",1017.94486,1.01e-06,0.012248895000000001,8.245641749725179e-05,108963550.83047919,50.0,p-H2,HFS-resolved spectroscopy + HFS-resolved collisions
CN,52,46,N=9,N=8,"N=9,J=8.5,F=9.5","N=8,J=7.5,F=8.5",1019.81326,0.0122,0.012280221000000001,0.9934674628412632,110662465.19071513,50.0,p-H2,HFS-resolved spectroscopy + HFS-resolved collisions
CN,52,47,N=9,N=8,"N=9,J=8.5,F=9.5","N=8,J=8.5,F=9.5",1017.99672,7.93e-05,0.012280221000000001,0.006457538508468211,110662465.19071513,50.0,p-H2,HFS-resolved spectroscopy + HFS-resolved collisions
CN,52,48,N=9,N=8,"N=9,J=8.5,F=9.5","N=8,J=8.5,F=8.5",1017.98001,9.21e-07,0.012280221000000001,7.499865026859043e-05,110662465.19071513,50.0,p-H2,HFS-resolved spectroscopy + HFS-resolved collisions
CN,53,47,N=9,N=8,"N=9,J=9.5,F=10.5","N=8,J=8.5,F=9.5",1020.03055,0.0123,0.0123,1.0,111094024.69791442,50.0,p-H2,HFS-resolved spectroscopy + HFS-resolved collisions
CN,54,47,N=9,N=8,"N=9,J=9.5,F=9.5","N=8,J=8.5,F=9.5",1020.04722,0.000136,0.012336000000000001,0.011024643320363164,110333220.50816031,50.0,p-H2,HFS-resolved spectroscopy + HFS-resolved collisions
CN,54,48,N=9,N=8,"N=9,J=9.5,F=9.5","N=8,J=8.5,F=8.5",1020.03052,0.0122,0.012336000000000001,0.9889753566796368,110333220.50816031,50.0,p-H2,HFS-resolved spectroscopy + HFS-resolved collisions
CN,55,47,N=9,N=8,"N=9,J=9.5,F=8.5","N=8,J=8.5,F=9.5",1020.06326,4.19e-07,0.012351419,3.392322776840458e-05,111357160.78730059,50.0,p-H2,HFS-resolved spectroscopy + HFS-resolved collisions
CN,55,48,N=9,N=8,"N=9,J=9.5,F=8.5","N=8,J=8.5,F=8.5",1020.04655,0.000151,0.012351419,0.01222531597381645,111357160.78730059,50.0,p-H2,HFS-resolved spectroscopy + HFS-resolved collisions
CN,55,49,N=9,N=8,"N=9,J=9.5,F=8.5","N=8,J=8.5,F=7.5",1020.03066,0.0122,0.012351419,0.9877407607984151,111357160.78730059,50.0,p-H2,HFS-resolved spectroscopy + HFS-resolved collisions
CN,56,50,N=10,N=9,"N=10,J=9.5,F=8.5","N=9,J=8.5,F=7.5",1132.99206,0.0166,0.01689696,0.9824252409900953,139119773.94799033,50.0,p-H2,HFS-resolved spectroscopy + HFS-resolved collisions
CN,56,51,N=10,N=9,"N=10,J=9.5,F=8.5","N=9,J=8.5,F=8.5",1132.97578,0.000208,0.01689696,0.01230990663409276,139119773.94799033,50.0,p-H2,HFS-resolved spectroscopy + HFS-resolved collisions
CN,56,52,N=10,N=9,"N=10,J=9.5,F=8.5","N=9,J=8.5,F=9.5",1132.95652,5.79e-07,0.01689696,3.426651894778706e-05,139119773.94799033,50.0,p-H2,HFS-resolved spectroscopy + HFS-resolved collisions
CN,56,54,N=10,N=9,"N=10,J=9.5,F=8.5","N=9,J=9.5,F=9.5",1130.90601,9.81e-07,0.01689696,5.805778080790865e-05,139119773.94799033,50.0,p-H2,HFS-resolved spectroscopy + HFS-resolved collisions
CN,56,55,N=10,N=9,"N=10,J=9.5,F=8.5","N=9,J=9.5,F=8.5",1130.88998,8.74e-05,0.01689696,0.0051725280760562846,139119773.94799033,50.0,p-H2,HFS-resolved spectroscopy + HFS-resolved collisions
CN,57,51,N=10,N=9,"N=10,J=9.5,F=9.5","N=9,J=8.5,F=8.5",1132.99209,0.0167,0.016975696999999998,0.9837593119151457,138005798.90758207,50.0,p-H2,HFS-resolved spectroscopy + HFS-resolved collisions
CN,57,52,N=10,N=9,"N=10,J=9.5,F=9.5","N=9,J=8.5,F=9.5",1132.97283,0.000187,0.016975696999999998,0.011015747983720493,138005798.90758207,50.0,p-H2,HFS-resolved spectroscopy + HFS-resolved collisions
CN,57,53,N=10,N=9,"N=10,J=9.5,F=9.5","N=9,J=9.5,F=10.5",1130.93899,8.86e-07,0.016975696999999998,5.2192260500408324e-05,138005798.90758207,50.0,p-H2,HFS-resolved spectroscopy + HFS-resolved collisions
CN,57,54,N=10,N=9,"N=10,J=9.5,F=9.5","N=9,J=9.5,F=9.5",1130.92232,8.69e-05,0.016975696999999998,0.005119082886552464,138005798.90758207,50.0,p-H2,HFS-resolved spectroscopy + HFS-resolved collisions
CN,57,55,N=10,N=9,"N=10,J=9.5,F=9.5","N=9,J=9.5,F=8.5",1130.90629,9.11e-07,0.016975696999999998,5.366495408111962e-05,138005798.90758207,50.0,p-H2,HFS-resolved spectroscopy + HFS-resolved collisions
CN,58,52,N=10,N=9,"N=10,J=9.5,F=10.5","N=9,J=8.5,F=9.5",1132.99191,0.0169,0.016989037,0.9947591496798789,140463698.79197317,50.0,p-H2,HFS-resolved spectroscopy + HFS-resolved collisions
CN,58,53,N=10,N=9,"N=10,J=9.5,F=10.5","N=9,J=9.5,F=10.5",1130.95808,8.82e-05,0.016989037,0.005191583254542327,140463698.79197317,50.0,p-H2,HFS-resolved spectroscopy + HFS-resolved collisions
CN,58,54,N=10,N=9,"N=10,J=9.5,F=10.5","N=9,J=9.5,F=9.5",1130.94141,8.37e-07,0.016989037,4.926706557882004e-05,140463698.79197317,50.0,p-H2,HFS-resolved spectroscopy + HFS-resolved collisions
CN,59,53,N=10,N=9,"N=10,J=10.5,F=11.5","N=9,J=9.5,F=10.5",1133.20922,0.017,0.017,1.0,140993366.6857228,50.0,p-H2,HFS-resolved spectroscopy + HFS-resolved collisions
CN,60,53,N=10,N=9,"N=10,J=10.5,F=10.5","N=9,J=9.5,F=10.5",1133.22586,0.000154,0.016954,0.009083402146985962,138652262.93368173,50.0,p-H2,HFS-resolved spectroscopy + HFS-resolved collisions
CN,60,54,N=10,N=9,"N=10,J=10.5,F=10.5","N=9,J=9.5,F=9.5",1133.20919,0.0168,0.016954,0.990916597853014,138652262.93368173,50.0,p-H2,HFS-resolved spectroscopy + HFS-resolved collisions
CN,61,53,N=10,N=9,"N=10,J=10.5,F=9.5","N=9,J=9.5,F=10.5",1133.24202,3.83e-07,0.016969382999999998,2.2570060443564744e-05,140423933.67571312,50.0,p-H2,HFS-resolved spectroscopy + HFS-resolved collisions
CN,61,54,N=10,N=9,"N=10,J=10.5,F=9.5","N=9,J=9.5,F=9.5",1133.22535,0.000169,0.016969382999999998,0.00995911283280011,140423933.67571312,50.0,p-H2,HFS-resolved spectroscopy + HFS-resolved collisions
CN,61,55,N=10,N=9,"N=10,J=10.5,F=9.5","N=9,J=9.5,F=8.5",1133.20931,0.0168,0.016969382999999998,0.9900183171067564,140423933.67571312,50.0,p-H2,HFS-resolved spectroscopy + HFS-resolved collisions
CN,62,56,N=11,N=10,"N=11,J=10.5,F=9.5","N=10,J=9.5,F=8.5",1246.1246,0.0223,0.022622695,0.9857357843528368,198829193.97707903,50.0,p-H2,HFS-resolved spectroscopy + HFS-resolved collisions
CN,62,57,N=11,N=10,"N=11,J=10.5,F=9.5","N=10,J=9.5,F=9.5",1246.10829,0.000225,0.022622695,0.009945764640331312,198829193.97707903,50.0,p-H2,HFS-resolved spectroscopy + HFS-resolved collisions
CN,62,58,N=11,N=10,"N=11,J=10.5,F=9.5","N=10,J=9.5,F=10.5",1246.08921,5.13e-07,0.022622695,2.267634337995539e-05,198829193.97707903,50.0,p-H2,HFS-resolved spectroscopy + HFS-resolved collisions
CN,62,60,N=11,N=10,"N=11,J=10.5,F=9.5","N=10,J=10.5,F=10.5",1243.82142,8.82e-07,0.022622695,3.8987397390098744e-05,198829193.97707903,50.0,p-H2,HFS-resolved spectroscopy + HFS-resolved collisions
CN,62,61,N=11,N=10,"N=11,J=10.5,F=9.5","N=10,J=10.5,F=9.5",1243.80527,9.63e-05,0.022622695,0.004256787266061802,198829193.97707903,50.0,p-H2,HFS-resolved spectroscopy + HFS-resolved collisions
CN,63,57,N=11,N=10,"N=11,J=10.5,F=10.5","N=10,J=9.5,F=9.5",1246.12462,0.0223,0.022602433,0.9866194493309636,197348876.54043967,50.0,p-H2,HFS-resolved spectroscopy + HFS-resolved collisions
CN,63,58,N=11,N=10,"N=11,J=10.5,F=10.5","N=10,J=9.5,F=10.5",1246.10554,0.000205,0.022602433,0.009069820049903476,197348876.54043967,50.0,p-H2,HFS-resolved spectroscopy + HFS-resolved collisions
CN,63,59,N=11,N=10,"N=11,J=10.5,F=10.5","N=10,J=10.5,F=11.5",1243.8544,8.05e-07,0.022602433,3.561563483010877e-05,197348876.54043967,50.0,p-H2,HFS-resolved spectroscopy + HFS-resolved collisions
CN,63,60,N=11,N=10,"N=11,J=10.5,F=10.5","N=10,J=10.5,F=10.5",1243.83775,9.58e-05,0.022602433,0.0042384817599061125,197348876.54043967,50.0,p-H2,HFS-resolved spectroscopy + HFS-resolved collisions
CN,63,61,N=11,N=10,"N=11,J=10.5,F=10.5","N=10,J=10.5,F=9.5",1243.8216,8.28e-07,0.022602433,3.663322439668331e-05,197348876.54043967,50.0,p-H2,HFS-resolved spectroscopy + HFS-resolved collisions
CN,64,58,N=11,N=10,"N=11,J=10.5,F=11.5","N=10,J=9.5,F=10.5",1246.12448,0.0225,0.022597766,0.9956736431379988,198965319.83723012,50.0,p-H2,HFS-resolved spectroscopy + HFS-resolved collisions
CN,64,59,N=11,N=10,"N=11,J=10.5,F=11.5","N=10,J=10.5,F=11.5",1243.87334,9.7e-05,0.022597766,0.004292459705972706,198965319.83723012,50.0,p-H2,HFS-resolved spectroscopy + HFS-resolved collisions
CN,64,60,N=11,N=10,"N=11,J=10.5,F=11.5","N=10,J=10.5,F=10.5",1243.85669,7.66e-07,0.022597766,3.38971560286092e-05,198965319.83723012,50.0,p-H2,HFS-resolved spectroscopy + HFS-resolved collisions
CN,65,59,N=11,N=10,"N=11,J=11.5,F=12.5","N=10,J=10.5,F=11.5",1246.3418,0.0227,0.0227,1.0,200272012.8609849,50.0,p-H2,HFS-resolved spectroscopy + HFS-resolved collisions
CN,66,59,N=11,N=10,"N=11,J=11.5,F=11.5","N=10,J=10.5,F=11.5",1246.35842,0.000171,0.022671,0.007542675664946407,198478781.0288762,50.0,p-H2,HFS-resolved spectroscopy + HFS-resolved collisions
CN,66,60,N=11,N=10,"N=11,J=11.5,F=11.5","N=10,J=10.5,F=10.5",1246.34178,0.0225,0.022671,0.9924573243350535,198478781.0288762,50.0,p-H2,HFS-resolved spectroscopy + HFS-resolved collisions
CN,67,59,N=11,N=10,"N=11,J=11.5,F=10.5","N=10,J=10.5,F=11.5",1246.37468,3.53e-07,0.022687353,1.555932946430551e-05,199778365.64347488,50.0,p-H2,HFS-resolved spectroscopy + HFS-resolved collisions
CN,67,60,N=11,N=10,"N=11,J=11.5,F=10.5","N=10,J=10.5,F=10.5",1246.35803,0.000187,0.022687353,0.00824247764822983,199778365.64347488,50.0,p-H2,HFS-resolved spectroscopy + HFS-resolved collisions
CN,67,61,N=11,N=10,"N=11,J=11.5,F=10.5","N=10,J=10.5,F=9.5",1246.34188,0.0225,0.022687353,0.9917419630223058,199778365.64347488,50.0,p-H2,HFS-resolved spectroscopy + HFS-resolved collisions
CN,68,62,N=12,N=11,"N=12,J=11.5,F=10.5","N=11,J=10.5,F=9.5",1359.20647,0.0291,0.029449262,0.9881402121384231,168343510.3556297,50.0,p-H2,HFS-resolved spectroscopy + HFS-resolved collisions
CN,68,63,N=12,N=11,"N=12,J=11.5,F=10.5","N=11,J=10.5,F=10.5",1359.19014,0.000243,0.029449262,0.008251480121980646,168343510.3556297,50.0,p-H2,HFS-resolved spectroscopy + HFS-resolved collisions
CN,68,64,N=12,N=11,"N=12,J=11.5,F=10.5","N=11,J=10.5,F=11.5",1359.1712,4.6e-07,0.029449262,1.5620085827617684e-05,168343510.3556297,50.0,p-H2,HFS-resolved spectroscopy + HFS-resolved collisions
CN,68,66,N=12,N=11,"N=12,J=11.5,F=10.5","N=11,J=11.5,F=11.5",1356.68612,8.02e-07,0.029449262,2.7233280073368223e-05,168343510.3556297,50.0,p-H2,HFS-resolved spectroscopy + HFS-resolved collisions
CN,68,67,N=12,N=11,"N=12,J=11.5,F=10.5","N=11,J=11.5,F=10.5",1356.66986,0.000105,0.029449262,0.0035654543736953407,168343510.3556297,50.0,p-H2,HFS-resolved spectroscopy + HFS-resolved collisions
CN,69,63,N=12,N=11,"N=12,J=11.5,F=11.5","N=11,J=10.5,F=10.5",1359.20649,0.0292,0.029529497000000002,0.9888417672674884,168197246.98635373,50.0,p-H2,HFS-resolved spectroscopy + HFS-resolved collisions
CN,69,64,N=12,N=11,"N=12,J=11.5,F=11.5","N=11,J=10.5,F=11.5",1359.18755,0.000223,0.029529497000000002,0.007551771030844176,168197246.98635373,50.0,p-H2,HFS-resolved spectroscopy + HFS-resolved collisions
CN,69,65,N=12,N=11,"N=12,J=11.5,F=11.5","N=11,J=11.5,F=12.5",1356.71909,7.38e-07,0.029529497000000002,2.4991959734363235e-05,168197246.98635373,50.0,p-H2,HFS-resolved spectroscopy + HFS-resolved collisions
CN,69,66,N=12,N=11,"N=12,J=11.5,F=11.5","N=11,J=11.5,F=11.5",1356.70247,0.000105,0.029529497000000002,0.003555766628872818,168197246.98635373,50.0,p-H2,HFS-resolved spectroscopy + HFS-resolved collisions
CN,69,67,N=12,N=11,"N=12,J=11.5,F=11.5","N=11,J=11.5,F=10.5",1356.68622,7.59e-07,0.029529497000000002,2.5703113060137798e-05,168197246.98635373,50.0,p-H2,HFS-resolved spectroscopy + HFS-resolved collisions
CN,70,64,N=12,N=11,"N=12,J=11.5,F=12.5","N=11,J=10.5,F=11.5",1359.20637,0.0294,0.029506707,0.9963836357611847,169185674.7199162,50.0,p-H2,HFS-resolved spectroscopy + HFS-resolved collisions
CN,70,65,N=12,N=11,"N=12,J=11.5,F=12.5","N=11,J=11.5,F=12.5",1356.73791,0.000106,0.029506707,0.0035924035847171966,169185674.7199162,50.0,p-H2,HFS-resolved spectroscopy + HFS-resolved collisions
CN,70,66,N=12,N=11,"N=12,J=11.5,F=12.5","N=11,J=11.5,F=11.5",1356.72129,7.07e-07,0.029506707,2.3960654098066585e-05,169185674.7199162,50.0,p-H2,HFS-resolved spectroscopy + HFS-resolved collisions
CN,71,65,N=12,N=11,"N=12,J=12.5,F=13.5","N=11,J=11.5,F=12.5",1359.4237,0.0295,0.0295,1.0,168277016.56112623,50.0,p-H2,HFS-resolved spectroscopy + HFS-resolved collisions
CN,72,65,N=12,N=11,"N=12,J=12.5,F=12.5","N=11,J=11.5,F=12.5",1359.4403,0.000189,0.029489,0.006409169520838279,167671736.72560382,50.0,p-H2,HFS-resolved spectroscopy + HFS-resolved collisions
CN,72,66,N=12,N=11,"N=12,J=12.5,F=12.5","N=11,J=11.5,F=11.5",1359.42368,0.0293,0.029489,0.9935908304791616,167671736.72560382,50.0,p-H2,HFS-resolved spectroscopy + HFS-resolved collisions
CN,73,65,N=12,N=11,"N=12,J=12.5,F=11.5","N=11,J=11.5,F=12.5",1359.45664,3.27e-07,0.029504327,1.10831201131956e-05,169179471.00667867,50.0,p-H2,HFS-resolved spectroscopy + HFS-resolved collisions
CN,73,66,N=12,N=11,"N=12,J=12.5,F=11.5","N=11,J=11.5,F=11.5",1359.44002,0.000204,0.029504327,0.006914240070617438,169179471.00667867,50.0,p-H2,HFS-resolved spectroscopy + HFS-resolved collisions
CN,73,67,N=12,N=11,"N=12,J=12.5,F=11.5","N=11,J=11.5,F=10.5",1359.42376,0.0293,0.029504327,0.9930746768092693,169179471.00667867,50.0,p-H2,HFS-resolved spectroscopy + HFS-resolved collisions
